<?xml version="1.0" encoding="UTF-8"?>
<gpx xmlns:gpxdata="http://www.cluetrust.com/XML/GPXDATA/1/0" xmlns:xsi="http://www.w3.org/2001/XMLSchema-instance" xmlns="http://www.topografix.com/GPX/1/1" version="1.1" creator="http://ridewithgps.com/" xsi:schemaLocation="http://www.topografix.com/GPX/1/1 http://www.topografix.com/GPX/1/1/gpx.xsd http://www.cluetrust.com/XML/GPXDATA/1/0 http://www.cluetrust.com/Schemas/gpxdata10.xsd">
  <metadata>
    <name>Geyserland Classic (Regular Option)</name>
    <link href="https://ridewithgps.com/routes/41641163">
      <text>Geyserland Classic (Regular Option)</text>
    </link>
    <time>2022-12-23T08:28:39Z</time>
  </metadata>
  <trk>
    <name>Geyserland Classic (Regular Option)</name>
    <trkseg>
      <trkpt lat="-38.13561" lon="176.25876">
        <ele>290.3</ele>
      </trkpt>
      <trkpt lat="-38.13583" lon="176.25873">
        <ele>289.5</ele>
      </trkpt>
      <trkpt lat="-38.13593" lon="176.25866">
        <ele>289.5</ele>
      </trkpt>
      <trkpt lat="-38.136" lon="176.25859">
        <ele>289.5</ele>
      </trkpt>
      <trkpt lat="-38.13608" lon="176.25841">
        <ele>289.6</ele>
      </trkpt>
      <trkpt lat="-38.13608" lon="176.25827">
        <ele>289.8</ele>
      </trkpt>
      <trkpt lat="-38.13625" lon="176.25832">
        <ele>289.5</ele>
      </trkpt>
      <trkpt lat="-38.13626" lon="176.25832">
        <ele>289.5</ele>
      </trkpt>
      <trkpt lat="-38.13644" lon="176.25844">
        <ele>289.1</ele>
      </trkpt>
      <trkpt lat="-38.13667" lon="176.25803">
        <ele>288.3</ele>
      </trkpt>
      <trkpt lat="-38.13668" lon="176.25803">
        <ele>288.3</ele>
      </trkpt>
      <trkpt lat="-38.13672" lon="176.25795">
        <ele>288.0</ele>
      </trkpt>
      <trkpt lat="-38.13681" lon="176.25786">
        <ele>287.7</ele>
      </trkpt>
      <trkpt lat="-38.13689" lon="176.25781">
        <ele>287.5</ele>
      </trkpt>
      <trkpt lat="-38.137" lon="176.25778">
        <ele>287.4</ele>
      </trkpt>
      <trkpt lat="-38.13735" lon="176.25777">
        <ele>287.1</ele>
      </trkpt>
      <trkpt lat="-38.13745" lon="176.25778">
        <ele>287.0</ele>
      </trkpt>
      <trkpt lat="-38.13778" lon="176.25779">
        <ele>287.1</ele>
      </trkpt>
      <trkpt lat="-38.13781" lon="176.25785">
        <ele>287.1</ele>
      </trkpt>
      <trkpt lat="-38.13787" lon="176.25788">
        <ele>287.0</ele>
      </trkpt>
      <trkpt lat="-38.13793" lon="176.25785">
        <ele>287.1</ele>
      </trkpt>
      <trkpt lat="-38.13796" lon="176.2578">
        <ele>287.2</ele>
      </trkpt>
      <trkpt lat="-38.13816" lon="176.25789">
        <ele>287.1</ele>
      </trkpt>
      <trkpt lat="-38.13824" lon="176.25804">
        <ele>286.7</ele>
      </trkpt>
      <trkpt lat="-38.13827" lon="176.25805">
        <ele>286.7</ele>
      </trkpt>
      <trkpt lat="-38.13838" lon="176.2581">
        <ele>286.5</ele>
      </trkpt>
      <trkpt lat="-38.13868" lon="176.25809">
        <ele>286.2</ele>
      </trkpt>
      <trkpt lat="-38.1389" lon="176.25806">
        <ele>286.0</ele>
      </trkpt>
      <trkpt lat="-38.13892" lon="176.25805">
        <ele>286.0</ele>
      </trkpt>
      <trkpt lat="-38.13892" lon="176.25804">
        <ele>286.0</ele>
      </trkpt>
      <trkpt lat="-38.13908" lon="176.25796">
        <ele>286.0</ele>
      </trkpt>
      <trkpt lat="-38.13905" lon="176.25813">
        <ele>285.6</ele>
      </trkpt>
      <trkpt lat="-38.1391" lon="176.25836">
        <ele>285.1</ele>
      </trkpt>
      <trkpt lat="-38.13918" lon="176.25875">
        <ele>285.0</ele>
      </trkpt>
      <trkpt lat="-38.13932" lon="176.25909">
        <ele>285.0</ele>
      </trkpt>
      <trkpt lat="-38.13946" lon="176.25924">
        <ele>284.8</ele>
      </trkpt>
      <trkpt lat="-38.13964" lon="176.25932">
        <ele>284.7</ele>
      </trkpt>
      <trkpt lat="-38.13964" lon="176.25933">
        <ele>284.6</ele>
      </trkpt>
      <trkpt lat="-38.13974" lon="176.25929">
        <ele>284.8</ele>
      </trkpt>
      <trkpt lat="-38.13983" lon="176.2591">
        <ele>285.1</ele>
      </trkpt>
      <trkpt lat="-38.13986" lon="176.25893">
        <ele>285.2</ele>
      </trkpt>
      <trkpt lat="-38.13988" lon="176.25816">
        <ele>286.3</ele>
      </trkpt>
      <trkpt lat="-38.14006" lon="176.25808">
        <ele>286.6</ele>
      </trkpt>
      <trkpt lat="-38.14007" lon="176.25808">
        <ele>286.6</ele>
      </trkpt>
      <trkpt lat="-38.14023" lon="176.2581">
        <ele>286.4</ele>
      </trkpt>
      <trkpt lat="-38.1403" lon="176.25808">
        <ele>286.4</ele>
      </trkpt>
      <trkpt lat="-38.14038" lon="176.258">
        <ele>286.4</ele>
      </trkpt>
      <trkpt lat="-38.14043" lon="176.25798">
        <ele>286.4</ele>
      </trkpt>
      <trkpt lat="-38.14047" lon="176.25796">
        <ele>286.4</ele>
      </trkpt>
      <trkpt lat="-38.1409" lon="176.25827">
        <ele>286.0</ele>
      </trkpt>
      <trkpt lat="-38.14114" lon="176.25831">
        <ele>286.0</ele>
      </trkpt>
      <trkpt lat="-38.14123" lon="176.25835">
        <ele>286.0</ele>
      </trkpt>
      <trkpt lat="-38.14126" lon="176.25839">
        <ele>286.0</ele>
      </trkpt>
      <trkpt lat="-38.1415" lon="176.25859">
        <ele>286.2</ele>
      </trkpt>
      <trkpt lat="-38.14181" lon="176.25867">
        <ele>286.8</ele>
      </trkpt>
      <trkpt lat="-38.14201" lon="176.25882">
        <ele>287.3</ele>
      </trkpt>
      <trkpt lat="-38.14217" lon="176.25891">
        <ele>287.4</ele>
      </trkpt>
      <trkpt lat="-38.14234" lon="176.25896">
        <ele>287.6</ele>
      </trkpt>
      <trkpt lat="-38.14255" lon="176.25896">
        <ele>287.8</ele>
      </trkpt>
      <trkpt lat="-38.14263" lon="176.25903">
        <ele>287.6</ele>
      </trkpt>
      <trkpt lat="-38.1426" lon="176.25922">
        <ele>287.1</ele>
      </trkpt>
      <trkpt lat="-38.14247" lon="176.25938">
        <ele>287.0</ele>
      </trkpt>
      <trkpt lat="-38.14241" lon="176.25948">
        <ele>287.0</ele>
      </trkpt>
      <trkpt lat="-38.14241" lon="176.25956">
        <ele>287.1</ele>
      </trkpt>
      <trkpt lat="-38.1425" lon="176.26">
        <ele>287.0</ele>
      </trkpt>
      <trkpt lat="-38.1425" lon="176.2601">
        <ele>287.1</ele>
      </trkpt>
      <trkpt lat="-38.14246" lon="176.26016">
        <ele>287.2</ele>
      </trkpt>
      <trkpt lat="-38.14238" lon="176.26039">
        <ele>287.5</ele>
      </trkpt>
      <trkpt lat="-38.14233" lon="176.26048">
        <ele>287.5</ele>
      </trkpt>
      <trkpt lat="-38.14219" lon="176.26063">
        <ele>287.6</ele>
      </trkpt>
      <trkpt lat="-38.14213" lon="176.26074">
        <ele>287.5</ele>
      </trkpt>
      <trkpt lat="-38.14206" lon="176.261">
        <ele>287.1</ele>
      </trkpt>
      <trkpt lat="-38.14206" lon="176.26108">
        <ele>286.9</ele>
      </trkpt>
      <trkpt lat="-38.14208" lon="176.26112">
        <ele>286.8</ele>
      </trkpt>
      <trkpt lat="-38.14219" lon="176.26127">
        <ele>286.4</ele>
      </trkpt>
      <trkpt lat="-38.14221" lon="176.26132">
        <ele>286.3</ele>
      </trkpt>
      <trkpt lat="-38.14222" lon="176.26142">
        <ele>286.0</ele>
      </trkpt>
      <trkpt lat="-38.1422" lon="176.26168">
        <ele>285.4</ele>
      </trkpt>
      <trkpt lat="-38.14222" lon="176.26179">
        <ele>285.3</ele>
      </trkpt>
      <trkpt lat="-38.14227" lon="176.26191">
        <ele>285.2</ele>
      </trkpt>
      <trkpt lat="-38.14255" lon="176.26271">
        <ele>285.1</ele>
      </trkpt>
      <trkpt lat="-38.14257" lon="176.26279">
        <ele>285.1</ele>
      </trkpt>
      <trkpt lat="-38.14252" lon="176.26293">
        <ele>285.0</ele>
      </trkpt>
      <trkpt lat="-38.14242" lon="176.26315">
        <ele>284.9</ele>
      </trkpt>
      <trkpt lat="-38.14235" lon="176.26322">
        <ele>284.8</ele>
      </trkpt>
      <trkpt lat="-38.14226" lon="176.26325">
        <ele>284.7</ele>
      </trkpt>
      <trkpt lat="-38.14217" lon="176.26331">
        <ele>284.6</ele>
      </trkpt>
      <trkpt lat="-38.14214" lon="176.26338">
        <ele>284.6</ele>
      </trkpt>
      <trkpt lat="-38.14213" lon="176.26345">
        <ele>284.7</ele>
      </trkpt>
      <trkpt lat="-38.14216" lon="176.26366">
        <ele>284.9</ele>
      </trkpt>
      <trkpt lat="-38.14222" lon="176.26386">
        <ele>285.1</ele>
      </trkpt>
      <trkpt lat="-38.14245" lon="176.26432">
        <ele>285.0</ele>
      </trkpt>
      <trkpt lat="-38.14246" lon="176.26439">
        <ele>285.0</ele>
      </trkpt>
      <trkpt lat="-38.14246" lon="176.26446">
        <ele>285.0</ele>
      </trkpt>
      <trkpt lat="-38.14244" lon="176.2645">
        <ele>285.0</ele>
      </trkpt>
      <trkpt lat="-38.14211" lon="176.26491">
        <ele>283.8</ele>
      </trkpt>
      <trkpt lat="-38.142" lon="176.26493">
        <ele>283.4</ele>
      </trkpt>
      <trkpt lat="-38.14182" lon="176.26487">
        <ele>283.1</ele>
      </trkpt>
      <trkpt lat="-38.14176" lon="176.26488">
        <ele>282.8</ele>
      </trkpt>
      <trkpt lat="-38.14169" lon="176.26496">
        <ele>282.3</ele>
      </trkpt>
      <trkpt lat="-38.14166" lon="176.26503">
        <ele>281.9</ele>
      </trkpt>
      <trkpt lat="-38.14166" lon="176.26517">
        <ele>281.6</ele>
      </trkpt>
      <trkpt lat="-38.14171" lon="176.26537">
        <ele>281.3</ele>
      </trkpt>
      <trkpt lat="-38.14182" lon="176.26558">
        <ele>281.5</ele>
      </trkpt>
      <trkpt lat="-38.14197" lon="176.26576">
        <ele>282.3</ele>
      </trkpt>
      <trkpt lat="-38.14241" lon="176.2661">
        <ele>285.5</ele>
      </trkpt>
      <trkpt lat="-38.14267" lon="176.26619">
        <ele>285.6</ele>
      </trkpt>
      <trkpt lat="-38.14276" lon="176.26619">
        <ele>285.4</ele>
      </trkpt>
      <trkpt lat="-38.14293" lon="176.26614">
        <ele>285.0</ele>
      </trkpt>
      <trkpt lat="-38.14299" lon="176.26615">
        <ele>284.8</ele>
      </trkpt>
      <trkpt lat="-38.14304" lon="176.26622">
        <ele>284.7</ele>
      </trkpt>
      <trkpt lat="-38.14312" lon="176.26651">
        <ele>284.5</ele>
      </trkpt>
      <trkpt lat="-38.14314" lon="176.26673">
        <ele>284.6</ele>
      </trkpt>
      <trkpt lat="-38.14314" lon="176.26682">
        <ele>284.7</ele>
      </trkpt>
      <trkpt lat="-38.14305" lon="176.26735">
        <ele>285.5</ele>
      </trkpt>
      <trkpt lat="-38.14306" lon="176.26743">
        <ele>285.6</ele>
      </trkpt>
      <trkpt lat="-38.1431" lon="176.26749">
        <ele>285.7</ele>
      </trkpt>
      <trkpt lat="-38.14319" lon="176.26754">
        <ele>285.8</ele>
      </trkpt>
      <trkpt lat="-38.14324" lon="176.26755">
        <ele>285.8</ele>
      </trkpt>
      <trkpt lat="-38.14349" lon="176.26749">
        <ele>286.2</ele>
      </trkpt>
      <trkpt lat="-38.14367" lon="176.26747">
        <ele>286.3</ele>
      </trkpt>
      <trkpt lat="-38.14389" lon="176.26753">
        <ele>286.6</ele>
      </trkpt>
      <trkpt lat="-38.1441" lon="176.26764">
        <ele>286.8</ele>
      </trkpt>
      <trkpt lat="-38.14445" lon="176.26795">
        <ele>287.5</ele>
      </trkpt>
      <trkpt lat="-38.14455" lon="176.26807">
        <ele>287.7</ele>
      </trkpt>
      <trkpt lat="-38.14499" lon="176.26868">
        <ele>288.1</ele>
      </trkpt>
      <trkpt lat="-38.14509" lon="176.26877">
        <ele>287.8</ele>
      </trkpt>
      <trkpt lat="-38.14524" lon="176.26881">
        <ele>287.6</ele>
      </trkpt>
      <trkpt lat="-38.14529" lon="176.26883">
        <ele>287.5</ele>
      </trkpt>
      <trkpt lat="-38.14541" lon="176.26885">
        <ele>287.3</ele>
      </trkpt>
      <trkpt lat="-38.1455" lon="176.26884">
        <ele>287.2</ele>
      </trkpt>
      <trkpt lat="-38.14565" lon="176.26875">
        <ele>287.2</ele>
      </trkpt>
      <trkpt lat="-38.14574" lon="176.26865">
        <ele>287.4</ele>
      </trkpt>
      <trkpt lat="-38.14595" lon="176.26802">
        <ele>288.7</ele>
      </trkpt>
      <trkpt lat="-38.1463" lon="176.26768">
        <ele>288.2</ele>
      </trkpt>
      <trkpt lat="-38.14653" lon="176.26754">
        <ele>287.6</ele>
      </trkpt>
      <trkpt lat="-38.14668" lon="176.26751">
        <ele>286.9</ele>
      </trkpt>
      <trkpt lat="-38.14685" lon="176.26752">
        <ele>286.3</ele>
      </trkpt>
      <trkpt lat="-38.14713" lon="176.26761">
        <ele>285.1</ele>
      </trkpt>
      <trkpt lat="-38.14723" lon="176.2677">
        <ele>284.7</ele>
      </trkpt>
      <trkpt lat="-38.14731" lon="176.26784">
        <ele>284.2</ele>
      </trkpt>
      <trkpt lat="-38.14753" lon="176.26856">
        <ele>283.4</ele>
      </trkpt>
      <trkpt lat="-38.14759" lon="176.26867">
        <ele>283.6</ele>
      </trkpt>
      <trkpt lat="-38.14769" lon="176.26879">
        <ele>283.9</ele>
      </trkpt>
      <trkpt lat="-38.14777" lon="176.26883">
        <ele>284.0</ele>
      </trkpt>
      <trkpt lat="-38.14796" lon="176.26886">
        <ele>284.2</ele>
      </trkpt>
      <trkpt lat="-38.14815" lon="176.2688">
        <ele>284.6</ele>
      </trkpt>
      <trkpt lat="-38.1484" lon="176.26865">
        <ele>285.2</ele>
      </trkpt>
      <trkpt lat="-38.14859" lon="176.26849">
        <ele>285.4</ele>
      </trkpt>
      <trkpt lat="-38.14884" lon="176.2682">
        <ele>285.2</ele>
      </trkpt>
      <trkpt lat="-38.14931" lon="176.26756">
        <ele>284.6</ele>
      </trkpt>
      <trkpt lat="-38.1495" lon="176.26737">
        <ele>285.2</ele>
      </trkpt>
      <trkpt lat="-38.14957" lon="176.26733">
        <ele>285.4</ele>
      </trkpt>
      <trkpt lat="-38.14958" lon="176.26733">
        <ele>285.4</ele>
      </trkpt>
      <trkpt lat="-38.14985" lon="176.26722">
        <ele>285.8</ele>
      </trkpt>
      <trkpt lat="-38.14999" lon="176.2672">
        <ele>285.9</ele>
      </trkpt>
      <trkpt lat="-38.15009" lon="176.26718">
        <ele>286.0</ele>
      </trkpt>
      <trkpt lat="-38.15043" lon="176.26719">
        <ele>286.6</ele>
      </trkpt>
      <trkpt lat="-38.15059" lon="176.26719">
        <ele>286.9</ele>
      </trkpt>
      <trkpt lat="-38.15057" lon="176.26712">
        <ele>286.6</ele>
      </trkpt>
      <trkpt lat="-38.15052" lon="176.26708">
        <ele>286.4</ele>
      </trkpt>
      <trkpt lat="-38.15044" lon="176.26705">
        <ele>286.2</ele>
      </trkpt>
      <trkpt lat="-38.15038" lon="176.26706">
        <ele>286.1</ele>
      </trkpt>
      <trkpt lat="-38.15042" lon="176.26754">
        <ele>287.6</ele>
      </trkpt>
      <trkpt lat="-38.15059" lon="176.26759">
        <ele>287.9</ele>
      </trkpt>
      <trkpt lat="-38.15078" lon="176.2677">
        <ele>288.4</ele>
      </trkpt>
      <trkpt lat="-38.151032" lon="176.267947">
        <ele>290.0</ele>
      </trkpt>
      <trkpt lat="-38.15104" lon="176.26794">
        <ele>290.0</ele>
      </trkpt>
      <trkpt lat="-38.1513" lon="176.26823">
        <ele>292.0</ele>
      </trkpt>
      <trkpt lat="-38.15188" lon="176.26843">
        <ele>293.9</ele>
      </trkpt>
      <trkpt lat="-38.15188" lon="176.26843">
        <ele>293.9</ele>
      </trkpt>
      <trkpt lat="-38.15201" lon="176.26847">
        <ele>293.7</ele>
      </trkpt>
      <trkpt lat="-38.15207" lon="176.26852">
        <ele>293.6</ele>
      </trkpt>
      <trkpt lat="-38.15212" lon="176.26859">
        <ele>293.5</ele>
      </trkpt>
      <trkpt lat="-38.15214" lon="176.2687">
        <ele>293.4</ele>
      </trkpt>
      <trkpt lat="-38.15218" lon="176.26905">
        <ele>293.1</ele>
      </trkpt>
      <trkpt lat="-38.15219" lon="176.26957">
        <ele>297.7</ele>
      </trkpt>
      <trkpt lat="-38.15237" lon="176.27003">
        <ele>300.7</ele>
      </trkpt>
      <trkpt lat="-38.152394" lon="176.270011">
        <ele>300.3</ele>
      </trkpt>
      <trkpt lat="-38.15241" lon="176.27005">
        <ele>300.3</ele>
      </trkpt>
      <trkpt lat="-38.15254" lon="176.27041">
        <ele>300.3</ele>
      </trkpt>
      <trkpt lat="-38.15336" lon="176.27191">
        <ele>300.2</ele>
      </trkpt>
      <trkpt lat="-38.15343" lon="176.27208">
        <ele>301.8</ele>
      </trkpt>
      <trkpt lat="-38.15373" lon="176.27258">
        <ele>304.2</ele>
      </trkpt>
      <trkpt lat="-38.15384" lon="176.27281">
        <ele>304.5</ele>
      </trkpt>
      <trkpt lat="-38.15397" lon="176.27299">
        <ele>305.1</ele>
      </trkpt>
      <trkpt lat="-38.154597" lon="176.274252">
        <ele>311.2</ele>
      </trkpt>
      <trkpt lat="-38.154853" lon="176.27484">
        <ele>318.0</ele>
      </trkpt>
      <trkpt lat="-38.154855" lon="176.275004">
        <ele>319.3</ele>
      </trkpt>
      <trkpt lat="-38.154974" lon="176.275244">
        <ele>322.8</ele>
      </trkpt>
      <trkpt lat="-38.15498" lon="176.27524">
        <ele>322.8</ele>
      </trkpt>
      <trkpt lat="-38.15485" lon="176.27544">
        <ele>323.3</ele>
      </trkpt>
      <trkpt lat="-38.15475" lon="176.27571">
        <ele>325.0</ele>
      </trkpt>
      <trkpt lat="-38.15457" lon="176.27595">
        <ele>326.2</ele>
      </trkpt>
      <trkpt lat="-38.15452" lon="176.27608">
        <ele>327.3</ele>
      </trkpt>
      <trkpt lat="-38.15433" lon="176.27634">
        <ele>329.8</ele>
      </trkpt>
      <trkpt lat="-38.15417" lon="176.27638">
        <ele>329.9</ele>
      </trkpt>
      <trkpt lat="-38.15408" lon="176.27647">
        <ele>330.2</ele>
      </trkpt>
      <trkpt lat="-38.15399" lon="176.27663">
        <ele>331.6</ele>
      </trkpt>
      <trkpt lat="-38.15378" lon="176.27691">
        <ele>332.7</ele>
      </trkpt>
      <trkpt lat="-38.15379" lon="176.27691">
        <ele>332.8</ele>
      </trkpt>
      <trkpt lat="-38.15372" lon="176.27702">
        <ele>333.5</ele>
      </trkpt>
      <trkpt lat="-38.15337" lon="176.27728">
        <ele>334.1</ele>
      </trkpt>
      <trkpt lat="-38.15316" lon="176.27746">
        <ele>333.7</ele>
      </trkpt>
      <trkpt lat="-38.15307" lon="176.27757">
        <ele>333.4</ele>
      </trkpt>
      <trkpt lat="-38.153" lon="176.27761">
        <ele>332.6</ele>
      </trkpt>
      <trkpt lat="-38.15291" lon="176.27783">
        <ele>333.2</ele>
      </trkpt>
      <trkpt lat="-38.15286" lon="176.27788">
        <ele>333.1</ele>
      </trkpt>
      <trkpt lat="-38.15282" lon="176.27791">
        <ele>332.9</ele>
      </trkpt>
      <trkpt lat="-38.15266" lon="176.27795">
        <ele>331.6</ele>
      </trkpt>
      <trkpt lat="-38.15247" lon="176.27823">
        <ele>333.1</ele>
      </trkpt>
      <trkpt lat="-38.15249" lon="176.27845">
        <ele>335.1</ele>
      </trkpt>
      <trkpt lat="-38.15246" lon="176.27849">
        <ele>334.7</ele>
      </trkpt>
      <trkpt lat="-38.15233" lon="176.2785">
        <ele>332.5</ele>
      </trkpt>
      <trkpt lat="-38.15217" lon="176.27854">
        <ele>329.9</ele>
      </trkpt>
      <trkpt lat="-38.15202" lon="176.27852">
        <ele>327.3</ele>
      </trkpt>
      <trkpt lat="-38.15197" lon="176.27855">
        <ele>326.6</ele>
      </trkpt>
      <trkpt lat="-38.15194" lon="176.2786">
        <ele>326.4</ele>
      </trkpt>
      <trkpt lat="-38.15184" lon="176.27911">
        <ele>327.9</ele>
      </trkpt>
      <trkpt lat="-38.15178" lon="176.27928">
        <ele>328.5</ele>
      </trkpt>
      <trkpt lat="-38.1517" lon="176.27933">
        <ele>328.0</ele>
      </trkpt>
      <trkpt lat="-38.15161" lon="176.27951">
        <ele>328.4</ele>
      </trkpt>
      <trkpt lat="-38.15157" lon="176.27956">
        <ele>328.3</ele>
      </trkpt>
      <trkpt lat="-38.15161" lon="176.27951">
        <ele>328.4</ele>
      </trkpt>
      <trkpt lat="-38.15161" lon="176.2795">
        <ele>328.3</ele>
      </trkpt>
      <trkpt lat="-38.15142" lon="176.27973">
        <ele>328.2</ele>
      </trkpt>
      <trkpt lat="-38.15111" lon="176.27999">
        <ele>328.5</ele>
      </trkpt>
      <trkpt lat="-38.15111" lon="176.27998">
        <ele>328.3</ele>
      </trkpt>
      <trkpt lat="-38.15107" lon="176.28008">
        <ele>329.5</ele>
      </trkpt>
      <trkpt lat="-38.15084" lon="176.28032">
        <ele>332.2</ele>
      </trkpt>
      <trkpt lat="-38.15094" lon="176.28037">
        <ele>333.6</ele>
      </trkpt>
      <trkpt lat="-38.15117" lon="176.2807">
        <ele>339.3</ele>
      </trkpt>
      <trkpt lat="-38.15124" lon="176.28076">
        <ele>340.0</ele>
      </trkpt>
      <trkpt lat="-38.15137" lon="176.28094">
        <ele>341.0</ele>
      </trkpt>
      <trkpt lat="-38.15149" lon="176.28121">
        <ele>342.2</ele>
      </trkpt>
      <trkpt lat="-38.15154" lon="176.28132">
        <ele>343.1</ele>
      </trkpt>
      <trkpt lat="-38.15159" lon="176.28159">
        <ele>345.4</ele>
      </trkpt>
      <trkpt lat="-38.15179" lon="176.28198">
        <ele>347.9</ele>
      </trkpt>
      <trkpt lat="-38.15182" lon="176.28209">
        <ele>348.2</ele>
      </trkpt>
      <trkpt lat="-38.15189" lon="176.28213">
        <ele>348.4</ele>
      </trkpt>
      <trkpt lat="-38.15196" lon="176.28227">
        <ele>348.8</ele>
      </trkpt>
      <trkpt lat="-38.15189" lon="176.28213">
        <ele>348.4</ele>
      </trkpt>
      <trkpt lat="-38.15196" lon="176.28228">
        <ele>348.8</ele>
      </trkpt>
      <trkpt lat="-38.15198" lon="176.28236">
        <ele>349.0</ele>
      </trkpt>
      <trkpt lat="-38.15189" lon="176.28259">
        <ele>348.3</ele>
      </trkpt>
      <trkpt lat="-38.15189" lon="176.28263">
        <ele>347.9</ele>
      </trkpt>
      <trkpt lat="-38.15194" lon="176.2828">
        <ele>346.3</ele>
      </trkpt>
      <trkpt lat="-38.15197" lon="176.28294">
        <ele>345.1</ele>
      </trkpt>
      <trkpt lat="-38.1521" lon="176.28314">
        <ele>344.3</ele>
      </trkpt>
      <trkpt lat="-38.15217" lon="176.28329">
        <ele>343.8</ele>
      </trkpt>
      <trkpt lat="-38.15247" lon="176.28349">
        <ele>346.0</ele>
      </trkpt>
      <trkpt lat="-38.15256" lon="176.28347">
        <ele>346.7</ele>
      </trkpt>
      <trkpt lat="-38.15264" lon="176.2835">
        <ele>346.8</ele>
      </trkpt>
      <trkpt lat="-38.15281" lon="176.28376">
        <ele>347.0</ele>
      </trkpt>
      <trkpt lat="-38.15294" lon="176.28391">
        <ele>347.6</ele>
      </trkpt>
      <trkpt lat="-38.15305" lon="176.28405">
        <ele>348.5</ele>
      </trkpt>
      <trkpt lat="-38.15287" lon="176.28443">
        <ele>346.2</ele>
      </trkpt>
      <trkpt lat="-38.15293" lon="176.28462">
        <ele>346.3</ele>
      </trkpt>
      <trkpt lat="-38.15304" lon="176.2848">
        <ele>347.2</ele>
      </trkpt>
      <trkpt lat="-38.15309" lon="176.28494">
        <ele>347.6</ele>
      </trkpt>
      <trkpt lat="-38.15312" lon="176.28512">
        <ele>347.3</ele>
      </trkpt>
      <trkpt lat="-38.15306" lon="176.28534">
        <ele>345.2</ele>
      </trkpt>
      <trkpt lat="-38.15323" lon="176.28567">
        <ele>346.6</ele>
      </trkpt>
      <trkpt lat="-38.1533" lon="176.28587">
        <ele>347.1</ele>
      </trkpt>
      <trkpt lat="-38.15333" lon="176.2859">
        <ele>347.5</ele>
      </trkpt>
      <trkpt lat="-38.15337" lon="176.28596">
        <ele>347.4</ele>
      </trkpt>
      <trkpt lat="-38.15328" lon="176.28603">
        <ele>345.7</ele>
      </trkpt>
      <trkpt lat="-38.153287" lon="176.286052">
        <ele>345.8</ele>
      </trkpt>
      <trkpt lat="-38.15328" lon="176.28603">
        <ele>345.7</ele>
      </trkpt>
      <trkpt lat="-38.15302" lon="176.28626">
        <ele>339.2</ele>
      </trkpt>
      <trkpt lat="-38.15305" lon="176.28633">
        <ele>339.4</ele>
      </trkpt>
      <trkpt lat="-38.15166" lon="176.28757">
        <ele>324.1</ele>
      </trkpt>
      <trkpt lat="-38.15023" lon="176.28885">
        <ele>320.9</ele>
      </trkpt>
      <trkpt lat="-38.15002" lon="176.289">
        <ele>320.1</ele>
      </trkpt>
      <trkpt lat="-38.14927" lon="176.28935">
        <ele>316.5</ele>
      </trkpt>
      <trkpt lat="-38.14906" lon="176.28948">
        <ele>315.7</ele>
      </trkpt>
      <trkpt lat="-38.148" lon="176.29049">
        <ele>314.8</ele>
      </trkpt>
      <trkpt lat="-38.14778" lon="176.29014">
        <ele>313.2</ele>
      </trkpt>
      <trkpt lat="-38.14741" lon="176.28969">
        <ele>311.0</ele>
      </trkpt>
      <trkpt lat="-38.14663" lon="176.28843">
        <ele>308.3</ele>
      </trkpt>
      <trkpt lat="-38.14634" lon="176.28874">
        <ele>308.7</ele>
      </trkpt>
      <trkpt lat="-38.14617" lon="176.28903">
        <ele>308.9</ele>
      </trkpt>
      <trkpt lat="-38.14596" lon="176.28955">
        <ele>308.9</ele>
      </trkpt>
      <trkpt lat="-38.14585" lon="176.28994">
        <ele>309.0</ele>
      </trkpt>
      <trkpt lat="-38.14567" lon="176.29028">
        <ele>309.7</ele>
      </trkpt>
      <trkpt lat="-38.14548" lon="176.29052">
        <ele>310.3</ele>
      </trkpt>
      <trkpt lat="-38.14527" lon="176.2907">
        <ele>310.7</ele>
      </trkpt>
      <trkpt lat="-38.14498" lon="176.29086">
        <ele>311.0</ele>
      </trkpt>
      <trkpt lat="-38.14478" lon="176.29091">
        <ele>310.7</ele>
      </trkpt>
      <trkpt lat="-38.14427" lon="176.29095">
        <ele>309.7</ele>
      </trkpt>
      <trkpt lat="-38.14414" lon="176.29098">
        <ele>309.5</ele>
      </trkpt>
      <trkpt lat="-38.14384" lon="176.29113">
        <ele>309.8</ele>
      </trkpt>
      <trkpt lat="-38.14353" lon="176.2914">
        <ele>310.8</ele>
      </trkpt>
      <trkpt lat="-38.1435" lon="176.29139">
        <ele>310.7</ele>
      </trkpt>
      <trkpt lat="-38.14345" lon="176.29139">
        <ele>310.7</ele>
      </trkpt>
      <trkpt lat="-38.14342" lon="176.29141">
        <ele>310.8</ele>
      </trkpt>
      <trkpt lat="-38.1434" lon="176.29149">
        <ele>311.2</ele>
      </trkpt>
      <trkpt lat="-38.14343" lon="176.29157">
        <ele>311.5</ele>
      </trkpt>
      <trkpt lat="-38.14323" lon="176.2918">
        <ele>311.9</ele>
      </trkpt>
      <trkpt lat="-38.14322" lon="176.291807">
        <ele>311.9</ele>
      </trkpt>
      <trkpt lat="-38.14297" lon="176.29209">
        <ele>311.5</ele>
      </trkpt>
      <trkpt lat="-38.14285" lon="176.29226">
        <ele>311.3</ele>
      </trkpt>
      <trkpt lat="-38.1427" lon="176.29256">
        <ele>311.0</ele>
      </trkpt>
      <trkpt lat="-38.14234" lon="176.2942">
        <ele>311.1</ele>
      </trkpt>
      <trkpt lat="-38.14231" lon="176.29426">
        <ele>310.8</ele>
      </trkpt>
      <trkpt lat="-38.14232" lon="176.29426">
        <ele>310.8</ele>
      </trkpt>
      <trkpt lat="-38.14223" lon="176.29446">
        <ele>309.6</ele>
      </trkpt>
      <trkpt lat="-38.14159" lon="176.29555">
        <ele>308.3</ele>
      </trkpt>
      <trkpt lat="-38.14029" lon="176.29757">
        <ele>310.0</ele>
      </trkpt>
      <trkpt lat="-38.14014" lon="176.29795">
        <ele>311.7</ele>
      </trkpt>
      <trkpt lat="-38.14003" lon="176.29876">
        <ele>315.0</ele>
      </trkpt>
      <trkpt lat="-38.13997" lon="176.29898">
        <ele>315.8</ele>
      </trkpt>
      <trkpt lat="-38.13991" lon="176.29913">
        <ele>316.7</ele>
      </trkpt>
      <trkpt lat="-38.13976" lon="176.2993">
        <ele>318.3</ele>
      </trkpt>
      <trkpt lat="-38.1389" lon="176.30005">
        <ele>324.2</ele>
      </trkpt>
      <trkpt lat="-38.13599" lon="176.30386">
        <ele>327.5</ele>
      </trkpt>
      <trkpt lat="-38.13599" lon="176.30385">
        <ele>327.4</ele>
      </trkpt>
      <trkpt lat="-38.13579" lon="176.30412">
        <ele>327.8</ele>
      </trkpt>
      <trkpt lat="-38.13502" lon="176.30358">
        <ele>326.0</ele>
      </trkpt>
      <trkpt lat="-38.13285" lon="176.30188">
        <ele>314.5</ele>
      </trkpt>
      <trkpt lat="-38.13258" lon="176.301661">
        <ele>313.2</ele>
      </trkpt>
      <trkpt lat="-38.13258" lon="176.30167">
        <ele>313.2</ele>
      </trkpt>
      <trkpt lat="-38.13188" lon="176.30112">
        <ele>309.3</ele>
      </trkpt>
      <trkpt lat="-38.13184" lon="176.3011">
        <ele>309.1</ele>
      </trkpt>
      <trkpt lat="-38.13183" lon="176.30109">
        <ele>309.1</ele>
      </trkpt>
      <trkpt lat="-38.13101" lon="176.30045">
        <ele>306.7</ele>
      </trkpt>
      <trkpt lat="-38.131" lon="176.30045">
        <ele>306.7</ele>
      </trkpt>
      <trkpt lat="-38.13086" lon="176.30034">
        <ele>306.6</ele>
      </trkpt>
      <trkpt lat="-38.13086" lon="176.30034">
        <ele>306.6</ele>
      </trkpt>
      <trkpt lat="-38.13068" lon="176.30058">
        <ele>305.8</ele>
      </trkpt>
      <trkpt lat="-38.13035" lon="176.30102">
        <ele>304.9</ele>
      </trkpt>
      <trkpt lat="-38.13029" lon="176.30109">
        <ele>304.8</ele>
      </trkpt>
      <trkpt lat="-38.12973" lon="176.30184">
        <ele>304.2</ele>
      </trkpt>
      <trkpt lat="-38.12964" lon="176.30197">
        <ele>304.3</ele>
      </trkpt>
      <trkpt lat="-38.12957" lon="176.30206">
        <ele>304.2</ele>
      </trkpt>
      <trkpt lat="-38.12943" lon="176.30224">
        <ele>304.0</ele>
      </trkpt>
      <trkpt lat="-38.12917" lon="176.30257">
        <ele>303.1</ele>
      </trkpt>
      <trkpt lat="-38.129" lon="176.30278">
        <ele>303.0</ele>
      </trkpt>
      <trkpt lat="-38.12847" lon="176.30351">
        <ele>303.0</ele>
      </trkpt>
      <trkpt lat="-38.12791" lon="176.30425">
        <ele>302.0</ele>
      </trkpt>
      <trkpt lat="-38.127916" lon="176.304259">
        <ele>302.0</ele>
      </trkpt>
      <trkpt lat="-38.12713" lon="176.30532">
        <ele>300.3</ele>
      </trkpt>
      <trkpt lat="-38.12449" lon="176.30878">
        <ele>295.6</ele>
      </trkpt>
      <trkpt lat="-38.12366" lon="176.3099">
        <ele>295.0</ele>
      </trkpt>
      <trkpt lat="-38.12323" lon="176.3106">
        <ele>295.0</ele>
      </trkpt>
      <trkpt lat="-38.12268" lon="176.31155">
        <ele>294.6</ele>
      </trkpt>
      <trkpt lat="-38.122" lon="176.31275">
        <ele>294.7</ele>
      </trkpt>
      <trkpt lat="-38.122" lon="176.31274">
        <ele>294.7</ele>
      </trkpt>
      <trkpt lat="-38.12172" lon="176.31324">
        <ele>294.9</ele>
      </trkpt>
      <trkpt lat="-38.12147" lon="176.31363">
        <ele>294.5</ele>
      </trkpt>
      <trkpt lat="-38.12127" lon="176.31387">
        <ele>294.0</ele>
      </trkpt>
      <trkpt lat="-38.12106" lon="176.31403">
        <ele>293.5</ele>
      </trkpt>
      <trkpt lat="-38.12082" lon="176.31419">
        <ele>293.0</ele>
      </trkpt>
      <trkpt lat="-38.12047" lon="176.31433">
        <ele>293.0</ele>
      </trkpt>
      <trkpt lat="-38.11987" lon="176.31454">
        <ele>293.4</ele>
      </trkpt>
      <trkpt lat="-38.11988" lon="176.31454">
        <ele>293.4</ele>
      </trkpt>
      <trkpt lat="-38.11851" lon="176.315">
        <ele>293.2</ele>
      </trkpt>
      <trkpt lat="-38.1149" lon="176.31632">
        <ele>291.9</ele>
      </trkpt>
      <trkpt lat="-38.11336" lon="176.3169">
        <ele>291.9</ele>
      </trkpt>
      <trkpt lat="-38.11337" lon="176.3169">
        <ele>291.9</ele>
      </trkpt>
      <trkpt lat="-38.11177" lon="176.31751">
        <ele>293.8</ele>
      </trkpt>
      <trkpt lat="-38.11117" lon="176.31779">
        <ele>294.1</ele>
      </trkpt>
      <trkpt lat="-38.10637" lon="176.32036">
        <ele>296.2</ele>
      </trkpt>
      <trkpt lat="-38.09708" lon="176.32537">
        <ele>299.4</ele>
      </trkpt>
      <trkpt lat="-38.09708" lon="176.32536">
        <ele>299.4</ele>
      </trkpt>
      <trkpt lat="-38.09332" lon="176.32736">
        <ele>295.0</ele>
      </trkpt>
      <trkpt lat="-38.09291" lon="176.32753">
        <ele>295.1</ele>
      </trkpt>
      <trkpt lat="-38.09263" lon="176.32762">
        <ele>295.2</ele>
      </trkpt>
      <trkpt lat="-38.09223" lon="176.32771">
        <ele>295.0</ele>
      </trkpt>
      <trkpt lat="-38.08859" lon="176.32821">
        <ele>291.9</ele>
      </trkpt>
      <trkpt lat="-38.08736" lon="176.32835">
        <ele>292.0</ele>
      </trkpt>
      <trkpt lat="-38.08686" lon="176.32839">
        <ele>292.0</ele>
      </trkpt>
      <trkpt lat="-38.08646" lon="176.32837">
        <ele>292.0</ele>
      </trkpt>
      <trkpt lat="-38.08612" lon="176.32834">
        <ele>292.0</ele>
      </trkpt>
      <trkpt lat="-38.08554" lon="176.3282">
        <ele>292.8</ele>
      </trkpt>
      <trkpt lat="-38.0832" lon="176.32736">
        <ele>290.5</ele>
      </trkpt>
      <trkpt lat="-38.08205" lon="176.32696">
        <ele>289.9</ele>
      </trkpt>
      <trkpt lat="-38.07936" lon="176.32602">
        <ele>293.0</ele>
      </trkpt>
      <trkpt lat="-38.0785" lon="176.32577">
        <ele>293.9</ele>
      </trkpt>
      <trkpt lat="-38.07799" lon="176.32567">
        <ele>294.0</ele>
      </trkpt>
      <trkpt lat="-38.07751" lon="176.32564">
        <ele>294.1</ele>
      </trkpt>
      <trkpt lat="-38.07707" lon="176.32567">
        <ele>292.4</ele>
      </trkpt>
      <trkpt lat="-38.07685" lon="176.3257">
        <ele>291.5</ele>
      </trkpt>
      <trkpt lat="-38.07632" lon="176.32586">
        <ele>290.7</ele>
      </trkpt>
      <trkpt lat="-38.07598" lon="176.326">
        <ele>291.0</ele>
      </trkpt>
      <trkpt lat="-38.0745" lon="176.32673">
        <ele>291.7</ele>
      </trkpt>
      <trkpt lat="-38.07406" lon="176.32694">
        <ele>292.0</ele>
      </trkpt>
      <trkpt lat="-38.07358" lon="176.3271">
        <ele>292.0</ele>
      </trkpt>
      <trkpt lat="-38.07311" lon="176.32719">
        <ele>292.2</ele>
      </trkpt>
      <trkpt lat="-38.07233" lon="176.32724">
        <ele>292.4</ele>
      </trkpt>
      <trkpt lat="-38.06842" lon="176.32738">
        <ele>291.5</ele>
      </trkpt>
      <trkpt lat="-38.06816" lon="176.32743">
        <ele>292.0</ele>
      </trkpt>
      <trkpt lat="-38.06792" lon="176.32751">
        <ele>292.5</ele>
      </trkpt>
      <trkpt lat="-38.06769" lon="176.32763">
        <ele>293.1</ele>
      </trkpt>
      <trkpt lat="-38.0664" lon="176.32869">
        <ele>296.4</ele>
      </trkpt>
      <trkpt lat="-38.06605" lon="176.32895">
        <ele>297.4</ele>
      </trkpt>
      <trkpt lat="-38.06483" lon="176.32972">
        <ele>297.8</ele>
      </trkpt>
      <trkpt lat="-38.06275" lon="176.33098">
        <ele>315.1</ele>
      </trkpt>
      <trkpt lat="-38.06187" lon="176.33136">
        <ele>320.1</ele>
      </trkpt>
      <trkpt lat="-38.0607" lon="176.33182">
        <ele>323.8</ele>
      </trkpt>
      <trkpt lat="-38.06071" lon="176.33182">
        <ele>323.8</ele>
      </trkpt>
      <trkpt lat="-38.06005" lon="176.33208">
        <ele>324.8</ele>
      </trkpt>
      <trkpt lat="-38.05978" lon="176.33217">
        <ele>325.6</ele>
      </trkpt>
      <trkpt lat="-38.05945" lon="176.33223">
        <ele>327.0</ele>
      </trkpt>
      <trkpt lat="-38.05917" lon="176.33225">
        <ele>328.5</ele>
      </trkpt>
      <trkpt lat="-38.05822" lon="176.33219">
        <ele>329.0</ele>
      </trkpt>
      <trkpt lat="-38.05731" lon="176.33208">
        <ele>322.9</ele>
      </trkpt>
      <trkpt lat="-38.05664" lon="176.33203">
        <ele>317.4</ele>
      </trkpt>
      <trkpt lat="-38.05643" lon="176.33197">
        <ele>317.4</ele>
      </trkpt>
      <trkpt lat="-38.05596" lon="176.33177">
        <ele>316.7</ele>
      </trkpt>
      <trkpt lat="-38.05418" lon="176.33052">
        <ele>314.9</ele>
      </trkpt>
      <trkpt lat="-38.05379" lon="176.33026">
        <ele>315.2</ele>
      </trkpt>
      <trkpt lat="-38.05355" lon="176.33013">
        <ele>314.9</ele>
      </trkpt>
      <trkpt lat="-38.05038" lon="176.3288">
        <ele>300.8</ele>
      </trkpt>
      <trkpt lat="-38.05002" lon="176.32872">
        <ele>300.2</ele>
      </trkpt>
      <trkpt lat="-38.04982" lon="176.32874">
        <ele>300.1</ele>
      </trkpt>
      <trkpt lat="-38.04963" lon="176.32878">
        <ele>299.8</ele>
      </trkpt>
      <trkpt lat="-38.04835" lon="176.32918">
        <ele>291.1</ele>
      </trkpt>
      <trkpt lat="-38.04702" lon="176.32951">
        <ele>286.7</ele>
      </trkpt>
      <trkpt lat="-38.04668" lon="176.32961">
        <ele>286.5</ele>
      </trkpt>
      <trkpt lat="-38.04648" lon="176.32971">
        <ele>286.4</ele>
      </trkpt>
      <trkpt lat="-38.04637" lon="176.32978">
        <ele>286.3</ele>
      </trkpt>
      <trkpt lat="-38.04627" lon="176.32987">
        <ele>286.1</ele>
      </trkpt>
      <trkpt lat="-38.04554" lon="176.33078">
        <ele>285.0</ele>
      </trkpt>
      <trkpt lat="-38.04529" lon="176.331">
        <ele>285.3</ele>
      </trkpt>
      <trkpt lat="-38.04505" lon="176.33113">
        <ele>285.4</ele>
      </trkpt>
      <trkpt lat="-38.04398" lon="176.3314">
        <ele>285.4</ele>
      </trkpt>
      <trkpt lat="-38.04319" lon="176.33154">
        <ele>285.8</ele>
      </trkpt>
      <trkpt lat="-38.04293" lon="176.33154">
        <ele>285.8</ele>
      </trkpt>
      <trkpt lat="-38.04267" lon="176.3315">
        <ele>285.8</ele>
      </trkpt>
      <trkpt lat="-38.04171" lon="176.33114">
        <ele>285.4</ele>
      </trkpt>
      <trkpt lat="-38.04071" lon="176.33077">
        <ele>284.3</ele>
      </trkpt>
      <trkpt lat="-38.04034" lon="176.33068">
        <ele>285.4</ele>
      </trkpt>
      <trkpt lat="-38.04002" lon="176.33066">
        <ele>286.4</ele>
      </trkpt>
      <trkpt lat="-38.03967" lon="176.33069">
        <ele>288.1</ele>
      </trkpt>
      <trkpt lat="-38.03945" lon="176.33074">
        <ele>289.0</ele>
      </trkpt>
      <trkpt lat="-38.03898" lon="176.33093">
        <ele>290.5</ele>
      </trkpt>
      <trkpt lat="-38.03859" lon="176.33119">
        <ele>290.9</ele>
      </trkpt>
      <trkpt lat="-38.03836" lon="176.3314">
        <ele>290.5</ele>
      </trkpt>
      <trkpt lat="-38.03813" lon="176.33168">
        <ele>290.2</ele>
      </trkpt>
      <trkpt lat="-38.03791" lon="176.332">
        <ele>290.7</ele>
      </trkpt>
      <trkpt lat="-38.03676" lon="176.33376">
        <ele>289.4</ele>
      </trkpt>
      <trkpt lat="-38.03588" lon="176.33518">
        <ele>290.9</ele>
      </trkpt>
      <trkpt lat="-38.03464" lon="176.33764">
        <ele>290.1</ele>
      </trkpt>
      <trkpt lat="-38.03441" lon="176.33808">
        <ele>290.2</ele>
      </trkpt>
      <trkpt lat="-38.03427" lon="176.3383">
        <ele>289.5</ele>
      </trkpt>
      <trkpt lat="-38.03411" lon="176.33851">
        <ele>289.5</ele>
      </trkpt>
      <trkpt lat="-38.03365" lon="176.33901">
        <ele>290.6</ele>
      </trkpt>
      <trkpt lat="-38.03183" lon="176.34085">
        <ele>298.0</ele>
      </trkpt>
      <trkpt lat="-38.03051" lon="176.34264">
        <ele>300.6</ele>
      </trkpt>
      <trkpt lat="-38.02991" lon="176.34335">
        <ele>297.2</ele>
      </trkpt>
      <trkpt lat="-38.02926" lon="176.34401">
        <ele>296.4</ele>
      </trkpt>
      <trkpt lat="-38.02891" lon="176.34432">
        <ele>295.3</ele>
      </trkpt>
      <trkpt lat="-38.02868" lon="176.34443">
        <ele>295.7</ele>
      </trkpt>
      <trkpt lat="-38.02839" lon="176.34455">
        <ele>296.2</ele>
      </trkpt>
      <trkpt lat="-38.02789" lon="176.34465">
        <ele>296.0</ele>
      </trkpt>
      <trkpt lat="-38.0274" lon="176.34472">
        <ele>295.9</ele>
      </trkpt>
      <trkpt lat="-38.0267" lon="176.34479">
        <ele>296.4</ele>
      </trkpt>
      <trkpt lat="-38.02607" lon="176.34478">
        <ele>294.1</ele>
      </trkpt>
      <trkpt lat="-38.02501" lon="176.34467">
        <ele>294.2</ele>
      </trkpt>
      <trkpt lat="-38.02476" lon="176.34467">
        <ele>293.4</ele>
      </trkpt>
      <trkpt lat="-38.0239" lon="176.34477">
        <ele>289.8</ele>
      </trkpt>
      <trkpt lat="-38.02366" lon="176.34477">
        <ele>288.6</ele>
      </trkpt>
      <trkpt lat="-38.02346" lon="176.34473">
        <ele>287.9</ele>
      </trkpt>
      <trkpt lat="-38.02345" lon="176.34473">
        <ele>287.8</ele>
      </trkpt>
      <trkpt lat="-38.02325" lon="176.34466">
        <ele>287.9</ele>
      </trkpt>
      <trkpt lat="-38.02218" lon="176.34411">
        <ele>295.2</ele>
      </trkpt>
      <trkpt lat="-38.02196" lon="176.34406">
        <ele>295.7</ele>
      </trkpt>
      <trkpt lat="-38.02172" lon="176.34407">
        <ele>295.0</ele>
      </trkpt>
      <trkpt lat="-38.0208" lon="176.34422">
        <ele>283.0</ele>
      </trkpt>
      <trkpt lat="-38.02045" lon="176.34421">
        <ele>283.0</ele>
      </trkpt>
      <trkpt lat="-38.02012" lon="176.34411">
        <ele>284.0</ele>
      </trkpt>
      <trkpt lat="-38.01878" lon="176.34363">
        <ele>289.9</ele>
      </trkpt>
      <trkpt lat="-38.01847" lon="176.34355">
        <ele>285.4</ele>
      </trkpt>
      <trkpt lat="-38.01819" lon="176.34355">
        <ele>284.2</ele>
      </trkpt>
      <trkpt lat="-38.0179" lon="176.34361">
        <ele>286.6</ele>
      </trkpt>
      <trkpt lat="-38.01776" lon="176.34368">
        <ele>287.8</ele>
      </trkpt>
      <trkpt lat="-38.017742" lon="176.343692">
        <ele>288.0</ele>
      </trkpt>
      <trkpt lat="-38.01777" lon="176.34376">
        <ele>287.7</ele>
      </trkpt>
      <trkpt lat="-38.01763" lon="176.34384">
        <ele>288.9</ele>
      </trkpt>
      <trkpt lat="-38.01752" lon="176.34393">
        <ele>289.8</ele>
      </trkpt>
      <trkpt lat="-38.01731" lon="176.34419">
        <ele>292.3</ele>
      </trkpt>
      <trkpt lat="-38.01717" lon="176.34444">
        <ele>293.8</ele>
      </trkpt>
      <trkpt lat="-38.01707" lon="176.34473">
        <ele>294.0</ele>
      </trkpt>
      <trkpt lat="-38.017565" lon="176.344895">
        <ele>293.8</ele>
      </trkpt>
      <trkpt lat="-38.01763" lon="176.344855">
        <ele>293.8</ele>
      </trkpt>
      <trkpt lat="-38.017689" lon="176.344891">
        <ele>294.3</ele>
      </trkpt>
      <trkpt lat="-38.017631" lon="176.344969">
        <ele>294.6</ele>
      </trkpt>
      <trkpt lat="-38.017626" lon="176.345058">
        <ele>295.6</ele>
      </trkpt>
      <trkpt lat="-38.017697" lon="176.345001">
        <ele>295.2</ele>
      </trkpt>
      <trkpt lat="-38.017748" lon="176.344975">
        <ele>295.3</ele>
      </trkpt>
      <trkpt lat="-38.017925" lon="176.345003">
        <ele>296.6</ele>
      </trkpt>
      <trkpt lat="-38.01853" lon="176.34531">
        <ele>301.8</ele>
      </trkpt>
      <trkpt lat="-38.01862" lon="176.34539">
        <ele>302.0</ele>
      </trkpt>
      <trkpt lat="-38.01873" lon="176.34554">
        <ele>302.9</ele>
      </trkpt>
      <trkpt lat="-38.01878" lon="176.34565">
        <ele>303.7</ele>
      </trkpt>
      <trkpt lat="-38.01883" lon="176.34585">
        <ele>305.6</ele>
      </trkpt>
      <trkpt lat="-38.01891" lon="176.34604">
        <ele>306.2</ele>
      </trkpt>
      <trkpt lat="-38.01927" lon="176.3465">
        <ele>304.6</ele>
      </trkpt>
      <trkpt lat="-38.01942" lon="176.34686">
        <ele>303.4</ele>
      </trkpt>
      <trkpt lat="-38.01961" lon="176.34717">
        <ele>300.5</ele>
      </trkpt>
      <trkpt lat="-38.01973" lon="176.34726">
        <ele>298.9</ele>
      </trkpt>
      <trkpt lat="-38.01989" lon="176.34735">
        <ele>296.6</ele>
      </trkpt>
      <trkpt lat="-38.02048" lon="176.34756">
        <ele>293.1</ele>
      </trkpt>
      <trkpt lat="-38.02068" lon="176.3477">
        <ele>291.8</ele>
      </trkpt>
      <trkpt lat="-38.02078" lon="176.34782">
        <ele>291.0</ele>
      </trkpt>
      <trkpt lat="-38.02085" lon="176.34795">
        <ele>290.3</ele>
      </trkpt>
      <trkpt lat="-38.02098" lon="176.34827">
        <ele>288.8</ele>
      </trkpt>
      <trkpt lat="-38.0211" lon="176.34871">
        <ele>288.6</ele>
      </trkpt>
      <trkpt lat="-38.02122" lon="176.34928">
        <ele>289.3</ele>
      </trkpt>
      <trkpt lat="-38.02133" lon="176.34998">
        <ele>291.5</ele>
      </trkpt>
      <trkpt lat="-38.02141" lon="176.35027">
        <ele>291.8</ele>
      </trkpt>
      <trkpt lat="-38.02148" lon="176.35048">
        <ele>291.7</ele>
      </trkpt>
      <trkpt lat="-38.02189" lon="176.35128">
        <ele>288.9</ele>
      </trkpt>
      <trkpt lat="-38.02214" lon="176.35183">
        <ele>288.2</ele>
      </trkpt>
      <trkpt lat="-38.02222" lon="176.35201">
        <ele>288.2</ele>
      </trkpt>
      <trkpt lat="-38.02227" lon="176.35216">
        <ele>288.2</ele>
      </trkpt>
      <trkpt lat="-38.02229" lon="176.35232">
        <ele>288.3</ele>
      </trkpt>
      <trkpt lat="-38.02229" lon="176.35253">
        <ele>288.5</ele>
      </trkpt>
      <trkpt lat="-38.02227" lon="176.35266">
        <ele>288.5</ele>
      </trkpt>
      <trkpt lat="-38.02218" lon="176.35284">
        <ele>289.1</ele>
      </trkpt>
      <trkpt lat="-38.02192" lon="176.35328">
        <ele>291.9</ele>
      </trkpt>
      <trkpt lat="-38.02076" lon="176.35505">
        <ele>293.3</ele>
      </trkpt>
      <trkpt lat="-38.01949" lon="176.35672">
        <ele>298.2</ele>
      </trkpt>
      <trkpt lat="-38.01917" lon="176.35707">
        <ele>300.0</ele>
      </trkpt>
      <trkpt lat="-38.0178" lon="176.35818">
        <ele>307.3</ele>
      </trkpt>
      <trkpt lat="-38.01751" lon="176.35836">
        <ele>307.9</ele>
      </trkpt>
      <trkpt lat="-38.01722" lon="176.3585">
        <ele>309.7</ele>
      </trkpt>
      <trkpt lat="-38.0163" lon="176.35879">
        <ele>315.9</ele>
      </trkpt>
      <trkpt lat="-38.01621" lon="176.35874">
        <ele>316.5</ele>
      </trkpt>
      <trkpt lat="-38.01602" lon="176.35905">
        <ele>316.7</ele>
      </trkpt>
      <trkpt lat="-38.01571" lon="176.35943">
        <ele>318.2</ele>
      </trkpt>
      <trkpt lat="-38.015716" lon="176.359453">
        <ele>318.3</ele>
      </trkpt>
      <trkpt lat="-38.01567" lon="176.35951">
        <ele>318.6</ele>
      </trkpt>
      <trkpt lat="-38.01532" lon="176.3598">
        <ele>320.8</ele>
      </trkpt>
      <trkpt lat="-38.01401" lon="176.36068">
        <ele>337.2</ele>
      </trkpt>
      <trkpt lat="-38.01368" lon="176.36098">
        <ele>338.4</ele>
      </trkpt>
      <trkpt lat="-38.01332" lon="176.3614">
        <ele>341.0</ele>
      </trkpt>
      <trkpt lat="-38.0126" lon="176.36234">
        <ele>343.9</ele>
      </trkpt>
      <trkpt lat="-38.01208" lon="176.36277">
        <ele>339.6</ele>
      </trkpt>
      <trkpt lat="-38.00973" lon="176.36443">
        <ele>313.4</ele>
      </trkpt>
      <trkpt lat="-38.00919" lon="176.36488">
        <ele>312.1</ele>
      </trkpt>
      <trkpt lat="-38.00879" lon="176.36544">
        <ele>313.4</ele>
      </trkpt>
      <trkpt lat="-38.00845" lon="176.36609">
        <ele>314.8</ele>
      </trkpt>
      <trkpt lat="-38.00852" lon="176.3663">
        <ele>314.9</ele>
      </trkpt>
      <trkpt lat="-38.00847" lon="176.36661">
        <ele>315.6</ele>
      </trkpt>
      <trkpt lat="-38.0082" lon="176.3673">
        <ele>313.0</ele>
      </trkpt>
      <trkpt lat="-38.00804" lon="176.36756">
        <ele>313.2</ele>
      </trkpt>
      <trkpt lat="-38.0078" lon="176.36786">
        <ele>313.0</ele>
      </trkpt>
      <trkpt lat="-38.00771" lon="176.36799">
        <ele>312.3</ele>
      </trkpt>
      <trkpt lat="-38.00765" lon="176.36813">
        <ele>310.8</ele>
      </trkpt>
      <trkpt lat="-38.00764" lon="176.36828">
        <ele>308.6</ele>
      </trkpt>
      <trkpt lat="-38.00774" lon="176.36845">
        <ele>308.2</ele>
      </trkpt>
      <trkpt lat="-38.0081" lon="176.36888">
        <ele>308.2</ele>
      </trkpt>
      <trkpt lat="-38.00815" lon="176.36896">
        <ele>308.1</ele>
      </trkpt>
      <trkpt lat="-38.00835" lon="176.36944">
        <ele>308.5</ele>
      </trkpt>
      <trkpt lat="-38.00845" lon="176.36973">
        <ele>309.2</ele>
      </trkpt>
      <trkpt lat="-38.00848" lon="176.36988">
        <ele>309.7</ele>
      </trkpt>
      <trkpt lat="-38.00846" lon="176.37015">
        <ele>309.1</ele>
      </trkpt>
      <trkpt lat="-38.00814" lon="176.37111">
        <ele>307.7</ele>
      </trkpt>
      <trkpt lat="-38.00809" lon="176.37149">
        <ele>307.9</ele>
      </trkpt>
      <trkpt lat="-38.0081" lon="176.37199">
        <ele>309.8</ele>
      </trkpt>
      <trkpt lat="-38.00826" lon="176.37262">
        <ele>313.8</ele>
      </trkpt>
      <trkpt lat="-38.00846" lon="176.373">
        <ele>316.2</ele>
      </trkpt>
      <trkpt lat="-38.00869" lon="176.37333">
        <ele>317.5</ele>
      </trkpt>
      <trkpt lat="-38.00921" lon="176.37375">
        <ele>318.2</ele>
      </trkpt>
      <trkpt lat="-38.00934" lon="176.37399">
        <ele>319.8</ele>
      </trkpt>
      <trkpt lat="-38.00951" lon="176.3742">
        <ele>319.2</ele>
      </trkpt>
      <trkpt lat="-38.00968" lon="176.37436">
        <ele>317.5</ele>
      </trkpt>
      <trkpt lat="-38.0098" lon="176.37453">
        <ele>316.6</ele>
      </trkpt>
      <trkpt lat="-38.00986" lon="176.37484">
        <ele>317.2</ele>
      </trkpt>
      <trkpt lat="-38.00973" lon="176.375">
        <ele>319.9</ele>
      </trkpt>
      <trkpt lat="-38.00948" lon="176.3751">
        <ele>323.6</ele>
      </trkpt>
      <trkpt lat="-38.00936" lon="176.37523">
        <ele>325.4</ele>
      </trkpt>
      <trkpt lat="-38.00932" lon="176.37546">
        <ele>326.1</ele>
      </trkpt>
      <trkpt lat="-38.00938" lon="176.37577">
        <ele>325.6</ele>
      </trkpt>
      <trkpt lat="-38.00959" lon="176.37624">
        <ele>322.2</ele>
      </trkpt>
      <trkpt lat="-38.00967" lon="176.37647">
        <ele>320.7</ele>
      </trkpt>
      <trkpt lat="-38.00966" lon="176.37668">
        <ele>320.3</ele>
      </trkpt>
      <trkpt lat="-38.00949" lon="176.37734">
        <ele>323.7</ele>
      </trkpt>
      <trkpt lat="-38.00945" lon="176.37786">
        <ele>326.8</ele>
      </trkpt>
      <trkpt lat="-38.00927" lon="176.37842">
        <ele>331.0</ele>
      </trkpt>
      <trkpt lat="-38.0092" lon="176.37883">
        <ele>331.1</ele>
      </trkpt>
      <trkpt lat="-38.00924" lon="176.37904">
        <ele>330.4</ele>
      </trkpt>
      <trkpt lat="-38.00945" lon="176.37959">
        <ele>327.4</ele>
      </trkpt>
      <trkpt lat="-38.00945" lon="176.37981">
        <ele>327.2</ele>
      </trkpt>
      <trkpt lat="-38.0093" lon="176.38022">
        <ele>328.7</ele>
      </trkpt>
      <trkpt lat="-38.00924" lon="176.38045">
        <ele>329.7</ele>
      </trkpt>
      <trkpt lat="-38.00919" lon="176.38073">
        <ele>330.7</ele>
      </trkpt>
      <trkpt lat="-38.00918" lon="176.38092">
        <ele>331.1</ele>
      </trkpt>
      <trkpt lat="-38.00924" lon="176.38118">
        <ele>331.1</ele>
      </trkpt>
      <trkpt lat="-38.00924" lon="176.38142">
        <ele>331.3</ele>
      </trkpt>
      <trkpt lat="-38.00861" lon="176.38288">
        <ele>328.4</ele>
      </trkpt>
      <trkpt lat="-38.00849" lon="176.38341">
        <ele>331.9</ele>
      </trkpt>
      <trkpt lat="-38.00802" lon="176.38426">
        <ele>341.9</ele>
      </trkpt>
      <trkpt lat="-38.00785" lon="176.38438">
        <ele>343.7</ele>
      </trkpt>
      <trkpt lat="-38.00772" lon="176.38434">
        <ele>343.5</ele>
      </trkpt>
      <trkpt lat="-38.00758" lon="176.3842">
        <ele>342.2</ele>
      </trkpt>
      <trkpt lat="-38.00713" lon="176.38349">
        <ele>336.1</ele>
      </trkpt>
      <trkpt lat="-38.00698" lon="176.38345">
        <ele>336.0</ele>
      </trkpt>
      <trkpt lat="-38.006928" lon="176.383476">
        <ele>336.6</ele>
      </trkpt>
      <trkpt lat="-38.00693" lon="176.3835">
        <ele>337.0</ele>
      </trkpt>
      <trkpt lat="-38.00684" lon="176.38354">
        <ele>338.0</ele>
      </trkpt>
      <trkpt lat="-38.00675" lon="176.38372">
        <ele>341.5</ele>
      </trkpt>
      <trkpt lat="-38.00665" lon="176.38406">
        <ele>347.7</ele>
      </trkpt>
      <trkpt lat="-38.00652" lon="176.38436">
        <ele>348.9</ele>
      </trkpt>
      <trkpt lat="-38.00624" lon="176.38475">
        <ele>348.5</ele>
      </trkpt>
      <trkpt lat="-38.00611" lon="176.38497">
        <ele>349.6</ele>
      </trkpt>
      <trkpt lat="-38.00601" lon="176.38515">
        <ele>349.8</ele>
      </trkpt>
      <trkpt lat="-38.00594" lon="176.38533">
        <ele>350.6</ele>
      </trkpt>
      <trkpt lat="-38.00594" lon="176.38545">
        <ele>351.7</ele>
      </trkpt>
      <trkpt lat="-38.00595" lon="176.38551">
        <ele>352.3</ele>
      </trkpt>
      <trkpt lat="-38.00607" lon="176.38573">
        <ele>354.8</ele>
      </trkpt>
      <trkpt lat="-38.00614" lon="176.38594">
        <ele>355.5</ele>
      </trkpt>
      <trkpt lat="-38.00616" lon="176.38607">
        <ele>355.3</ele>
      </trkpt>
      <trkpt lat="-38.00618" lon="176.3865">
        <ele>354.4</ele>
      </trkpt>
      <trkpt lat="-38.00629" lon="176.38696">
        <ele>353.2</ele>
      </trkpt>
      <trkpt lat="-38.00629" lon="176.38709">
        <ele>352.8</ele>
      </trkpt>
      <trkpt lat="-38.00626" lon="176.38725">
        <ele>352.3</ele>
      </trkpt>
      <trkpt lat="-38.00599" lon="176.38828">
        <ele>346.1</ele>
      </trkpt>
      <trkpt lat="-38.00573" lon="176.3891">
        <ele>344.1</ele>
      </trkpt>
      <trkpt lat="-38.00559" lon="176.38942">
        <ele>345.2</ele>
      </trkpt>
      <trkpt lat="-38.00525" lon="176.39002">
        <ele>347.1</ele>
      </trkpt>
      <trkpt lat="-38.00514" lon="176.39023">
        <ele>347.5</ele>
      </trkpt>
      <trkpt lat="-38.00499" lon="176.39059">
        <ele>349.5</ele>
      </trkpt>
      <trkpt lat="-38.00495" lon="176.39076">
        <ele>350.4</ele>
      </trkpt>
      <trkpt lat="-38.00491" lon="176.39118">
        <ele>351.9</ele>
      </trkpt>
      <trkpt lat="-38.00487" lon="176.39195">
        <ele>352.7</ele>
      </trkpt>
      <trkpt lat="-38.00482" lon="176.39266">
        <ele>349.6</ele>
      </trkpt>
      <trkpt lat="-38.00478" lon="176.39337">
        <ele>345.5</ele>
      </trkpt>
      <trkpt lat="-38.00478" lon="176.39378">
        <ele>347.2</ele>
      </trkpt>
      <trkpt lat="-38.00484" lon="176.39404">
        <ele>348.0</ele>
      </trkpt>
      <trkpt lat="-38.00498" lon="176.39424">
        <ele>348.2</ele>
      </trkpt>
      <trkpt lat="-38.00516" lon="176.39432">
        <ele>348.1</ele>
      </trkpt>
      <trkpt lat="-38.00542" lon="176.39426">
        <ele>348.0</ele>
      </trkpt>
      <trkpt lat="-38.00561" lon="176.39418">
        <ele>348.0</ele>
      </trkpt>
      <trkpt lat="-38.00579" lon="176.39413">
        <ele>347.4</ele>
      </trkpt>
      <trkpt lat="-38.00593" lon="176.39412">
        <ele>346.8</ele>
      </trkpt>
      <trkpt lat="-38.00602" lon="176.39417">
        <ele>347.1</ele>
      </trkpt>
      <trkpt lat="-38.00609" lon="176.39426">
        <ele>346.5</ele>
      </trkpt>
      <trkpt lat="-38.00617" lon="176.39441">
        <ele>345.6</ele>
      </trkpt>
      <trkpt lat="-38.00624" lon="176.39472">
        <ele>344.1</ele>
      </trkpt>
      <trkpt lat="-38.00627" lon="176.39519">
        <ele>342.4</ele>
      </trkpt>
      <trkpt lat="-38.00618" lon="176.39586">
        <ele>341.7</ele>
      </trkpt>
      <trkpt lat="-38.00607" lon="176.39629">
        <ele>344.7</ele>
      </trkpt>
      <trkpt lat="-38.00607" lon="176.39648">
        <ele>345.7</ele>
      </trkpt>
      <trkpt lat="-38.00612" lon="176.39687">
        <ele>347.4</ele>
      </trkpt>
      <trkpt lat="-38.00614" lon="176.39721">
        <ele>348.7</ele>
      </trkpt>
      <trkpt lat="-38.00612" lon="176.39769">
        <ele>349.6</ele>
      </trkpt>
      <trkpt lat="-38.00613" lon="176.39799">
        <ele>349.4</ele>
      </trkpt>
      <trkpt lat="-38.0062" lon="176.39823">
        <ele>349.4</ele>
      </trkpt>
      <trkpt lat="-38.00646" lon="176.39872">
        <ele>348.9</ele>
      </trkpt>
      <trkpt lat="-38.00655" lon="176.39894">
        <ele>348.1</ele>
      </trkpt>
      <trkpt lat="-38.00659" lon="176.3992">
        <ele>347.0</ele>
      </trkpt>
      <trkpt lat="-38.00653" lon="176.40004">
        <ele>345.0</ele>
      </trkpt>
      <trkpt lat="-38.00648" lon="176.40088">
        <ele>341.6</ele>
      </trkpt>
      <trkpt lat="-38.00643" lon="176.40172">
        <ele>341.6</ele>
      </trkpt>
      <trkpt lat="-38.00649" lon="176.4021">
        <ele>343.7</ele>
      </trkpt>
      <trkpt lat="-38.00679" lon="176.40293">
        <ele>346.0</ele>
      </trkpt>
      <trkpt lat="-38.00687" lon="176.40329">
        <ele>345.5</ele>
      </trkpt>
      <trkpt lat="-38.00691" lon="176.40369">
        <ele>345.3</ele>
      </trkpt>
      <trkpt lat="-38.0069" lon="176.40396">
        <ele>345.2</ele>
      </trkpt>
      <trkpt lat="-38.00699" lon="176.40449">
        <ele>344.5</ele>
      </trkpt>
      <trkpt lat="-38.00687" lon="176.40528">
        <ele>342.7</ele>
      </trkpt>
      <trkpt lat="-38.00675" lon="176.40607">
        <ele>343.0</ele>
      </trkpt>
      <trkpt lat="-38.00664" lon="176.40714">
        <ele>342.7</ele>
      </trkpt>
      <trkpt lat="-38.00652" lon="176.4082">
        <ele>343.3</ele>
      </trkpt>
      <trkpt lat="-38.00641" lon="176.40927">
        <ele>341.9</ele>
      </trkpt>
      <trkpt lat="-38.0064" lon="176.4096">
        <ele>341.4</ele>
      </trkpt>
      <trkpt lat="-38.00644" lon="176.40993">
        <ele>341.5</ele>
      </trkpt>
      <trkpt lat="-38.00663" lon="176.41071">
        <ele>339.4</ele>
      </trkpt>
      <trkpt lat="-38.00694" lon="176.41132">
        <ele>340.8</ele>
      </trkpt>
      <trkpt lat="-38.00707" lon="176.41161">
        <ele>341.1</ele>
      </trkpt>
      <trkpt lat="-38.00729" lon="176.41247">
        <ele>336.7</ele>
      </trkpt>
      <trkpt lat="-38.00751" lon="176.41332">
        <ele>328.3</ele>
      </trkpt>
      <trkpt lat="-38.00762" lon="176.41397">
        <ele>327.2</ele>
      </trkpt>
      <trkpt lat="-38.00763" lon="176.41418">
        <ele>326.4</ele>
      </trkpt>
      <trkpt lat="-38.00762" lon="176.41434">
        <ele>325.7</ele>
      </trkpt>
      <trkpt lat="-38.00758" lon="176.41455">
        <ele>324.5</ele>
      </trkpt>
      <trkpt lat="-38.00751" lon="176.4148">
        <ele>322.8</ele>
      </trkpt>
      <trkpt lat="-38.00736" lon="176.41551">
        <ele>323.2</ele>
      </trkpt>
      <trkpt lat="-38.00709" lon="176.4162">
        <ele>322.6</ele>
      </trkpt>
      <trkpt lat="-38.0069" lon="176.41662">
        <ele>319.5</ele>
      </trkpt>
      <trkpt lat="-38.0068" lon="176.41695">
        <ele>318.2</ele>
      </trkpt>
      <trkpt lat="-38.00661" lon="176.4178">
        <ele>317.2</ele>
      </trkpt>
      <trkpt lat="-38.00642" lon="176.41865">
        <ele>317.5</ele>
      </trkpt>
      <trkpt lat="-38.00637" lon="176.41906">
        <ele>317.5</ele>
      </trkpt>
      <trkpt lat="-38.00635" lon="176.41968">
        <ele>316.8</ele>
      </trkpt>
      <trkpt lat="-38.00633" lon="176.42029">
        <ele>315.5</ele>
      </trkpt>
      <trkpt lat="-38.00638" lon="176.4208">
        <ele>315.0</ele>
      </trkpt>
      <trkpt lat="-38.00651" lon="176.42185">
        <ele>311.7</ele>
      </trkpt>
      <trkpt lat="-38.00666" lon="176.42257">
        <ele>304.7</ele>
      </trkpt>
      <trkpt lat="-38.00669" lon="176.42294">
        <ele>302.6</ele>
      </trkpt>
      <trkpt lat="-38.00667" lon="176.42324">
        <ele>300.6</ele>
      </trkpt>
      <trkpt lat="-38.00661" lon="176.42358">
        <ele>301.0</ele>
      </trkpt>
      <trkpt lat="-38.00641" lon="176.42421">
        <ele>303.2</ele>
      </trkpt>
      <trkpt lat="-38.00621" lon="176.42484">
        <ele>299.9</ele>
      </trkpt>
      <trkpt lat="-38.00649" lon="176.42529">
        <ele>296.2</ele>
      </trkpt>
      <trkpt lat="-38.00676" lon="176.42575">
        <ele>295.2</ele>
      </trkpt>
      <trkpt lat="-38.00688" lon="176.42587">
        <ele>296.3</ele>
      </trkpt>
      <trkpt lat="-38.0071" lon="176.42588">
        <ele>298.1</ele>
      </trkpt>
      <trkpt lat="-38.00761" lon="176.42583">
        <ele>301.2</ele>
      </trkpt>
      <trkpt lat="-38.00812" lon="176.42577">
        <ele>302.3</ele>
      </trkpt>
      <trkpt lat="-38.00824" lon="176.42579">
        <ele>302.2</ele>
      </trkpt>
      <trkpt lat="-38.00836" lon="176.42587">
        <ele>302.8</ele>
      </trkpt>
      <trkpt lat="-38.00845" lon="176.42598">
        <ele>305.2</ele>
      </trkpt>
      <trkpt lat="-38.00851" lon="176.42616">
        <ele>307.4</ele>
      </trkpt>
      <trkpt lat="-38.00852" lon="176.42639">
        <ele>308.8</ele>
      </trkpt>
      <trkpt lat="-38.0084" lon="176.4269">
        <ele>311.7</ele>
      </trkpt>
      <trkpt lat="-38.00831" lon="176.42705">
        <ele>312.8</ele>
      </trkpt>
      <trkpt lat="-38.00819" lon="176.42717">
        <ele>313.7</ele>
      </trkpt>
      <trkpt lat="-38.00797" lon="176.42725">
        <ele>312.8</ele>
      </trkpt>
      <trkpt lat="-38.00785" lon="176.42737">
        <ele>312.9</ele>
      </trkpt>
      <trkpt lat="-38.00771" lon="176.42759">
        <ele>313.2</ele>
      </trkpt>
      <trkpt lat="-38.0076" lon="176.42787">
        <ele>314.0</ele>
      </trkpt>
      <trkpt lat="-38.00756" lon="176.42808">
        <ele>315.0</ele>
      </trkpt>
      <trkpt lat="-38.00763" lon="176.4287">
        <ele>318.3</ele>
      </trkpt>
      <trkpt lat="-38.00772" lon="176.42889">
        <ele>320.1</ele>
      </trkpt>
      <trkpt lat="-38.0079" lon="176.42902">
        <ele>323.8</ele>
      </trkpt>
      <trkpt lat="-38.00818" lon="176.42917">
        <ele>329.9</ele>
      </trkpt>
      <trkpt lat="-38.00829" lon="176.42929">
        <ele>331.3</ele>
      </trkpt>
      <trkpt lat="-38.00865" lon="176.42983">
        <ele>333.3</ele>
      </trkpt>
      <trkpt lat="-38.00901" lon="176.43037">
        <ele>341.8</ele>
      </trkpt>
      <trkpt lat="-38.00902" lon="176.43065">
        <ele>342.7</ele>
      </trkpt>
      <trkpt lat="-38.009" lon="176.43083">
        <ele>342.8</ele>
      </trkpt>
      <trkpt lat="-38.00889" lon="176.43115">
        <ele>339.7</ele>
      </trkpt>
      <trkpt lat="-38.00845" lon="176.43213">
        <ele>331.5</ele>
      </trkpt>
      <trkpt lat="-38.00824" lon="176.43287">
        <ele>333.0</ele>
      </trkpt>
      <trkpt lat="-38.00811" lon="176.43317">
        <ele>333.2</ele>
      </trkpt>
      <trkpt lat="-38.00802" lon="176.4334">
        <ele>333.0</ele>
      </trkpt>
      <trkpt lat="-38.008" lon="176.43366">
        <ele>333.9</ele>
      </trkpt>
      <trkpt lat="-38.00809" lon="176.43457">
        <ele>338.2</ele>
      </trkpt>
      <trkpt lat="-38.00819" lon="176.43548">
        <ele>338.9</ele>
      </trkpt>
      <trkpt lat="-38.00815" lon="176.43602">
        <ele>337.8</ele>
      </trkpt>
      <trkpt lat="-38.00822" lon="176.4363">
        <ele>339.5</ele>
      </trkpt>
      <trkpt lat="-38.00859" lon="176.43721">
        <ele>342.3</ele>
      </trkpt>
      <trkpt lat="-38.00863" lon="176.43752">
        <ele>342.1</ele>
      </trkpt>
      <trkpt lat="-38.00857" lon="176.43785">
        <ele>342.1</ele>
      </trkpt>
      <trkpt lat="-38.00829" lon="176.43891">
        <ele>344.2</ele>
      </trkpt>
      <trkpt lat="-38.00824" lon="176.43922">
        <ele>344.9</ele>
      </trkpt>
      <trkpt lat="-38.00833" lon="176.43977">
        <ele>347.9</ele>
      </trkpt>
      <trkpt lat="-38.00832" lon="176.44007">
        <ele>349.0</ele>
      </trkpt>
      <trkpt lat="-38.00817" lon="176.44053">
        <ele>348.8</ele>
      </trkpt>
      <trkpt lat="-38.00814" lon="176.44084">
        <ele>349.4</ele>
      </trkpt>
      <trkpt lat="-38.00821" lon="176.44107">
        <ele>350.2</ele>
      </trkpt>
      <trkpt lat="-38.00869" lon="176.44197">
        <ele>352.8</ele>
      </trkpt>
      <trkpt lat="-38.00876" lon="176.4423">
        <ele>353.5</ele>
      </trkpt>
      <trkpt lat="-38.00879" lon="176.44339">
        <ele>353.9</ele>
      </trkpt>
      <trkpt lat="-38.00882" lon="176.44448">
        <ele>351.1</ele>
      </trkpt>
      <trkpt lat="-38.00892" lon="176.4452">
        <ele>353.6</ele>
      </trkpt>
      <trkpt lat="-38.00901" lon="176.44592">
        <ele>356.9</ele>
      </trkpt>
      <trkpt lat="-38.00909" lon="176.44639">
        <ele>358.8</ele>
      </trkpt>
      <trkpt lat="-38.00919" lon="176.44666">
        <ele>359.9</ele>
      </trkpt>
      <trkpt lat="-38.00965" lon="176.4473">
        <ele>363.1</ele>
      </trkpt>
      <trkpt lat="-38.01011" lon="176.44795">
        <ele>365.0</ele>
      </trkpt>
      <trkpt lat="-38.01037" lon="176.44825">
        <ele>364.5</ele>
      </trkpt>
      <trkpt lat="-38.01105" lon="176.44878">
        <ele>362.8</ele>
      </trkpt>
      <trkpt lat="-38.01173" lon="176.44932">
        <ele>363.8</ele>
      </trkpt>
      <trkpt lat="-38.01189" lon="176.4495">
        <ele>362.6</ele>
      </trkpt>
      <trkpt lat="-38.012" lon="176.44971">
        <ele>362.3</ele>
      </trkpt>
      <trkpt lat="-38.01233" lon="176.45058">
        <ele>364.1</ele>
      </trkpt>
      <trkpt lat="-38.01253" lon="176.45096">
        <ele>365.0</ele>
      </trkpt>
      <trkpt lat="-38.01305" lon="176.45182">
        <ele>369.8</ele>
      </trkpt>
      <trkpt lat="-38.01358" lon="176.45267">
        <ele>373.4</ele>
      </trkpt>
      <trkpt lat="-38.01374" lon="176.45286">
        <ele>373.1</ele>
      </trkpt>
      <trkpt lat="-38.01394" lon="176.45299">
        <ele>373.0</ele>
      </trkpt>
      <trkpt lat="-38.01414" lon="176.45304">
        <ele>373.0</ele>
      </trkpt>
      <trkpt lat="-38.01437" lon="176.45312">
        <ele>372.1</ele>
      </trkpt>
      <trkpt lat="-38.01463" lon="176.45337">
        <ele>371.4</ele>
      </trkpt>
      <trkpt lat="-38.01517" lon="176.45421">
        <ele>372.9</ele>
      </trkpt>
      <trkpt lat="-38.0157" lon="176.45505">
        <ele>372.6</ele>
      </trkpt>
      <trkpt lat="-38.01594" lon="176.45528">
        <ele>374.1</ele>
      </trkpt>
      <trkpt lat="-38.0162" lon="176.45545">
        <ele>375.1</ele>
      </trkpt>
      <trkpt lat="-38.0165" lon="176.45558">
        <ele>375.9</ele>
      </trkpt>
      <trkpt lat="-38.01714" lon="176.45578">
        <ele>376.8</ele>
      </trkpt>
      <trkpt lat="-38.01742" lon="176.45599">
        <ele>377.0</ele>
      </trkpt>
      <trkpt lat="-38.0176" lon="176.45633">
        <ele>377.7</ele>
      </trkpt>
      <trkpt lat="-38.01793" lon="176.45708">
        <ele>380.9</ele>
      </trkpt>
      <trkpt lat="-38.01825" lon="176.45784">
        <ele>383.1</ele>
      </trkpt>
      <trkpt lat="-38.01858" lon="176.4586">
        <ele>384.6</ele>
      </trkpt>
      <trkpt lat="-38.0187" lon="176.45892">
        <ele>385.3</ele>
      </trkpt>
      <trkpt lat="-38.0189" lon="176.45977">
        <ele>390.2</ele>
      </trkpt>
      <trkpt lat="-38.01911" lon="176.46039">
        <ele>391.5</ele>
      </trkpt>
      <trkpt lat="-38.01932" lon="176.46101">
        <ele>389.4</ele>
      </trkpt>
      <trkpt lat="-38.01952" lon="176.46117">
        <ele>390.2</ele>
      </trkpt>
      <trkpt lat="-38.01998" lon="176.46137">
        <ele>392.5</ele>
      </trkpt>
      <trkpt lat="-38.02015" lon="176.46153">
        <ele>392.8</ele>
      </trkpt>
      <trkpt lat="-38.02012" lon="176.46179">
        <ele>392.6</ele>
      </trkpt>
      <trkpt lat="-38.02001" lon="176.46262">
        <ele>389.0</ele>
      </trkpt>
      <trkpt lat="-38.01974" lon="176.46368">
        <ele>384.8</ele>
      </trkpt>
      <trkpt lat="-38.01944" lon="176.46413">
        <ele>381.5</ele>
      </trkpt>
      <trkpt lat="-38.0191" lon="176.46438">
        <ele>379.3</ele>
      </trkpt>
      <trkpt lat="-38.01865" lon="176.4651">
        <ele>376.7</ele>
      </trkpt>
      <trkpt lat="-38.01819" lon="176.46582">
        <ele>377.5</ele>
      </trkpt>
      <trkpt lat="-38.01809" lon="176.46611">
        <ele>376.0</ele>
      </trkpt>
      <trkpt lat="-38.01806" lon="176.46637">
        <ele>376.6</ele>
      </trkpt>
      <trkpt lat="-38.01816" lon="176.46678">
        <ele>380.2</ele>
      </trkpt>
      <trkpt lat="-38.01817" lon="176.46743">
        <ele>379.9</ele>
      </trkpt>
      <trkpt lat="-38.01819" lon="176.46808">
        <ele>379.7</ele>
      </trkpt>
      <trkpt lat="-38.01822" lon="176.46829">
        <ele>380.0</ele>
      </trkpt>
      <trkpt lat="-38.01834" lon="176.46888">
        <ele>381.3</ele>
      </trkpt>
      <trkpt lat="-38.01843" lon="176.46945">
        <ele>379.8</ele>
      </trkpt>
      <trkpt lat="-38.01854" lon="176.46967">
        <ele>379.4</ele>
      </trkpt>
      <trkpt lat="-38.01861" lon="176.46974">
        <ele>379.6</ele>
      </trkpt>
      <trkpt lat="-38.01874" lon="176.46981">
        <ele>380.3</ele>
      </trkpt>
      <trkpt lat="-38.01899" lon="176.4699">
        <ele>382.1</ele>
      </trkpt>
      <trkpt lat="-38.01915" lon="176.47001">
        <ele>383.9</ele>
      </trkpt>
      <trkpt lat="-38.01921" lon="176.4701">
        <ele>384.2</ele>
      </trkpt>
      <trkpt lat="-38.01926" lon="176.47021">
        <ele>384.4</ele>
      </trkpt>
      <trkpt lat="-38.0193" lon="176.47046">
        <ele>384.7</ele>
      </trkpt>
      <trkpt lat="-38.0193" lon="176.47061">
        <ele>384.8</ele>
      </trkpt>
      <trkpt lat="-38.01927" lon="176.47075">
        <ele>384.7</ele>
      </trkpt>
      <trkpt lat="-38.01922" lon="176.47089">
        <ele>384.4</ele>
      </trkpt>
      <trkpt lat="-38.01913" lon="176.47107">
        <ele>383.8</ele>
      </trkpt>
      <trkpt lat="-38.01861" lon="176.47181">
        <ele>380.4</ele>
      </trkpt>
      <trkpt lat="-38.01809" lon="176.47256">
        <ele>372.8</ele>
      </trkpt>
      <trkpt lat="-38.01801" lon="176.47273">
        <ele>372.5</ele>
      </trkpt>
      <trkpt lat="-38.01792" lon="176.47306">
        <ele>373.0</ele>
      </trkpt>
      <trkpt lat="-38.0179" lon="176.47328">
        <ele>373.8</ele>
      </trkpt>
      <trkpt lat="-38.01793" lon="176.47435">
        <ele>369.5</ele>
      </trkpt>
      <trkpt lat="-38.01796" lon="176.47542">
        <ele>365.5</ele>
      </trkpt>
      <trkpt lat="-38.01793" lon="176.47569">
        <ele>365.5</ele>
      </trkpt>
      <trkpt lat="-38.01769" lon="176.47658">
        <ele>369.3</ele>
      </trkpt>
      <trkpt lat="-38.01758" lon="176.47721">
        <ele>371.5</ele>
      </trkpt>
      <trkpt lat="-38.01758" lon="176.47743">
        <ele>372.6</ele>
      </trkpt>
      <trkpt lat="-38.01773" lon="176.4782">
        <ele>377.0</ele>
      </trkpt>
      <trkpt lat="-38.01787" lon="176.47897">
        <ele>382.9</ele>
      </trkpt>
      <trkpt lat="-38.01792" lon="176.47935">
        <ele>385.1</ele>
      </trkpt>
      <trkpt lat="-38.01801" lon="176.48027">
        <ele>388.8</ele>
      </trkpt>
      <trkpt lat="-38.0181" lon="176.48119">
        <ele>392.1</ele>
      </trkpt>
      <trkpt lat="-38.01809" lon="176.48144">
        <ele>392.0</ele>
      </trkpt>
      <trkpt lat="-38.01806" lon="176.48166">
        <ele>391.7</ele>
      </trkpt>
      <trkpt lat="-38.018" lon="176.48188">
        <ele>389.9</ele>
      </trkpt>
      <trkpt lat="-38.01791" lon="176.48206">
        <ele>387.8</ele>
      </trkpt>
      <trkpt lat="-38.01743" lon="176.48281">
        <ele>378.5</ele>
      </trkpt>
      <trkpt lat="-38.01725" lon="176.48317">
        <ele>376.1</ele>
      </trkpt>
      <trkpt lat="-38.01726" lon="176.4835">
        <ele>376.6</ele>
      </trkpt>
      <trkpt lat="-38.01739" lon="176.48403">
        <ele>380.6</ele>
      </trkpt>
      <trkpt lat="-38.01758" lon="176.48463">
        <ele>383.5</ele>
      </trkpt>
      <trkpt lat="-38.01777" lon="176.48523">
        <ele>386.2</ele>
      </trkpt>
      <trkpt lat="-38.01788" lon="176.48554">
        <ele>388.0</ele>
      </trkpt>
      <trkpt lat="-38.01831" lon="176.48634">
        <ele>392.5</ele>
      </trkpt>
      <trkpt lat="-38.01836" lon="176.48652">
        <ele>393.1</ele>
      </trkpt>
      <trkpt lat="-38.01838" lon="176.4869">
        <ele>394.9</ele>
      </trkpt>
      <trkpt lat="-38.01831" lon="176.4875">
        <ele>398.0</ele>
      </trkpt>
      <trkpt lat="-38.01823" lon="176.4881">
        <ele>400.0</ele>
      </trkpt>
      <trkpt lat="-38.01819" lon="176.48825">
        <ele>400.4</ele>
      </trkpt>
      <trkpt lat="-38.01811" lon="176.48837">
        <ele>400.0</ele>
      </trkpt>
      <trkpt lat="-38.01802" lon="176.48846">
        <ele>398.6</ele>
      </trkpt>
      <trkpt lat="-38.01792" lon="176.48852">
        <ele>397.4</ele>
      </trkpt>
      <trkpt lat="-38.0173" lon="176.4886">
        <ele>393.7</ele>
      </trkpt>
      <trkpt lat="-38.01703" lon="176.48867">
        <ele>392.2</ele>
      </trkpt>
      <trkpt lat="-38.01682" lon="176.48876">
        <ele>391.0</ele>
      </trkpt>
      <trkpt lat="-38.01663" lon="176.48889">
        <ele>390.1</ele>
      </trkpt>
      <trkpt lat="-38.01622" lon="176.48921">
        <ele>390.6</ele>
      </trkpt>
      <trkpt lat="-38.01601" lon="176.48932">
        <ele>390.8</ele>
      </trkpt>
      <trkpt lat="-38.01547" lon="176.48947">
        <ele>392.2</ele>
      </trkpt>
      <trkpt lat="-38.01502" lon="176.48966">
        <ele>393.9</ele>
      </trkpt>
      <trkpt lat="-38.01479" lon="176.48978">
        <ele>392.9</ele>
      </trkpt>
      <trkpt lat="-38.01461" lon="176.48984">
        <ele>392.0</ele>
      </trkpt>
      <trkpt lat="-38.01409" lon="176.48993">
        <ele>389.7</ele>
      </trkpt>
      <trkpt lat="-38.01357" lon="176.49002">
        <ele>388.5</ele>
      </trkpt>
      <trkpt lat="-38.01338" lon="176.49003">
        <ele>388.0</ele>
      </trkpt>
      <trkpt lat="-38.01318" lon="176.49003">
        <ele>387.1</ele>
      </trkpt>
      <trkpt lat="-38.01293" lon="176.48998">
        <ele>385.9</ele>
      </trkpt>
      <trkpt lat="-38.01225" lon="176.48976">
        <ele>381.7</ele>
      </trkpt>
      <trkpt lat="-38.01196" lon="176.48976">
        <ele>381.1</ele>
      </trkpt>
      <trkpt lat="-38.0118" lon="176.48981">
        <ele>380.9</ele>
      </trkpt>
      <trkpt lat="-38.01164" lon="176.48991">
        <ele>380.5</ele>
      </trkpt>
      <trkpt lat="-38.01142" lon="176.49009">
        <ele>378.4</ele>
      </trkpt>
      <trkpt lat="-38.01096" lon="176.49061">
        <ele>375.7</ele>
      </trkpt>
      <trkpt lat="-38.0105" lon="176.49114">
        <ele>374.2</ele>
      </trkpt>
      <trkpt lat="-38.01007" lon="176.49168">
        <ele>374.7</ele>
      </trkpt>
      <trkpt lat="-38.00994" lon="176.49182">
        <ele>373.9</ele>
      </trkpt>
      <trkpt lat="-38.00979" lon="176.49195">
        <ele>373.3</ele>
      </trkpt>
      <trkpt lat="-38.0094" lon="176.49222">
        <ele>372.9</ele>
      </trkpt>
      <trkpt lat="-38.00925" lon="176.49234">
        <ele>373.1</ele>
      </trkpt>
      <trkpt lat="-38.00887" lon="176.49275">
        <ele>371.2</ele>
      </trkpt>
      <trkpt lat="-38.0085" lon="176.49316">
        <ele>371.1</ele>
      </trkpt>
      <trkpt lat="-38.00826" lon="176.4935">
        <ele>371.1</ele>
      </trkpt>
      <trkpt lat="-38.008" lon="176.49398">
        <ele>369.3</ele>
      </trkpt>
      <trkpt lat="-38.00775" lon="176.49447">
        <ele>368.5</ele>
      </trkpt>
      <trkpt lat="-38.00764" lon="176.49459">
        <ele>368.2</ele>
      </trkpt>
      <trkpt lat="-38.00756" lon="176.49466">
        <ele>367.9</ele>
      </trkpt>
      <trkpt lat="-38.00745" lon="176.4947">
        <ele>367.6</ele>
      </trkpt>
      <trkpt lat="-38.00662" lon="176.49478">
        <ele>365.0</ele>
      </trkpt>
      <trkpt lat="-38.00634" lon="176.49483">
        <ele>365.3</ele>
      </trkpt>
      <trkpt lat="-38.00609" lon="176.49492">
        <ele>366.0</ele>
      </trkpt>
      <trkpt lat="-38.00583" lon="176.49522">
        <ele>365.7</ele>
      </trkpt>
      <trkpt lat="-38.00544" lon="176.49595">
        <ele>365.1</ele>
      </trkpt>
      <trkpt lat="-38.00519" lon="176.49629">
        <ele>365.9</ele>
      </trkpt>
      <trkpt lat="-38.0045" lon="176.49683">
        <ele>364.1</ele>
      </trkpt>
      <trkpt lat="-38.00395" lon="176.49706">
        <ele>361.1</ele>
      </trkpt>
      <trkpt lat="-38.00344" lon="176.49731">
        <ele>357.8</ele>
      </trkpt>
      <trkpt lat="-38.00309" lon="176.49767">
        <ele>355.4</ele>
      </trkpt>
      <trkpt lat="-38.00265" lon="176.49831">
        <ele>351.4</ele>
      </trkpt>
      <trkpt lat="-38.00243" lon="176.49886">
        <ele>348.9</ele>
      </trkpt>
      <trkpt lat="-38.00236" lon="176.49925">
        <ele>347.1</ele>
      </trkpt>
      <trkpt lat="-38.00225" lon="176.49966">
        <ele>344.4</ele>
      </trkpt>
      <trkpt lat="-38.00191" lon="176.50033">
        <ele>339.6</ele>
      </trkpt>
      <trkpt lat="-38.00172" lon="176.50056">
        <ele>337.4</ele>
      </trkpt>
      <trkpt lat="-38.00143" lon="176.5008">
        <ele>335.9</ele>
      </trkpt>
      <trkpt lat="-38.00125" lon="176.50108">
        <ele>334.6</ele>
      </trkpt>
      <trkpt lat="-38.00107" lon="176.50185">
        <ele>331.8</ele>
      </trkpt>
      <trkpt lat="-38.00102" lon="176.50248">
        <ele>331.1</ele>
      </trkpt>
      <trkpt lat="-38.00085" lon="176.50286">
        <ele>328.8</ele>
      </trkpt>
      <trkpt lat="-38.00048" lon="176.50323">
        <ele>326.7</ele>
      </trkpt>
      <trkpt lat="-38.00034" lon="176.50335">
        <ele>325.9</ele>
      </trkpt>
      <trkpt lat="-38.00005" lon="176.50351">
        <ele>325.6</ele>
      </trkpt>
      <trkpt lat="-37.99958" lon="176.50368">
        <ele>324.2</ele>
      </trkpt>
      <trkpt lat="-37.99877" lon="176.50381">
        <ele>322.0</ele>
      </trkpt>
      <trkpt lat="-37.99812" lon="176.50385">
        <ele>320.8</ele>
      </trkpt>
      <trkpt lat="-37.99789" lon="176.50384">
        <ele>319.2</ele>
      </trkpt>
      <trkpt lat="-37.99731" lon="176.50362">
        <ele>316.4</ele>
      </trkpt>
      <trkpt lat="-37.99674" lon="176.50341">
        <ele>316.0</ele>
      </trkpt>
      <trkpt lat="-37.99616" lon="176.50319">
        <ele>312.9</ele>
      </trkpt>
      <trkpt lat="-37.99595" lon="176.50314">
        <ele>311.6</ele>
      </trkpt>
      <trkpt lat="-37.99571" lon="176.50315">
        <ele>311.1</ele>
      </trkpt>
      <trkpt lat="-37.99539" lon="176.50332">
        <ele>310.8</ele>
      </trkpt>
      <trkpt lat="-37.99513" lon="176.50337">
        <ele>311.6</ele>
      </trkpt>
      <trkpt lat="-37.99467" lon="176.50327">
        <ele>311.4</ele>
      </trkpt>
      <trkpt lat="-37.99411" lon="176.50309">
        <ele>311.0</ele>
      </trkpt>
      <trkpt lat="-37.99356" lon="176.50291">
        <ele>305.1</ele>
      </trkpt>
      <trkpt lat="-37.99327" lon="176.50259">
        <ele>303.9</ele>
      </trkpt>
      <trkpt lat="-37.99307" lon="176.50246">
        <ele>304.0</ele>
      </trkpt>
      <trkpt lat="-37.99286" lon="176.50239">
        <ele>303.9</ele>
      </trkpt>
      <trkpt lat="-37.99267" lon="176.50241">
        <ele>302.5</ele>
      </trkpt>
      <trkpt lat="-37.99248" lon="176.50251">
        <ele>300.2</ele>
      </trkpt>
      <trkpt lat="-37.99232" lon="176.50273">
        <ele>300.9</ele>
      </trkpt>
      <trkpt lat="-37.99191" lon="176.50343">
        <ele>299.2</ele>
      </trkpt>
      <trkpt lat="-37.9917" lon="176.50365">
        <ele>300.2</ele>
      </trkpt>
      <trkpt lat="-37.9914" lon="176.50374">
        <ele>300.5</ele>
      </trkpt>
      <trkpt lat="-37.99094" lon="176.50372">
        <ele>300.5</ele>
      </trkpt>
      <trkpt lat="-37.99011" lon="176.50353">
        <ele>296.9</ele>
      </trkpt>
      <trkpt lat="-37.98978" lon="176.50347">
        <ele>294.6</ele>
      </trkpt>
      <trkpt lat="-37.98928" lon="176.50348">
        <ele>291.5</ele>
      </trkpt>
      <trkpt lat="-37.98891" lon="176.50371">
        <ele>290.0</ele>
      </trkpt>
      <trkpt lat="-37.98873" lon="176.50373">
        <ele>289.7</ele>
      </trkpt>
      <trkpt lat="-37.98847" lon="176.5037">
        <ele>289.1</ele>
      </trkpt>
      <trkpt lat="-37.988" lon="176.50354">
        <ele>286.7</ele>
      </trkpt>
      <trkpt lat="-37.98737" lon="176.50351">
        <ele>284.5</ele>
      </trkpt>
      <trkpt lat="-37.98665" lon="176.5036">
        <ele>284.6</ele>
      </trkpt>
      <trkpt lat="-37.98618" lon="176.50371">
        <ele>282.7</ele>
      </trkpt>
      <trkpt lat="-37.98562" lon="176.5041">
        <ele>277.4</ele>
      </trkpt>
      <trkpt lat="-37.98506" lon="176.50449">
        <ele>276.5</ele>
      </trkpt>
      <trkpt lat="-37.9845" lon="176.50488">
        <ele>276.1</ele>
      </trkpt>
      <trkpt lat="-37.98418" lon="176.50496">
        <ele>274.4</ele>
      </trkpt>
      <trkpt lat="-37.98389" lon="176.50499">
        <ele>273.1</ele>
      </trkpt>
      <trkpt lat="-37.98368" lon="176.50494">
        <ele>272.4</ele>
      </trkpt>
      <trkpt lat="-37.98348" lon="176.50476">
        <ele>271.7</ele>
      </trkpt>
      <trkpt lat="-37.98311" lon="176.5042">
        <ele>268.6</ele>
      </trkpt>
      <trkpt lat="-37.98297" lon="176.50407">
        <ele>268.3</ele>
      </trkpt>
      <trkpt lat="-37.98282" lon="176.50397">
        <ele>268.1</ele>
      </trkpt>
      <trkpt lat="-37.98265" lon="176.50391">
        <ele>267.1</ele>
      </trkpt>
      <trkpt lat="-37.98242" lon="176.50392">
        <ele>265.7</ele>
      </trkpt>
      <trkpt lat="-37.9819" lon="176.50404">
        <ele>264.8</ele>
      </trkpt>
      <trkpt lat="-37.98137" lon="176.50416">
        <ele>262.6</ele>
      </trkpt>
      <trkpt lat="-37.98067" lon="176.50416">
        <ele>259.5</ele>
      </trkpt>
      <trkpt lat="-37.98039" lon="176.50409">
        <ele>259.5</ele>
      </trkpt>
      <trkpt lat="-37.9801" lon="176.50395">
        <ele>260.1</ele>
      </trkpt>
      <trkpt lat="-37.97988" lon="176.50378">
        <ele>261.2</ele>
      </trkpt>
      <trkpt lat="-37.97939" lon="176.50305">
        <ele>258.0</ele>
      </trkpt>
      <trkpt lat="-37.9789" lon="176.50233">
        <ele>253.4</ele>
      </trkpt>
      <trkpt lat="-37.97877" lon="176.50221">
        <ele>253.0</ele>
      </trkpt>
      <trkpt lat="-37.97852" lon="176.50205">
        <ele>251.5</ele>
      </trkpt>
      <trkpt lat="-37.97825" lon="176.50192">
        <ele>249.9</ele>
      </trkpt>
      <trkpt lat="-37.97797" lon="176.50191">
        <ele>249.4</ele>
      </trkpt>
      <trkpt lat="-37.97765" lon="176.50196">
        <ele>248.9</ele>
      </trkpt>
      <trkpt lat="-37.97716" lon="176.50211">
        <ele>247.4</ele>
      </trkpt>
      <trkpt lat="-37.97674" lon="176.50217">
        <ele>245.2</ele>
      </trkpt>
      <trkpt lat="-37.97632" lon="176.50219">
        <ele>244.1</ele>
      </trkpt>
      <trkpt lat="-37.97598" lon="176.50198">
        <ele>242.5</ele>
      </trkpt>
      <trkpt lat="-37.97556" lon="176.50163">
        <ele>241.8</ele>
      </trkpt>
      <trkpt lat="-37.97515" lon="176.50129">
        <ele>242.0</ele>
      </trkpt>
      <trkpt lat="-37.97494" lon="176.50119">
        <ele>240.4</ele>
      </trkpt>
      <trkpt lat="-37.97415" lon="176.50105">
        <ele>236.2</ele>
      </trkpt>
      <trkpt lat="-37.97336" lon="176.50092">
        <ele>232.1</ele>
      </trkpt>
      <trkpt lat="-37.97257" lon="176.50078">
        <ele>227.0</ele>
      </trkpt>
      <trkpt lat="-37.97172" lon="176.50042">
        <ele>228.7</ele>
      </trkpt>
      <trkpt lat="-37.97087" lon="176.50006">
        <ele>225.8</ele>
      </trkpt>
      <trkpt lat="-37.97031" lon="176.49979">
        <ele>223.8</ele>
      </trkpt>
      <trkpt lat="-37.97003" lon="176.49972">
        <ele>221.3</ele>
      </trkpt>
      <trkpt lat="-37.96919" lon="176.49955">
        <ele>217.4</ele>
      </trkpt>
      <trkpt lat="-37.96835" lon="176.49938">
        <ele>210.4</ele>
      </trkpt>
      <trkpt lat="-37.96752" lon="176.49921">
        <ele>208.5</ele>
      </trkpt>
      <trkpt lat="-37.96668" lon="176.49904">
        <ele>208.5</ele>
      </trkpt>
      <trkpt lat="-37.96584" lon="176.49888">
        <ele>206.6</ele>
      </trkpt>
      <trkpt lat="-37.965" lon="176.49871">
        <ele>204.7</ele>
      </trkpt>
      <trkpt lat="-37.96416" lon="176.49854">
        <ele>196.5</ele>
      </trkpt>
      <trkpt lat="-37.96333" lon="176.49835">
        <ele>194.3</ele>
      </trkpt>
      <trkpt lat="-37.96249" lon="176.49816">
        <ele>196.6</ele>
      </trkpt>
      <trkpt lat="-37.96223" lon="176.4982">
        <ele>196.6</ele>
      </trkpt>
      <trkpt lat="-37.96201" lon="176.49828">
        <ele>196.1</ele>
      </trkpt>
      <trkpt lat="-37.96122" lon="176.49873">
        <ele>195.5</ele>
      </trkpt>
      <trkpt lat="-37.96044" lon="176.49918">
        <ele>184.8</ele>
      </trkpt>
      <trkpt lat="-37.95965" lon="176.49962">
        <ele>179.4</ele>
      </trkpt>
      <trkpt lat="-37.95887" lon="176.50007">
        <ele>177.4</ele>
      </trkpt>
      <trkpt lat="-37.95807" lon="176.50059">
        <ele>175.2</ele>
      </trkpt>
      <trkpt lat="-37.95728" lon="176.50111">
        <ele>175.2</ele>
      </trkpt>
      <trkpt lat="-37.95648" lon="176.50163">
        <ele>172.9</ele>
      </trkpt>
      <trkpt lat="-37.95569" lon="176.50215">
        <ele>171.4</ele>
      </trkpt>
      <trkpt lat="-37.95489" lon="176.50267">
        <ele>171.5</ele>
      </trkpt>
      <trkpt lat="-37.95431" lon="176.50324">
        <ele>169.1</ele>
      </trkpt>
      <trkpt lat="-37.95372" lon="176.50382">
        <ele>167.2</ele>
      </trkpt>
      <trkpt lat="-37.95314" lon="176.50439">
        <ele>165.0</ele>
      </trkpt>
      <trkpt lat="-37.95264" lon="176.50487">
        <ele>164.1</ele>
      </trkpt>
      <trkpt lat="-37.95213" lon="176.50535">
        <ele>161.9</ele>
      </trkpt>
      <trkpt lat="-37.95163" lon="176.50583">
        <ele>160.9</ele>
      </trkpt>
      <trkpt lat="-37.95163" lon="176.50583">
        <ele>160.9</ele>
      </trkpt>
      <trkpt lat="-37.95102" lon="176.50641">
        <ele>159.4</ele>
      </trkpt>
      <trkpt lat="-37.95041" lon="176.50699">
        <ele>158.0</ele>
      </trkpt>
      <trkpt lat="-37.94981" lon="176.50757">
        <ele>157.8</ele>
      </trkpt>
      <trkpt lat="-37.9494" lon="176.5079">
        <ele>156.7</ele>
      </trkpt>
      <trkpt lat="-37.94898" lon="176.50822">
        <ele>156.9</ele>
      </trkpt>
      <trkpt lat="-37.94822" lon="176.50874">
        <ele>156.6</ele>
      </trkpt>
      <trkpt lat="-37.94795" lon="176.50885">
        <ele>155.4</ele>
      </trkpt>
      <trkpt lat="-37.94718" lon="176.50884">
        <ele>154.6</ele>
      </trkpt>
      <trkpt lat="-37.94642" lon="176.50884">
        <ele>153.8</ele>
      </trkpt>
      <trkpt lat="-37.94581" lon="176.50892">
        <ele>154.4</ele>
      </trkpt>
      <trkpt lat="-37.94554" lon="176.509">
        <ele>154.9</ele>
      </trkpt>
      <trkpt lat="-37.9453" lon="176.5091">
        <ele>155.0</ele>
      </trkpt>
      <trkpt lat="-37.94469" lon="176.5094">
        <ele>155.0</ele>
      </trkpt>
      <trkpt lat="-37.94408" lon="176.50971">
        <ele>154.0</ele>
      </trkpt>
      <trkpt lat="-37.94391" lon="176.50986">
        <ele>153.7</ele>
      </trkpt>
      <trkpt lat="-37.94365" lon="176.51018">
        <ele>153.7</ele>
      </trkpt>
      <trkpt lat="-37.94326" lon="176.51077">
        <ele>152.1</ele>
      </trkpt>
      <trkpt lat="-37.94286" lon="176.51135">
        <ele>152.9</ele>
      </trkpt>
      <trkpt lat="-37.94246" lon="176.51192">
        <ele>150.9</ele>
      </trkpt>
      <trkpt lat="-37.94206" lon="176.51248">
        <ele>151.1</ele>
      </trkpt>
      <trkpt lat="-37.94156" lon="176.51302">
        <ele>150.0</ele>
      </trkpt>
      <trkpt lat="-37.94103" lon="176.51351">
        <ele>150.2</ele>
      </trkpt>
      <trkpt lat="-37.94066" lon="176.51367">
        <ele>151.0</ele>
      </trkpt>
      <trkpt lat="-37.94027" lon="176.51371">
        <ele>152.7</ele>
      </trkpt>
      <trkpt lat="-37.93986" lon="176.5137">
        <ele>155.6</ele>
      </trkpt>
      <trkpt lat="-37.93957" lon="176.51379">
        <ele>156.1</ele>
      </trkpt>
      <trkpt lat="-37.93903" lon="176.5141">
        <ele>154.5</ele>
      </trkpt>
      <trkpt lat="-37.93848" lon="176.51441">
        <ele>154.3</ele>
      </trkpt>
      <trkpt lat="-37.93809" lon="176.5147">
        <ele>152.9</ele>
      </trkpt>
      <trkpt lat="-37.93761" lon="176.51521">
        <ele>150.8</ele>
      </trkpt>
      <trkpt lat="-37.93712" lon="176.51572">
        <ele>148.9</ele>
      </trkpt>
      <trkpt lat="-37.93664" lon="176.51622">
        <ele>147.9</ele>
      </trkpt>
      <trkpt lat="-37.93612" lon="176.51666">
        <ele>143.7</ele>
      </trkpt>
      <trkpt lat="-37.9359" lon="176.5167">
        <ele>143.6</ele>
      </trkpt>
      <trkpt lat="-37.93577" lon="176.5167">
        <ele>142.8</ele>
      </trkpt>
      <trkpt lat="-37.93555" lon="176.51662">
        <ele>140.6</ele>
      </trkpt>
      <trkpt lat="-37.93537" lon="176.51643">
        <ele>140.4</ele>
      </trkpt>
      <trkpt lat="-37.935" lon="176.51578">
        <ele>142.9</ele>
      </trkpt>
      <trkpt lat="-37.93464" lon="176.51513">
        <ele>144.1</ele>
      </trkpt>
      <trkpt lat="-37.93427" lon="176.51448">
        <ele>148.0</ele>
      </trkpt>
      <trkpt lat="-37.93406" lon="176.51416">
        <ele>151.1</ele>
      </trkpt>
      <trkpt lat="-37.9338" lon="176.51394">
        <ele>151.9</ele>
      </trkpt>
      <trkpt lat="-37.93303" lon="176.51361">
        <ele>151.5</ele>
      </trkpt>
      <trkpt lat="-37.93225" lon="176.51328">
        <ele>149.8</ele>
      </trkpt>
      <trkpt lat="-37.93147" lon="176.51296">
        <ele>149.0</ele>
      </trkpt>
      <trkpt lat="-37.9307" lon="176.51269">
        <ele>145.7</ele>
      </trkpt>
      <trkpt lat="-37.92993" lon="176.51242">
        <ele>140.4</ele>
      </trkpt>
      <trkpt lat="-37.92916" lon="176.51216">
        <ele>140.2</ele>
      </trkpt>
      <trkpt lat="-37.92839" lon="176.51189">
        <ele>139.4</ele>
      </trkpt>
      <trkpt lat="-37.92761" lon="176.51162">
        <ele>133.3</ele>
      </trkpt>
      <trkpt lat="-37.92711" lon="176.51144">
        <ele>134.1</ele>
      </trkpt>
      <trkpt lat="-37.92661" lon="176.51125">
        <ele>135.7</ele>
      </trkpt>
      <trkpt lat="-37.92602" lon="176.51112">
        <ele>134.8</ele>
      </trkpt>
      <trkpt lat="-37.92542" lon="176.511">
        <ele>135.8</ele>
      </trkpt>
      <trkpt lat="-37.92482" lon="176.51106">
        <ele>136.9</ele>
      </trkpt>
      <trkpt lat="-37.92426" lon="176.51126">
        <ele>137.8</ele>
      </trkpt>
      <trkpt lat="-37.92371" lon="176.51167">
        <ele>131.4</ele>
      </trkpt>
      <trkpt lat="-37.92334" lon="176.51198">
        <ele>131.4</ele>
      </trkpt>
      <trkpt lat="-37.92282" lon="176.51256">
        <ele>127.7</ele>
      </trkpt>
      <trkpt lat="-37.9223" lon="176.51314">
        <ele>124.9</ele>
      </trkpt>
      <trkpt lat="-37.92194" lon="176.51343">
        <ele>123.2</ele>
      </trkpt>
      <trkpt lat="-37.92142" lon="176.51378">
        <ele>124.9</ele>
      </trkpt>
      <trkpt lat="-37.92084" lon="176.5141">
        <ele>126.1</ele>
      </trkpt>
      <trkpt lat="-37.92027" lon="176.51442">
        <ele>129.9</ele>
      </trkpt>
      <trkpt lat="-37.91969" lon="176.51473">
        <ele>128.5</ele>
      </trkpt>
      <trkpt lat="-37.91891" lon="176.51503">
        <ele>123.3</ele>
      </trkpt>
      <trkpt lat="-37.91812" lon="176.51533">
        <ele>123.1</ele>
      </trkpt>
      <trkpt lat="-37.91734" lon="176.51563">
        <ele>116.0</ele>
      </trkpt>
      <trkpt lat="-37.91656" lon="176.51592">
        <ele>115.0</ele>
      </trkpt>
      <trkpt lat="-37.91596" lon="176.51613">
        <ele>120.1</ele>
      </trkpt>
      <trkpt lat="-37.91536" lon="176.51634">
        <ele>119.0</ele>
      </trkpt>
      <trkpt lat="-37.91501" lon="176.51643">
        <ele>118.3</ele>
      </trkpt>
      <trkpt lat="-37.91449" lon="176.51643">
        <ele>114.7</ele>
      </trkpt>
      <trkpt lat="-37.91368" lon="176.51617">
        <ele>113.5</ele>
      </trkpt>
      <trkpt lat="-37.91288" lon="176.51591">
        <ele>108.6</ele>
      </trkpt>
      <trkpt lat="-37.91207" lon="176.51565">
        <ele>110.4</ele>
      </trkpt>
      <trkpt lat="-37.91164" lon="176.51548">
        <ele>112.3</ele>
      </trkpt>
      <trkpt lat="-37.9112" lon="176.51531">
        <ele>110.1</ele>
      </trkpt>
      <trkpt lat="-37.91075" lon="176.51506">
        <ele>105.8</ele>
      </trkpt>
      <trkpt lat="-37.91056" lon="176.51488">
        <ele>104.3</ele>
      </trkpt>
      <trkpt lat="-37.91036" lon="176.51465">
        <ele>102.0</ele>
      </trkpt>
      <trkpt lat="-37.90987" lon="176.51371">
        <ele>99.0</ele>
      </trkpt>
      <trkpt lat="-37.90948" lon="176.51291">
        <ele>101.5</ele>
      </trkpt>
      <trkpt lat="-37.90909" lon="176.5121">
        <ele>106.7</ele>
      </trkpt>
      <trkpt lat="-37.9087" lon="176.51129">
        <ele>109.6</ele>
      </trkpt>
      <trkpt lat="-37.90831" lon="176.51049">
        <ele>100.9</ele>
      </trkpt>
      <trkpt lat="-37.90793" lon="176.50968">
        <ele>103.1</ele>
      </trkpt>
      <trkpt lat="-37.90753" lon="176.5089">
        <ele>102.9</ele>
      </trkpt>
      <trkpt lat="-37.90727" lon="176.5086">
        <ele>106.2</ele>
      </trkpt>
      <trkpt lat="-37.90695" lon="176.50833">
        <ele>105.8</ele>
      </trkpt>
      <trkpt lat="-37.90651" lon="176.50806">
        <ele>104.1</ele>
      </trkpt>
      <trkpt lat="-37.90606" lon="176.5078">
        <ele>102.0</ele>
      </trkpt>
      <trkpt lat="-37.90572" lon="176.50767">
        <ele>98.3</ele>
      </trkpt>
      <trkpt lat="-37.9049" lon="176.50762">
        <ele>91.0</ele>
      </trkpt>
      <trkpt lat="-37.90427" lon="176.5076">
        <ele>93.1</ele>
      </trkpt>
      <trkpt lat="-37.90363" lon="176.50757">
        <ele>96.0</ele>
      </trkpt>
      <trkpt lat="-37.903" lon="176.50755">
        <ele>97.5</ele>
      </trkpt>
      <trkpt lat="-37.90223" lon="176.50758">
        <ele>94.0</ele>
      </trkpt>
      <trkpt lat="-37.9018" lon="176.50778">
        <ele>88.2</ele>
      </trkpt>
      <trkpt lat="-37.90129" lon="176.50817">
        <ele>82.2</ele>
      </trkpt>
      <trkpt lat="-37.90072" lon="176.50873">
        <ele>78.0</ele>
      </trkpt>
      <trkpt lat="-37.90015" lon="176.5093">
        <ele>74.9</ele>
      </trkpt>
      <trkpt lat="-37.89989" lon="176.50958">
        <ele>73.2</ele>
      </trkpt>
      <trkpt lat="-37.89957" lon="176.51001">
        <ele>71.5</ele>
      </trkpt>
      <trkpt lat="-37.89925" lon="176.51044">
        <ele>69.9</ele>
      </trkpt>
      <trkpt lat="-37.89899" lon="176.51093">
        <ele>68.2</ele>
      </trkpt>
      <trkpt lat="-37.89873" lon="176.51143">
        <ele>65.8</ele>
      </trkpt>
      <trkpt lat="-37.89859" lon="176.51174">
        <ele>65.1</ele>
      </trkpt>
      <trkpt lat="-37.89853" lon="176.51209">
        <ele>65.5</ele>
      </trkpt>
      <trkpt lat="-37.89854" lon="176.51231">
        <ele>65.8</ele>
      </trkpt>
      <trkpt lat="-37.89859" lon="176.51256">
        <ele>66.8</ele>
      </trkpt>
      <trkpt lat="-37.89872" lon="176.51284">
        <ele>70.0</ele>
      </trkpt>
      <trkpt lat="-37.89925" lon="176.51334">
        <ele>67.3</ele>
      </trkpt>
      <trkpt lat="-37.89978" lon="176.51385">
        <ele>68.3</ele>
      </trkpt>
      <trkpt lat="-37.89988" lon="176.51401">
        <ele>68.1</ele>
      </trkpt>
      <trkpt lat="-37.89998" lon="176.51428">
        <ele>67.2</ele>
      </trkpt>
      <trkpt lat="-37.90002" lon="176.51481">
        <ele>65.6</ele>
      </trkpt>
      <trkpt lat="-37.89996" lon="176.51497">
        <ele>66.2</ele>
      </trkpt>
      <trkpt lat="-37.89986" lon="176.51516">
        <ele>68.1</ele>
      </trkpt>
      <trkpt lat="-37.89945" lon="176.51563">
        <ele>71.3</ele>
      </trkpt>
      <trkpt lat="-37.89904" lon="176.51611">
        <ele>69.4</ele>
      </trkpt>
      <trkpt lat="-37.89883" lon="176.51624">
        <ele>69.3</ele>
      </trkpt>
      <trkpt lat="-37.89861" lon="176.51628">
        <ele>69.8</ele>
      </trkpt>
      <trkpt lat="-37.89846" lon="176.51627">
        <ele>70.4</ele>
      </trkpt>
      <trkpt lat="-37.8982" lon="176.51618">
        <ele>71.1</ele>
      </trkpt>
      <trkpt lat="-37.89754" lon="176.51581">
        <ele>68.8</ele>
      </trkpt>
      <trkpt lat="-37.89688" lon="176.51531">
        <ele>67.7</ele>
      </trkpt>
      <trkpt lat="-37.89622" lon="176.51481">
        <ele>63.4</ele>
      </trkpt>
      <trkpt lat="-37.89556" lon="176.51431">
        <ele>62.8</ele>
      </trkpt>
      <trkpt lat="-37.8953" lon="176.51422">
        <ele>62.4</ele>
      </trkpt>
      <trkpt lat="-37.89508" lon="176.51419">
        <ele>61.3</ele>
      </trkpt>
      <trkpt lat="-37.89482" lon="176.51424">
        <ele>58.7</ele>
      </trkpt>
      <trkpt lat="-37.89457" lon="176.51438">
        <ele>55.5</ele>
      </trkpt>
      <trkpt lat="-37.89435" lon="176.51462">
        <ele>52.2</ele>
      </trkpt>
      <trkpt lat="-37.89381" lon="176.51546">
        <ele>49.7</ele>
      </trkpt>
      <trkpt lat="-37.89327" lon="176.51629">
        <ele>53.4</ele>
      </trkpt>
      <trkpt lat="-37.89273" lon="176.51713">
        <ele>51.5</ele>
      </trkpt>
      <trkpt lat="-37.89243" lon="176.51744">
        <ele>47.7</ele>
      </trkpt>
      <trkpt lat="-37.89172" lon="176.51793">
        <ele>48.8</ele>
      </trkpt>
      <trkpt lat="-37.89101" lon="176.51842">
        <ele>48.4</ele>
      </trkpt>
      <trkpt lat="-37.89066" lon="176.51861">
        <ele>49.4</ele>
      </trkpt>
      <trkpt lat="-37.89003" lon="176.51878">
        <ele>48.9</ele>
      </trkpt>
      <trkpt lat="-37.8894" lon="176.51895">
        <ele>46.8</ele>
      </trkpt>
      <trkpt lat="-37.88877" lon="176.51913">
        <ele>44.6</ele>
      </trkpt>
      <trkpt lat="-37.88814" lon="176.51924">
        <ele>43.3</ele>
      </trkpt>
      <trkpt lat="-37.88752" lon="176.51935">
        <ele>43.1</ele>
      </trkpt>
      <trkpt lat="-37.8869" lon="176.51947">
        <ele>40.9</ele>
      </trkpt>
      <trkpt lat="-37.88623" lon="176.51939">
        <ele>39.4</ele>
      </trkpt>
      <trkpt lat="-37.88555" lon="176.5193">
        <ele>39.3</ele>
      </trkpt>
      <trkpt lat="-37.88479" lon="176.51908">
        <ele>39.7</ele>
      </trkpt>
      <trkpt lat="-37.88403" lon="176.51887">
        <ele>40.2</ele>
      </trkpt>
      <trkpt lat="-37.88425" lon="176.51974">
        <ele>33.5</ele>
      </trkpt>
      <trkpt lat="-37.88447" lon="176.52062">
        <ele>34.5</ele>
      </trkpt>
      <trkpt lat="-37.88469" lon="176.52149">
        <ele>40.0</ele>
      </trkpt>
      <trkpt lat="-37.88492" lon="176.52237">
        <ele>46.2</ele>
      </trkpt>
      <trkpt lat="-37.88514" lon="176.52325">
        <ele>51.3</ele>
      </trkpt>
      <trkpt lat="-37.88525" lon="176.52355">
        <ele>53.5</ele>
      </trkpt>
      <trkpt lat="-37.88539" lon="176.52379">
        <ele>55.4</ele>
      </trkpt>
      <trkpt lat="-37.88602" lon="176.52449">
        <ele>56.9</ele>
      </trkpt>
      <trkpt lat="-37.88665" lon="176.52519">
        <ele>54.3</ele>
      </trkpt>
      <trkpt lat="-37.88727" lon="176.52589">
        <ele>60.7</ele>
      </trkpt>
      <trkpt lat="-37.88656" lon="176.52656">
        <ele>43.2</ele>
      </trkpt>
      <trkpt lat="-37.88642" lon="176.52662">
        <ele>44.8</ele>
      </trkpt>
      <trkpt lat="-37.88629" lon="176.52664">
        <ele>46.4</ele>
      </trkpt>
      <trkpt lat="-37.88603" lon="176.5266">
        <ele>49.0</ele>
      </trkpt>
      <trkpt lat="-37.88555" lon="176.52641">
        <ele>57.4</ele>
      </trkpt>
      <trkpt lat="-37.88534" lon="176.52629">
        <ele>61.5</ele>
      </trkpt>
      <trkpt lat="-37.88496" lon="176.52582">
        <ele>60.7</ele>
      </trkpt>
      <trkpt lat="-37.88458" lon="176.52536">
        <ele>56.7</ele>
      </trkpt>
      <trkpt lat="-37.88442" lon="176.52531">
        <ele>57.8</ele>
      </trkpt>
      <trkpt lat="-37.88421" lon="176.52529">
        <ele>60.4</ele>
      </trkpt>
      <trkpt lat="-37.88399" lon="176.52539">
        <ele>66.0</ele>
      </trkpt>
      <trkpt lat="-37.88369" lon="176.52561">
        <ele>72.7</ele>
      </trkpt>
      <trkpt lat="-37.883688" lon="176.525611">
        <ele>72.8</ele>
      </trkpt>
      <trkpt lat="-37.88283" lon="176.52627">
        <ele>81.2</ele>
      </trkpt>
      <trkpt lat="-37.88234" lon="176.52685">
        <ele>83.2</ele>
      </trkpt>
      <trkpt lat="-37.88135" lon="176.52728">
        <ele>81.4</ele>
      </trkpt>
      <trkpt lat="-37.88136" lon="176.52728">
        <ele>81.5</ele>
      </trkpt>
      <trkpt lat="-37.88087" lon="176.52749">
        <ele>78.3</ele>
      </trkpt>
      <trkpt lat="-37.87926" lon="176.52829">
        <ele>75.9</ele>
      </trkpt>
      <trkpt lat="-37.87793" lon="176.52859">
        <ele>59.9</ele>
      </trkpt>
      <trkpt lat="-37.87713" lon="176.52915">
        <ele>52.6</ele>
      </trkpt>
      <trkpt lat="-37.8763" lon="176.5295">
        <ele>55.0</ele>
      </trkpt>
      <trkpt lat="-37.87521" lon="176.52962">
        <ele>49.5</ele>
      </trkpt>
      <trkpt lat="-37.87333" lon="176.53107">
        <ele>45.7</ele>
      </trkpt>
      <trkpt lat="-37.87205" lon="176.5323">
        <ele>46.4</ele>
      </trkpt>
      <trkpt lat="-37.87159" lon="176.53312">
        <ele>38.6</ele>
      </trkpt>
      <trkpt lat="-37.87157" lon="176.53404">
        <ele>34.5</ele>
      </trkpt>
      <trkpt lat="-37.8714" lon="176.53471">
        <ele>36.8</ele>
      </trkpt>
      <trkpt lat="-37.86964" lon="176.53698">
        <ele>51.1</ele>
      </trkpt>
      <trkpt lat="-37.86772" lon="176.54004">
        <ele>60.0</ele>
      </trkpt>
      <trkpt lat="-37.86687" lon="176.54054">
        <ele>55.8</ele>
      </trkpt>
      <trkpt lat="-37.86617" lon="176.54047">
        <ele>54.0</ele>
      </trkpt>
      <trkpt lat="-37.86574" lon="176.54024">
        <ele>50.7</ele>
      </trkpt>
      <trkpt lat="-37.86535" lon="176.54029">
        <ele>49.4</ele>
      </trkpt>
      <trkpt lat="-37.86488" lon="176.54066">
        <ele>49.0</ele>
      </trkpt>
      <trkpt lat="-37.86447" lon="176.54184">
        <ele>51.8</ele>
      </trkpt>
      <trkpt lat="-37.86275" lon="176.54465">
        <ele>32.3</ele>
      </trkpt>
      <trkpt lat="-37.86081" lon="176.54766">
        <ele>37.2</ele>
      </trkpt>
      <trkpt lat="-37.86041" lon="176.54841">
        <ele>36.2</ele>
      </trkpt>
      <trkpt lat="-37.86042" lon="176.5501">
        <ele>29.6</ele>
      </trkpt>
      <trkpt lat="-37.86077" lon="176.55063">
        <ele>29.1</ele>
      </trkpt>
      <trkpt lat="-37.861" lon="176.55095">
        <ele>29.7</ele>
      </trkpt>
      <trkpt lat="-37.86104" lon="176.55155">
        <ele>29.2</ele>
      </trkpt>
      <trkpt lat="-37.86055" lon="176.55305">
        <ele>32.7</ele>
      </trkpt>
      <trkpt lat="-37.86112" lon="176.55613">
        <ele>28.3</ele>
      </trkpt>
      <trkpt lat="-37.86097" lon="176.55889">
        <ele>19.2</ele>
      </trkpt>
      <trkpt lat="-37.86052" lon="176.56531">
        <ele>16.2</ele>
      </trkpt>
      <trkpt lat="-37.86076" lon="176.56644">
        <ele>14.6</ele>
      </trkpt>
      <trkpt lat="-37.86087" lon="176.56696">
        <ele>14.2</ele>
      </trkpt>
      <trkpt lat="-37.86098" lon="176.56805">
        <ele>15.9</ele>
      </trkpt>
      <trkpt lat="-37.86118" lon="176.56843">
        <ele>20.0</ele>
      </trkpt>
      <trkpt lat="-37.86166" lon="176.56761">
        <ele>23.1</ele>
      </trkpt>
      <trkpt lat="-37.86191" lon="176.56721">
        <ele>22.2</ele>
      </trkpt>
      <trkpt lat="-37.86215" lon="176.56703">
        <ele>22.0</ele>
      </trkpt>
      <trkpt lat="-37.86235" lon="176.567">
        <ele>23.0</ele>
      </trkpt>
      <trkpt lat="-37.86376" lon="176.56708">
        <ele>24.0</ele>
      </trkpt>
      <trkpt lat="-37.86424" lon="176.56708">
        <ele>24.7</ele>
      </trkpt>
      <trkpt lat="-37.86525" lon="176.56745">
        <ele>26.2</ele>
      </trkpt>
      <trkpt lat="-37.86792" lon="176.5675">
        <ele>33.0</ele>
      </trkpt>
      <trkpt lat="-37.86857" lon="176.56748">
        <ele>34.9</ele>
      </trkpt>
      <trkpt lat="-37.87131" lon="176.56724">
        <ele>27.5</ele>
      </trkpt>
      <trkpt lat="-37.87168" lon="176.56712">
        <ele>25.5</ele>
      </trkpt>
      <trkpt lat="-37.87255" lon="176.56674">
        <ele>25.1</ele>
      </trkpt>
      <trkpt lat="-37.87451" lon="176.56662">
        <ele>32.1</ele>
      </trkpt>
      <trkpt lat="-37.87472" lon="176.56655">
        <ele>32.2</ele>
      </trkpt>
      <trkpt lat="-37.87517" lon="176.56631">
        <ele>30.8</ele>
      </trkpt>
      <trkpt lat="-37.87518" lon="176.56631">
        <ele>30.9</ele>
      </trkpt>
      <trkpt lat="-37.87583" lon="176.56596">
        <ele>27.1</ele>
      </trkpt>
      <trkpt lat="-37.87764" lon="176.5658">
        <ele>31.0</ele>
      </trkpt>
      <trkpt lat="-37.87778" lon="176.56588">
        <ele>31.8</ele>
      </trkpt>
      <trkpt lat="-37.87792" lon="176.56604">
        <ele>33.2</ele>
      </trkpt>
      <trkpt lat="-37.87849" lon="176.56648">
        <ele>35.6</ele>
      </trkpt>
      <trkpt lat="-37.87872" lon="176.56648">
        <ele>37.5</ele>
      </trkpt>
      <trkpt lat="-37.87908" lon="176.56638">
        <ele>39.9</ele>
      </trkpt>
      <trkpt lat="-37.87989" lon="176.56601">
        <ele>42.9</ele>
      </trkpt>
      <trkpt lat="-37.88038" lon="176.56618">
        <ele>47.6</ele>
      </trkpt>
      <trkpt lat="-37.88073" lon="176.56615">
        <ele>49.9</ele>
      </trkpt>
      <trkpt lat="-37.88211" lon="176.56566">
        <ele>54.3</ele>
      </trkpt>
      <trkpt lat="-37.88326" lon="176.56549">
        <ele>56.9</ele>
      </trkpt>
      <trkpt lat="-37.88338" lon="176.56555">
        <ele>58.2</ele>
      </trkpt>
      <trkpt lat="-37.88462" lon="176.56671">
        <ele>79.8</ele>
      </trkpt>
      <trkpt lat="-37.88521" lon="176.56698">
        <ele>86.1</ele>
      </trkpt>
      <trkpt lat="-37.88631" lon="176.56744">
        <ele>95.3</ele>
      </trkpt>
      <trkpt lat="-37.8868" lon="176.56755">
        <ele>98.9</ele>
      </trkpt>
      <trkpt lat="-37.88703" lon="176.56755">
        <ele>100.4</ele>
      </trkpt>
      <trkpt lat="-37.88767" lon="176.56764">
        <ele>104.7</ele>
      </trkpt>
      <trkpt lat="-37.88808" lon="176.56766">
        <ele>105.1</ele>
      </trkpt>
      <trkpt lat="-37.88913" lon="176.56849">
        <ele>100.2</ele>
      </trkpt>
      <trkpt lat="-37.88966" lon="176.56867">
        <ele>99.7</ele>
      </trkpt>
      <trkpt lat="-37.88992" lon="176.56864">
        <ele>96.8</ele>
      </trkpt>
      <trkpt lat="-37.8903" lon="176.5685">
        <ele>91.8</ele>
      </trkpt>
      <trkpt lat="-37.89059" lon="176.5683">
        <ele>86.8</ele>
      </trkpt>
      <trkpt lat="-37.89097" lon="176.56807">
        <ele>82.0</ele>
      </trkpt>
      <trkpt lat="-37.89172" lon="176.56773">
        <ele>74.3</ele>
      </trkpt>
      <trkpt lat="-37.89222" lon="176.56731">
        <ele>76.3</ele>
      </trkpt>
      <trkpt lat="-37.89234" lon="176.56701">
        <ele>72.2</ele>
      </trkpt>
      <trkpt lat="-37.89244" lon="176.56666">
        <ele>65.6</ele>
      </trkpt>
      <trkpt lat="-37.89255" lon="176.56642">
        <ele>58.1</ele>
      </trkpt>
      <trkpt lat="-37.89291" lon="176.56595">
        <ele>44.1</ele>
      </trkpt>
      <trkpt lat="-37.89338" lon="176.56584">
        <ele>41.9</ele>
      </trkpt>
      <trkpt lat="-37.8939" lon="176.56564">
        <ele>37.6</ele>
      </trkpt>
      <trkpt lat="-37.89433" lon="176.56555">
        <ele>36.3</ele>
      </trkpt>
      <trkpt lat="-37.89471" lon="176.56554">
        <ele>35.6</ele>
      </trkpt>
      <trkpt lat="-37.89524" lon="176.56565">
        <ele>37.9</ele>
      </trkpt>
      <trkpt lat="-37.89553" lon="176.56591">
        <ele>42.0</ele>
      </trkpt>
      <trkpt lat="-37.89571" lon="176.56689">
        <ele>46.0</ele>
      </trkpt>
      <trkpt lat="-37.89567" lon="176.56752">
        <ele>47.7</ele>
      </trkpt>
      <trkpt lat="-37.89561" lon="176.56904">
        <ele>43.8</ele>
      </trkpt>
      <trkpt lat="-37.89596" lon="176.56946">
        <ele>44.4</ele>
      </trkpt>
      <trkpt lat="-37.89687" lon="176.56994">
        <ele>53.1</ele>
      </trkpt>
      <trkpt lat="-37.89742" lon="176.57087">
        <ele>60.1</ele>
      </trkpt>
      <trkpt lat="-37.89763" lon="176.57235">
        <ele>49.8</ele>
      </trkpt>
      <trkpt lat="-37.89782" lon="176.57287">
        <ele>49.7</ele>
      </trkpt>
      <trkpt lat="-37.89836" lon="176.57369">
        <ele>49.9</ele>
      </trkpt>
      <trkpt lat="-37.89878" lon="176.57404">
        <ele>55.7</ele>
      </trkpt>
      <trkpt lat="-37.89945" lon="176.57456">
        <ele>58.5</ele>
      </trkpt>
      <trkpt lat="-37.89984" lon="176.57491">
        <ele>56.6</ele>
      </trkpt>
      <trkpt lat="-37.90008" lon="176.57528">
        <ele>53.6</ele>
      </trkpt>
      <trkpt lat="-37.90026" lon="176.57564">
        <ele>53.8</ele>
      </trkpt>
      <trkpt lat="-37.90083" lon="176.57869">
        <ele>50.7</ele>
      </trkpt>
      <trkpt lat="-37.90103" lon="176.57978">
        <ele>51.3</ele>
      </trkpt>
      <trkpt lat="-37.90116" lon="176.58065">
        <ele>48.0</ele>
      </trkpt>
      <trkpt lat="-37.90139" lon="176.58138">
        <ele>48.6</ele>
      </trkpt>
      <trkpt lat="-37.90181" lon="176.58218">
        <ele>56.2</ele>
      </trkpt>
      <trkpt lat="-37.90235" lon="176.58273">
        <ele>64.0</ele>
      </trkpt>
      <trkpt lat="-37.90444" lon="176.58437">
        <ele>72.5</ele>
      </trkpt>
      <trkpt lat="-37.90529" lon="176.58524">
        <ele>60.4</ele>
      </trkpt>
      <trkpt lat="-37.90577" lon="176.58619">
        <ele>61.6</ele>
      </trkpt>
      <trkpt lat="-37.90588" lon="176.58649">
        <ele>59.4</ele>
      </trkpt>
      <trkpt lat="-37.90612" lon="176.58668">
        <ele>59.0</ele>
      </trkpt>
      <trkpt lat="-37.90688" lon="176.58708">
        <ele>62.0</ele>
      </trkpt>
      <trkpt lat="-37.90765" lon="176.58742">
        <ele>65.3</ele>
      </trkpt>
      <trkpt lat="-37.909" lon="176.5882">
        <ele>65.1</ele>
      </trkpt>
      <trkpt lat="-37.90978" lon="176.58854">
        <ele>68.8</ele>
      </trkpt>
      <trkpt lat="-37.91002" lon="176.58869">
        <ele>70.0</ele>
      </trkpt>
      <trkpt lat="-37.91128" lon="176.59011">
        <ele>67.7</ele>
      </trkpt>
      <trkpt lat="-37.91183" lon="176.59068">
        <ele>67.5</ele>
      </trkpt>
      <trkpt lat="-37.91783" lon="176.59304">
        <ele>70.7</ele>
      </trkpt>
      <trkpt lat="-37.91965" lon="176.59368">
        <ele>74.5</ele>
      </trkpt>
      <trkpt lat="-37.92056" lon="176.59405">
        <ele>75.4</ele>
      </trkpt>
      <trkpt lat="-37.92128" lon="176.59454">
        <ele>75.0</ele>
      </trkpt>
      <trkpt lat="-37.92193" lon="176.59502">
        <ele>75.1</ele>
      </trkpt>
      <trkpt lat="-37.92218" lon="176.59526">
        <ele>76.6</ele>
      </trkpt>
      <trkpt lat="-37.92234" lon="176.5956">
        <ele>75.7</ele>
      </trkpt>
      <trkpt lat="-37.92245" lon="176.59598">
        <ele>76.8</ele>
      </trkpt>
      <trkpt lat="-37.92241" lon="176.59628">
        <ele>80.7</ele>
      </trkpt>
      <trkpt lat="-37.92226" lon="176.59655">
        <ele>82.9</ele>
      </trkpt>
      <trkpt lat="-37.92207" lon="176.59672">
        <ele>83.6</ele>
      </trkpt>
      <trkpt lat="-37.92152" lon="176.59701">
        <ele>86.1</ele>
      </trkpt>
      <trkpt lat="-37.92111" lon="176.59729">
        <ele>88.6</ele>
      </trkpt>
      <trkpt lat="-37.92077" lon="176.59779">
        <ele>93.0</ele>
      </trkpt>
      <trkpt lat="-37.92031" lon="176.59891">
        <ele>101.2</ele>
      </trkpt>
      <trkpt lat="-37.92013" lon="176.59914">
        <ele>102.2</ele>
      </trkpt>
      <trkpt lat="-37.91937" lon="176.59967">
        <ele>107.4</ele>
      </trkpt>
      <trkpt lat="-37.91849" lon="176.6002">
        <ele>115.4</ele>
      </trkpt>
      <trkpt lat="-37.91817" lon="176.60013">
        <ele>115.0</ele>
      </trkpt>
      <trkpt lat="-37.91797" lon="176.60019">
        <ele>116.7</ele>
      </trkpt>
      <trkpt lat="-37.91764" lon="176.60036">
        <ele>119.1</ele>
      </trkpt>
      <trkpt lat="-37.91744" lon="176.60071">
        <ele>120.8</ele>
      </trkpt>
      <trkpt lat="-37.91765" lon="176.60107">
        <ele>119.2</ele>
      </trkpt>
      <trkpt lat="-37.91801" lon="176.60125">
        <ele>120.0</ele>
      </trkpt>
      <trkpt lat="-37.91828" lon="176.60137">
        <ele>121.0</ele>
      </trkpt>
      <trkpt lat="-37.91889" lon="176.60224">
        <ele>124.2</ele>
      </trkpt>
      <trkpt lat="-37.91907" lon="176.60266">
        <ele>128.2</ele>
      </trkpt>
      <trkpt lat="-37.9197" lon="176.60358">
        <ele>133.9</ele>
      </trkpt>
      <trkpt lat="-37.92009" lon="176.60373">
        <ele>133.4</ele>
      </trkpt>
      <trkpt lat="-37.92067" lon="176.6039">
        <ele>134.1</ele>
      </trkpt>
      <trkpt lat="-37.92099" lon="176.60415">
        <ele>130.9</ele>
      </trkpt>
      <trkpt lat="-37.92169" lon="176.6046">
        <ele>124.0</ele>
      </trkpt>
      <trkpt lat="-37.92227" lon="176.60483">
        <ele>119.2</ele>
      </trkpt>
      <trkpt lat="-37.92268" lon="176.60496">
        <ele>119.4</ele>
      </trkpt>
      <trkpt lat="-37.92372" lon="176.60614">
        <ele>99.8</ele>
      </trkpt>
      <trkpt lat="-37.92491" lon="176.60845">
        <ele>91.6</ele>
      </trkpt>
      <trkpt lat="-37.92532" lon="176.60875">
        <ele>87.3</ele>
      </trkpt>
      <trkpt lat="-37.92577" lon="176.60889">
        <ele>85.5</ele>
      </trkpt>
      <trkpt lat="-37.92711" lon="176.60896">
        <ele>81.6</ele>
      </trkpt>
      <trkpt lat="-37.92748" lon="176.60897">
        <ele>80.1</ele>
      </trkpt>
      <trkpt lat="-37.92832" lon="176.60949">
        <ele>78.6</ele>
      </trkpt>
      <trkpt lat="-37.92874" lon="176.60989">
        <ele>79.0</ele>
      </trkpt>
      <trkpt lat="-37.92891" lon="176.61018">
        <ele>81.6</ele>
      </trkpt>
      <trkpt lat="-37.92906" lon="176.61044">
        <ele>84.8</ele>
      </trkpt>
      <trkpt lat="-37.92831" lon="176.61052">
        <ele>86.3</ele>
      </trkpt>
      <trkpt lat="-37.92744" lon="176.61045">
        <ele>89.3</ele>
      </trkpt>
      <trkpt lat="-37.92737" lon="176.61048">
        <ele>90.0</ele>
      </trkpt>
      <trkpt lat="-37.92718" lon="176.61062">
        <ele>93.4</ele>
      </trkpt>
      <trkpt lat="-37.92703" lon="176.6108">
        <ele>97.5</ele>
      </trkpt>
      <trkpt lat="-37.9263" lon="176.61152">
        <ele>102.9</ele>
      </trkpt>
      <trkpt lat="-37.92582" lon="176.61206">
        <ele>101.3</ele>
      </trkpt>
      <trkpt lat="-37.92566" lon="176.61229">
        <ele>100.9</ele>
      </trkpt>
      <trkpt lat="-37.9256" lon="176.61235">
        <ele>100.1</ele>
      </trkpt>
      <trkpt lat="-37.92551" lon="176.61263">
        <ele>100.6</ele>
      </trkpt>
      <trkpt lat="-37.92555" lon="176.61294">
        <ele>104.7</ele>
      </trkpt>
      <trkpt lat="-37.92557" lon="176.61361">
        <ele>110.5</ele>
      </trkpt>
      <trkpt lat="-37.92549" lon="176.61468">
        <ele>120.0</ele>
      </trkpt>
      <trkpt lat="-37.92537" lon="176.61498">
        <ele>122.4</ele>
      </trkpt>
      <trkpt lat="-37.92492" lon="176.61551">
        <ele>125.0</ele>
      </trkpt>
      <trkpt lat="-37.92463" lon="176.61592">
        <ele>126.5</ele>
      </trkpt>
      <trkpt lat="-37.92442" lon="176.61618">
        <ele>126.3</ele>
      </trkpt>
      <trkpt lat="-37.92431" lon="176.61637">
        <ele>126.8</ele>
      </trkpt>
      <trkpt lat="-37.92398" lon="176.61666">
        <ele>126.3</ele>
      </trkpt>
      <trkpt lat="-37.92379" lon="176.61674">
        <ele>126.9</ele>
      </trkpt>
      <trkpt lat="-37.9238" lon="176.61674">
        <ele>127.0</ele>
      </trkpt>
      <trkpt lat="-37.92304" lon="176.61709">
        <ele>128.6</ele>
      </trkpt>
      <trkpt lat="-37.92265" lon="176.61745">
        <ele>129.1</ele>
      </trkpt>
      <trkpt lat="-37.9223" lon="176.61791">
        <ele>135.9</ele>
      </trkpt>
      <trkpt lat="-37.92216" lon="176.61812">
        <ele>139.2</ele>
      </trkpt>
      <trkpt lat="-37.92091" lon="176.61894">
        <ele>143.5</ele>
      </trkpt>
      <trkpt lat="-37.92082" lon="176.61909">
        <ele>146.3</ele>
      </trkpt>
      <trkpt lat="-37.92054" lon="176.62009">
        <ele>167.5</ele>
      </trkpt>
      <trkpt lat="-37.92029" lon="176.62056">
        <ele>171.8</ele>
      </trkpt>
      <trkpt lat="-37.92006" lon="176.62074">
        <ele>170.3</ele>
      </trkpt>
      <trkpt lat="-37.91894" lon="176.62124">
        <ele>162.1</ele>
      </trkpt>
      <trkpt lat="-37.91799" lon="176.62144">
        <ele>157.9</ele>
      </trkpt>
      <trkpt lat="-37.91679" lon="176.62161">
        <ele>152.0</ele>
      </trkpt>
      <trkpt lat="-37.91534" lon="176.62143">
        <ele>140.8</ele>
      </trkpt>
      <trkpt lat="-37.91499" lon="176.62157">
        <ele>137.0</ele>
      </trkpt>
      <trkpt lat="-37.91338" lon="176.62249">
        <ele>130.2</ele>
      </trkpt>
      <trkpt lat="-37.91328" lon="176.62263">
        <ele>129.8</ele>
      </trkpt>
      <trkpt lat="-37.91234" lon="176.62469">
        <ele>118.5</ele>
      </trkpt>
      <trkpt lat="-37.91214" lon="176.62489">
        <ele>117.2</ele>
      </trkpt>
      <trkpt lat="-37.91191" lon="176.625">
        <ele>115.9</ele>
      </trkpt>
      <trkpt lat="-37.91165" lon="176.62494">
        <ele>115.5</ele>
      </trkpt>
      <trkpt lat="-37.91003" lon="176.62394">
        <ele>114.0</ele>
      </trkpt>
      <trkpt lat="-37.90899" lon="176.62385">
        <ele>113.1</ele>
      </trkpt>
      <trkpt lat="-37.90873" lon="176.6238">
        <ele>110.9</ele>
      </trkpt>
      <trkpt lat="-37.90857" lon="176.62383">
        <ele>110.0</ele>
      </trkpt>
      <trkpt lat="-37.90836" lon="176.62391">
        <ele>109.0</ele>
      </trkpt>
      <trkpt lat="-37.90746" lon="176.62451">
        <ele>98.0</ele>
      </trkpt>
      <trkpt lat="-37.90716" lon="176.62465">
        <ele>96.6</ele>
      </trkpt>
      <trkpt lat="-37.9055" lon="176.62512">
        <ele>90.1</ele>
      </trkpt>
      <trkpt lat="-37.90452" lon="176.62522">
        <ele>89.4</ele>
      </trkpt>
      <trkpt lat="-37.90414" lon="176.62529">
        <ele>89.6</ele>
      </trkpt>
      <trkpt lat="-37.90325" lon="176.62554">
        <ele>88.6</ele>
      </trkpt>
      <trkpt lat="-37.90195" lon="176.62597">
        <ele>82.7</ele>
      </trkpt>
      <trkpt lat="-37.90174" lon="176.62616">
        <ele>83.0</ele>
      </trkpt>
      <trkpt lat="-37.90163" lon="176.62636">
        <ele>83.9</ele>
      </trkpt>
      <trkpt lat="-37.90102" lon="176.62822">
        <ele>83.5</ele>
      </trkpt>
      <trkpt lat="-37.90098" lon="176.62848">
        <ele>82.0</ele>
      </trkpt>
      <trkpt lat="-37.90084" lon="176.62998">
        <ele>73.2</ele>
      </trkpt>
      <trkpt lat="-37.90076" lon="176.63027">
        <ele>72.8</ele>
      </trkpt>
      <trkpt lat="-37.90069" lon="176.63047">
        <ele>72.4</ele>
      </trkpt>
      <trkpt lat="-37.90056" lon="176.63074">
        <ele>71.4</ele>
      </trkpt>
      <trkpt lat="-37.90043" lon="176.63088">
        <ele>70.5</ele>
      </trkpt>
      <trkpt lat="-37.90022" lon="176.63108">
        <ele>70.6</ele>
      </trkpt>
      <trkpt lat="-37.89993" lon="176.6312">
        <ele>70.5</ele>
      </trkpt>
      <trkpt lat="-37.89883" lon="176.63138">
        <ele>72.8</ele>
      </trkpt>
      <trkpt lat="-37.89806" lon="176.63155">
        <ele>71.5</ele>
      </trkpt>
      <trkpt lat="-37.89778" lon="176.63172">
        <ele>70.0</ele>
      </trkpt>
      <trkpt lat="-37.89692" lon="176.63296">
        <ele>71.9</ele>
      </trkpt>
      <trkpt lat="-37.89657" lon="176.63373">
        <ele>68.4</ele>
      </trkpt>
      <trkpt lat="-37.89631" lon="176.63413">
        <ele>67.8</ele>
      </trkpt>
      <trkpt lat="-37.89537" lon="176.63474">
        <ele>65.2</ele>
      </trkpt>
      <trkpt lat="-37.89481" lon="176.63528">
        <ele>66.1</ele>
      </trkpt>
      <trkpt lat="-37.89464" lon="176.63579">
        <ele>65.5</ele>
      </trkpt>
      <trkpt lat="-37.89458" lon="176.6361">
        <ele>63.0</ele>
      </trkpt>
      <trkpt lat="-37.89445" lon="176.63631">
        <ele>60.6</ele>
      </trkpt>
      <trkpt lat="-37.89434" lon="176.63642">
        <ele>59.7</ele>
      </trkpt>
      <trkpt lat="-37.89405" lon="176.6366">
        <ele>59.0</ele>
      </trkpt>
      <trkpt lat="-37.89298" lon="176.63703">
        <ele>56.1</ele>
      </trkpt>
      <trkpt lat="-37.89267" lon="176.63723">
        <ele>54.9</ele>
      </trkpt>
      <trkpt lat="-37.89247" lon="176.63752">
        <ele>53.0</ele>
      </trkpt>
      <trkpt lat="-37.892" lon="176.6388">
        <ele>54.7</ele>
      </trkpt>
      <trkpt lat="-37.89194" lon="176.6391">
        <ele>56.4</ele>
      </trkpt>
      <trkpt lat="-37.89194" lon="176.6392">
        <ele>56.6</ele>
      </trkpt>
      <trkpt lat="-37.89197" lon="176.63939">
        <ele>55.7</ele>
      </trkpt>
      <trkpt lat="-37.89196" lon="176.63973">
        <ele>54.6</ele>
      </trkpt>
      <trkpt lat="-37.89193" lon="176.63992">
        <ele>54.0</ele>
      </trkpt>
      <trkpt lat="-37.89156" lon="176.64081">
        <ele>50.1</ele>
      </trkpt>
      <trkpt lat="-37.89146" lon="176.64095">
        <ele>50.4</ele>
      </trkpt>
      <trkpt lat="-37.89127" lon="176.64103">
        <ele>50.3</ele>
      </trkpt>
      <trkpt lat="-37.89111" lon="176.64104">
        <ele>50.0</ele>
      </trkpt>
      <trkpt lat="-37.89033" lon="176.64099">
        <ele>47.3</ele>
      </trkpt>
      <trkpt lat="-37.88997" lon="176.6411">
        <ele>46.0</ele>
      </trkpt>
      <trkpt lat="-37.88978" lon="176.64125">
        <ele>47.7</ele>
      </trkpt>
      <trkpt lat="-37.88963" lon="176.64143">
        <ele>49.5</ele>
      </trkpt>
      <trkpt lat="-37.88939" lon="176.64195">
        <ele>52.7</ele>
      </trkpt>
      <trkpt lat="-37.88939" lon="176.64194">
        <ele>52.7</ele>
      </trkpt>
      <trkpt lat="-37.88886" lon="176.64311">
        <ele>54.0</ele>
      </trkpt>
      <trkpt lat="-37.88856" lon="176.64343">
        <ele>54.7</ele>
      </trkpt>
      <trkpt lat="-37.8881" lon="176.6436">
        <ele>59.8</ele>
      </trkpt>
      <trkpt lat="-37.8879" lon="176.64375">
        <ele>61.8</ele>
      </trkpt>
      <trkpt lat="-37.88772" lon="176.64403">
        <ele>62.0</ele>
      </trkpt>
      <trkpt lat="-37.88756" lon="176.64438">
        <ele>59.1</ele>
      </trkpt>
      <trkpt lat="-37.88744" lon="176.64451">
        <ele>57.8</ele>
      </trkpt>
      <trkpt lat="-37.88722" lon="176.64465">
        <ele>56.6</ele>
      </trkpt>
      <trkpt lat="-37.88667" lon="176.64483">
        <ele>56.7</ele>
      </trkpt>
      <trkpt lat="-37.88639" lon="176.6451">
        <ele>51.0</ele>
      </trkpt>
      <trkpt lat="-37.886" lon="176.64562">
        <ele>44.2</ele>
      </trkpt>
      <trkpt lat="-37.8858" lon="176.64596">
        <ele>41.2</ele>
      </trkpt>
      <trkpt lat="-37.88541" lon="176.64618">
        <ele>40.3</ele>
      </trkpt>
      <trkpt lat="-37.88342" lon="176.64664">
        <ele>39.2</ele>
      </trkpt>
      <trkpt lat="-37.88304" lon="176.6468">
        <ele>41.2</ele>
      </trkpt>
      <trkpt lat="-37.88275" lon="176.64697">
        <ele>41.8</ele>
      </trkpt>
      <trkpt lat="-37.88013" lon="176.64866">
        <ele>33.7</ele>
      </trkpt>
      <trkpt lat="-37.87966" lon="176.64903">
        <ele>33.8</ele>
      </trkpt>
      <trkpt lat="-37.87951" lon="176.64931">
        <ele>34.8</ele>
      </trkpt>
      <trkpt lat="-37.87943" lon="176.64951">
        <ele>35.7</ele>
      </trkpt>
      <trkpt lat="-37.87931" lon="176.64989">
        <ele>37.2</ele>
      </trkpt>
      <trkpt lat="-37.8791" lon="176.65031">
        <ele>37.1</ele>
      </trkpt>
      <trkpt lat="-37.87889" lon="176.65062">
        <ele>38.1</ele>
      </trkpt>
      <trkpt lat="-37.87869" lon="176.6508">
        <ele>39.5</ele>
      </trkpt>
      <trkpt lat="-37.87772" lon="176.65128">
        <ele>48.9</ele>
      </trkpt>
      <trkpt lat="-37.87761" lon="176.65143">
        <ele>47.6</ele>
      </trkpt>
      <trkpt lat="-37.8774" lon="176.65165">
        <ele>45.6</ele>
      </trkpt>
      <trkpt lat="-37.87701" lon="176.6518">
        <ele>48.7</ele>
      </trkpt>
      <trkpt lat="-37.8762" lon="176.65195">
        <ele>52.8</ele>
      </trkpt>
      <trkpt lat="-37.87546" lon="176.65196">
        <ele>52.6</ele>
      </trkpt>
      <trkpt lat="-37.87524" lon="176.65191">
        <ele>52.1</ele>
      </trkpt>
      <trkpt lat="-37.87491" lon="176.65158">
        <ele>52.2</ele>
      </trkpt>
      <trkpt lat="-37.87465" lon="176.65128">
        <ele>53.1</ele>
      </trkpt>
      <trkpt lat="-37.8742" lon="176.65099">
        <ele>53.2</ele>
      </trkpt>
      <trkpt lat="-37.874" lon="176.65096">
        <ele>53.7</ele>
      </trkpt>
      <trkpt lat="-37.87382" lon="176.651">
        <ele>53.7</ele>
      </trkpt>
      <trkpt lat="-37.87299" lon="176.65179">
        <ele>50.7</ele>
      </trkpt>
      <trkpt lat="-37.87293" lon="176.65193">
        <ele>50.6</ele>
      </trkpt>
      <trkpt lat="-37.87288" lon="176.65212">
        <ele>49.8</ele>
      </trkpt>
      <trkpt lat="-37.87276" lon="176.6529">
        <ele>42.3</ele>
      </trkpt>
      <trkpt lat="-37.87265" lon="176.65306">
        <ele>40.8</ele>
      </trkpt>
      <trkpt lat="-37.87253" lon="176.65319">
        <ele>39.5</ele>
      </trkpt>
      <trkpt lat="-37.87102" lon="176.65402">
        <ele>33.4</ele>
      </trkpt>
      <trkpt lat="-37.87085" lon="176.65407">
        <ele>32.8</ele>
      </trkpt>
      <trkpt lat="-37.8707" lon="176.65408">
        <ele>31.8</ele>
      </trkpt>
      <trkpt lat="-37.87023" lon="176.65394">
        <ele>31.1</ele>
      </trkpt>
      <trkpt lat="-37.86956" lon="176.65344">
        <ele>32.2</ele>
      </trkpt>
      <trkpt lat="-37.86928" lon="176.65336">
        <ele>29.4</ele>
      </trkpt>
      <trkpt lat="-37.86874" lon="176.65343">
        <ele>30.4</ele>
      </trkpt>
      <trkpt lat="-37.86843" lon="176.65353">
        <ele>31.6</ele>
      </trkpt>
      <trkpt lat="-37.86807" lon="176.65382">
        <ele>31.3</ele>
      </trkpt>
      <trkpt lat="-37.86784" lon="176.65415">
        <ele>29.2</ele>
      </trkpt>
      <trkpt lat="-37.86694" lon="176.6557">
        <ele>27.2</ele>
      </trkpt>
      <trkpt lat="-37.86672" lon="176.65603">
        <ele>26.6</ele>
      </trkpt>
      <trkpt lat="-37.86589" lon="176.6568">
        <ele>30.8</ele>
      </trkpt>
      <trkpt lat="-37.86535" lon="176.65766">
        <ele>35.2</ele>
      </trkpt>
      <trkpt lat="-37.86517" lon="176.65788">
        <ele>34.8</ele>
      </trkpt>
      <trkpt lat="-37.86471" lon="176.65833">
        <ele>32.3</ele>
      </trkpt>
      <trkpt lat="-37.86456" lon="176.6585">
        <ele>32.2</ele>
      </trkpt>
      <trkpt lat="-37.86406" lon="176.65935">
        <ele>27.9</ele>
      </trkpt>
      <trkpt lat="-37.86368" lon="176.65971">
        <ele>28.1</ele>
      </trkpt>
      <trkpt lat="-37.8635" lon="176.65985">
        <ele>27.5</ele>
      </trkpt>
      <trkpt lat="-37.86329" lon="176.65993">
        <ele>28.0</ele>
      </trkpt>
      <trkpt lat="-37.86312" lon="176.65992">
        <ele>30.4</ele>
      </trkpt>
      <trkpt lat="-37.86286" lon="176.66001">
        <ele>32.1</ele>
      </trkpt>
      <trkpt lat="-37.86273" lon="176.66012">
        <ele>31.7</ele>
      </trkpt>
      <trkpt lat="-37.86246" lon="176.66043">
        <ele>27.6</ele>
      </trkpt>
      <trkpt lat="-37.86216" lon="176.66074">
        <ele>21.1</ele>
      </trkpt>
      <trkpt lat="-37.86188" lon="176.66086">
        <ele>19.6</ele>
      </trkpt>
      <trkpt lat="-37.86126" lon="176.66088">
        <ele>22.1</ele>
      </trkpt>
      <trkpt lat="-37.85974" lon="176.66151">
        <ele>21.6</ele>
      </trkpt>
      <trkpt lat="-37.85866" lon="176.66174">
        <ele>22.0</ele>
      </trkpt>
      <trkpt lat="-37.85782" lon="176.66159">
        <ele>22.8</ele>
      </trkpt>
      <trkpt lat="-37.85724" lon="176.66157">
        <ele>21.2</ele>
      </trkpt>
      <trkpt lat="-37.85711" lon="176.66157">
        <ele>20.8</ele>
      </trkpt>
      <trkpt lat="-37.85682" lon="176.66167">
        <ele>19.4</ele>
      </trkpt>
      <trkpt lat="-37.85628" lon="176.66228">
        <ele>14.3</ele>
      </trkpt>
      <trkpt lat="-37.85655" lon="176.66279">
        <ele>14.8</ele>
      </trkpt>
      <trkpt lat="-37.85679" lon="176.66335">
        <ele>15.2</ele>
      </trkpt>
      <trkpt lat="-37.85708" lon="176.66424">
        <ele>23.6</ele>
      </trkpt>
      <trkpt lat="-37.85729" lon="176.66488">
        <ele>27.8</ele>
      </trkpt>
      <trkpt lat="-37.85773" lon="176.66646">
        <ele>29.2</ele>
      </trkpt>
      <trkpt lat="-37.85804" lon="176.66809">
        <ele>22.5</ele>
      </trkpt>
      <trkpt lat="-37.85824" lon="176.66888">
        <ele>22.8</ele>
      </trkpt>
      <trkpt lat="-37.86044" lon="176.67511">
        <ele>25.0</ele>
      </trkpt>
      <trkpt lat="-37.86161" lon="176.67848">
        <ele>22.7</ele>
      </trkpt>
      <trkpt lat="-37.86227" lon="176.68028">
        <ele>33.4</ele>
      </trkpt>
      <trkpt lat="-37.86243" lon="176.68067">
        <ele>29.0</ele>
      </trkpt>
      <trkpt lat="-37.86314" lon="176.68195">
        <ele>16.7</ele>
      </trkpt>
      <trkpt lat="-37.8635" lon="176.68269">
        <ele>10.1</ele>
      </trkpt>
      <trkpt lat="-37.86383" lon="176.68349">
        <ele>8.6</ele>
      </trkpt>
      <trkpt lat="-37.86409" lon="176.68433">
        <ele>7.6</ele>
      </trkpt>
      <trkpt lat="-37.86436" lon="176.68536">
        <ele>8.4</ele>
      </trkpt>
      <trkpt lat="-37.86474" lon="176.6866">
        <ele>28.1</ele>
      </trkpt>
      <trkpt lat="-37.86605" lon="176.69144">
        <ele>30.8</ele>
      </trkpt>
      <trkpt lat="-37.86658" lon="176.69327">
        <ele>24.7</ele>
      </trkpt>
      <trkpt lat="-37.86696" lon="176.69442">
        <ele>15.5</ele>
      </trkpt>
      <trkpt lat="-37.86751" lon="176.69599">
        <ele>17.2</ele>
      </trkpt>
      <trkpt lat="-37.8684" lon="176.69848">
        <ele>24.1</ele>
      </trkpt>
      <trkpt lat="-37.86898" lon="176.70013">
        <ele>31.0</ele>
      </trkpt>
      <trkpt lat="-37.86924" lon="176.7009">
        <ele>27.9</ele>
      </trkpt>
      <trkpt lat="-37.86971" lon="176.70222">
        <ele>38.5</ele>
      </trkpt>
      <trkpt lat="-37.87036" lon="176.70421">
        <ele>31.4</ele>
      </trkpt>
      <trkpt lat="-37.87076" lon="176.70548">
        <ele>27.7</ele>
      </trkpt>
      <trkpt lat="-37.87158" lon="176.70801">
        <ele>19.5</ele>
      </trkpt>
      <trkpt lat="-37.87188" lon="176.70882">
        <ele>22.5</ele>
      </trkpt>
      <trkpt lat="-37.87251" lon="176.7107">
        <ele>18.0</ele>
      </trkpt>
      <trkpt lat="-37.87275" lon="176.71134">
        <ele>24.3</ele>
      </trkpt>
      <trkpt lat="-37.87564" lon="176.71969">
        <ele>21.6</ele>
      </trkpt>
      <trkpt lat="-37.8762" lon="176.7212">
        <ele>28.3</ele>
      </trkpt>
      <trkpt lat="-37.87637" lon="176.72175">
        <ele>24.3</ele>
      </trkpt>
      <trkpt lat="-37.87762" lon="176.72527">
        <ele>21.0</ele>
      </trkpt>
      <trkpt lat="-37.87768" lon="176.72546">
        <ele>22.0</ele>
      </trkpt>
      <trkpt lat="-37.87831" lon="176.72724">
        <ele>17.0</ele>
      </trkpt>
      <trkpt lat="-37.87814" lon="176.72737">
        <ele>14.9</ele>
      </trkpt>
      <trkpt lat="-37.87763" lon="176.72764">
        <ele>11.9</ele>
      </trkpt>
      <trkpt lat="-37.87736" lon="176.72761">
        <ele>10.5</ele>
      </trkpt>
      <trkpt lat="-37.87736" lon="176.72761">
        <ele>10.5</ele>
      </trkpt>
      <trkpt lat="-37.87773" lon="176.72764">
        <ele>12.3</ele>
      </trkpt>
      <trkpt lat="-37.87832" lon="176.72731">
        <ele>16.5</ele>
      </trkpt>
      <trkpt lat="-37.87817" lon="176.72688">
        <ele>18.4</ele>
      </trkpt>
      <trkpt lat="-37.87824" lon="176.72702">
        <ele>18.1</ele>
      </trkpt>
      <trkpt lat="-37.87832" lon="176.72723">
        <ele>17.2</ele>
      </trkpt>
      <trkpt lat="-37.87839" lon="176.72744">
        <ele>18.0</ele>
      </trkpt>
      <trkpt lat="-37.87846" lon="176.72765">
        <ele>20.0</ele>
      </trkpt>
      <trkpt lat="-37.87849" lon="176.72773">
        <ele>21.0</ele>
      </trkpt>
      <trkpt lat="-37.87856" lon="176.72794">
        <ele>22.9</ele>
      </trkpt>
      <trkpt lat="-37.87864" lon="176.72815">
        <ele>24.7</ele>
      </trkpt>
      <trkpt lat="-37.87871" lon="176.72836">
        <ele>25.7</ele>
      </trkpt>
      <trkpt lat="-37.87878" lon="176.72856">
        <ele>26.5</ele>
      </trkpt>
      <trkpt lat="-37.87886" lon="176.72877">
        <ele>26.5</ele>
      </trkpt>
      <trkpt lat="-37.87893" lon="176.72898">
        <ele>25.5</ele>
      </trkpt>
      <trkpt lat="-37.87901" lon="176.72919">
        <ele>23.9</ele>
      </trkpt>
      <trkpt lat="-37.87908" lon="176.72939">
        <ele>22.7</ele>
      </trkpt>
      <trkpt lat="-37.87915" lon="176.7296">
        <ele>21.3</ele>
      </trkpt>
      <trkpt lat="-37.87922" lon="176.72981">
        <ele>21.9</ele>
      </trkpt>
      <trkpt lat="-37.8793" lon="176.73002">
        <ele>23.2</ele>
      </trkpt>
      <trkpt lat="-37.87937" lon="176.73023">
        <ele>24.8</ele>
      </trkpt>
      <trkpt lat="-37.87944" lon="176.73044">
        <ele>25.5</ele>
      </trkpt>
      <trkpt lat="-37.87951" lon="176.73065">
        <ele>25.3</ele>
      </trkpt>
      <trkpt lat="-37.87959" lon="176.73086">
        <ele>24.4</ele>
      </trkpt>
      <trkpt lat="-37.87966" lon="176.73106">
        <ele>23.7</ele>
      </trkpt>
      <trkpt lat="-37.87966" lon="176.73107">
        <ele>23.7</ele>
      </trkpt>
      <trkpt lat="-37.87973" lon="176.73127">
        <ele>22.5</ele>
      </trkpt>
      <trkpt lat="-37.87981" lon="176.73148">
        <ele>20.9</ele>
      </trkpt>
      <trkpt lat="-37.87988" lon="176.73169">
        <ele>19.0</ele>
      </trkpt>
      <trkpt lat="-37.87995" lon="176.7319">
        <ele>19.0</ele>
      </trkpt>
      <trkpt lat="-37.88003" lon="176.7321">
        <ele>20.6</ele>
      </trkpt>
      <trkpt lat="-37.8801" lon="176.73231">
        <ele>23.4</ele>
      </trkpt>
      <trkpt lat="-37.88017" lon="176.73252">
        <ele>25.1</ele>
      </trkpt>
      <trkpt lat="-37.88025" lon="176.73273">
        <ele>26.8</ele>
      </trkpt>
      <trkpt lat="-37.88032" lon="176.73294">
        <ele>27.2</ele>
      </trkpt>
      <trkpt lat="-37.88039" lon="176.73314">
        <ele>26.7</ele>
      </trkpt>
      <trkpt lat="-37.88047" lon="176.73335">
        <ele>25.3</ele>
      </trkpt>
      <trkpt lat="-37.88054" lon="176.73356">
        <ele>24.1</ele>
      </trkpt>
      <trkpt lat="-37.88061" lon="176.73377">
        <ele>22.7</ele>
      </trkpt>
      <trkpt lat="-37.88069" lon="176.73397">
        <ele>21.0</ele>
      </trkpt>
      <trkpt lat="-37.88077" lon="176.73418">
        <ele>19.1</ele>
      </trkpt>
      <trkpt lat="-37.88084" lon="176.73439">
        <ele>19.8</ele>
      </trkpt>
      <trkpt lat="-37.88092" lon="176.73459">
        <ele>23.2</ele>
      </trkpt>
      <trkpt lat="-37.88099" lon="176.7348">
        <ele>24.9</ele>
      </trkpt>
      <trkpt lat="-37.88107" lon="176.735">
        <ele>25.8</ele>
      </trkpt>
      <trkpt lat="-37.88115" lon="176.73521">
        <ele>25.9</ele>
      </trkpt>
      <trkpt lat="-37.88119" lon="176.73531">
        <ele>25.8</ele>
      </trkpt>
      <trkpt lat="-37.88124" lon="176.73541">
        <ele>25.7</ele>
      </trkpt>
      <trkpt lat="-37.88132" lon="176.73561">
        <ele>24.8</ele>
      </trkpt>
      <trkpt lat="-37.8814" lon="176.73582">
        <ele>23.2</ele>
      </trkpt>
      <trkpt lat="-37.88149" lon="176.73602">
        <ele>22.4</ele>
      </trkpt>
      <trkpt lat="-37.88157" lon="176.73622">
        <ele>21.8</ele>
      </trkpt>
      <trkpt lat="-37.88165" lon="176.73642">
        <ele>21.3</ele>
      </trkpt>
      <trkpt lat="-37.88174" lon="176.73662">
        <ele>23.4</ele>
      </trkpt>
      <trkpt lat="-37.88183" lon="176.73682">
        <ele>25.3</ele>
      </trkpt>
      <trkpt lat="-37.88191" lon="176.73702">
        <ele>26.4</ele>
      </trkpt>
      <trkpt lat="-37.882" lon="176.73722">
        <ele>27.4</ele>
      </trkpt>
      <trkpt lat="-37.88208" lon="176.73742">
        <ele>27.4</ele>
      </trkpt>
      <trkpt lat="-37.88208" lon="176.73744">
        <ele>27.2</ele>
      </trkpt>
      <trkpt lat="-37.88216" lon="176.73763">
        <ele>27.2</ele>
      </trkpt>
      <trkpt lat="-37.88221" lon="176.73776">
        <ele>26.9</ele>
      </trkpt>
      <trkpt lat="-37.88224" lon="176.73783">
        <ele>26.8</ele>
      </trkpt>
      <trkpt lat="-37.88231" lon="176.73804">
        <ele>25.5</ele>
      </trkpt>
      <trkpt lat="-37.88238" lon="176.73825">
        <ele>23.6</ele>
      </trkpt>
      <trkpt lat="-37.88244" lon="176.73847">
        <ele>22.3</ele>
      </trkpt>
      <trkpt lat="-37.88251" lon="176.73868">
        <ele>22.1</ele>
      </trkpt>
      <trkpt lat="-37.88258" lon="176.73889">
        <ele>24.2</ele>
      </trkpt>
      <trkpt lat="-37.88264" lon="176.7391">
        <ele>24.7</ele>
      </trkpt>
      <trkpt lat="-37.88271" lon="176.73931">
        <ele>25.4</ele>
      </trkpt>
      <trkpt lat="-37.88278" lon="176.73952">
        <ele>25.8</ele>
      </trkpt>
      <trkpt lat="-37.88284" lon="176.73974">
        <ele>25.0</ele>
      </trkpt>
      <trkpt lat="-37.88291" lon="176.73995">
        <ele>24.1</ele>
      </trkpt>
      <trkpt lat="-37.88292" lon="176.73997">
        <ele>24.0</ele>
      </trkpt>
      <trkpt lat="-37.88298" lon="176.74016">
        <ele>23.6</ele>
      </trkpt>
      <trkpt lat="-37.88305" lon="176.74037">
        <ele>23.3</ele>
      </trkpt>
      <trkpt lat="-37.88311" lon="176.74058">
        <ele>22.6</ele>
      </trkpt>
      <trkpt lat="-37.88318" lon="176.74079">
        <ele>21.8</ele>
      </trkpt>
      <trkpt lat="-37.88325" lon="176.741">
        <ele>22.0</ele>
      </trkpt>
      <trkpt lat="-37.88332" lon="176.74121">
        <ele>22.4</ele>
      </trkpt>
      <trkpt lat="-37.88339" lon="176.74142">
        <ele>26.3</ele>
      </trkpt>
      <trkpt lat="-37.88346" lon="176.74163">
        <ele>30.2</ele>
      </trkpt>
      <trkpt lat="-37.88353" lon="176.74184">
        <ele>32.6</ele>
      </trkpt>
      <trkpt lat="-37.8836" lon="176.74205">
        <ele>33.7</ele>
      </trkpt>
      <trkpt lat="-37.88364" lon="176.74217">
        <ele>33.9</ele>
      </trkpt>
      <trkpt lat="-37.8837" lon="176.74238">
        <ele>32.9</ele>
      </trkpt>
      <trkpt lat="-37.88377" lon="176.74259">
        <ele>32.1</ele>
      </trkpt>
      <trkpt lat="-37.88384" lon="176.74281">
        <ele>31.6</ele>
      </trkpt>
      <trkpt lat="-37.88391" lon="176.74302">
        <ele>30.7</ele>
      </trkpt>
      <trkpt lat="-37.88398" lon="176.74323">
        <ele>29.3</ele>
      </trkpt>
      <trkpt lat="-37.88402" lon="176.74335">
        <ele>28.3</ele>
      </trkpt>
      <trkpt lat="-37.88405" lon="176.74344">
        <ele>27.8</ele>
      </trkpt>
      <trkpt lat="-37.88412" lon="176.74364">
        <ele>26.7</ele>
      </trkpt>
      <trkpt lat="-37.8842" lon="176.74385">
        <ele>25.9</ele>
      </trkpt>
      <trkpt lat="-37.88428" lon="176.74405">
        <ele>26.4</ele>
      </trkpt>
      <trkpt lat="-37.88436" lon="176.74426">
        <ele>27.0</ele>
      </trkpt>
      <trkpt lat="-37.88439" lon="176.74434">
        <ele>27.2</ele>
      </trkpt>
      <trkpt lat="-37.88443" lon="176.74447">
        <ele>26.9</ele>
      </trkpt>
      <trkpt lat="-37.88448" lon="176.74462">
        <ele>26.4</ele>
      </trkpt>
      <trkpt lat="-37.88449" lon="176.74468">
        <ele>25.8</ele>
      </trkpt>
      <trkpt lat="-37.88453" lon="176.74483">
        <ele>24.6</ele>
      </trkpt>
      <trkpt lat="-37.88454" lon="176.7449">
        <ele>23.7</ele>
      </trkpt>
      <trkpt lat="-37.88455" lon="176.74502">
        <ele>22.1</ele>
      </trkpt>
      <trkpt lat="-37.88455" lon="176.74512">
        <ele>21.5</ele>
      </trkpt>
      <trkpt lat="-37.88455" lon="176.74513">
        <ele>21.4</ele>
      </trkpt>
      <trkpt lat="-37.88456" lon="176.7453">
        <ele>20.4</ele>
      </trkpt>
      <trkpt lat="-37.88456" lon="176.74536">
        <ele>20.0</ele>
      </trkpt>
      <trkpt lat="-37.88457" lon="176.74554">
        <ele>18.9</ele>
      </trkpt>
      <trkpt lat="-37.88457" lon="176.74558">
        <ele>18.6</ele>
      </trkpt>
      <trkpt lat="-37.88457" lon="176.7456">
        <ele>18.5</ele>
      </trkpt>
      <trkpt lat="-37.88457" lon="176.74569">
        <ele>17.8</ele>
      </trkpt>
      <trkpt lat="-37.88457" lon="176.74579">
        <ele>17.1</ele>
      </trkpt>
      <trkpt lat="-37.88458" lon="176.74601">
        <ele>16.2</ele>
      </trkpt>
      <trkpt lat="-37.8846" lon="176.74624">
        <ele>15.4</ele>
      </trkpt>
      <trkpt lat="-37.88461" lon="176.74632">
        <ele>15.1</ele>
      </trkpt>
      <trkpt lat="-37.88463" lon="176.74647">
        <ele>14.6</ele>
      </trkpt>
      <trkpt lat="-37.88463" lon="176.74648">
        <ele>14.5</ele>
      </trkpt>
      <trkpt lat="-37.88468" lon="176.74668">
        <ele>13.8</ele>
      </trkpt>
      <trkpt lat="-37.88468" lon="176.7467">
        <ele>13.7</ele>
      </trkpt>
      <trkpt lat="-37.88471" lon="176.74679">
        <ele>13.4</ele>
      </trkpt>
      <trkpt lat="-37.88476" lon="176.74691">
        <ele>13.1</ele>
      </trkpt>
      <trkpt lat="-37.88481" lon="176.74703">
        <ele>12.7</ele>
      </trkpt>
      <trkpt lat="-37.88485" lon="176.7471">
        <ele>12.5</ele>
      </trkpt>
      <trkpt lat="-37.8849" lon="176.74719">
        <ele>12.2</ele>
      </trkpt>
      <trkpt lat="-37.88496" lon="176.74728">
        <ele>11.9</ele>
      </trkpt>
      <trkpt lat="-37.88497" lon="176.74731">
        <ele>11.8</ele>
      </trkpt>
      <trkpt lat="-37.88507" lon="176.74745">
        <ele>11.8</ele>
      </trkpt>
      <trkpt lat="-37.8851" lon="176.74749">
        <ele>11.8</ele>
      </trkpt>
      <trkpt lat="-37.8852" lon="176.74761">
        <ele>12.2</ele>
      </trkpt>
      <trkpt lat="-37.88534" lon="176.74777">
        <ele>12.6</ele>
      </trkpt>
      <trkpt lat="-37.88547" lon="176.74792">
        <ele>12.7</ele>
      </trkpt>
      <trkpt lat="-37.8856" lon="176.74807">
        <ele>12.7</ele>
      </trkpt>
      <trkpt lat="-37.88574" lon="176.74822">
        <ele>12.4</ele>
      </trkpt>
      <trkpt lat="-37.88587" lon="176.74837">
        <ele>12.2</ele>
      </trkpt>
      <trkpt lat="-37.88592" lon="176.74843">
        <ele>12.5</ele>
      </trkpt>
      <trkpt lat="-37.88597" lon="176.74849">
        <ele>12.7</ele>
      </trkpt>
      <trkpt lat="-37.88604" lon="176.74859">
        <ele>13.0</ele>
      </trkpt>
      <trkpt lat="-37.88611" lon="176.74868">
        <ele>13.2</ele>
      </trkpt>
      <trkpt lat="-37.88616" lon="176.74877">
        <ele>13.3</ele>
      </trkpt>
      <trkpt lat="-37.88622" lon="176.74886">
        <ele>13.4</ele>
      </trkpt>
      <trkpt lat="-37.88627" lon="176.74895">
        <ele>13.4</ele>
      </trkpt>
      <trkpt lat="-37.88631" lon="176.74903">
        <ele>13.4</ele>
      </trkpt>
      <trkpt lat="-37.88636" lon="176.74914">
        <ele>13.3</ele>
      </trkpt>
      <trkpt lat="-37.88641" lon="176.74924">
        <ele>13.2</ele>
      </trkpt>
      <trkpt lat="-37.88645" lon="176.74934">
        <ele>13.0</ele>
      </trkpt>
      <trkpt lat="-37.88651" lon="176.74948">
        <ele>12.8</ele>
      </trkpt>
      <trkpt lat="-37.88653" lon="176.74955">
        <ele>12.6</ele>
      </trkpt>
      <trkpt lat="-37.8866" lon="176.74975">
        <ele>12.0</ele>
      </trkpt>
      <trkpt lat="-37.88663" lon="176.74983">
        <ele>11.7</ele>
      </trkpt>
      <trkpt lat="-37.88665" lon="176.74993">
        <ele>11.3</ele>
      </trkpt>
      <trkpt lat="-37.88671" lon="176.75014">
        <ele>11.2</ele>
      </trkpt>
      <trkpt lat="-37.88674" lon="176.75024">
        <ele>11.4</ele>
      </trkpt>
      <trkpt lat="-37.88674" lon="176.75024">
        <ele>11.4</ele>
      </trkpt>
      <trkpt lat="-37.88675" lon="176.7503">
        <ele>11.4</ele>
      </trkpt>
      <trkpt lat="-37.8868" lon="176.75051">
        <ele>11.5</ele>
      </trkpt>
      <trkpt lat="-37.88686" lon="176.75073">
        <ele>11.6</ele>
      </trkpt>
      <trkpt lat="-37.88691" lon="176.75095">
        <ele>11.7</ele>
      </trkpt>
      <trkpt lat="-37.88695" lon="176.75117">
        <ele>11.9</ele>
      </trkpt>
      <trkpt lat="-37.88699" lon="176.75139">
        <ele>12.1</ele>
      </trkpt>
      <trkpt lat="-37.88701" lon="176.75149">
        <ele>12.1</ele>
      </trkpt>
      <trkpt lat="-37.88705" lon="176.75171">
        <ele>12.2</ele>
      </trkpt>
      <trkpt lat="-37.88709" lon="176.75194">
        <ele>11.9</ele>
      </trkpt>
      <trkpt lat="-37.88713" lon="176.75216">
        <ele>11.6</ele>
      </trkpt>
      <trkpt lat="-37.88717" lon="176.75234">
        <ele>11.4</ele>
      </trkpt>
      <trkpt lat="-37.88718" lon="176.75238">
        <ele>11.4</ele>
      </trkpt>
      <trkpt lat="-37.88722" lon="176.7526">
        <ele>11.0</ele>
      </trkpt>
      <trkpt lat="-37.88726" lon="176.75282">
        <ele>10.5</ele>
      </trkpt>
      <trkpt lat="-37.88731" lon="176.75304">
        <ele>10.1</ele>
      </trkpt>
      <trkpt lat="-37.88735" lon="176.75326">
        <ele>9.5</ele>
      </trkpt>
      <trkpt lat="-37.88739" lon="176.75348">
        <ele>9.3</ele>
      </trkpt>
      <trkpt lat="-37.88744" lon="176.75371">
        <ele>9.2</ele>
      </trkpt>
      <trkpt lat="-37.88748" lon="176.75393">
        <ele>9.2</ele>
      </trkpt>
      <trkpt lat="-37.88753" lon="176.75414">
        <ele>9.1</ele>
      </trkpt>
      <trkpt lat="-37.88758" lon="176.75436">
        <ele>9.3</ele>
      </trkpt>
      <trkpt lat="-37.88761" lon="176.75449">
        <ele>9.4</ele>
      </trkpt>
      <trkpt lat="-37.88763" lon="176.75459">
        <ele>9.5</ele>
      </trkpt>
      <trkpt lat="-37.88767" lon="176.75481">
        <ele>9.6</ele>
      </trkpt>
      <trkpt lat="-37.88772" lon="176.75503">
        <ele>9.8</ele>
      </trkpt>
      <trkpt lat="-37.88776" lon="176.75526">
        <ele>10.3</ele>
      </trkpt>
      <trkpt lat="-37.8878" lon="176.75548">
        <ele>10.6</ele>
      </trkpt>
      <trkpt lat="-37.88785" lon="176.7557">
        <ele>10.9</ele>
      </trkpt>
      <trkpt lat="-37.88789" lon="176.75592">
        <ele>10.5</ele>
      </trkpt>
      <trkpt lat="-37.88794" lon="176.75614">
        <ele>9.4</ele>
      </trkpt>
      <trkpt lat="-37.88798" lon="176.75636">
        <ele>8.4</ele>
      </trkpt>
      <trkpt lat="-37.88802" lon="176.75658">
        <ele>7.5</ele>
      </trkpt>
      <trkpt lat="-37.88807" lon="176.7568">
        <ele>7.3</ele>
      </trkpt>
      <trkpt lat="-37.88811" lon="176.75702">
        <ele>7.3</ele>
      </trkpt>
      <trkpt lat="-37.88816" lon="176.75724">
        <ele>7.4</ele>
      </trkpt>
      <trkpt lat="-37.88821" lon="176.75746">
        <ele>7.4</ele>
      </trkpt>
      <trkpt lat="-37.88822" lon="176.75751">
        <ele>7.5</ele>
      </trkpt>
      <trkpt lat="-37.88825" lon="176.75768">
        <ele>7.8</ele>
      </trkpt>
      <trkpt lat="-37.88825" lon="176.75769">
        <ele>7.8</ele>
      </trkpt>
      <trkpt lat="-37.88825" lon="176.75769">
        <ele>7.8</ele>
      </trkpt>
      <trkpt lat="-37.88826" lon="176.75768">
        <ele>7.8</ele>
      </trkpt>
      <trkpt lat="-37.88833" lon="176.75766">
        <ele>8.2</ele>
      </trkpt>
      <trkpt lat="-37.88835" lon="176.75766">
        <ele>8.3</ele>
      </trkpt>
      <trkpt lat="-37.88837" lon="176.75766">
        <ele>8.4</ele>
      </trkpt>
      <trkpt lat="-37.88839" lon="176.75766">
        <ele>8.5</ele>
      </trkpt>
      <trkpt lat="-37.88841" lon="176.75767">
        <ele>8.7</ele>
      </trkpt>
      <trkpt lat="-37.88843" lon="176.75769">
        <ele>8.8</ele>
      </trkpt>
      <trkpt lat="-37.88844" lon="176.75769">
        <ele>8.9</ele>
      </trkpt>
      <trkpt lat="-37.88845" lon="176.75771">
        <ele>9.0</ele>
      </trkpt>
      <trkpt lat="-37.88856" lon="176.75784">
        <ele>9.8</ele>
      </trkpt>
      <trkpt lat="-37.88868" lon="176.758">
        <ele>10.7</ele>
      </trkpt>
      <trkpt lat="-37.88881" lon="176.75816">
        <ele>11.7</ele>
      </trkpt>
      <trkpt lat="-37.88894" lon="176.75833">
        <ele>12.6</ele>
      </trkpt>
      <trkpt lat="-37.88907" lon="176.75849">
        <ele>13.6</ele>
      </trkpt>
      <trkpt lat="-37.88919" lon="176.75865">
        <ele>14.4</ele>
      </trkpt>
      <trkpt lat="-37.88932" lon="176.75881">
        <ele>14.7</ele>
      </trkpt>
      <trkpt lat="-37.88945" lon="176.75897">
        <ele>14.9</ele>
      </trkpt>
      <trkpt lat="-37.88958" lon="176.75913">
        <ele>15.0</ele>
      </trkpt>
      <trkpt lat="-37.8897" lon="176.75929">
        <ele>14.7</ele>
      </trkpt>
      <trkpt lat="-37.88982" lon="176.75944">
        <ele>14.5</ele>
      </trkpt>
      <trkpt lat="-37.88995" lon="176.7596">
        <ele>14.4</ele>
      </trkpt>
      <trkpt lat="-37.89004" lon="176.75972">
        <ele>14.4</ele>
      </trkpt>
      <trkpt lat="-37.89007" lon="176.75976">
        <ele>14.4</ele>
      </trkpt>
      <trkpt lat="-37.89017" lon="176.75988">
        <ele>14.5</ele>
      </trkpt>
      <trkpt lat="-37.89021" lon="176.75994">
        <ele>14.6</ele>
      </trkpt>
      <trkpt lat="-37.89034" lon="176.76011">
        <ele>15.0</ele>
      </trkpt>
      <trkpt lat="-37.89046" lon="176.76028">
        <ele>15.4</ele>
      </trkpt>
      <trkpt lat="-37.89059" lon="176.76045">
        <ele>15.7</ele>
      </trkpt>
      <trkpt lat="-37.89072" lon="176.76062">
        <ele>15.9</ele>
      </trkpt>
      <trkpt lat="-37.89084" lon="176.76079">
        <ele>16.0</ele>
      </trkpt>
      <trkpt lat="-37.89097" lon="176.76095">
        <ele>16.3</ele>
      </trkpt>
      <trkpt lat="-37.89098" lon="176.76096">
        <ele>16.3</ele>
      </trkpt>
      <trkpt lat="-37.89098" lon="176.76096">
        <ele>16.3</ele>
      </trkpt>
      <trkpt lat="-37.89099" lon="176.76095">
        <ele>16.3</ele>
      </trkpt>
      <trkpt lat="-37.89112" lon="176.76079">
        <ele>16.3</ele>
      </trkpt>
      <trkpt lat="-37.89125" lon="176.76063">
        <ele>16.5</ele>
      </trkpt>
      <trkpt lat="-37.89138" lon="176.76047">
        <ele>16.7</ele>
      </trkpt>
      <trkpt lat="-37.89151" lon="176.76031">
        <ele>16.8</ele>
      </trkpt>
      <trkpt lat="-37.89164" lon="176.76015">
        <ele>17.0</ele>
      </trkpt>
      <trkpt lat="-37.89177" lon="176.75999">
        <ele>17.1</ele>
      </trkpt>
      <trkpt lat="-37.89189" lon="176.75983">
        <ele>17.3</ele>
      </trkpt>
      <trkpt lat="-37.89202" lon="176.75966">
        <ele>17.6</ele>
      </trkpt>
      <trkpt lat="-37.89215" lon="176.7595">
        <ele>17.9</ele>
      </trkpt>
      <trkpt lat="-37.89227" lon="176.75934">
        <ele>18.3</ele>
      </trkpt>
      <trkpt lat="-37.8924" lon="176.75917">
        <ele>18.8</ele>
      </trkpt>
      <trkpt lat="-37.89252" lon="176.75901">
        <ele>19.2</ele>
      </trkpt>
      <trkpt lat="-37.89257" lon="176.75895">
        <ele>19.5</ele>
      </trkpt>
      <trkpt lat="-37.89271" lon="176.7588">
        <ele>20.2</ele>
      </trkpt>
      <trkpt lat="-37.89284" lon="176.75864">
        <ele>21.0</ele>
      </trkpt>
      <trkpt lat="-37.89297" lon="176.75849">
        <ele>21.9</ele>
      </trkpt>
      <trkpt lat="-37.89311" lon="176.75834">
        <ele>22.9</ele>
      </trkpt>
      <trkpt lat="-37.89324" lon="176.75819">
        <ele>23.9</ele>
      </trkpt>
      <trkpt lat="-37.89337" lon="176.75803">
        <ele>24.8</ele>
      </trkpt>
      <trkpt lat="-37.89337" lon="176.75803">
        <ele>24.8</ele>
      </trkpt>
      <trkpt lat="-37.89345" lon="176.75808">
        <ele>25.0</ele>
      </trkpt>
      <trkpt lat="-37.89354" lon="176.75813">
        <ele>25.1</ele>
      </trkpt>
      <trkpt lat="-37.8937" lon="176.75823">
        <ele>25.2</ele>
      </trkpt>
      <trkpt lat="-37.89386" lon="176.75832">
        <ele>25.3</ele>
      </trkpt>
      <trkpt lat="-37.89386" lon="176.75832">
        <ele>25.3</ele>
      </trkpt>
      <trkpt lat="-37.89387" lon="176.75831">
        <ele>25.4</ele>
      </trkpt>
      <trkpt lat="-37.89398" lon="176.75818">
        <ele>26.2</ele>
      </trkpt>
      <trkpt lat="-37.894" lon="176.75816">
        <ele>26.3</ele>
      </trkpt>
      <trkpt lat="-37.89402" lon="176.75815">
        <ele>26.5</ele>
      </trkpt>
      <trkpt lat="-37.89406" lon="176.75813">
        <ele>26.7</ele>
      </trkpt>
      <trkpt lat="-37.89417" lon="176.75807">
        <ele>27.3</ele>
      </trkpt>
      <trkpt lat="-37.89427" lon="176.75803">
        <ele>27.3</ele>
      </trkpt>
      <trkpt lat="-37.89435" lon="176.75802">
        <ele>27.2</ele>
      </trkpt>
      <trkpt lat="-37.89453" lon="176.75801">
        <ele>27.0</ele>
      </trkpt>
      <trkpt lat="-37.89471" lon="176.75799">
        <ele>26.9</ele>
      </trkpt>
      <trkpt lat="-37.89489" lon="176.75798">
        <ele>26.7</ele>
      </trkpt>
      <trkpt lat="-37.89507" lon="176.75796">
        <ele>27.2</ele>
      </trkpt>
      <trkpt lat="-37.89525" lon="176.75795">
        <ele>28.6</ele>
      </trkpt>
      <trkpt lat="-37.89543" lon="176.75793">
        <ele>30.2</ele>
      </trkpt>
      <trkpt lat="-37.89561" lon="176.75792">
        <ele>31.7</ele>
      </trkpt>
      <trkpt lat="-37.89579" lon="176.75791">
        <ele>33.3</ele>
      </trkpt>
      <trkpt lat="-37.89597" lon="176.75789">
        <ele>35.9</ele>
      </trkpt>
      <trkpt lat="-37.89598" lon="176.75789">
        <ele>36.0</ele>
      </trkpt>
      <trkpt lat="-37.89614" lon="176.75796">
        <ele>36.5</ele>
      </trkpt>
      <trkpt lat="-37.89631" lon="176.75802">
        <ele>37.0</ele>
      </trkpt>
      <trkpt lat="-37.89649" lon="176.75809">
        <ele>37.0</ele>
      </trkpt>
      <trkpt lat="-37.89666" lon="176.75815">
        <ele>36.9</ele>
      </trkpt>
      <trkpt lat="-37.89683" lon="176.75822">
        <ele>35.5</ele>
      </trkpt>
      <trkpt lat="-37.897" lon="176.75828">
        <ele>34.4</ele>
      </trkpt>
      <trkpt lat="-37.89718" lon="176.75834">
        <ele>33.4</ele>
      </trkpt>
      <trkpt lat="-37.89735" lon="176.75841">
        <ele>33.2</ele>
      </trkpt>
      <trkpt lat="-37.89752" lon="176.75847">
        <ele>33.2</ele>
      </trkpt>
      <trkpt lat="-37.89769" lon="176.75854">
        <ele>33.7</ele>
      </trkpt>
      <trkpt lat="-37.89787" lon="176.7586">
        <ele>34.2</ele>
      </trkpt>
      <trkpt lat="-37.89804" lon="176.75867">
        <ele>34.0</ele>
      </trkpt>
      <trkpt lat="-37.89821" lon="176.75873">
        <ele>33.8</ele>
      </trkpt>
      <trkpt lat="-37.89838" lon="176.75879">
        <ele>33.8</ele>
      </trkpt>
      <trkpt lat="-37.89856" lon="176.75886">
        <ele>35.0</ele>
      </trkpt>
      <trkpt lat="-37.89873" lon="176.75892">
        <ele>35.7</ele>
      </trkpt>
      <trkpt lat="-37.89889" lon="176.75898">
        <ele>35.8</ele>
      </trkpt>
      <trkpt lat="-37.8989" lon="176.75899">
        <ele>35.6</ele>
      </trkpt>
      <trkpt lat="-37.89906" lon="176.75909">
        <ele>33.4</ele>
      </trkpt>
      <trkpt lat="-37.89922" lon="176.75919">
        <ele>31.9</ele>
      </trkpt>
      <trkpt lat="-37.89939" lon="176.75929">
        <ele>33.9</ele>
      </trkpt>
      <trkpt lat="-37.89955" lon="176.75938">
        <ele>35.2</ele>
      </trkpt>
      <trkpt lat="-37.89971" lon="176.75948">
        <ele>35.6</ele>
      </trkpt>
      <trkpt lat="-37.89985" lon="176.75957">
        <ele>35.2</ele>
      </trkpt>
      <trkpt lat="-37.899849" lon="176.759566">
        <ele>35.3</ele>
      </trkpt>
      <trkpt lat="-37.90056" lon="176.76">
        <ele>28.4</ele>
      </trkpt>
      <trkpt lat="-37.90124" lon="176.76026">
        <ele>28.9</ele>
      </trkpt>
      <trkpt lat="-37.90186" lon="176.7604">
        <ele>27.2</ele>
      </trkpt>
      <trkpt lat="-37.90237" lon="176.76035">
        <ele>27.7</ele>
      </trkpt>
      <trkpt lat="-37.90544" lon="176.75937">
        <ele>25.2</ele>
      </trkpt>
      <trkpt lat="-37.90585" lon="176.75933">
        <ele>24.8</ele>
      </trkpt>
      <trkpt lat="-37.90622" lon="176.75934">
        <ele>24.6</ele>
      </trkpt>
      <trkpt lat="-37.9076" lon="176.75952">
        <ele>24.4</ele>
      </trkpt>
      <trkpt lat="-37.90798" lon="176.75946">
        <ele>24.4</ele>
      </trkpt>
      <trkpt lat="-37.90825" lon="176.75928">
        <ele>26.5</ele>
      </trkpt>
      <trkpt lat="-37.90957" lon="176.75813">
        <ele>29.5</ele>
      </trkpt>
      <trkpt lat="-37.90983" lon="176.75792">
        <ele>30.6</ele>
      </trkpt>
      <trkpt lat="-37.91024" lon="176.75771">
        <ele>29.2</ele>
      </trkpt>
      <trkpt lat="-37.91172" lon="176.75712">
        <ele>28.2</ele>
      </trkpt>
      <trkpt lat="-37.91315" lon="176.75661">
        <ele>34.5</ele>
      </trkpt>
      <trkpt lat="-37.91434" lon="176.75586">
        <ele>31.5</ele>
      </trkpt>
      <trkpt lat="-37.91561" lon="176.75461">
        <ele>24.6</ele>
      </trkpt>
      <trkpt lat="-37.91591" lon="176.75427">
        <ele>23.2</ele>
      </trkpt>
      <trkpt lat="-37.91605" lon="176.75389">
        <ele>26.3</ele>
      </trkpt>
      <trkpt lat="-37.91651" lon="176.75254">
        <ele>30.8</ele>
      </trkpt>
      <trkpt lat="-37.9166" lon="176.75226">
        <ele>32.8</ele>
      </trkpt>
      <trkpt lat="-37.91667" lon="176.75213">
        <ele>32.9</ele>
      </trkpt>
      <trkpt lat="-37.91675" lon="176.75202">
        <ele>33.7</ele>
      </trkpt>
      <trkpt lat="-37.91684" lon="176.75192">
        <ele>33.8</ele>
      </trkpt>
      <trkpt lat="-37.91696" lon="176.75177">
        <ele>33.8</ele>
      </trkpt>
      <trkpt lat="-37.91706" lon="176.75166">
        <ele>33.3</ele>
      </trkpt>
      <trkpt lat="-37.91724" lon="176.75139">
        <ele>34.0</ele>
      </trkpt>
      <trkpt lat="-37.91729" lon="176.75127">
        <ele>34.6</ele>
      </trkpt>
      <trkpt lat="-37.91737" lon="176.75108">
        <ele>34.9</ele>
      </trkpt>
      <trkpt lat="-37.9175" lon="176.75068">
        <ele>34.3</ele>
      </trkpt>
      <trkpt lat="-37.91757" lon="176.7505">
        <ele>34.5</ele>
      </trkpt>
      <trkpt lat="-37.91768" lon="176.75013">
        <ele>35.3</ele>
      </trkpt>
      <trkpt lat="-37.91773" lon="176.75">
        <ele>35.3</ele>
      </trkpt>
      <trkpt lat="-37.91777" lon="176.74991">
        <ele>36.6</ele>
      </trkpt>
      <trkpt lat="-37.91808" lon="176.74959">
        <ele>37.9</ele>
      </trkpt>
      <trkpt lat="-37.91867" lon="176.74904">
        <ele>38.6</ele>
      </trkpt>
      <trkpt lat="-37.91901" lon="176.74869">
        <ele>37.0</ele>
      </trkpt>
      <trkpt lat="-37.91931" lon="176.74836">
        <ele>35.0</ele>
      </trkpt>
      <trkpt lat="-37.91938" lon="176.74823">
        <ele>35.4</ele>
      </trkpt>
      <trkpt lat="-37.9195" lon="176.74797">
        <ele>36.2</ele>
      </trkpt>
      <trkpt lat="-37.91957" lon="176.74779">
        <ele>36.9</ele>
      </trkpt>
      <trkpt lat="-37.9196" lon="176.74767">
        <ele>37.7</ele>
      </trkpt>
      <trkpt lat="-37.91967" lon="176.74758">
        <ele>37.4</ele>
      </trkpt>
      <trkpt lat="-37.91981" lon="176.74744">
        <ele>37.6</ele>
      </trkpt>
      <trkpt lat="-37.92065" lon="176.74685">
        <ele>37.9</ele>
      </trkpt>
      <trkpt lat="-37.921" lon="176.74657">
        <ele>35.5</ele>
      </trkpt>
      <trkpt lat="-37.92118" lon="176.74646">
        <ele>34.4</ele>
      </trkpt>
      <trkpt lat="-37.92145" lon="176.74634">
        <ele>30.8</ele>
      </trkpt>
      <trkpt lat="-37.922" lon="176.74609">
        <ele>27.1</ele>
      </trkpt>
      <trkpt lat="-37.92271" lon="176.74578">
        <ele>25.9</ele>
      </trkpt>
      <trkpt lat="-37.9235" lon="176.74545">
        <ele>23.7</ele>
      </trkpt>
      <trkpt lat="-37.92387" lon="176.74531">
        <ele>22.9</ele>
      </trkpt>
      <trkpt lat="-37.9239" lon="176.74533">
        <ele>22.7</ele>
      </trkpt>
      <trkpt lat="-37.92398" lon="176.7454">
        <ele>22.2</ele>
      </trkpt>
      <trkpt lat="-37.92408" lon="176.74547">
        <ele>21.7</ele>
      </trkpt>
      <trkpt lat="-37.92425" lon="176.74556">
        <ele>21.5</ele>
      </trkpt>
      <trkpt lat="-37.92442" lon="176.74565">
        <ele>21.7</ele>
      </trkpt>
      <trkpt lat="-37.92479" lon="176.74584">
        <ele>21.7</ele>
      </trkpt>
      <trkpt lat="-37.92905" lon="176.74811">
        <ele>18.2</ele>
      </trkpt>
      <trkpt lat="-37.9291" lon="176.74797">
        <ele>18.4</ele>
      </trkpt>
      <trkpt lat="-37.92912" lon="176.74791">
        <ele>18.5</ele>
      </trkpt>
      <trkpt lat="-37.92919" lon="176.74783">
        <ele>18.7</ele>
      </trkpt>
      <trkpt lat="-37.92926" lon="176.74777">
        <ele>19.0</ele>
      </trkpt>
      <trkpt lat="-37.92968" lon="176.74748">
        <ele>21.5</ele>
      </trkpt>
      <trkpt lat="-37.9299" lon="176.74727">
        <ele>22.3</ele>
      </trkpt>
      <trkpt lat="-37.92997" lon="176.74719">
        <ele>22.5</ele>
      </trkpt>
      <trkpt lat="-37.93004" lon="176.74708">
        <ele>22.9</ele>
      </trkpt>
      <trkpt lat="-37.93011" lon="176.74697">
        <ele>23.4</ele>
      </trkpt>
      <trkpt lat="-37.93017" lon="176.74684">
        <ele>23.9</ele>
      </trkpt>
      <trkpt lat="-37.93027" lon="176.7466">
        <ele>25.0</ele>
      </trkpt>
      <trkpt lat="-37.9303" lon="176.7465">
        <ele>25.4</ele>
      </trkpt>
      <trkpt lat="-37.93033" lon="176.7464">
        <ele>25.9</ele>
      </trkpt>
      <trkpt lat="-37.93037" lon="176.74624">
        <ele>26.5</ele>
      </trkpt>
      <trkpt lat="-37.93041" lon="176.74609">
        <ele>27.1</ele>
      </trkpt>
      <trkpt lat="-37.93046" lon="176.74593">
        <ele>27.9</ele>
      </trkpt>
      <trkpt lat="-37.9305" lon="176.74582">
        <ele>28.3</ele>
      </trkpt>
      <trkpt lat="-37.93058" lon="176.74568">
        <ele>27.9</ele>
      </trkpt>
      <trkpt lat="-37.93068" lon="176.74556">
        <ele>27.6</ele>
      </trkpt>
      <trkpt lat="-37.93076" lon="176.74549">
        <ele>27.4</ele>
      </trkpt>
      <trkpt lat="-37.93082" lon="176.74544">
        <ele>27.2</ele>
      </trkpt>
      <trkpt lat="-37.93092" lon="176.74541">
        <ele>26.2</ele>
      </trkpt>
      <trkpt lat="-37.93101" lon="176.74541">
        <ele>25.5</ele>
      </trkpt>
      <trkpt lat="-37.93111" lon="176.74541">
        <ele>24.8</ele>
      </trkpt>
      <trkpt lat="-37.9312" lon="176.74543">
        <ele>24.3</ele>
      </trkpt>
      <trkpt lat="-37.93127" lon="176.74547">
        <ele>24.1</ele>
      </trkpt>
      <trkpt lat="-37.93134" lon="176.74552">
        <ele>24.1</ele>
      </trkpt>
      <trkpt lat="-37.9314" lon="176.74557">
        <ele>24.0</ele>
      </trkpt>
      <trkpt lat="-37.93149" lon="176.74568">
        <ele>24.3</ele>
      </trkpt>
      <trkpt lat="-37.93158" lon="176.74581">
        <ele>24.6</ele>
      </trkpt>
      <trkpt lat="-37.93167" lon="176.74597">
        <ele>24.8</ele>
      </trkpt>
      <trkpt lat="-37.93192" lon="176.74637">
        <ele>24.1</ele>
      </trkpt>
      <trkpt lat="-37.93201" lon="176.7465">
        <ele>23.6</ele>
      </trkpt>
      <trkpt lat="-37.93214" lon="176.74666">
        <ele>22.7</ele>
      </trkpt>
      <trkpt lat="-37.93239" lon="176.74689">
        <ele>20.3</ele>
      </trkpt>
      <trkpt lat="-37.93274" lon="176.7472">
        <ele>18.8</ele>
      </trkpt>
      <trkpt lat="-37.93302" lon="176.74738">
        <ele>17.7</ele>
      </trkpt>
      <trkpt lat="-37.93342" lon="176.74771">
        <ele>15.6</ele>
      </trkpt>
      <trkpt lat="-37.93361" lon="176.7479">
        <ele>14.7</ele>
      </trkpt>
      <trkpt lat="-37.93367" lon="176.74793">
        <ele>14.4</ele>
      </trkpt>
      <trkpt lat="-37.93373" lon="176.74795">
        <ele>14.1</ele>
      </trkpt>
      <trkpt lat="-37.93381" lon="176.74794">
        <ele>13.7</ele>
      </trkpt>
      <trkpt lat="-37.93399" lon="176.74797">
        <ele>12.8</ele>
      </trkpt>
      <trkpt lat="-37.93423" lon="176.74792">
        <ele>12.0</ele>
      </trkpt>
      <trkpt lat="-37.9344" lon="176.74788">
        <ele>12.2</ele>
      </trkpt>
      <trkpt lat="-37.9346" lon="176.74781">
        <ele>12.6</ele>
      </trkpt>
      <trkpt lat="-37.93478" lon="176.74777">
        <ele>13.0</ele>
      </trkpt>
      <trkpt lat="-37.93492" lon="176.74773">
        <ele>13.5</ele>
      </trkpt>
      <trkpt lat="-37.93506" lon="176.74771">
        <ele>13.9</ele>
      </trkpt>
      <trkpt lat="-37.93527" lon="176.74766">
        <ele>14.6</ele>
      </trkpt>
      <trkpt lat="-37.93571" lon="176.74754">
        <ele>16.4</ele>
      </trkpt>
      <trkpt lat="-37.93639" lon="176.74739">
        <ele>18.1</ele>
      </trkpt>
      <trkpt lat="-37.9366" lon="176.74735">
        <ele>18.3</ele>
      </trkpt>
      <trkpt lat="-37.93674" lon="176.74732">
        <ele>18.5</ele>
      </trkpt>
      <trkpt lat="-37.93685" lon="176.7473">
        <ele>18.7</ele>
      </trkpt>
      <trkpt lat="-37.9372" lon="176.74719">
        <ele>19.0</ele>
      </trkpt>
      <trkpt lat="-37.93735" lon="176.74713">
        <ele>18.8</ele>
      </trkpt>
      <trkpt lat="-37.93755" lon="176.74693">
        <ele>18.1</ele>
      </trkpt>
      <trkpt lat="-37.93785" lon="176.7468">
        <ele>16.8</ele>
      </trkpt>
      <trkpt lat="-37.9381" lon="176.74667">
        <ele>15.8</ele>
      </trkpt>
      <trkpt lat="-37.93824" lon="176.74663">
        <ele>15.3</ele>
      </trkpt>
      <trkpt lat="-37.93838" lon="176.74659">
        <ele>15.5</ele>
      </trkpt>
      <trkpt lat="-37.93853" lon="176.7466">
        <ele>17.6</ele>
      </trkpt>
      <trkpt lat="-37.9387" lon="176.74662">
        <ele>19.8</ele>
      </trkpt>
      <trkpt lat="-37.93883" lon="176.74666">
        <ele>21.6</ele>
      </trkpt>
      <trkpt lat="-37.93893" lon="176.74669">
        <ele>22.7</ele>
      </trkpt>
      <trkpt lat="-37.93904" lon="176.74676">
        <ele>23.4</ele>
      </trkpt>
      <trkpt lat="-37.93918" lon="176.74687">
        <ele>23.6</ele>
      </trkpt>
      <trkpt lat="-37.93943" lon="176.7471">
        <ele>21.1</ele>
      </trkpt>
      <trkpt lat="-37.93953" lon="176.74717">
        <ele>20.6</ele>
      </trkpt>
      <trkpt lat="-37.94015" lon="176.74793">
        <ele>20.8</ele>
      </trkpt>
      <trkpt lat="-37.94069" lon="176.74857">
        <ele>23.6</ele>
      </trkpt>
      <trkpt lat="-37.94112" lon="176.74908">
        <ele>18.2</ele>
      </trkpt>
      <trkpt lat="-37.94144" lon="176.74946">
        <ele>15.9</ele>
      </trkpt>
      <trkpt lat="-37.94173" lon="176.74981">
        <ele>13.8</ele>
      </trkpt>
      <trkpt lat="-37.94237" lon="176.75058">
        <ele>15.4</ele>
      </trkpt>
      <trkpt lat="-37.94253" lon="176.75079">
        <ele>17.4</ele>
      </trkpt>
      <trkpt lat="-37.94266" lon="176.75094">
        <ele>18.6</ele>
      </trkpt>
      <trkpt lat="-37.94275" lon="176.75105">
        <ele>18.9</ele>
      </trkpt>
      <trkpt lat="-37.94288" lon="176.75118">
        <ele>19.3</ele>
      </trkpt>
      <trkpt lat="-37.94311" lon="176.75136">
        <ele>20.0</ele>
      </trkpt>
      <trkpt lat="-37.94322" lon="176.75144">
        <ele>20.2</ele>
      </trkpt>
      <trkpt lat="-37.94335" lon="176.7515">
        <ele>20.8</ele>
      </trkpt>
      <trkpt lat="-37.94347" lon="176.75155">
        <ele>21.2</ele>
      </trkpt>
      <trkpt lat="-37.94362" lon="176.75158">
        <ele>22.1</ele>
      </trkpt>
      <trkpt lat="-37.94391" lon="176.75165">
        <ele>23.8</ele>
      </trkpt>
      <trkpt lat="-37.94406" lon="176.7517">
        <ele>24.4</ele>
      </trkpt>
      <trkpt lat="-37.94424" lon="176.75176">
        <ele>24.1</ele>
      </trkpt>
      <trkpt lat="-37.94438" lon="176.75182">
        <ele>22.8</ele>
      </trkpt>
      <trkpt lat="-37.94453" lon="176.75189">
        <ele>21.4</ele>
      </trkpt>
      <trkpt lat="-37.94466" lon="176.7519">
        <ele>21.1</ele>
      </trkpt>
      <trkpt lat="-37.94481" lon="176.75189">
        <ele>21.1</ele>
      </trkpt>
      <trkpt lat="-37.94493" lon="176.75187">
        <ele>21.4</ele>
      </trkpt>
      <trkpt lat="-37.94518" lon="176.75182">
        <ele>20.2</ele>
      </trkpt>
      <trkpt lat="-37.94528" lon="176.75175">
        <ele>20.1</ele>
      </trkpt>
      <trkpt lat="-37.94542" lon="176.75161">
        <ele>20.2</ele>
      </trkpt>
      <trkpt lat="-37.94562" lon="176.75139">
        <ele>20.8</ele>
      </trkpt>
      <trkpt lat="-37.94571" lon="176.75133">
        <ele>20.6</ele>
      </trkpt>
      <trkpt lat="-37.9458" lon="176.7513">
        <ele>20.1</ele>
      </trkpt>
      <trkpt lat="-37.94602" lon="176.75129">
        <ele>19.0</ele>
      </trkpt>
      <trkpt lat="-37.94612" lon="176.75127">
        <ele>18.8</ele>
      </trkpt>
      <trkpt lat="-37.94621" lon="176.75123">
        <ele>19.0</ele>
      </trkpt>
      <trkpt lat="-37.94641" lon="176.75115">
        <ele>19.3</ele>
      </trkpt>
      <trkpt lat="-37.94656" lon="176.75106">
        <ele>20.0</ele>
      </trkpt>
      <trkpt lat="-37.94673" lon="176.75097">
        <ele>20.4</ele>
      </trkpt>
      <trkpt lat="-37.94728" lon="176.75072">
        <ele>18.7</ele>
      </trkpt>
      <trkpt lat="-37.94755" lon="176.75059">
        <ele>17.2</ele>
      </trkpt>
      <trkpt lat="-37.94765" lon="176.75053">
        <ele>17.0</ele>
      </trkpt>
      <trkpt lat="-37.94776" lon="176.75049">
        <ele>16.6</ele>
      </trkpt>
      <trkpt lat="-37.94782" lon="176.75047">
        <ele>16.4</ele>
      </trkpt>
      <trkpt lat="-37.94807" lon="176.75043">
        <ele>15.3</ele>
      </trkpt>
      <trkpt lat="-37.9482" lon="176.75039">
        <ele>14.9</ele>
      </trkpt>
      <trkpt lat="-37.94834" lon="176.75034">
        <ele>14.5</ele>
      </trkpt>
      <trkpt lat="-37.94869" lon="176.75022">
        <ele>15.0</ele>
      </trkpt>
      <trkpt lat="-37.94885" lon="176.75017">
        <ele>15.2</ele>
      </trkpt>
      <trkpt lat="-37.94896" lon="176.75013">
        <ele>15.3</ele>
      </trkpt>
      <trkpt lat="-37.94906" lon="176.75009">
        <ele>15.5</ele>
      </trkpt>
      <trkpt lat="-37.94917" lon="176.75006">
        <ele>15.6</ele>
      </trkpt>
      <trkpt lat="-37.94929" lon="176.75004">
        <ele>15.3</ele>
      </trkpt>
      <trkpt lat="-37.94941" lon="176.75">
        <ele>15.1</ele>
      </trkpt>
      <trkpt lat="-37.94963" lon="176.74993">
        <ele>15.0</ele>
      </trkpt>
      <trkpt lat="-37.94986" lon="176.74979">
        <ele>15.2</ele>
      </trkpt>
      <trkpt lat="-37.94995" lon="176.74973">
        <ele>15.2</ele>
      </trkpt>
      <trkpt lat="-37.95004" lon="176.74966">
        <ele>15.5</ele>
      </trkpt>
      <trkpt lat="-37.95013" lon="176.74962">
        <ele>16.0</ele>
      </trkpt>
      <trkpt lat="-37.95023" lon="176.74958">
        <ele>16.6</ele>
      </trkpt>
      <trkpt lat="-37.95032" lon="176.74956">
        <ele>17.0</ele>
      </trkpt>
      <trkpt lat="-37.95041" lon="176.74954">
        <ele>17.4</ele>
      </trkpt>
      <trkpt lat="-37.95051" lon="176.74954">
        <ele>17.7</ele>
      </trkpt>
      <trkpt lat="-37.95075" lon="176.74957">
        <ele>18.0</ele>
      </trkpt>
      <trkpt lat="-37.95099" lon="176.74957">
        <ele>18.3</ele>
      </trkpt>
      <trkpt lat="-37.95134" lon="176.74954">
        <ele>18.9</ele>
      </trkpt>
      <trkpt lat="-37.95171" lon="176.7495">
        <ele>19.3</ele>
      </trkpt>
      <trkpt lat="-37.95186" lon="176.74948">
        <ele>18.6</ele>
      </trkpt>
      <trkpt lat="-37.95207" lon="176.74942">
        <ele>17.8</ele>
      </trkpt>
      <trkpt lat="-37.9523" lon="176.74927">
        <ele>17.2</ele>
      </trkpt>
      <trkpt lat="-37.95244" lon="176.74914">
        <ele>16.6</ele>
      </trkpt>
      <trkpt lat="-37.95254" lon="176.74904">
        <ele>16.1</ele>
      </trkpt>
      <trkpt lat="-37.95261" lon="176.74895">
        <ele>16.1</ele>
      </trkpt>
      <trkpt lat="-37.95267" lon="176.74885">
        <ele>16.3</ele>
      </trkpt>
      <trkpt lat="-37.95275" lon="176.74875">
        <ele>16.5</ele>
      </trkpt>
      <trkpt lat="-37.95282" lon="176.74867">
        <ele>16.7</ele>
      </trkpt>
      <trkpt lat="-37.95287" lon="176.74862">
        <ele>16.9</ele>
      </trkpt>
      <trkpt lat="-37.95295" lon="176.74856">
        <ele>17.2</ele>
      </trkpt>
      <trkpt lat="-37.95304" lon="176.74853">
        <ele>17.4</ele>
      </trkpt>
      <trkpt lat="-37.95312" lon="176.74852">
        <ele>17.6</ele>
      </trkpt>
      <trkpt lat="-37.9532" lon="176.74851">
        <ele>17.8</ele>
      </trkpt>
      <trkpt lat="-37.95333" lon="176.74853">
        <ele>17.8</ele>
      </trkpt>
      <trkpt lat="-37.95349" lon="176.74856">
        <ele>18.0</ele>
      </trkpt>
      <trkpt lat="-37.95375" lon="176.74864">
        <ele>17.9</ele>
      </trkpt>
      <trkpt lat="-37.95384" lon="176.74868">
        <ele>17.7</ele>
      </trkpt>
      <trkpt lat="-37.95395" lon="176.74871">
        <ele>17.6</ele>
      </trkpt>
      <trkpt lat="-37.95403" lon="176.7487">
        <ele>17.8</ele>
      </trkpt>
      <trkpt lat="-37.9541" lon="176.74869">
        <ele>18.0</ele>
      </trkpt>
      <trkpt lat="-37.95434" lon="176.74862">
        <ele>18.2</ele>
      </trkpt>
      <trkpt lat="-37.95448" lon="176.74858">
        <ele>18.0</ele>
      </trkpt>
      <trkpt lat="-37.95463" lon="176.74854">
        <ele>17.7</ele>
      </trkpt>
      <trkpt lat="-37.95472" lon="176.74853">
        <ele>17.3</ele>
      </trkpt>
      <trkpt lat="-37.95479" lon="176.7485">
        <ele>17.2</ele>
      </trkpt>
      <trkpt lat="-37.95489" lon="176.74843">
        <ele>17.1</ele>
      </trkpt>
      <trkpt lat="-37.955" lon="176.74833">
        <ele>17.0</ele>
      </trkpt>
      <trkpt lat="-37.95516" lon="176.74817">
        <ele>17.1</ele>
      </trkpt>
      <trkpt lat="-37.95543" lon="176.7479">
        <ele>17.0</ele>
      </trkpt>
      <trkpt lat="-37.95564" lon="176.7477">
        <ele>16.6</ele>
      </trkpt>
      <trkpt lat="-37.95597" lon="176.7474">
        <ele>15.6</ele>
      </trkpt>
      <trkpt lat="-37.95642" lon="176.74697">
        <ele>14.5</ele>
      </trkpt>
      <trkpt lat="-37.95669" lon="176.74672">
        <ele>13.9</ele>
      </trkpt>
      <trkpt lat="-37.95707" lon="176.74636">
        <ele>14.3</ele>
      </trkpt>
      <trkpt lat="-37.95731" lon="176.74612">
        <ele>14.5</ele>
      </trkpt>
      <trkpt lat="-37.9579" lon="176.74556">
        <ele>15.0</ele>
      </trkpt>
      <trkpt lat="-37.95807" lon="176.74541">
        <ele>15.5</ele>
      </trkpt>
      <trkpt lat="-37.95822" lon="176.74529">
        <ele>16.2</ele>
      </trkpt>
      <trkpt lat="-37.95834" lon="176.74523">
        <ele>16.6</ele>
      </trkpt>
      <trkpt lat="-37.95849" lon="176.74518">
        <ele>16.8</ele>
      </trkpt>
      <trkpt lat="-37.9587" lon="176.74513">
        <ele>17.1</ele>
      </trkpt>
      <trkpt lat="-37.95897" lon="176.74508">
        <ele>17.4</ele>
      </trkpt>
      <trkpt lat="-37.95918" lon="176.74502">
        <ele>17.8</ele>
      </trkpt>
      <trkpt lat="-37.95936" lon="176.74495">
        <ele>17.5</ele>
      </trkpt>
      <trkpt lat="-37.95948" lon="176.74484">
        <ele>18.0</ele>
      </trkpt>
      <trkpt lat="-37.95961" lon="176.7447">
        <ele>18.5</ele>
      </trkpt>
      <trkpt lat="-37.9598" lon="176.7444">
        <ele>19.2</ele>
      </trkpt>
      <trkpt lat="-37.95998" lon="176.74411">
        <ele>19.1</ele>
      </trkpt>
      <trkpt lat="-37.96012" lon="176.74389">
        <ele>20.6</ele>
      </trkpt>
      <trkpt lat="-37.96025" lon="176.74372">
        <ele>21.4</ele>
      </trkpt>
      <trkpt lat="-37.96037" lon="176.74361">
        <ele>21.3</ele>
      </trkpt>
      <trkpt lat="-37.96049" lon="176.7435">
        <ele>21.0</ele>
      </trkpt>
      <trkpt lat="-37.96065" lon="176.74339">
        <ele>20.0</ele>
      </trkpt>
      <trkpt lat="-37.96079" lon="176.74332">
        <ele>18.9</ele>
      </trkpt>
      <trkpt lat="-37.96099" lon="176.74323">
        <ele>19.7</ele>
      </trkpt>
      <trkpt lat="-37.96116" lon="176.74314">
        <ele>20.6</ele>
      </trkpt>
      <trkpt lat="-37.96129" lon="176.74306">
        <ele>21.3</ele>
      </trkpt>
      <trkpt lat="-37.96177" lon="176.7428">
        <ele>21.7</ele>
      </trkpt>
      <trkpt lat="-37.96202" lon="176.74268">
        <ele>22.2</ele>
      </trkpt>
      <trkpt lat="-37.96219" lon="176.74261">
        <ele>22.3</ele>
      </trkpt>
      <trkpt lat="-37.96235" lon="176.74255">
        <ele>22.2</ele>
      </trkpt>
      <trkpt lat="-37.96253" lon="176.74249">
        <ele>21.9</ele>
      </trkpt>
      <trkpt lat="-37.96284" lon="176.74237">
        <ele>21.3</ele>
      </trkpt>
      <trkpt lat="-37.96311" lon="176.74226">
        <ele>20.8</ele>
      </trkpt>
      <trkpt lat="-37.96323" lon="176.7422">
        <ele>20.8</ele>
      </trkpt>
      <trkpt lat="-37.96333" lon="176.74214">
        <ele>20.9</ele>
      </trkpt>
      <trkpt lat="-37.96383" lon="176.74181">
        <ele>20.5</ele>
      </trkpt>
      <trkpt lat="-37.96413" lon="176.74164">
        <ele>18.3</ele>
      </trkpt>
      <trkpt lat="-37.96437" lon="176.74151">
        <ele>19.8</ele>
      </trkpt>
      <trkpt lat="-37.96462" lon="176.74136">
        <ele>20.9</ele>
      </trkpt>
      <trkpt lat="-37.9649" lon="176.74116">
        <ele>20.8</ele>
      </trkpt>
      <trkpt lat="-37.96499" lon="176.74107">
        <ele>20.6</ele>
      </trkpt>
      <trkpt lat="-37.96507" lon="176.741">
        <ele>21.0</ele>
      </trkpt>
      <trkpt lat="-37.9652" lon="176.74084">
        <ele>22.2</ele>
      </trkpt>
      <trkpt lat="-37.96527" lon="176.74074">
        <ele>23.4</ele>
      </trkpt>
      <trkpt lat="-37.96572" lon="176.74025">
        <ele>26.1</ele>
      </trkpt>
      <trkpt lat="-37.96588" lon="176.74007">
        <ele>26.4</ele>
      </trkpt>
      <trkpt lat="-37.96616" lon="176.7398">
        <ele>30.0</ele>
      </trkpt>
      <trkpt lat="-37.96648" lon="176.73949">
        <ele>31.4</ele>
      </trkpt>
      <trkpt lat="-37.96669" lon="176.73928">
        <ele>30.5</ele>
      </trkpt>
      <trkpt lat="-37.96678" lon="176.73919">
        <ele>31.2</ele>
      </trkpt>
      <trkpt lat="-37.96696" lon="176.73904">
        <ele>31.7</ele>
      </trkpt>
      <trkpt lat="-37.96702" lon="176.73897">
        <ele>31.8</ele>
      </trkpt>
      <trkpt lat="-37.96709" lon="176.73887">
        <ele>31.8</ele>
      </trkpt>
      <trkpt lat="-37.9672" lon="176.73868">
        <ele>31.7</ele>
      </trkpt>
      <trkpt lat="-37.96738" lon="176.73834">
        <ele>31.2</ele>
      </trkpt>
      <trkpt lat="-37.96765" lon="176.73785">
        <ele>35.8</ele>
      </trkpt>
      <trkpt lat="-37.96789" lon="176.73739">
        <ele>39.4</ele>
      </trkpt>
      <trkpt lat="-37.96798" lon="176.73726">
        <ele>39.9</ele>
      </trkpt>
      <trkpt lat="-37.96809" lon="176.7371">
        <ele>39.5</ele>
      </trkpt>
      <trkpt lat="-37.9682" lon="176.73696">
        <ele>38.0</ele>
      </trkpt>
      <trkpt lat="-37.96838" lon="176.73678">
        <ele>34.2</ele>
      </trkpt>
      <trkpt lat="-37.96851" lon="176.73662">
        <ele>32.8</ele>
      </trkpt>
      <trkpt lat="-37.96869" lon="176.73644">
        <ele>32.6</ele>
      </trkpt>
      <trkpt lat="-37.96894" lon="176.73622">
        <ele>31.2</ele>
      </trkpt>
      <trkpt lat="-37.96924" lon="176.73597">
        <ele>28.5</ele>
      </trkpt>
      <trkpt lat="-37.96956" lon="176.7357">
        <ele>26.9</ele>
      </trkpt>
      <trkpt lat="-37.97001" lon="176.73528">
        <ele>23.2</ele>
      </trkpt>
      <trkpt lat="-37.97027" lon="176.73506">
        <ele>21.8</ele>
      </trkpt>
      <trkpt lat="-37.97059" lon="176.73474">
        <ele>20.0</ele>
      </trkpt>
      <trkpt lat="-37.97071" lon="176.73461">
        <ele>18.8</ele>
      </trkpt>
      <trkpt lat="-37.9709" lon="176.7344">
        <ele>17.1</ele>
      </trkpt>
      <trkpt lat="-37.97113" lon="176.73409">
        <ele>17.3</ele>
      </trkpt>
      <trkpt lat="-37.97138" lon="176.73371">
        <ele>18.7</ele>
      </trkpt>
      <trkpt lat="-37.97156" lon="176.73348">
        <ele>18.4</ele>
      </trkpt>
      <trkpt lat="-37.97166" lon="176.73335">
        <ele>18.0</ele>
      </trkpt>
      <trkpt lat="-37.97213" lon="176.73288">
        <ele>18.9</ele>
      </trkpt>
      <trkpt lat="-37.97223" lon="176.73274">
        <ele>18.8</ele>
      </trkpt>
      <trkpt lat="-37.97299" lon="176.73163">
        <ele>21.4</ele>
      </trkpt>
      <trkpt lat="-37.97304" lon="176.73154">
        <ele>22.3</ele>
      </trkpt>
      <trkpt lat="-37.97322" lon="176.73138">
        <ele>23.0</ele>
      </trkpt>
      <trkpt lat="-37.97364" lon="176.73099">
        <ele>21.6</ele>
      </trkpt>
      <trkpt lat="-37.97405" lon="176.73067">
        <ele>19.6</ele>
      </trkpt>
      <trkpt lat="-37.97436" lon="176.73043">
        <ele>19.4</ele>
      </trkpt>
      <trkpt lat="-37.97468" lon="176.73019">
        <ele>18.5</ele>
      </trkpt>
      <trkpt lat="-37.97488" lon="176.73006">
        <ele>17.1</ele>
      </trkpt>
      <trkpt lat="-37.97501" lon="176.72999">
        <ele>16.2</ele>
      </trkpt>
      <trkpt lat="-37.97527" lon="176.7299">
        <ele>17.9</ele>
      </trkpt>
      <trkpt lat="-37.9769" lon="176.72945">
        <ele>16.4</ele>
      </trkpt>
      <trkpt lat="-37.97803" lon="176.7291">
        <ele>16.0</ele>
      </trkpt>
      <trkpt lat="-37.97816" lon="176.72906">
        <ele>16.2</ele>
      </trkpt>
      <trkpt lat="-37.97844" lon="176.72892">
        <ele>16.6</ele>
      </trkpt>
      <trkpt lat="-37.9786" lon="176.72883">
        <ele>16.8</ele>
      </trkpt>
      <trkpt lat="-37.97901" lon="176.72859">
        <ele>16.3</ele>
      </trkpt>
      <trkpt lat="-37.97938" lon="176.72836">
        <ele>15.5</ele>
      </trkpt>
      <trkpt lat="-37.97946" lon="176.72832">
        <ele>15.5</ele>
      </trkpt>
      <trkpt lat="-37.97957" lon="176.72828">
        <ele>15.9</ele>
      </trkpt>
      <trkpt lat="-37.97965" lon="176.72825">
        <ele>16.1</ele>
      </trkpt>
      <trkpt lat="-37.97984" lon="176.72822">
        <ele>15.7</ele>
      </trkpt>
      <trkpt lat="-37.98011" lon="176.7282">
        <ele>16.1</ele>
      </trkpt>
      <trkpt lat="-37.98029" lon="176.7282">
        <ele>17.3</ele>
      </trkpt>
      <trkpt lat="-37.98064" lon="176.72819">
        <ele>19.8</ele>
      </trkpt>
      <trkpt lat="-37.9808" lon="176.72816">
        <ele>21.0</ele>
      </trkpt>
      <trkpt lat="-37.98095" lon="176.72813">
        <ele>21.1</ele>
      </trkpt>
      <trkpt lat="-37.98141" lon="176.72791">
        <ele>21.2</ele>
      </trkpt>
      <trkpt lat="-37.98169" lon="176.72774">
        <ele>21.3</ele>
      </trkpt>
      <trkpt lat="-37.98191" lon="176.72759">
        <ele>20.3</ele>
      </trkpt>
      <trkpt lat="-37.98344" lon="176.72675">
        <ele>21.7</ele>
      </trkpt>
      <trkpt lat="-37.98411" lon="176.72637">
        <ele>25.6</ele>
      </trkpt>
      <trkpt lat="-37.98442" lon="176.72618">
        <ele>25.1</ele>
      </trkpt>
      <trkpt lat="-37.98658" lon="176.72497">
        <ele>26.5</ele>
      </trkpt>
      <trkpt lat="-37.98676" lon="176.72489">
        <ele>26.0</ele>
      </trkpt>
      <trkpt lat="-37.98767" lon="176.72449">
        <ele>25.5</ele>
      </trkpt>
      <trkpt lat="-37.98841" lon="176.72416">
        <ele>28.0</ele>
      </trkpt>
      <trkpt lat="-37.98945" lon="176.72375">
        <ele>30.6</ele>
      </trkpt>
      <trkpt lat="-37.98988" lon="176.72358">
        <ele>30.7</ele>
      </trkpt>
      <trkpt lat="-37.99025" lon="176.72343">
        <ele>30.8</ele>
      </trkpt>
      <trkpt lat="-37.99056" lon="176.7233">
        <ele>31.3</ele>
      </trkpt>
      <trkpt lat="-37.99105" lon="176.72309">
        <ele>33.6</ele>
      </trkpt>
      <trkpt lat="-37.99157" lon="176.72287">
        <ele>33.4</ele>
      </trkpt>
      <trkpt lat="-37.99212" lon="176.72263">
        <ele>34.2</ele>
      </trkpt>
      <trkpt lat="-37.9928" lon="176.72236">
        <ele>34.5</ele>
      </trkpt>
      <trkpt lat="-37.9932" lon="176.72219">
        <ele>33.3</ele>
      </trkpt>
      <trkpt lat="-37.9935" lon="176.72207">
        <ele>32.5</ele>
      </trkpt>
      <trkpt lat="-37.99364" lon="176.72203">
        <ele>32.2</ele>
      </trkpt>
      <trkpt lat="-37.99387" lon="176.72202">
        <ele>31.6</ele>
      </trkpt>
      <trkpt lat="-37.99403" lon="176.72199">
        <ele>31.2</ele>
      </trkpt>
      <trkpt lat="-37.99456" lon="176.72205">
        <ele>30.6</ele>
      </trkpt>
      <trkpt lat="-37.99488" lon="176.72208">
        <ele>30.5</ele>
      </trkpt>
      <trkpt lat="-37.99516" lon="176.72209">
        <ele>30.7</ele>
      </trkpt>
      <trkpt lat="-37.99535" lon="176.72209">
        <ele>30.9</ele>
      </trkpt>
      <trkpt lat="-37.99551" lon="176.72208">
        <ele>31.1</ele>
      </trkpt>
      <trkpt lat="-37.99561" lon="176.72203">
        <ele>31.3</ele>
      </trkpt>
      <trkpt lat="-37.99573" lon="176.72194">
        <ele>31.6</ele>
      </trkpt>
      <trkpt lat="-37.99588" lon="176.7218">
        <ele>32.0</ele>
      </trkpt>
      <trkpt lat="-37.99632" lon="176.72134">
        <ele>34.2</ele>
      </trkpt>
      <trkpt lat="-37.99642" lon="176.72122">
        <ele>34.6</ele>
      </trkpt>
      <trkpt lat="-37.99649" lon="176.72111">
        <ele>34.8</ele>
      </trkpt>
      <trkpt lat="-37.99658" lon="176.72097">
        <ele>34.9</ele>
      </trkpt>
      <trkpt lat="-37.99664" lon="176.72084">
        <ele>35.0</ele>
      </trkpt>
      <trkpt lat="-37.99671" lon="176.72065">
        <ele>36.3</ele>
      </trkpt>
      <trkpt lat="-37.99677" lon="176.72046">
        <ele>37.5</ele>
      </trkpt>
      <trkpt lat="-37.99695" lon="176.71965">
        <ele>41.1</ele>
      </trkpt>
      <trkpt lat="-37.99699" lon="176.71945">
        <ele>41.7</ele>
      </trkpt>
      <trkpt lat="-37.99718" lon="176.71879">
        <ele>43.4</ele>
      </trkpt>
      <trkpt lat="-37.99731" lon="176.71832">
        <ele>44.8</ele>
      </trkpt>
      <trkpt lat="-37.99744" lon="176.71788">
        <ele>46.3</ele>
      </trkpt>
      <trkpt lat="-37.99748" lon="176.71772">
        <ele>46.6</ele>
      </trkpt>
      <trkpt lat="-37.99752" lon="176.71743">
        <ele>46.9</ele>
      </trkpt>
      <trkpt lat="-37.99755" lon="176.71729">
        <ele>46.5</ele>
      </trkpt>
      <trkpt lat="-37.99759" lon="176.71716">
        <ele>46.0</ele>
      </trkpt>
      <trkpt lat="-37.99765" lon="176.71702">
        <ele>45.2</ele>
      </trkpt>
      <trkpt lat="-37.99772" lon="176.7169">
        <ele>44.2</ele>
      </trkpt>
      <trkpt lat="-37.99781" lon="176.71676">
        <ele>42.7</ele>
      </trkpt>
      <trkpt lat="-37.99788" lon="176.71668">
        <ele>41.5</ele>
      </trkpt>
      <trkpt lat="-37.99798" lon="176.71662">
        <ele>40.4</ele>
      </trkpt>
      <trkpt lat="-37.9981" lon="176.71655">
        <ele>39.1</ele>
      </trkpt>
      <trkpt lat="-37.99825" lon="176.71648">
        <ele>37.6</ele>
      </trkpt>
      <trkpt lat="-37.99849" lon="176.71638">
        <ele>36.8</ele>
      </trkpt>
      <trkpt lat="-37.99875" lon="176.71627">
        <ele>36.5</ele>
      </trkpt>
      <trkpt lat="-37.99899" lon="176.71619">
        <ele>35.9</ele>
      </trkpt>
      <trkpt lat="-37.99932" lon="176.71606">
        <ele>34.2</ele>
      </trkpt>
      <trkpt lat="-37.99945" lon="176.71604">
        <ele>33.2</ele>
      </trkpt>
      <trkpt lat="-37.99959" lon="176.71605">
        <ele>32.2</ele>
      </trkpt>
      <trkpt lat="-37.99972" lon="176.71606">
        <ele>31.3</ele>
      </trkpt>
      <trkpt lat="-37.99986" lon="176.71609">
        <ele>30.5</ele>
      </trkpt>
      <trkpt lat="-37.99996" lon="176.71612">
        <ele>30.0</ele>
      </trkpt>
      <trkpt lat="-38.00031" lon="176.71626">
        <ele>28.5</ele>
      </trkpt>
      <trkpt lat="-38.00052" lon="176.71637">
        <ele>27.3</ele>
      </trkpt>
      <trkpt lat="-38.00065" lon="176.71643">
        <ele>26.4</ele>
      </trkpt>
      <trkpt lat="-38.00073" lon="176.71648">
        <ele>25.9</ele>
      </trkpt>
      <trkpt lat="-38.00103" lon="176.71673">
        <ele>26.5</ele>
      </trkpt>
      <trkpt lat="-38.00117" lon="176.71688">
        <ele>27.4</ele>
      </trkpt>
      <trkpt lat="-38.00124" lon="176.71698">
        <ele>27.7</ele>
      </trkpt>
      <trkpt lat="-38.00131" lon="176.71711">
        <ele>27.9</ele>
      </trkpt>
      <trkpt lat="-38.00138" lon="176.71729">
        <ele>27.9</ele>
      </trkpt>
      <trkpt lat="-38.00144" lon="176.71752">
        <ele>27.5</ele>
      </trkpt>
      <trkpt lat="-38.00154" lon="176.71789">
        <ele>25.7</ele>
      </trkpt>
      <trkpt lat="-38.00162" lon="176.71817">
        <ele>24.1</ele>
      </trkpt>
      <trkpt lat="-38.00172" lon="176.71845">
        <ele>22.9</ele>
      </trkpt>
      <trkpt lat="-38.00191" lon="176.71891">
        <ele>23.3</ele>
      </trkpt>
      <trkpt lat="-38.002" lon="176.71901">
        <ele>23.9</ele>
      </trkpt>
      <trkpt lat="-38.00209" lon="176.7191">
        <ele>24.6</ele>
      </trkpt>
      <trkpt lat="-38.00219" lon="176.71918">
        <ele>25.3</ele>
      </trkpt>
      <trkpt lat="-38.0023" lon="176.71927">
        <ele>25.9</ele>
      </trkpt>
      <trkpt lat="-38.00245" lon="176.71938">
        <ele>26.6</ele>
      </trkpt>
      <trkpt lat="-38.00259" lon="176.71948">
        <ele>26.8</ele>
      </trkpt>
      <trkpt lat="-38.00268" lon="176.71951">
        <ele>27.0</ele>
      </trkpt>
      <trkpt lat="-38.00278" lon="176.71954">
        <ele>27.2</ele>
      </trkpt>
      <trkpt lat="-38.00288" lon="176.71954">
        <ele>27.6</ele>
      </trkpt>
      <trkpt lat="-38.00303" lon="176.71951">
        <ele>28.3</ele>
      </trkpt>
      <trkpt lat="-38.00316" lon="176.71947">
        <ele>28.9</ele>
      </trkpt>
      <trkpt lat="-38.00328" lon="176.71942">
        <ele>29.6</ele>
      </trkpt>
      <trkpt lat="-38.00342" lon="176.71935">
        <ele>30.9</ele>
      </trkpt>
      <trkpt lat="-38.00356" lon="176.71926">
        <ele>32.5</ele>
      </trkpt>
      <trkpt lat="-38.00369" lon="176.71917">
        <ele>34.0</ele>
      </trkpt>
      <trkpt lat="-38.00392" lon="176.71898">
        <ele>36.2</ele>
      </trkpt>
      <trkpt lat="-38.00421" lon="176.71873">
        <ele>37.9</ele>
      </trkpt>
      <trkpt lat="-38.00471" lon="176.71832">
        <ele>42.9</ele>
      </trkpt>
      <trkpt lat="-38.00491" lon="176.71817">
        <ele>44.6</ele>
      </trkpt>
      <trkpt lat="-38.00511" lon="176.71804">
        <ele>46.0</ele>
      </trkpt>
      <trkpt lat="-38.00523" lon="176.71795">
        <ele>46.8</ele>
      </trkpt>
      <trkpt lat="-38.00557" lon="176.71768">
        <ele>49.5</ele>
      </trkpt>
      <trkpt lat="-38.00634" lon="176.71691">
        <ele>56.4</ele>
      </trkpt>
      <trkpt lat="-38.00648" lon="176.71679">
        <ele>58.2</ele>
      </trkpt>
      <trkpt lat="-38.00655" lon="176.71675">
        <ele>59.2</ele>
      </trkpt>
      <trkpt lat="-38.00667" lon="176.71669">
        <ele>61.0</ele>
      </trkpt>
      <trkpt lat="-38.00776" lon="176.71631">
        <ele>64.5</ele>
      </trkpt>
      <trkpt lat="-38.00798" lon="176.71624">
        <ele>62.4</ele>
      </trkpt>
      <trkpt lat="-38.00818" lon="176.7162">
        <ele>60.5</ele>
      </trkpt>
      <trkpt lat="-38.0083" lon="176.71616">
        <ele>59.3</ele>
      </trkpt>
      <trkpt lat="-38.0085" lon="176.71614">
        <ele>57.0</ele>
      </trkpt>
      <trkpt lat="-38.00881" lon="176.71608">
        <ele>53.0</ele>
      </trkpt>
      <trkpt lat="-38.00925" lon="176.71595">
        <ele>46.2</ele>
      </trkpt>
      <trkpt lat="-38.00953" lon="176.71586">
        <ele>42.8</ele>
      </trkpt>
      <trkpt lat="-38.0097" lon="176.71582">
        <ele>41.0</ele>
      </trkpt>
      <trkpt lat="-38.00979" lon="176.71581">
        <ele>40.3</ele>
      </trkpt>
      <trkpt lat="-38.00988" lon="176.71582">
        <ele>39.7</ele>
      </trkpt>
      <trkpt lat="-38.01002" lon="176.71587">
        <ele>39.3</ele>
      </trkpt>
      <trkpt lat="-38.01014" lon="176.71593">
        <ele>39.1</ele>
      </trkpt>
      <trkpt lat="-38.01024" lon="176.716">
        <ele>39.0</ele>
      </trkpt>
      <trkpt lat="-38.01039" lon="176.71613">
        <ele>38.6</ele>
      </trkpt>
      <trkpt lat="-38.01055" lon="176.71627">
        <ele>37.7</ele>
      </trkpt>
      <trkpt lat="-38.01065" lon="176.71635">
        <ele>36.8</ele>
      </trkpt>
      <trkpt lat="-38.01077" lon="176.71641">
        <ele>35.3</ele>
      </trkpt>
      <trkpt lat="-38.01156" lon="176.71694">
        <ele>31.1</ele>
      </trkpt>
      <trkpt lat="-38.0133" lon="176.71807">
        <ele>24.7</ele>
      </trkpt>
      <trkpt lat="-38.013301" lon="176.718071">
        <ele>24.7</ele>
      </trkpt>
      <trkpt lat="-38.01502" lon="176.71923">
        <ele>23.2</ele>
      </trkpt>
      <trkpt lat="-38.01705" lon="176.72057">
        <ele>21.0</ele>
      </trkpt>
      <trkpt lat="-38.01891" lon="176.72181">
        <ele>18.5</ele>
      </trkpt>
      <trkpt lat="-38.01903" lon="176.72185">
        <ele>18.2</ele>
      </trkpt>
      <trkpt lat="-38.01931" lon="176.72195">
        <ele>18.1</ele>
      </trkpt>
      <trkpt lat="-38.01947" lon="176.72199">
        <ele>18.2</ele>
      </trkpt>
      <trkpt lat="-38.01962" lon="176.72202">
        <ele>18.3</ele>
      </trkpt>
      <trkpt lat="-38.02026" lon="176.72094">
        <ele>17.5</ele>
      </trkpt>
      <trkpt lat="-38.02108" lon="176.7195">
        <ele>21.7</ele>
      </trkpt>
      <trkpt lat="-38.0212" lon="176.71931">
        <ele>23.4</ele>
      </trkpt>
      <trkpt lat="-38.02217" lon="176.71943">
        <ele>31.6</ele>
      </trkpt>
      <trkpt lat="-38.02463" lon="176.71975">
        <ele>24.5</ele>
      </trkpt>
      <trkpt lat="-38.02466" lon="176.71975">
        <ele>24.7</ele>
      </trkpt>
      <trkpt lat="-38.02467" lon="176.71975">
        <ele>24.8</ele>
      </trkpt>
      <trkpt lat="-38.02469" lon="176.71975">
        <ele>24.9</ele>
      </trkpt>
      <trkpt lat="-38.02474" lon="176.71975">
        <ele>25.3</ele>
      </trkpt>
      <trkpt lat="-38.0248" lon="176.71974">
        <ele>25.8</ele>
      </trkpt>
      <trkpt lat="-38.02486" lon="176.71974">
        <ele>26.2</ele>
      </trkpt>
      <trkpt lat="-38.02493" lon="176.7197">
        <ele>27.0</ele>
      </trkpt>
      <trkpt lat="-38.02508" lon="176.71992">
        <ele>26.4</ele>
      </trkpt>
      <trkpt lat="-38.02526" lon="176.72014">
        <ele>26.1</ele>
      </trkpt>
      <trkpt lat="-38.0254" lon="176.72031">
        <ele>25.6</ele>
      </trkpt>
      <trkpt lat="-38.02552" lon="176.72051">
        <ele>24.4</ele>
      </trkpt>
      <trkpt lat="-38.02563" lon="176.72077">
        <ele>22.2</ele>
      </trkpt>
      <trkpt lat="-38.0258" lon="176.72118">
        <ele>20.3</ele>
      </trkpt>
      <trkpt lat="-38.02595" lon="176.72153">
        <ele>19.1</ele>
      </trkpt>
      <trkpt lat="-38.02607" lon="176.7218">
        <ele>19.0</ele>
      </trkpt>
      <trkpt lat="-38.02632" lon="176.72227">
        <ele>21.4</ele>
      </trkpt>
      <trkpt lat="-38.02641" lon="176.72247">
        <ele>22.7</ele>
      </trkpt>
      <trkpt lat="-38.02647" lon="176.72266">
        <ele>23.9</ele>
      </trkpt>
      <trkpt lat="-38.02652" lon="176.72292">
        <ele>25.3</ele>
      </trkpt>
      <trkpt lat="-38.02653" lon="176.72307">
        <ele>26.0</ele>
      </trkpt>
      <trkpt lat="-38.02654" lon="176.72326">
        <ele>26.9</ele>
      </trkpt>
      <trkpt lat="-38.02653" lon="176.72346">
        <ele>27.1</ele>
      </trkpt>
      <trkpt lat="-38.02649" lon="176.72379">
        <ele>26.8</ele>
      </trkpt>
      <trkpt lat="-38.02646" lon="176.72408">
        <ele>26.7</ele>
      </trkpt>
      <trkpt lat="-38.02645" lon="176.72433">
        <ele>26.4</ele>
      </trkpt>
      <trkpt lat="-38.02645" lon="176.72461">
        <ele>26.0</ele>
      </trkpt>
      <trkpt lat="-38.02647" lon="176.72483">
        <ele>25.9</ele>
      </trkpt>
      <trkpt lat="-38.02652" lon="176.72511">
        <ele>25.9</ele>
      </trkpt>
      <trkpt lat="-38.02657" lon="176.72542">
        <ele>25.6</ele>
      </trkpt>
      <trkpt lat="-38.02664" lon="176.72574">
        <ele>25.1</ele>
      </trkpt>
      <trkpt lat="-38.02667" lon="176.72596">
        <ele>25.0</ele>
      </trkpt>
      <trkpt lat="-38.0267" lon="176.7262">
        <ele>24.9</ele>
      </trkpt>
      <trkpt lat="-38.02671" lon="176.72644">
        <ele>24.9</ele>
      </trkpt>
      <trkpt lat="-38.02669" lon="176.7267">
        <ele>25.0</ele>
      </trkpt>
      <trkpt lat="-38.02666" lon="176.72694">
        <ele>25.0</ele>
      </trkpt>
      <trkpt lat="-38.02662" lon="176.72715">
        <ele>24.7</ele>
      </trkpt>
      <trkpt lat="-38.02655" lon="176.72737">
        <ele>24.3</ele>
      </trkpt>
      <trkpt lat="-38.02647" lon="176.7276">
        <ele>23.7</ele>
      </trkpt>
      <trkpt lat="-38.02596" lon="176.72886">
        <ele>20.8</ele>
      </trkpt>
      <trkpt lat="-38.02586" lon="176.72911">
        <ele>20.2</ele>
      </trkpt>
      <trkpt lat="-38.02575" lon="176.72941">
        <ele>19.6</ele>
      </trkpt>
      <trkpt lat="-38.02567" lon="176.72964">
        <ele>19.3</ele>
      </trkpt>
      <trkpt lat="-38.02559" lon="176.72993">
        <ele>19.1</ele>
      </trkpt>
      <trkpt lat="-38.02548" lon="176.73036">
        <ele>18.7</ele>
      </trkpt>
      <trkpt lat="-38.02535" lon="176.73088">
        <ele>18.4</ele>
      </trkpt>
      <trkpt lat="-38.02531" lon="176.73109">
        <ele>18.3</ele>
      </trkpt>
      <trkpt lat="-38.02526" lon="176.73138">
        <ele>18.1</ele>
      </trkpt>
      <trkpt lat="-38.02524" lon="176.7316">
        <ele>17.9</ele>
      </trkpt>
      <trkpt lat="-38.02522" lon="176.73188">
        <ele>18.0</ele>
      </trkpt>
      <trkpt lat="-38.02522" lon="176.73227">
        <ele>18.4</ele>
      </trkpt>
      <trkpt lat="-38.02522" lon="176.73325">
        <ele>19.1</ele>
      </trkpt>
      <trkpt lat="-38.02522" lon="176.73365">
        <ele>19.7</ele>
      </trkpt>
      <trkpt lat="-38.02525" lon="176.73397">
        <ele>20.5</ele>
      </trkpt>
      <trkpt lat="-38.02527" lon="176.73419">
        <ele>20.8</ele>
      </trkpt>
      <trkpt lat="-38.0253" lon="176.73452">
        <ele>19.4</ele>
      </trkpt>
      <trkpt lat="-38.02539" lon="176.73479">
        <ele>18.2</ele>
      </trkpt>
      <trkpt lat="-38.02549" lon="176.73511">
        <ele>16.9</ele>
      </trkpt>
      <trkpt lat="-38.02559" lon="176.73538">
        <ele>16.5</ele>
      </trkpt>
      <trkpt lat="-38.02569" lon="176.7356">
        <ele>16.3</ele>
      </trkpt>
      <trkpt lat="-38.02579" lon="176.7358">
        <ele>16.0</ele>
      </trkpt>
      <trkpt lat="-38.0259" lon="176.73601">
        <ele>16.4</ele>
      </trkpt>
      <trkpt lat="-38.02616" lon="176.73647">
        <ele>18.1</ele>
      </trkpt>
      <trkpt lat="-38.02632" lon="176.73676">
        <ele>19.3</ele>
      </trkpt>
      <trkpt lat="-38.02645" lon="176.73703">
        <ele>19.4</ele>
      </trkpt>
      <trkpt lat="-38.02656" lon="176.73726">
        <ele>19.3</ele>
      </trkpt>
      <trkpt lat="-38.02665" lon="176.7375">
        <ele>19.0</ele>
      </trkpt>
      <trkpt lat="-38.02671" lon="176.73767">
        <ele>19.3</ele>
      </trkpt>
      <trkpt lat="-38.02681" lon="176.73801">
        <ele>19.8</ele>
      </trkpt>
      <trkpt lat="-38.02694" lon="176.73853">
        <ele>20.2</ele>
      </trkpt>
      <trkpt lat="-38.02695" lon="176.73856">
        <ele>20.2</ele>
      </trkpt>
      <trkpt lat="-38.027" lon="176.73882">
        <ele>19.9</ele>
      </trkpt>
      <trkpt lat="-38.02704" lon="176.73897">
        <ele>19.8</ele>
      </trkpt>
      <trkpt lat="-38.02708" lon="176.73914">
        <ele>19.5</ele>
      </trkpt>
      <trkpt lat="-38.02713" lon="176.73936">
        <ele>20.2</ele>
      </trkpt>
      <trkpt lat="-38.0272" lon="176.73965">
        <ele>21.3</ele>
      </trkpt>
      <trkpt lat="-38.02724" lon="176.73983">
        <ele>21.9</ele>
      </trkpt>
      <trkpt lat="-38.02729" lon="176.74003">
        <ele>22.5</ele>
      </trkpt>
      <trkpt lat="-38.02749" lon="176.74086">
        <ele>22.9</ele>
      </trkpt>
      <trkpt lat="-38.02761" lon="176.74138">
        <ele>20.9</ele>
      </trkpt>
      <trkpt lat="-38.02772" lon="176.7418">
        <ele>19.9</ele>
      </trkpt>
      <trkpt lat="-38.02781" lon="176.7422">
        <ele>19.6</ele>
      </trkpt>
      <trkpt lat="-38.02789" lon="176.74258">
        <ele>19.4</ele>
      </trkpt>
      <trkpt lat="-38.02794" lon="176.74287">
        <ele>19.3</ele>
      </trkpt>
      <trkpt lat="-38.028" lon="176.7432">
        <ele>19.1</ele>
      </trkpt>
      <trkpt lat="-38.02803" lon="176.74345">
        <ele>18.9</ele>
      </trkpt>
      <trkpt lat="-38.02804" lon="176.7437">
        <ele>18.8</ele>
      </trkpt>
      <trkpt lat="-38.02812" lon="176.74417">
        <ele>18.7</ele>
      </trkpt>
      <trkpt lat="-38.02816" lon="176.74465">
        <ele>18.1</ele>
      </trkpt>
      <trkpt lat="-38.02825" lon="176.74534">
        <ele>18.2</ele>
      </trkpt>
      <trkpt lat="-38.02831" lon="176.74599">
        <ele>19.1</ele>
      </trkpt>
      <trkpt lat="-38.02842" lon="176.74696">
        <ele>19.2</ele>
      </trkpt>
      <trkpt lat="-38.02849" lon="176.74739">
        <ele>18.2</ele>
      </trkpt>
      <trkpt lat="-38.02854" lon="176.74773">
        <ele>18.0</ele>
      </trkpt>
      <trkpt lat="-38.02866" lon="176.74834">
        <ele>18.0</ele>
      </trkpt>
      <trkpt lat="-38.02876" lon="176.74884">
        <ele>18.3</ele>
      </trkpt>
      <trkpt lat="-38.02888" lon="176.74945">
        <ele>18.8</ele>
      </trkpt>
      <trkpt lat="-38.02904" lon="176.75028">
        <ele>21.1</ele>
      </trkpt>
      <trkpt lat="-38.02934" lon="176.75178">
        <ele>21.1</ele>
      </trkpt>
      <trkpt lat="-38.02956" lon="176.75286">
        <ele>18.0</ele>
      </trkpt>
      <trkpt lat="-38.02974" lon="176.75378">
        <ele>18.2</ele>
      </trkpt>
      <trkpt lat="-38.03008" lon="176.75551">
        <ele>19.4</ele>
      </trkpt>
      <trkpt lat="-38.03025" lon="176.75636">
        <ele>20.5</ele>
      </trkpt>
      <trkpt lat="-38.03039" lon="176.75703">
        <ele>19.4</ele>
      </trkpt>
      <trkpt lat="-38.03048" lon="176.75757">
        <ele>18.5</ele>
      </trkpt>
      <trkpt lat="-38.03079" lon="176.75915">
        <ele>20.9</ele>
      </trkpt>
      <trkpt lat="-38.03103" lon="176.76037">
        <ele>19.3</ele>
      </trkpt>
      <trkpt lat="-38.03122" lon="176.76134">
        <ele>19.8</ele>
      </trkpt>
      <trkpt lat="-38.03135" lon="176.76199">
        <ele>20.8</ele>
      </trkpt>
      <trkpt lat="-38.03142" lon="176.76234">
        <ele>21.1</ele>
      </trkpt>
      <trkpt lat="-38.03147" lon="176.76264">
        <ele>21.1</ele>
      </trkpt>
      <trkpt lat="-38.03156" lon="176.76314">
        <ele>20.4</ele>
      </trkpt>
      <trkpt lat="-38.03161" lon="176.76338">
        <ele>20.1</ele>
      </trkpt>
      <trkpt lat="-38.03167" lon="176.7636">
        <ele>20.0</ele>
      </trkpt>
      <trkpt lat="-38.03177" lon="176.76413">
        <ele>20.0</ele>
      </trkpt>
      <trkpt lat="-38.03203" lon="176.76547">
        <ele>18.8</ele>
      </trkpt>
      <trkpt lat="-38.03214" lon="176.76605">
        <ele>18.8</ele>
      </trkpt>
      <trkpt lat="-38.03253" lon="176.76794">
        <ele>20.0</ele>
      </trkpt>
      <trkpt lat="-38.03272" lon="176.7689">
        <ele>21.7</ele>
      </trkpt>
      <trkpt lat="-38.0329" lon="176.76986">
        <ele>23.3</ele>
      </trkpt>
      <trkpt lat="-38.03299" lon="176.77035">
        <ele>24.0</ele>
      </trkpt>
      <trkpt lat="-38.033" lon="176.77038">
        <ele>24.0</ele>
      </trkpt>
      <trkpt lat="-38.03319" lon="176.77131">
        <ele>23.7</ele>
      </trkpt>
      <trkpt lat="-38.03329" lon="176.77181">
        <ele>23.1</ele>
      </trkpt>
      <trkpt lat="-38.03336" lon="176.77217">
        <ele>22.9</ele>
      </trkpt>
      <trkpt lat="-38.03342" lon="176.77244">
        <ele>22.6</ele>
      </trkpt>
      <trkpt lat="-38.03358" lon="176.77328">
        <ele>22.4</ele>
      </trkpt>
      <trkpt lat="-38.03364" lon="176.77365">
        <ele>22.2</ele>
      </trkpt>
      <trkpt lat="-38.03367" lon="176.77387">
        <ele>22.1</ele>
      </trkpt>
      <trkpt lat="-38.03374" lon="176.77421">
        <ele>21.9</ele>
      </trkpt>
      <trkpt lat="-38.03376" lon="176.77438">
        <ele>21.5</ele>
      </trkpt>
      <trkpt lat="-38.03381" lon="176.77468">
        <ele>20.6</ele>
      </trkpt>
      <trkpt lat="-38.03382" lon="176.77483">
        <ele>20.1</ele>
      </trkpt>
      <trkpt lat="-38.03385" lon="176.77508">
        <ele>19.3</ele>
      </trkpt>
      <trkpt lat="-38.03387" lon="176.77524">
        <ele>18.8</ele>
      </trkpt>
      <trkpt lat="-38.0339" lon="176.77552">
        <ele>18.1</ele>
      </trkpt>
      <trkpt lat="-38.03394" lon="176.77586">
        <ele>17.3</ele>
      </trkpt>
      <trkpt lat="-38.03398" lon="176.77621">
        <ele>17.1</ele>
      </trkpt>
      <trkpt lat="-38.03403" lon="176.77651">
        <ele>17.0</ele>
      </trkpt>
      <trkpt lat="-38.03408" lon="176.77676">
        <ele>16.9</ele>
      </trkpt>
      <trkpt lat="-38.03413" lon="176.77696">
        <ele>16.7</ele>
      </trkpt>
      <trkpt lat="-38.03414" lon="176.77698">
        <ele>16.6</ele>
      </trkpt>
      <trkpt lat="-38.03421" lon="176.77722">
        <ele>16.3</ele>
      </trkpt>
      <trkpt lat="-38.03431" lon="176.77753">
        <ele>16.0</ele>
      </trkpt>
      <trkpt lat="-38.03445" lon="176.77787">
        <ele>16.3</ele>
      </trkpt>
      <trkpt lat="-38.03463" lon="176.77826">
        <ele>16.4</ele>
      </trkpt>
      <trkpt lat="-38.03535" lon="176.7797">
        <ele>17.1</ele>
      </trkpt>
      <trkpt lat="-38.03631" lon="176.78162">
        <ele>16.5</ele>
      </trkpt>
      <trkpt lat="-38.03652" lon="176.78207">
        <ele>16.3</ele>
      </trkpt>
      <trkpt lat="-38.03663" lon="176.78232">
        <ele>16.1</ele>
      </trkpt>
      <trkpt lat="-38.03673" lon="176.78256">
        <ele>16.1</ele>
      </trkpt>
      <trkpt lat="-38.03686" lon="176.78289">
        <ele>16.6</ele>
      </trkpt>
      <trkpt lat="-38.03696" lon="176.78313">
        <ele>16.8</ele>
      </trkpt>
      <trkpt lat="-38.03704" lon="176.78343">
        <ele>17.0</ele>
      </trkpt>
      <trkpt lat="-38.03709" lon="176.78365">
        <ele>17.0</ele>
      </trkpt>
      <trkpt lat="-38.03714" lon="176.78393">
        <ele>17.0</ele>
      </trkpt>
      <trkpt lat="-38.03718" lon="176.78417">
        <ele>17.0</ele>
      </trkpt>
      <trkpt lat="-38.03724" lon="176.78454">
        <ele>17.2</ele>
      </trkpt>
      <trkpt lat="-38.03727" lon="176.78479">
        <ele>17.3</ele>
      </trkpt>
      <trkpt lat="-38.03729" lon="176.78505">
        <ele>17.5</ele>
      </trkpt>
      <trkpt lat="-38.03731" lon="176.78537">
        <ele>17.6</ele>
      </trkpt>
      <trkpt lat="-38.03732" lon="176.78571">
        <ele>17.8</ele>
      </trkpt>
      <trkpt lat="-38.03732" lon="176.78606">
        <ele>17.6</ele>
      </trkpt>
      <trkpt lat="-38.0373" lon="176.78642">
        <ele>17.2</ele>
      </trkpt>
      <trkpt lat="-38.03728" lon="176.78671">
        <ele>17.1</ele>
      </trkpt>
      <trkpt lat="-38.03725" lon="176.78706">
        <ele>17.7</ele>
      </trkpt>
      <trkpt lat="-38.03718" lon="176.78764">
        <ele>18.3</ele>
      </trkpt>
      <trkpt lat="-38.03699" lon="176.78918">
        <ele>17.8</ele>
      </trkpt>
      <trkpt lat="-38.03692" lon="176.78975">
        <ele>18.6</ele>
      </trkpt>
      <trkpt lat="-38.03678" lon="176.79082">
        <ele>18.1</ele>
      </trkpt>
      <trkpt lat="-38.03654" lon="176.79275">
        <ele>19.0</ele>
      </trkpt>
      <trkpt lat="-38.03645" lon="176.79348">
        <ele>19.4</ele>
      </trkpt>
      <trkpt lat="-38.0364" lon="176.79377">
        <ele>19.7</ele>
      </trkpt>
      <trkpt lat="-38.03635" lon="176.79433">
        <ele>19.5</ele>
      </trkpt>
      <trkpt lat="-38.03621" lon="176.79544">
        <ele>18.1</ele>
      </trkpt>
      <trkpt lat="-38.03617" lon="176.79564">
        <ele>18.4</ele>
      </trkpt>
      <trkpt lat="-38.03614" lon="176.79599">
        <ele>18.6</ele>
      </trkpt>
      <trkpt lat="-38.03612" lon="176.79615">
        <ele>18.7</ele>
      </trkpt>
      <trkpt lat="-38.036057" lon="176.796492">
        <ele>18.7</ele>
      </trkpt>
      <trkpt lat="-38.03605" lon="176.79653">
        <ele>18.7</ele>
      </trkpt>
      <trkpt lat="-38.03653" lon="176.79646">
        <ele>18.2</ele>
      </trkpt>
      <trkpt lat="-38.03836" lon="176.79627">
        <ele>18.5</ele>
      </trkpt>
      <trkpt lat="-38.03904" lon="176.79621">
        <ele>18.1</ele>
      </trkpt>
      <trkpt lat="-38.0397" lon="176.79615">
        <ele>18.0</ele>
      </trkpt>
      <trkpt lat="-38.04048" lon="176.79606">
        <ele>18.4</ele>
      </trkpt>
      <trkpt lat="-38.04084" lon="176.79603">
        <ele>18.8</ele>
      </trkpt>
      <trkpt lat="-38.04168" lon="176.79594">
        <ele>19.9</ele>
      </trkpt>
      <trkpt lat="-38.04238" lon="176.79587">
        <ele>20.0</ele>
      </trkpt>
      <trkpt lat="-38.04278" lon="176.79581">
        <ele>19.4</ele>
      </trkpt>
      <trkpt lat="-38.04353" lon="176.79573">
        <ele>18.4</ele>
      </trkpt>
      <trkpt lat="-38.04371" lon="176.79571">
        <ele>18.6</ele>
      </trkpt>
      <trkpt lat="-38.04409" lon="176.79568">
        <ele>19.1</ele>
      </trkpt>
      <trkpt lat="-38.04425" lon="176.79568">
        <ele>19.1</ele>
      </trkpt>
      <trkpt lat="-38.04455" lon="176.79569">
        <ele>18.8</ele>
      </trkpt>
      <trkpt lat="-38.04478" lon="176.7957">
        <ele>18.5</ele>
      </trkpt>
      <trkpt lat="-38.04567" lon="176.79578">
        <ele>19.7</ele>
      </trkpt>
      <trkpt lat="-38.04611" lon="176.7958">
        <ele>20.7</ele>
      </trkpt>
      <trkpt lat="-38.04663" lon="176.79582">
        <ele>21.9</ele>
      </trkpt>
      <trkpt lat="-38.04762" lon="176.79588">
        <ele>21.8</ele>
      </trkpt>
      <trkpt lat="-38.04886" lon="176.79596">
        <ele>21.3</ele>
      </trkpt>
      <trkpt lat="-38.04958" lon="176.79602">
        <ele>20.9</ele>
      </trkpt>
      <trkpt lat="-38.05019" lon="176.79608">
        <ele>19.9</ele>
      </trkpt>
      <trkpt lat="-38.05036" lon="176.79611">
        <ele>19.3</ele>
      </trkpt>
      <trkpt lat="-38.05047" lon="176.79613">
        <ele>19.0</ele>
      </trkpt>
      <trkpt lat="-38.0511" lon="176.79636">
        <ele>18.7</ele>
      </trkpt>
      <trkpt lat="-38.05127" lon="176.79642">
        <ele>19.3</ele>
      </trkpt>
      <trkpt lat="-38.05138" lon="176.79648">
        <ele>19.7</ele>
      </trkpt>
      <trkpt lat="-38.05147" lon="176.79656">
        <ele>20.1</ele>
      </trkpt>
      <trkpt lat="-38.05156" lon="176.79664">
        <ele>20.6</ele>
      </trkpt>
      <trkpt lat="-38.05164" lon="176.79674">
        <ele>20.8</ele>
      </trkpt>
      <trkpt lat="-38.05169" lon="176.79683">
        <ele>20.8</ele>
      </trkpt>
      <trkpt lat="-38.05174" lon="176.79694">
        <ele>20.8</ele>
      </trkpt>
      <trkpt lat="-38.05184" lon="176.79722">
        <ele>20.8</ele>
      </trkpt>
      <trkpt lat="-38.05197" lon="176.79768">
        <ele>20.9</ele>
      </trkpt>
      <trkpt lat="-38.05208" lon="176.79805">
        <ele>21.1</ele>
      </trkpt>
      <trkpt lat="-38.05242" lon="176.79923">
        <ele>23.8</ele>
      </trkpt>
      <trkpt lat="-38.05264" lon="176.80005">
        <ele>19.4</ele>
      </trkpt>
      <trkpt lat="-38.05267" lon="176.80015">
        <ele>19.3</ele>
      </trkpt>
      <trkpt lat="-38.05271" lon="176.80024">
        <ele>19.2</ele>
      </trkpt>
      <trkpt lat="-38.05275" lon="176.80032">
        <ele>19.1</ele>
      </trkpt>
      <trkpt lat="-38.0528" lon="176.8004">
        <ele>19.1</ele>
      </trkpt>
      <trkpt lat="-38.05285" lon="176.80046">
        <ele>19.2</ele>
      </trkpt>
      <trkpt lat="-38.05297" lon="176.80055">
        <ele>19.4</ele>
      </trkpt>
      <trkpt lat="-38.05303" lon="176.80058">
        <ele>19.5</ele>
      </trkpt>
      <trkpt lat="-38.05309" lon="176.80061">
        <ele>19.7</ele>
      </trkpt>
      <trkpt lat="-38.05316" lon="176.80062">
        <ele>19.9</ele>
      </trkpt>
      <trkpt lat="-38.05325" lon="176.80062">
        <ele>20.2</ele>
      </trkpt>
      <trkpt lat="-38.05335" lon="176.80062">
        <ele>20.5</ele>
      </trkpt>
      <trkpt lat="-38.05343" lon="176.80061">
        <ele>20.4</ele>
      </trkpt>
      <trkpt lat="-38.0542" lon="176.80043">
        <ele>19.9</ele>
      </trkpt>
      <trkpt lat="-38.05453" lon="176.80034">
        <ele>20.1</ele>
      </trkpt>
      <trkpt lat="-38.0548" lon="176.80028">
        <ele>20.3</ele>
      </trkpt>
      <trkpt lat="-38.05529" lon="176.80016">
        <ele>21.9</ele>
      </trkpt>
      <trkpt lat="-38.05582" lon="176.80002">
        <ele>23.9</ele>
      </trkpt>
      <trkpt lat="-38.05768" lon="176.79957">
        <ele>23.7</ele>
      </trkpt>
      <trkpt lat="-38.05868" lon="176.79934">
        <ele>23.7</ele>
      </trkpt>
      <trkpt lat="-38.05882" lon="176.79932">
        <ele>24.1</ele>
      </trkpt>
      <trkpt lat="-38.05892" lon="176.7993">
        <ele>24.5</ele>
      </trkpt>
      <trkpt lat="-38.05901" lon="176.79928">
        <ele>24.9</ele>
      </trkpt>
      <trkpt lat="-38.0591" lon="176.79929">
        <ele>25.1</ele>
      </trkpt>
      <trkpt lat="-38.05928" lon="176.79929">
        <ele>25.7</ele>
      </trkpt>
      <trkpt lat="-38.05953" lon="176.79931">
        <ele>26.7</ele>
      </trkpt>
      <trkpt lat="-38.05973" lon="176.79931">
        <ele>27.5</ele>
      </trkpt>
      <trkpt lat="-38.06017" lon="176.79931">
        <ele>29.1</ele>
      </trkpt>
      <trkpt lat="-38.06039" lon="176.79932">
        <ele>29.7</ele>
      </trkpt>
      <trkpt lat="-38.06062" lon="176.79934">
        <ele>30.1</ele>
      </trkpt>
      <trkpt lat="-38.06089" lon="176.79939">
        <ele>30.2</ele>
      </trkpt>
      <trkpt lat="-38.06103" lon="176.79942">
        <ele>30.2</ele>
      </trkpt>
      <trkpt lat="-38.06115" lon="176.79944">
        <ele>30.4</ele>
      </trkpt>
      <trkpt lat="-38.06126" lon="176.79943">
        <ele>30.8</ele>
      </trkpt>
      <trkpt lat="-38.06156" lon="176.79925">
        <ele>31.4</ele>
      </trkpt>
      <trkpt lat="-38.06179" lon="176.7991">
        <ele>30.8</ele>
      </trkpt>
      <trkpt lat="-38.06205" lon="176.79896">
        <ele>30.3</ele>
      </trkpt>
      <trkpt lat="-38.06212" lon="176.79895">
        <ele>30.2</ele>
      </trkpt>
      <trkpt lat="-38.06221" lon="176.79894">
        <ele>30.1</ele>
      </trkpt>
      <trkpt lat="-38.0623" lon="176.79894">
        <ele>30.0</ele>
      </trkpt>
      <trkpt lat="-38.06251" lon="176.79898">
        <ele>29.8</ele>
      </trkpt>
      <trkpt lat="-38.06266" lon="176.79903">
        <ele>29.5</ele>
      </trkpt>
      <trkpt lat="-38.06294" lon="176.79916">
        <ele>27.9</ele>
      </trkpt>
      <trkpt lat="-38.06336" lon="176.79934">
        <ele>27.1</ele>
      </trkpt>
      <trkpt lat="-38.06419" lon="176.79973">
        <ele>25.8</ele>
      </trkpt>
      <trkpt lat="-38.0646" lon="176.79992">
        <ele>26.4</ele>
      </trkpt>
      <trkpt lat="-38.06504" lon="176.80008">
        <ele>26.7</ele>
      </trkpt>
      <trkpt lat="-38.0653" lon="176.80018">
        <ele>26.8</ele>
      </trkpt>
      <trkpt lat="-38.06566" lon="176.80032">
        <ele>26.8</ele>
      </trkpt>
      <trkpt lat="-38.06615" lon="176.8005">
        <ele>28.1</ele>
      </trkpt>
      <trkpt lat="-38.06663" lon="176.80069">
        <ele>27.8</ele>
      </trkpt>
      <trkpt lat="-38.06711" lon="176.80087">
        <ele>27.5</ele>
      </trkpt>
      <trkpt lat="-38.06816" lon="176.80124">
        <ele>36.9</ele>
      </trkpt>
      <trkpt lat="-38.0684" lon="176.80133">
        <ele>38.2</ele>
      </trkpt>
      <trkpt lat="-38.0686" lon="176.80142">
        <ele>38.8</ele>
      </trkpt>
      <trkpt lat="-38.06883" lon="176.8015">
        <ele>39.7</ele>
      </trkpt>
      <trkpt lat="-38.06895" lon="176.80155">
        <ele>39.8</ele>
      </trkpt>
      <trkpt lat="-38.06902" lon="176.80156">
        <ele>40.3</ele>
      </trkpt>
      <trkpt lat="-38.06912" lon="176.80155">
        <ele>41.8</ele>
      </trkpt>
      <trkpt lat="-38.06921" lon="176.80151">
        <ele>44.5</ele>
      </trkpt>
      <trkpt lat="-38.06927" lon="176.80145">
        <ele>47.4</ele>
      </trkpt>
      <trkpt lat="-38.06937" lon="176.80133">
        <ele>52.2</ele>
      </trkpt>
      <trkpt lat="-38.06974" lon="176.80073">
        <ele>64.6</ele>
      </trkpt>
      <trkpt lat="-38.06982" lon="176.80056">
        <ele>64.8</ele>
      </trkpt>
      <trkpt lat="-38.06988" lon="176.80042">
        <ele>64.6</ele>
      </trkpt>
      <trkpt lat="-38.06993" lon="176.8003">
        <ele>64.3</ele>
      </trkpt>
      <trkpt lat="-38.06994" lon="176.80018">
        <ele>64.0</ele>
      </trkpt>
      <trkpt lat="-38.06993" lon="176.80007">
        <ele>64.0</ele>
      </trkpt>
      <trkpt lat="-38.0699" lon="176.79997">
        <ele>64.5</ele>
      </trkpt>
      <trkpt lat="-38.06985" lon="176.79984">
        <ele>65.9</ele>
      </trkpt>
      <trkpt lat="-38.06976" lon="176.79964">
        <ele>67.5</ele>
      </trkpt>
      <trkpt lat="-38.06969" lon="176.79952">
        <ele>68.1</ele>
      </trkpt>
      <trkpt lat="-38.06959" lon="176.79927">
        <ele>68.1</ele>
      </trkpt>
      <trkpt lat="-38.06955" lon="176.79914">
        <ele>67.8</ele>
      </trkpt>
      <trkpt lat="-38.06953" lon="176.799">
        <ele>68.2</ele>
      </trkpt>
      <trkpt lat="-38.06952" lon="176.79882">
        <ele>68.7</ele>
      </trkpt>
      <trkpt lat="-38.06954" lon="176.79866">
        <ele>69.4</ele>
      </trkpt>
      <trkpt lat="-38.06961" lon="176.79845">
        <ele>70.2</ele>
      </trkpt>
      <trkpt lat="-38.0697" lon="176.79828">
        <ele>70.8</ele>
      </trkpt>
      <trkpt lat="-38.06996" lon="176.79785">
        <ele>70.6</ele>
      </trkpt>
      <trkpt lat="-38.07025" lon="176.79742">
        <ele>74.0</ele>
      </trkpt>
      <trkpt lat="-38.07044" lon="176.7972">
        <ele>77.1</ele>
      </trkpt>
      <trkpt lat="-38.07056" lon="176.79708">
        <ele>78.0</ele>
      </trkpt>
      <trkpt lat="-38.07073" lon="176.79691">
        <ele>78.2</ele>
      </trkpt>
      <trkpt lat="-38.07092" lon="176.79674">
        <ele>78.1</ele>
      </trkpt>
      <trkpt lat="-38.07126" lon="176.79646">
        <ele>78.6</ele>
      </trkpt>
      <trkpt lat="-38.07144" lon="176.7963">
        <ele>77.9</ele>
      </trkpt>
      <trkpt lat="-38.07166" lon="176.79608">
        <ele>76.0</ele>
      </trkpt>
      <trkpt lat="-38.07185" lon="176.79587">
        <ele>75.9</ele>
      </trkpt>
      <trkpt lat="-38.07219" lon="176.79552">
        <ele>78.9</ele>
      </trkpt>
      <trkpt lat="-38.07241" lon="176.79534">
        <ele>79.0</ele>
      </trkpt>
      <trkpt lat="-38.07256" lon="176.79524">
        <ele>78.8</ele>
      </trkpt>
      <trkpt lat="-38.07275" lon="176.79514">
        <ele>79.2</ele>
      </trkpt>
      <trkpt lat="-38.07296" lon="176.79505">
        <ele>79.8</ele>
      </trkpt>
      <trkpt lat="-38.07314" lon="176.79496">
        <ele>80.5</ele>
      </trkpt>
      <trkpt lat="-38.07344" lon="176.79482">
        <ele>81.0</ele>
      </trkpt>
      <trkpt lat="-38.07407" lon="176.79454">
        <ele>81.3</ele>
      </trkpt>
      <trkpt lat="-38.07436" lon="176.79444">
        <ele>83.2</ele>
      </trkpt>
      <trkpt lat="-38.07479" lon="176.79425">
        <ele>85.5</ele>
      </trkpt>
      <trkpt lat="-38.07503" lon="176.79414">
        <ele>86.3</ele>
      </trkpt>
      <trkpt lat="-38.0752" lon="176.79405">
        <ele>87.4</ele>
      </trkpt>
      <trkpt lat="-38.07534" lon="176.79399">
        <ele>87.8</ele>
      </trkpt>
      <trkpt lat="-38.07547" lon="176.7939">
        <ele>87.9</ele>
      </trkpt>
      <trkpt lat="-38.07558" lon="176.79381">
        <ele>87.6</ele>
      </trkpt>
      <trkpt lat="-38.07578" lon="176.7936">
        <ele>86.0</ele>
      </trkpt>
      <trkpt lat="-38.07605" lon="176.79328">
        <ele>84.5</ele>
      </trkpt>
      <trkpt lat="-38.07641" lon="176.79289">
        <ele>83.9</ele>
      </trkpt>
      <trkpt lat="-38.07671" lon="176.79256">
        <ele>82.3</ele>
      </trkpt>
      <trkpt lat="-38.07715" lon="176.79214">
        <ele>82.2</ele>
      </trkpt>
      <trkpt lat="-38.07977" lon="176.78963">
        <ele>83.7</ele>
      </trkpt>
      <trkpt lat="-38.08058" lon="176.78884">
        <ele>86.3</ele>
      </trkpt>
      <trkpt lat="-38.08133" lon="176.78813">
        <ele>85.9</ele>
      </trkpt>
      <trkpt lat="-38.0833" lon="176.78619">
        <ele>92.7</ele>
      </trkpt>
      <trkpt lat="-38.08385" lon="176.7857">
        <ele>94.0</ele>
      </trkpt>
      <trkpt lat="-38.08409" lon="176.78552">
        <ele>94.2</ele>
      </trkpt>
      <trkpt lat="-38.08434" lon="176.78536">
        <ele>94.8</ele>
      </trkpt>
      <trkpt lat="-38.08472" lon="176.78521">
        <ele>95.2</ele>
      </trkpt>
      <trkpt lat="-38.08503" lon="176.78507">
        <ele>94.0</ele>
      </trkpt>
      <trkpt lat="-38.08581" lon="176.78475">
        <ele>96.1</ele>
      </trkpt>
      <trkpt lat="-38.08622" lon="176.7846">
        <ele>98.4</ele>
      </trkpt>
      <trkpt lat="-38.08722" lon="176.78419">
        <ele>101.1</ele>
      </trkpt>
      <trkpt lat="-38.08771" lon="176.78401">
        <ele>103.8</ele>
      </trkpt>
      <trkpt lat="-38.08806" lon="176.78386">
        <ele>105.1</ele>
      </trkpt>
      <trkpt lat="-38.08833" lon="176.7837">
        <ele>106.6</ele>
      </trkpt>
      <trkpt lat="-38.08897" lon="176.78325">
        <ele>109.1</ele>
      </trkpt>
      <trkpt lat="-38.08917" lon="176.78315">
        <ele>109.2</ele>
      </trkpt>
      <trkpt lat="-38.08936" lon="176.78307">
        <ele>110.2</ele>
      </trkpt>
      <trkpt lat="-38.08952" lon="176.78304">
        <ele>110.5</ele>
      </trkpt>
      <trkpt lat="-38.08969" lon="176.78305">
        <ele>110.4</ele>
      </trkpt>
      <trkpt lat="-38.08991" lon="176.78309">
        <ele>110.1</ele>
      </trkpt>
      <trkpt lat="-38.09018" lon="176.78321">
        <ele>112.0</ele>
      </trkpt>
      <trkpt lat="-38.09044" lon="176.78337">
        <ele>116.3</ele>
      </trkpt>
      <trkpt lat="-38.09116" lon="176.78413">
        <ele>135.9</ele>
      </trkpt>
      <trkpt lat="-38.0915" lon="176.78455">
        <ele>144.5</ele>
      </trkpt>
      <trkpt lat="-38.09179" lon="176.78494">
        <ele>148.2</ele>
      </trkpt>
      <trkpt lat="-38.09206" lon="176.78526">
        <ele>150.6</ele>
      </trkpt>
      <trkpt lat="-38.09227" lon="176.78555">
        <ele>152.1</ele>
      </trkpt>
      <trkpt lat="-38.09243" lon="176.78566">
        <ele>151.5</ele>
      </trkpt>
      <trkpt lat="-38.09262" lon="176.78575">
        <ele>150.5</ele>
      </trkpt>
      <trkpt lat="-38.09339" lon="176.78595">
        <ele>148.0</ele>
      </trkpt>
      <trkpt lat="-38.09363" lon="176.78602">
        <ele>146.8</ele>
      </trkpt>
      <trkpt lat="-38.09381" lon="176.7861">
        <ele>145.8</ele>
      </trkpt>
      <trkpt lat="-38.094" lon="176.78624">
        <ele>144.5</ele>
      </trkpt>
      <trkpt lat="-38.0941" lon="176.78637">
        <ele>143.8</ele>
      </trkpt>
      <trkpt lat="-38.09436" lon="176.78682">
        <ele>144.2</ele>
      </trkpt>
      <trkpt lat="-38.09467" lon="176.78732">
        <ele>140.3</ele>
      </trkpt>
      <trkpt lat="-38.09482" lon="176.78752">
        <ele>136.8</ele>
      </trkpt>
      <trkpt lat="-38.09531" lon="176.78806">
        <ele>136.4</ele>
      </trkpt>
      <trkpt lat="-38.09579" lon="176.78861">
        <ele>137.4</ele>
      </trkpt>
      <trkpt lat="-38.09591" lon="176.78869">
        <ele>137.8</ele>
      </trkpt>
      <trkpt lat="-38.09607" lon="176.78876">
        <ele>138.3</ele>
      </trkpt>
      <trkpt lat="-38.09624" lon="176.78879">
        <ele>138.6</ele>
      </trkpt>
      <trkpt lat="-38.09702" lon="176.78897">
        <ele>139.6</ele>
      </trkpt>
      <trkpt lat="-38.09723" lon="176.78899">
        <ele>140.0</ele>
      </trkpt>
      <trkpt lat="-38.09761" lon="176.789">
        <ele>140.4</ele>
      </trkpt>
      <trkpt lat="-38.09828" lon="176.78897">
        <ele>140.5</ele>
      </trkpt>
      <trkpt lat="-38.09903" lon="176.7889">
        <ele>142.6</ele>
      </trkpt>
      <trkpt lat="-38.09963" lon="176.78884">
        <ele>143.8</ele>
      </trkpt>
      <trkpt lat="-38.10028" lon="176.78875">
        <ele>142.8</ele>
      </trkpt>
      <trkpt lat="-38.10076" lon="176.78868">
        <ele>140.4</ele>
      </trkpt>
      <trkpt lat="-38.1011" lon="176.78859">
        <ele>138.7</ele>
      </trkpt>
      <trkpt lat="-38.10145" lon="176.78848">
        <ele>137.5</ele>
      </trkpt>
      <trkpt lat="-38.10212" lon="176.78818">
        <ele>138.0</ele>
      </trkpt>
      <trkpt lat="-38.1025" lon="176.78801">
        <ele>138.6</ele>
      </trkpt>
      <trkpt lat="-38.10291" lon="176.78781">
        <ele>140.6</ele>
      </trkpt>
      <trkpt lat="-38.10327" lon="176.78764">
        <ele>141.3</ele>
      </trkpt>
      <trkpt lat="-38.10356" lon="176.78748">
        <ele>141.9</ele>
      </trkpt>
      <trkpt lat="-38.10404" lon="176.78721">
        <ele>143.5</ele>
      </trkpt>
      <trkpt lat="-38.10431" lon="176.78705">
        <ele>144.0</ele>
      </trkpt>
      <trkpt lat="-38.10456" lon="176.78689">
        <ele>144.5</ele>
      </trkpt>
      <trkpt lat="-38.10479" lon="176.78677">
        <ele>144.8</ele>
      </trkpt>
      <trkpt lat="-38.10517" lon="176.78654">
        <ele>146.9</ele>
      </trkpt>
      <trkpt lat="-38.10553" lon="176.78635">
        <ele>149.2</ele>
      </trkpt>
      <trkpt lat="-38.10595" lon="176.78612">
        <ele>149.8</ele>
      </trkpt>
      <trkpt lat="-38.10668" lon="176.78572">
        <ele>150.0</ele>
      </trkpt>
      <trkpt lat="-38.10697" lon="176.78555">
        <ele>151.3</ele>
      </trkpt>
      <trkpt lat="-38.10751" lon="176.78526">
        <ele>152.6</ele>
      </trkpt>
      <trkpt lat="-38.10776" lon="176.78511">
        <ele>153.3</ele>
      </trkpt>
      <trkpt lat="-38.10801" lon="176.78497">
        <ele>154.2</ele>
      </trkpt>
      <trkpt lat="-38.10843" lon="176.78472">
        <ele>157.5</ele>
      </trkpt>
      <trkpt lat="-38.109337" lon="176.784159">
        <ele>161.3</ele>
      </trkpt>
      <trkpt lat="-38.110185" lon="176.783651">
        <ele>166.1</ele>
      </trkpt>
      <trkpt lat="-38.110513" lon="176.783388">
        <ele>166.7</ele>
      </trkpt>
      <trkpt lat="-38.111305" lon="176.783456">
        <ele>176.6</ele>
      </trkpt>
      <trkpt lat="-38.112185" lon="176.783563">
        <ele>182.4</ele>
      </trkpt>
      <trkpt lat="-38.11303" lon="176.783621">
        <ele>185.0</ele>
      </trkpt>
      <trkpt lat="-38.11455" lon="176.783565">
        <ele>195.8</ele>
      </trkpt>
      <trkpt lat="-38.11538" lon="176.783517">
        <ele>197.4</ele>
      </trkpt>
      <trkpt lat="-38.116571" lon="176.783425">
        <ele>202.6</ele>
      </trkpt>
      <trkpt lat="-38.117136" lon="176.783434">
        <ele>204.9</ele>
      </trkpt>
      <trkpt lat="-38.118132" lon="176.78356">
        <ele>205.0</ele>
      </trkpt>
      <trkpt lat="-38.118929" lon="176.783752">
        <ele>202.1</ele>
      </trkpt>
      <trkpt lat="-38.11922" lon="176.783972">
        <ele>200.7</ele>
      </trkpt>
      <trkpt lat="-38.119513" lon="176.784413">
        <ele>200.9</ele>
      </trkpt>
      <trkpt lat="-38.119885" lon="176.784903">
        <ele>198.0</ele>
      </trkpt>
      <trkpt lat="-38.12025" lon="176.785277">
        <ele>196.9</ele>
      </trkpt>
      <trkpt lat="-38.120863" lon="176.785707">
        <ele>192.2</ele>
      </trkpt>
      <trkpt lat="-38.12127" lon="176.785917">
        <ele>193.9</ele>
      </trkpt>
      <trkpt lat="-38.121668" lon="176.785922">
        <ele>194.9</ele>
      </trkpt>
      <trkpt lat="-38.122281" lon="176.785925">
        <ele>194.6</ele>
      </trkpt>
      <trkpt lat="-38.122506" lon="176.785868">
        <ele>192.9</ele>
      </trkpt>
      <trkpt lat="-38.123258" lon="176.785484">
        <ele>186.9</ele>
      </trkpt>
      <trkpt lat="-38.124045" lon="176.78504">
        <ele>181.7</ele>
      </trkpt>
      <trkpt lat="-38.124913" lon="176.784856">
        <ele>177.6</ele>
      </trkpt>
      <trkpt lat="-38.125336" lon="176.784805">
        <ele>179.8</ele>
      </trkpt>
      <trkpt lat="-38.125627" lon="176.784923">
        <ele>183.1</ele>
      </trkpt>
      <trkpt lat="-38.125899" lon="176.785074">
        <ele>187.5</ele>
      </trkpt>
      <trkpt lat="-38.126258" lon="176.785668">
        <ele>196.4</ele>
      </trkpt>
      <trkpt lat="-38.126566" lon="176.786127">
        <ele>198.0</ele>
      </trkpt>
      <trkpt lat="-38.126805" lon="176.786943">
        <ele>198.5</ele>
      </trkpt>
      <trkpt lat="-38.12704" lon="176.78759">
        <ele>197.1</ele>
      </trkpt>
      <trkpt lat="-38.127379" lon="176.788642">
        <ele>204.0</ele>
      </trkpt>
      <trkpt lat="-38.127594" lon="176.789267">
        <ele>210.6</ele>
      </trkpt>
      <trkpt lat="-38.127642" lon="176.7895">
        <ele>210.7</ele>
      </trkpt>
      <trkpt lat="-38.127615" lon="176.790208">
        <ele>210.3</ele>
      </trkpt>
      <trkpt lat="-38.127612" lon="176.790685">
        <ele>206.0</ele>
      </trkpt>
      <trkpt lat="-38.127344" lon="176.79174">
        <ele>194.1</ele>
      </trkpt>
      <trkpt lat="-38.127125" lon="176.792987">
        <ele>187.4</ele>
      </trkpt>
      <trkpt lat="-38.126992" lon="176.794034">
        <ele>185.1</ele>
      </trkpt>
      <trkpt lat="-38.126846" lon="176.795249">
        <ele>190.9</ele>
      </trkpt>
      <trkpt lat="-38.126779" lon="176.795974">
        <ele>194.5</ele>
      </trkpt>
      <trkpt lat="-38.126752" lon="176.796261">
        <ele>194.0</ele>
      </trkpt>
      <trkpt lat="-38.126865" lon="176.79708">
        <ele>187.8</ele>
      </trkpt>
      <trkpt lat="-38.1268" lon="176.798555">
        <ele>184.2</ele>
      </trkpt>
      <trkpt lat="-38.126773" lon="176.799787">
        <ele>178.8</ele>
      </trkpt>
      <trkpt lat="-38.126726" lon="176.800133">
        <ele>177.6</ele>
      </trkpt>
      <trkpt lat="-38.126679" lon="176.800379">
        <ele>178.0</ele>
      </trkpt>
      <trkpt lat="-38.1264" lon="176.80102">
        <ele>176.6</ele>
      </trkpt>
      <trkpt lat="-38.126258" lon="176.801323">
        <ele>173.8</ele>
      </trkpt>
      <trkpt lat="-38.126356" lon="176.801735">
        <ele>172.1</ele>
      </trkpt>
      <trkpt lat="-38.126449" lon="176.802508">
        <ele>168.0</ele>
      </trkpt>
      <trkpt lat="-38.126525" lon="176.802991">
        <ele>165.6</ele>
      </trkpt>
      <trkpt lat="-38.126636" lon="176.803195">
        <ele>163.3</ele>
      </trkpt>
      <trkpt lat="-38.12692" lon="176.803978">
        <ele>162.2</ele>
      </trkpt>
      <trkpt lat="-38.127285" lon="176.803865">
        <ele>165.6</ele>
      </trkpt>
      <trkpt lat="-38.127978" lon="176.803647">
        <ele>169.1</ele>
      </trkpt>
      <trkpt lat="-38.128453" lon="176.803655">
        <ele>172.0</ele>
      </trkpt>
      <trkpt lat="-38.128676" lon="176.803774">
        <ele>173.6</ele>
      </trkpt>
      <trkpt lat="-38.129119" lon="176.804144">
        <ele>174.0</ele>
      </trkpt>
      <trkpt lat="-38.129472" lon="176.804696">
        <ele>176.1</ele>
      </trkpt>
      <trkpt lat="-38.129808" lon="176.805317">
        <ele>172.8</ele>
      </trkpt>
      <trkpt lat="-38.130357" lon="176.806305">
        <ele>169.3</ele>
      </trkpt>
      <trkpt lat="-38.130581" lon="176.8065">
        <ele>169.3</ele>
      </trkpt>
      <trkpt lat="-38.131124" lon="176.806874">
        <ele>173.4</ele>
      </trkpt>
      <trkpt lat="-38.131848" lon="176.807273">
        <ele>178.2</ele>
      </trkpt>
      <trkpt lat="-38.13212" lon="176.807358">
        <ele>177.7</ele>
      </trkpt>
      <trkpt lat="-38.132412" lon="176.807421">
        <ele>176.7</ele>
      </trkpt>
      <trkpt lat="-38.13314" lon="176.807332">
        <ele>173.5</ele>
      </trkpt>
      <trkpt lat="-38.1354" lon="176.807001">
        <ele>172.6</ele>
      </trkpt>
      <trkpt lat="-38.137203" lon="176.806822">
        <ele>176.1</ele>
      </trkpt>
      <trkpt lat="-38.138885" lon="176.806534">
        <ele>178.4</ele>
      </trkpt>
      <trkpt lat="-38.139113" lon="176.806502">
        <ele>179.5</ele>
      </trkpt>
      <trkpt lat="-38.139391" lon="176.806335">
        <ele>180.8</ele>
      </trkpt>
      <trkpt lat="-38.140484" lon="176.805697">
        <ele>181.5</ele>
      </trkpt>
      <trkpt lat="-38.141184" lon="176.805234">
        <ele>184.6</ele>
      </trkpt>
      <trkpt lat="-38.142859" lon="176.804893">
        <ele>188.3</ele>
      </trkpt>
      <trkpt lat="-38.143014" lon="176.804921">
        <ele>190.0</ele>
      </trkpt>
      <trkpt lat="-38.144216" lon="176.805341">
        <ele>197.1</ele>
      </trkpt>
      <trkpt lat="-38.145195" lon="176.805665">
        <ele>193.4</ele>
      </trkpt>
      <trkpt lat="-38.145825" lon="176.805743">
        <ele>191.2</ele>
      </trkpt>
      <trkpt lat="-38.14636" lon="176.805853">
        <ele>188.7</ele>
      </trkpt>
      <trkpt lat="-38.146559" lon="176.805794">
        <ele>188.8</ele>
      </trkpt>
      <trkpt lat="-38.147444" lon="176.80549">
        <ele>193.8</ele>
      </trkpt>
      <trkpt lat="-38.14846" lon="176.805164">
        <ele>204.6</ele>
      </trkpt>
      <trkpt lat="-38.14904" lon="176.804989">
        <ele>207.0</ele>
      </trkpt>
      <trkpt lat="-38.149896" lon="176.804839">
        <ele>214.5</ele>
      </trkpt>
      <trkpt lat="-38.151062" lon="176.80463">
        <ele>224.9</ele>
      </trkpt>
      <trkpt lat="-38.151968" lon="176.804437">
        <ele>228.3</ele>
      </trkpt>
      <trkpt lat="-38.153042" lon="176.804228">
        <ele>226.1</ele>
      </trkpt>
      <trkpt lat="-38.153376" lon="176.804214">
        <ele>225.7</ele>
      </trkpt>
      <trkpt lat="-38.153894" lon="176.804278">
        <ele>224.8</ele>
      </trkpt>
      <trkpt lat="-38.154538" lon="176.804335">
        <ele>223.3</ele>
      </trkpt>
      <trkpt lat="-38.155105" lon="176.804394">
        <ele>223.4</ele>
      </trkpt>
      <trkpt lat="-38.155818" lon="176.804454">
        <ele>226.6</ele>
      </trkpt>
      <trkpt lat="-38.156082" lon="176.80449">
        <ele>225.8</ele>
      </trkpt>
      <trkpt lat="-38.156318" lon="176.80438">
        <ele>224.9</ele>
      </trkpt>
      <trkpt lat="-38.156913" lon="176.804094">
        <ele>225.8</ele>
      </trkpt>
      <trkpt lat="-38.157639" lon="176.803711">
        <ele>228.8</ele>
      </trkpt>
      <trkpt lat="-38.157864" lon="176.803587">
        <ele>229.3</ele>
      </trkpt>
      <trkpt lat="-38.158242" lon="176.803456">
        <ele>229.9</ele>
      </trkpt>
      <trkpt lat="-38.15864" lon="176.803408">
        <ele>231.4</ele>
      </trkpt>
      <trkpt lat="-38.159111" lon="176.803499">
        <ele>233.5</ele>
      </trkpt>
      <trkpt lat="-38.159513" lon="176.803666">
        <ele>235.4</ele>
      </trkpt>
      <trkpt lat="-38.160121" lon="176.803871">
        <ele>239.0</ele>
      </trkpt>
      <trkpt lat="-38.161267" lon="176.804311">
        <ele>245.6</ele>
      </trkpt>
      <trkpt lat="-38.161725" lon="176.804471">
        <ele>247.8</ele>
      </trkpt>
      <trkpt lat="-38.162487" lon="176.804635">
        <ele>246.0</ele>
      </trkpt>
      <trkpt lat="-38.163626" lon="176.804789">
        <ele>238.0</ele>
      </trkpt>
      <trkpt lat="-38.163629" lon="176.80479">
        <ele>238.0</ele>
      </trkpt>
      <trkpt lat="-38.164284" lon="176.804822">
        <ele>235.5</ele>
      </trkpt>
      <trkpt lat="-38.165281" lon="176.804627">
        <ele>241.5</ele>
      </trkpt>
      <trkpt lat="-38.166439" lon="176.804356">
        <ele>249.7</ele>
      </trkpt>
      <trkpt lat="-38.1678" lon="176.804146">
        <ele>251.3</ele>
      </trkpt>
      <trkpt lat="-38.168681" lon="176.80401">
        <ele>248.6</ele>
      </trkpt>
      <trkpt lat="-38.169152" lon="176.803828">
        <ele>248.6</ele>
      </trkpt>
      <trkpt lat="-38.169716" lon="176.803611">
        <ele>245.9</ele>
      </trkpt>
      <trkpt lat="-38.170472" lon="176.80285">
        <ele>238.2</ele>
      </trkpt>
      <trkpt lat="-38.171309" lon="176.801723">
        <ele>229.2</ele>
      </trkpt>
      <trkpt lat="-38.172225" lon="176.800639">
        <ele>231.9</ele>
      </trkpt>
      <trkpt lat="-38.172732" lon="176.800238">
        <ele>232.4</ele>
      </trkpt>
      <trkpt lat="-38.173232" lon="176.799967">
        <ele>231.3</ele>
      </trkpt>
      <trkpt lat="-38.173671" lon="176.799848">
        <ele>232.8</ele>
      </trkpt>
      <trkpt lat="-38.17407" lon="176.799881">
        <ele>235.4</ele>
      </trkpt>
      <trkpt lat="-38.174673" lon="176.799908">
        <ele>232.6</ele>
      </trkpt>
      <trkpt lat="-38.17514" lon="176.79991">
        <ele>230.4</ele>
      </trkpt>
      <trkpt lat="-38.17584" lon="176.80003">
        <ele>231.5</ele>
      </trkpt>
      <trkpt lat="-38.17667" lon="176.80039">
        <ele>236.6</ele>
      </trkpt>
      <trkpt lat="-38.17971" lon="176.80169">
        <ele>248.3</ele>
      </trkpt>
      <trkpt lat="-38.18012" lon="176.80186">
        <ele>249.5</ele>
      </trkpt>
      <trkpt lat="-38.1822" lon="176.80271">
        <ele>263.3</ele>
      </trkpt>
      <trkpt lat="-38.18281" lon="176.80302">
        <ele>266.0</ele>
      </trkpt>
      <trkpt lat="-38.18326" lon="176.80319">
        <ele>263.9</ele>
      </trkpt>
      <trkpt lat="-38.18368" lon="176.80327">
        <ele>259.3</ele>
      </trkpt>
      <trkpt lat="-38.18406" lon="176.80327">
        <ele>254.6</ele>
      </trkpt>
      <trkpt lat="-38.18447" lon="176.80319">
        <ele>254.0</ele>
      </trkpt>
      <trkpt lat="-38.18488" lon="176.80307">
        <ele>253.8</ele>
      </trkpt>
      <trkpt lat="-38.18523" lon="176.80286">
        <ele>255.1</ele>
      </trkpt>
      <trkpt lat="-38.187" lon="176.80127">
        <ele>248.3</ele>
      </trkpt>
      <trkpt lat="-38.1874" lon="176.80109">
        <ele>246.0</ele>
      </trkpt>
      <trkpt lat="-38.1877" lon="176.80094">
        <ele>245.7</ele>
      </trkpt>
      <trkpt lat="-38.18809" lon="176.80065">
        <ele>246.3</ele>
      </trkpt>
      <trkpt lat="-38.1891" lon="176.79971">
        <ele>236.8</ele>
      </trkpt>
      <trkpt lat="-38.18997" lon="176.79897">
        <ele>231.1</ele>
      </trkpt>
      <trkpt lat="-38.19163" lon="176.79734">
        <ele>224.0</ele>
      </trkpt>
      <trkpt lat="-38.19252" lon="176.79676">
        <ele>217.6</ele>
      </trkpt>
      <trkpt lat="-38.19335" lon="176.79625">
        <ele>215.5</ele>
      </trkpt>
      <trkpt lat="-38.1938" lon="176.796">
        <ele>213.2</ele>
      </trkpt>
      <trkpt lat="-38.19413" lon="176.79583">
        <ele>211.1</ele>
      </trkpt>
      <trkpt lat="-38.19442" lon="176.79558">
        <ele>213.4</ele>
      </trkpt>
      <trkpt lat="-38.19502" lon="176.79483">
        <ele>209.1</ele>
      </trkpt>
      <trkpt lat="-38.19534" lon="176.79455">
        <ele>206.7</ele>
      </trkpt>
      <trkpt lat="-38.196" lon="176.79415">
        <ele>204.2</ele>
      </trkpt>
      <trkpt lat="-38.19659" lon="176.79369">
        <ele>202.5</ele>
      </trkpt>
      <trkpt lat="-38.19729" lon="176.793">
        <ele>201.5</ele>
      </trkpt>
      <trkpt lat="-38.19779" lon="176.79236">
        <ele>204.4</ele>
      </trkpt>
      <trkpt lat="-38.2004" lon="176.78966">
        <ele>226.4</ele>
      </trkpt>
      <trkpt lat="-38.20088" lon="176.78918">
        <ele>226.4</ele>
      </trkpt>
      <trkpt lat="-38.2012" lon="176.78891">
        <ele>233.6</ele>
      </trkpt>
      <trkpt lat="-38.20185" lon="176.78839">
        <ele>232.8</ele>
      </trkpt>
      <trkpt lat="-38.20229" lon="176.78801">
        <ele>232.3</ele>
      </trkpt>
      <trkpt lat="-38.20268" lon="176.78762">
        <ele>225.9</ele>
      </trkpt>
      <trkpt lat="-38.20307" lon="176.7872">
        <ele>225.6</ele>
      </trkpt>
      <trkpt lat="-38.20334" lon="176.7868">
        <ele>219.7</ele>
      </trkpt>
      <trkpt lat="-38.2036" lon="176.78626">
        <ele>217.8</ele>
      </trkpt>
      <trkpt lat="-38.20371" lon="176.78592">
        <ele>217.1</ele>
      </trkpt>
      <trkpt lat="-38.2038" lon="176.78548">
        <ele>215.5</ele>
      </trkpt>
      <trkpt lat="-38.20393" lon="176.78455">
        <ele>213.4</ele>
      </trkpt>
      <trkpt lat="-38.20403" lon="176.78339">
        <ele>215.0</ele>
      </trkpt>
      <trkpt lat="-38.20412" lon="176.78306">
        <ele>214.0</ele>
      </trkpt>
      <trkpt lat="-38.20427" lon="176.78284">
        <ele>213.4</ele>
      </trkpt>
      <trkpt lat="-38.20448" lon="176.78266">
        <ele>213.1</ele>
      </trkpt>
      <trkpt lat="-38.20472" lon="176.78257">
        <ele>212.3</ele>
      </trkpt>
      <trkpt lat="-38.20507" lon="176.7825">
        <ele>211.6</ele>
      </trkpt>
      <trkpt lat="-38.20638" lon="176.78237">
        <ele>224.6</ele>
      </trkpt>
      <trkpt lat="-38.2067" lon="176.78237">
        <ele>228.1</ele>
      </trkpt>
      <trkpt lat="-38.20712" lon="176.78242">
        <ele>231.7</ele>
      </trkpt>
      <trkpt lat="-38.20791" lon="176.78255">
        <ele>238.1</ele>
      </trkpt>
      <trkpt lat="-38.20891" lon="176.78277">
        <ele>244.1</ele>
      </trkpt>
      <trkpt lat="-38.20926" lon="176.78283">
        <ele>243.2</ele>
      </trkpt>
      <trkpt lat="-38.20963" lon="176.78287">
        <ele>238.5</ele>
      </trkpt>
      <trkpt lat="-38.20994" lon="176.78285">
        <ele>234.7</ele>
      </trkpt>
      <trkpt lat="-38.21033" lon="176.78281">
        <ele>232.2</ele>
      </trkpt>
      <trkpt lat="-38.21068" lon="176.78266">
        <ele>228.9</ele>
      </trkpt>
      <trkpt lat="-38.21114" lon="176.78248">
        <ele>224.8</ele>
      </trkpt>
      <trkpt lat="-38.21176" lon="176.78222">
        <ele>224.9</ele>
      </trkpt>
      <trkpt lat="-38.21191" lon="176.78212">
        <ele>224.9</ele>
      </trkpt>
      <trkpt lat="-38.21215" lon="176.78194">
        <ele>224.2</ele>
      </trkpt>
      <trkpt lat="-38.21284" lon="176.78125">
        <ele>221.4</ele>
      </trkpt>
      <trkpt lat="-38.21331" lon="176.78078">
        <ele>220.4</ele>
      </trkpt>
      <trkpt lat="-38.21352" lon="176.7806">
        <ele>222.2</ele>
      </trkpt>
      <trkpt lat="-38.21369" lon="176.78051">
        <ele>223.2</ele>
      </trkpt>
      <trkpt lat="-38.21388" lon="176.78046">
        <ele>224.1</ele>
      </trkpt>
      <trkpt lat="-38.21409" lon="176.78045">
        <ele>224.8</ele>
      </trkpt>
      <trkpt lat="-38.2143" lon="176.78051">
        <ele>225.6</ele>
      </trkpt>
      <trkpt lat="-38.21454" lon="176.78061">
        <ele>226.9</ele>
      </trkpt>
      <trkpt lat="-38.21628" lon="176.78152">
        <ele>243.3</ele>
      </trkpt>
      <trkpt lat="-38.21758" lon="176.78224">
        <ele>245.5</ele>
      </trkpt>
      <trkpt lat="-38.21784" lon="176.78237">
        <ele>243.6</ele>
      </trkpt>
      <trkpt lat="-38.21833" lon="176.78257">
        <ele>239.8</ele>
      </trkpt>
      <trkpt lat="-38.21931" lon="176.78291">
        <ele>238.5</ele>
      </trkpt>
      <trkpt lat="-38.21991" lon="176.78307">
        <ele>243.3</ele>
      </trkpt>
      <trkpt lat="-38.22092" lon="176.78322">
        <ele>258.7</ele>
      </trkpt>
      <trkpt lat="-38.22144" lon="176.78321">
        <ele>263.7</ele>
      </trkpt>
      <trkpt lat="-38.22196" lon="176.7831">
        <ele>262.6</ele>
      </trkpt>
      <trkpt lat="-38.22244" lon="176.78288">
        <ele>257.0</ele>
      </trkpt>
      <trkpt lat="-38.22292" lon="176.7827">
        <ele>253.9</ele>
      </trkpt>
      <trkpt lat="-38.22352" lon="176.78237">
        <ele>251.6</ele>
      </trkpt>
      <trkpt lat="-38.22444" lon="176.78192">
        <ele>251.8</ele>
      </trkpt>
      <trkpt lat="-38.22484" lon="176.78174">
        <ele>250.9</ele>
      </trkpt>
      <trkpt lat="-38.22532" lon="176.78163">
        <ele>250.3</ele>
      </trkpt>
      <trkpt lat="-38.22623" lon="176.78149">
        <ele>250.8</ele>
      </trkpt>
      <trkpt lat="-38.22722" lon="176.78132">
        <ele>251.0</ele>
      </trkpt>
      <trkpt lat="-38.22934" lon="176.78105">
        <ele>243.0</ele>
      </trkpt>
      <trkpt lat="-38.22978" lon="176.78102">
        <ele>242.0</ele>
      </trkpt>
      <trkpt lat="-38.23006" lon="176.78097">
        <ele>241.6</ele>
      </trkpt>
      <trkpt lat="-38.2305" lon="176.78087">
        <ele>241.3</ele>
      </trkpt>
      <trkpt lat="-38.23105" lon="176.78075">
        <ele>240.6</ele>
      </trkpt>
      <trkpt lat="-38.23133" lon="176.78069">
        <ele>239.1</ele>
      </trkpt>
      <trkpt lat="-38.23163" lon="176.78065">
        <ele>237.2</ele>
      </trkpt>
      <trkpt lat="-38.23199" lon="176.78059">
        <ele>238.4</ele>
      </trkpt>
      <trkpt lat="-38.23245" lon="176.78045">
        <ele>241.8</ele>
      </trkpt>
      <trkpt lat="-38.23365" lon="176.77992">
        <ele>239.2</ele>
      </trkpt>
      <trkpt lat="-38.23425" lon="176.77971">
        <ele>238.6</ele>
      </trkpt>
      <trkpt lat="-38.23489" lon="176.77943">
        <ele>240.1</ele>
      </trkpt>
      <trkpt lat="-38.23594" lon="176.77879">
        <ele>246.0</ele>
      </trkpt>
      <trkpt lat="-38.23634" lon="176.77857">
        <ele>245.7</ele>
      </trkpt>
      <trkpt lat="-38.23657" lon="176.77835">
        <ele>244.7</ele>
      </trkpt>
      <trkpt lat="-38.23688" lon="176.77802">
        <ele>245.7</ele>
      </trkpt>
      <trkpt lat="-38.23711" lon="176.77783">
        <ele>244.8</ele>
      </trkpt>
      <trkpt lat="-38.23736" lon="176.77762">
        <ele>242.7</ele>
      </trkpt>
      <trkpt lat="-38.23781" lon="176.77725">
        <ele>242.1</ele>
      </trkpt>
      <trkpt lat="-38.23827" lon="176.77682">
        <ele>241.6</ele>
      </trkpt>
      <trkpt lat="-38.23891" lon="176.77617">
        <ele>239.8</ele>
      </trkpt>
      <trkpt lat="-38.23967" lon="176.77543">
        <ele>237.2</ele>
      </trkpt>
      <trkpt lat="-38.24189" lon="176.77325">
        <ele>233.5</ele>
      </trkpt>
      <trkpt lat="-38.24252" lon="176.77265">
        <ele>233.1</ele>
      </trkpt>
      <trkpt lat="-38.24287" lon="176.77239">
        <ele>235.9</ele>
      </trkpt>
      <trkpt lat="-38.24311" lon="176.7723">
        <ele>238.0</ele>
      </trkpt>
      <trkpt lat="-38.2434" lon="176.77222">
        <ele>240.4</ele>
      </trkpt>
      <trkpt lat="-38.24361" lon="176.77216">
        <ele>241.4</ele>
      </trkpt>
      <trkpt lat="-38.24386" lon="176.77205">
        <ele>242.7</ele>
      </trkpt>
      <trkpt lat="-38.24419" lon="176.77184">
        <ele>244.0</ele>
      </trkpt>
      <trkpt lat="-38.24487" lon="176.77138">
        <ele>245.5</ele>
      </trkpt>
      <trkpt lat="-38.2452" lon="176.77121">
        <ele>246.7</ele>
      </trkpt>
      <trkpt lat="-38.24556" lon="176.77105">
        <ele>248.1</ele>
      </trkpt>
      <trkpt lat="-38.2461" lon="176.7709">
        <ele>249.8</ele>
      </trkpt>
      <trkpt lat="-38.24645" lon="176.77085">
        <ele>251.2</ele>
      </trkpt>
      <trkpt lat="-38.2466" lon="176.77086">
        <ele>251.8</ele>
      </trkpt>
      <trkpt lat="-38.24679" lon="176.77088">
        <ele>251.9</ele>
      </trkpt>
      <trkpt lat="-38.24701" lon="176.77104">
        <ele>252.2</ele>
      </trkpt>
      <trkpt lat="-38.2473" lon="176.77131">
        <ele>253.5</ele>
      </trkpt>
      <trkpt lat="-38.24774" lon="176.77194">
        <ele>261.4</ele>
      </trkpt>
      <trkpt lat="-38.24811" lon="176.77239">
        <ele>264.1</ele>
      </trkpt>
      <trkpt lat="-38.24854" lon="176.77293">
        <ele>263.4</ele>
      </trkpt>
      <trkpt lat="-38.24884" lon="176.77335">
        <ele>261.7</ele>
      </trkpt>
      <trkpt lat="-38.2491" lon="176.77378">
        <ele>258.9</ele>
      </trkpt>
      <trkpt lat="-38.24937" lon="176.77416">
        <ele>259.0</ele>
      </trkpt>
      <trkpt lat="-38.24963" lon="176.77445">
        <ele>260.1</ele>
      </trkpt>
      <trkpt lat="-38.25041" lon="176.77524">
        <ele>254.9</ele>
      </trkpt>
      <trkpt lat="-38.25076" lon="176.77568">
        <ele>250.1</ele>
      </trkpt>
      <trkpt lat="-38.25107" lon="176.77602">
        <ele>249.8</ele>
      </trkpt>
      <trkpt lat="-38.25145" lon="176.77634">
        <ele>249.9</ele>
      </trkpt>
      <trkpt lat="-38.2517" lon="176.77651">
        <ele>248.4</ele>
      </trkpt>
      <trkpt lat="-38.25202" lon="176.77668">
        <ele>246.2</ele>
      </trkpt>
      <trkpt lat="-38.25348" lon="176.77735">
        <ele>238.0</ele>
      </trkpt>
      <trkpt lat="-38.25491" lon="176.77805">
        <ele>231.5</ele>
      </trkpt>
      <trkpt lat="-38.25519" lon="176.77816">
        <ele>229.9</ele>
      </trkpt>
      <trkpt lat="-38.25562" lon="176.77826">
        <ele>227.5</ele>
      </trkpt>
      <trkpt lat="-38.2564" lon="176.77839">
        <ele>225.2</ele>
      </trkpt>
      <trkpt lat="-38.25687" lon="176.77843">
        <ele>224.9</ele>
      </trkpt>
      <trkpt lat="-38.25714" lon="176.77851">
        <ele>225.1</ele>
      </trkpt>
      <trkpt lat="-38.2574" lon="176.77865">
        <ele>224.6</ele>
      </trkpt>
      <trkpt lat="-38.25761" lon="176.77878">
        <ele>223.2</ele>
      </trkpt>
      <trkpt lat="-38.25771" lon="176.77884">
        <ele>222.3</ele>
      </trkpt>
      <trkpt lat="-38.25806" lon="176.77897">
        <ele>219.2</ele>
      </trkpt>
      <trkpt lat="-38.25871" lon="176.77911">
        <ele>216.6</ele>
      </trkpt>
      <trkpt lat="-38.25896" lon="176.77916">
        <ele>216.8</ele>
      </trkpt>
      <trkpt lat="-38.25945" lon="176.77922">
        <ele>218.4</ele>
      </trkpt>
      <trkpt lat="-38.26034" lon="176.77927">
        <ele>222.3</ele>
      </trkpt>
      <trkpt lat="-38.26125" lon="176.77929">
        <ele>227.5</ele>
      </trkpt>
      <trkpt lat="-38.26195" lon="176.77934">
        <ele>237.9</ele>
      </trkpt>
      <trkpt lat="-38.26236" lon="176.77938">
        <ele>247.8</ele>
      </trkpt>
      <trkpt lat="-38.26284" lon="176.77937">
        <ele>254.5</ele>
      </trkpt>
      <trkpt lat="-38.26331" lon="176.7794">
        <ele>259.4</ele>
      </trkpt>
      <trkpt lat="-38.26368" lon="176.77948">
        <ele>259.1</ele>
      </trkpt>
      <trkpt lat="-38.26416" lon="176.77964">
        <ele>257.5</ele>
      </trkpt>
      <trkpt lat="-38.26452" lon="176.77981">
        <ele>256.7</ele>
      </trkpt>
      <trkpt lat="-38.26487" lon="176.78006">
        <ele>255.4</ele>
      </trkpt>
      <trkpt lat="-38.26519" lon="176.78035">
        <ele>254.6</ele>
      </trkpt>
      <trkpt lat="-38.26564" lon="176.78084">
        <ele>252.0</ele>
      </trkpt>
      <trkpt lat="-38.26593" lon="176.78129">
        <ele>252.8</ele>
      </trkpt>
      <trkpt lat="-38.26623" lon="176.78164">
        <ele>251.7</ele>
      </trkpt>
      <trkpt lat="-38.26655" lon="176.7819">
        <ele>249.2</ele>
      </trkpt>
      <trkpt lat="-38.26711" lon="176.7822">
        <ele>244.2</ele>
      </trkpt>
      <trkpt lat="-38.26732" lon="176.78231">
        <ele>242.4</ele>
      </trkpt>
      <trkpt lat="-38.26754" lon="176.7823">
        <ele>241.9</ele>
      </trkpt>
      <trkpt lat="-38.26776" lon="176.78223">
        <ele>243.4</ele>
      </trkpt>
      <trkpt lat="-38.26802" lon="176.78207">
        <ele>245.8</ele>
      </trkpt>
      <trkpt lat="-38.26931" lon="176.78108">
        <ele>248.9</ele>
      </trkpt>
      <trkpt lat="-38.26982" lon="176.78074">
        <ele>243.8</ele>
      </trkpt>
      <trkpt lat="-38.27004" lon="176.78062">
        <ele>242.8</ele>
      </trkpt>
      <trkpt lat="-38.27023" lon="176.78057">
        <ele>242.1</ele>
      </trkpt>
      <trkpt lat="-38.27042" lon="176.78056">
        <ele>241.1</ele>
      </trkpt>
      <trkpt lat="-38.2711" lon="176.78063">
        <ele>236.7</ele>
      </trkpt>
      <trkpt lat="-38.27139" lon="176.7806">
        <ele>234.6</ele>
      </trkpt>
      <trkpt lat="-38.2717" lon="176.7805">
        <ele>232.8</ele>
      </trkpt>
      <trkpt lat="-38.27251" lon="176.78005">
        <ele>229.3</ele>
      </trkpt>
      <trkpt lat="-38.27357" lon="176.77937">
        <ele>227.6</ele>
      </trkpt>
      <trkpt lat="-38.27413" lon="176.77905">
        <ele>224.6</ele>
      </trkpt>
      <trkpt lat="-38.27409" lon="176.77895">
        <ele>225.2</ele>
      </trkpt>
      <trkpt lat="-38.27399" lon="176.77877">
        <ele>226.1</ele>
      </trkpt>
      <trkpt lat="-38.27309" lon="176.77728">
        <ele>242.9</ele>
      </trkpt>
      <trkpt lat="-38.27242" lon="176.77628">
        <ele>248.6</ele>
      </trkpt>
      <trkpt lat="-38.27198" lon="176.77551">
        <ele>252.2</ele>
      </trkpt>
      <trkpt lat="-38.27183" lon="176.77527">
        <ele>250.7</ele>
      </trkpt>
      <trkpt lat="-38.27098" lon="176.77386">
        <ele>254.1</ele>
      </trkpt>
      <trkpt lat="-38.27029" lon="176.7727">
        <ele>269.2</ele>
      </trkpt>
      <trkpt lat="-38.26926" lon="176.77097">
        <ele>281.2</ele>
      </trkpt>
      <trkpt lat="-38.26901" lon="176.7704">
        <ele>286.7</ele>
      </trkpt>
      <trkpt lat="-38.26869" lon="176.76938">
        <ele>292.9</ele>
      </trkpt>
      <trkpt lat="-38.26854" lon="176.76829">
        <ele>285.5</ele>
      </trkpt>
      <trkpt lat="-38.26856" lon="176.76798">
        <ele>284.7</ele>
      </trkpt>
      <trkpt lat="-38.26871" lon="176.76717">
        <ele>285.6</ele>
      </trkpt>
      <trkpt lat="-38.2691" lon="176.76489">
        <ele>281.9</ele>
      </trkpt>
      <trkpt lat="-38.26954" lon="176.76225">
        <ele>271.1</ele>
      </trkpt>
      <trkpt lat="-38.26969" lon="176.76155">
        <ele>270.2</ele>
      </trkpt>
      <trkpt lat="-38.26974" lon="176.76066">
        <ele>275.9</ele>
      </trkpt>
      <trkpt lat="-38.26965" lon="176.75971">
        <ele>275.1</ele>
      </trkpt>
      <trkpt lat="-38.26912" lon="176.75714">
        <ele>275.7</ele>
      </trkpt>
      <trkpt lat="-38.26854" lon="176.7542">
        <ele>273.7</ele>
      </trkpt>
      <trkpt lat="-38.26842" lon="176.75364">
        <ele>273.1</ele>
      </trkpt>
      <trkpt lat="-38.26837" lon="176.75341">
        <ele>272.4</ele>
      </trkpt>
      <trkpt lat="-38.2681" lon="176.75262">
        <ele>280.5</ele>
      </trkpt>
      <trkpt lat="-38.268" lon="176.75239">
        <ele>283.0</ele>
      </trkpt>
      <trkpt lat="-38.2677" lon="176.75191">
        <ele>285.0</ele>
      </trkpt>
      <trkpt lat="-38.26715" lon="176.75127">
        <ele>290.6</ele>
      </trkpt>
      <trkpt lat="-38.26665" lon="176.75092">
        <ele>295.7</ele>
      </trkpt>
      <trkpt lat="-38.26497" lon="176.74989">
        <ele>303.6</ele>
      </trkpt>
      <trkpt lat="-38.26305" lon="176.74851">
        <ele>305.2</ele>
      </trkpt>
      <trkpt lat="-38.26262" lon="176.74795">
        <ele>306.0</ele>
      </trkpt>
      <trkpt lat="-38.26191" lon="176.74705">
        <ele>294.9</ele>
      </trkpt>
      <trkpt lat="-38.26139" lon="176.74599">
        <ele>285.7</ele>
      </trkpt>
      <trkpt lat="-38.26104" lon="176.74504">
        <ele>285.6</ele>
      </trkpt>
      <trkpt lat="-38.26079" lon="176.74352">
        <ele>286.8</ele>
      </trkpt>
      <trkpt lat="-38.26077" lon="176.74238">
        <ele>288.4</ele>
      </trkpt>
      <trkpt lat="-38.26079" lon="176.74219">
        <ele>288.8</ele>
      </trkpt>
      <trkpt lat="-38.26084" lon="176.74148">
        <ele>291.0</ele>
      </trkpt>
      <trkpt lat="-38.26103" lon="176.7401">
        <ele>295.8</ele>
      </trkpt>
      <trkpt lat="-38.26111" lon="176.73907">
        <ele>299.4</ele>
      </trkpt>
      <trkpt lat="-38.26202" lon="176.73557">
        <ele>317.1</ele>
      </trkpt>
      <trkpt lat="-38.2625" lon="176.73383">
        <ele>319.4</ele>
      </trkpt>
      <trkpt lat="-38.26406" lon="176.72843">
        <ele>334.3</ele>
      </trkpt>
      <trkpt lat="-38.26437" lon="176.72688">
        <ele>330.2</ele>
      </trkpt>
      <trkpt lat="-38.26437" lon="176.72642">
        <ele>331.1</ele>
      </trkpt>
      <trkpt lat="-38.2644" lon="176.72509">
        <ele>337.2</ele>
      </trkpt>
      <trkpt lat="-38.26414" lon="176.72352">
        <ele>341.8</ele>
      </trkpt>
      <trkpt lat="-38.26407" lon="176.72311">
        <ele>344.7</ele>
      </trkpt>
      <trkpt lat="-38.26379" lon="176.72232">
        <ele>352.6</ele>
      </trkpt>
      <trkpt lat="-38.26283" lon="176.71967">
        <ele>356.6</ele>
      </trkpt>
      <trkpt lat="-38.26183" lon="176.71694">
        <ele>371.3</ele>
      </trkpt>
      <trkpt lat="-38.25969" lon="176.7114">
        <ele>393.6</ele>
      </trkpt>
      <trkpt lat="-38.256" lon="176.70189">
        <ele>411.1</ele>
      </trkpt>
      <trkpt lat="-38.25566" lon="176.69997">
        <ele>427.1</ele>
      </trkpt>
      <trkpt lat="-38.25563" lon="176.69835">
        <ele>421.3</ele>
      </trkpt>
      <trkpt lat="-38.25616" lon="176.69478">
        <ele>428.2</ele>
      </trkpt>
      <trkpt lat="-38.25624" lon="176.69342">
        <ele>425.8</ele>
      </trkpt>
      <trkpt lat="-38.25596" lon="176.69115">
        <ele>434.6</ele>
      </trkpt>
      <trkpt lat="-38.25501" lon="176.68657">
        <ele>440.1</ele>
      </trkpt>
      <trkpt lat="-38.25473" lon="176.68185">
        <ele>438.1</ele>
      </trkpt>
      <trkpt lat="-38.2542" lon="176.67238">
        <ele>450.2</ele>
      </trkpt>
      <trkpt lat="-38.25519" lon="176.6667">
        <ele>426.0</ele>
      </trkpt>
      <trkpt lat="-38.255544" lon="176.665746">
        <ele>421.7</ele>
      </trkpt>
      <trkpt lat="-38.25555" lon="176.66573">
        <ele>421.8</ele>
      </trkpt>
      <trkpt lat="-38.25568" lon="176.66538">
        <ele>423.8</ele>
      </trkpt>
      <trkpt lat="-38.2566" lon="176.66379">
        <ele>434.3</ele>
      </trkpt>
      <trkpt lat="-38.25912" lon="176.66063">
        <ele>440.5</ele>
      </trkpt>
      <trkpt lat="-38.26132" lon="176.65702">
        <ele>450.7</ele>
      </trkpt>
      <trkpt lat="-38.26233" lon="176.6557">
        <ele>454.8</ele>
      </trkpt>
      <trkpt lat="-38.26327" lon="176.65492">
        <ele>459.4</ele>
      </trkpt>
      <trkpt lat="-38.266" lon="176.6537">
        <ele>461.4</ele>
      </trkpt>
      <trkpt lat="-38.26708" lon="176.65298">
        <ele>464.8</ele>
      </trkpt>
      <trkpt lat="-38.26822" lon="176.65189">
        <ele>464.4</ele>
      </trkpt>
      <trkpt lat="-38.26905" lon="176.64972">
        <ele>466.4</ele>
      </trkpt>
      <trkpt lat="-38.26977" lon="176.64612">
        <ele>469.7</ele>
      </trkpt>
      <trkpt lat="-38.2709" lon="176.64034">
        <ele>456.6</ele>
      </trkpt>
      <trkpt lat="-38.27191" lon="176.63454">
        <ele>453.1</ele>
      </trkpt>
      <trkpt lat="-38.27223" lon="176.63315">
        <ele>456.8</ele>
      </trkpt>
      <trkpt lat="-38.27293" lon="176.63136">
        <ele>457.5</ele>
      </trkpt>
      <trkpt lat="-38.27397" lon="176.62976">
        <ele>449.0</ele>
      </trkpt>
      <trkpt lat="-38.27561" lon="176.62788">
        <ele>442.3</ele>
      </trkpt>
      <trkpt lat="-38.27595" lon="176.62749">
        <ele>442.6</ele>
      </trkpt>
      <trkpt lat="-38.27802" lon="176.62595">
        <ele>434.1</ele>
      </trkpt>
      <trkpt lat="-38.27869" lon="176.62524">
        <ele>443.2</ele>
      </trkpt>
      <trkpt lat="-38.2824" lon="176.61904">
        <ele>449.5</ele>
      </trkpt>
      <trkpt lat="-38.2835" lon="176.61725">
        <ele>446.6</ele>
      </trkpt>
      <trkpt lat="-38.28398" lon="176.61645">
        <ele>452.9</ele>
      </trkpt>
      <trkpt lat="-38.28403" lon="176.61625">
        <ele>452.7</ele>
      </trkpt>
      <trkpt lat="-38.28418" lon="176.61553">
        <ele>450.7</ele>
      </trkpt>
      <trkpt lat="-38.28437" lon="176.61347">
        <ele>452.0</ele>
      </trkpt>
      <trkpt lat="-38.28442" lon="176.61296">
        <ele>455.3</ele>
      </trkpt>
      <trkpt lat="-38.28444" lon="176.61271">
        <ele>457.1</ele>
      </trkpt>
      <trkpt lat="-38.28507" lon="176.60724">
        <ele>453.5</ele>
      </trkpt>
      <trkpt lat="-38.28529" lon="176.60637">
        <ele>459.4</ele>
      </trkpt>
      <trkpt lat="-38.28534" lon="176.60619">
        <ele>460.3</ele>
      </trkpt>
      <trkpt lat="-38.28538" lon="176.60603">
        <ele>460.9</ele>
      </trkpt>
      <trkpt lat="-38.28546" lon="176.60507">
        <ele>465.7</ele>
      </trkpt>
      <trkpt lat="-38.28561" lon="176.60378">
        <ele>473.6</ele>
      </trkpt>
      <trkpt lat="-38.28608" lon="176.60108">
        <ele>460.8</ele>
      </trkpt>
      <trkpt lat="-38.28674" lon="176.59778">
        <ele>456.9</ele>
      </trkpt>
      <trkpt lat="-38.28683" lon="176.59697">
        <ele>465.6</ele>
      </trkpt>
      <trkpt lat="-38.28689" lon="176.59641">
        <ele>473.1</ele>
      </trkpt>
      <trkpt lat="-38.28699" lon="176.59527">
        <ele>484.1</ele>
      </trkpt>
      <trkpt lat="-38.28696" lon="176.59363">
        <ele>481.6</ele>
      </trkpt>
      <trkpt lat="-38.28699" lon="176.59327">
        <ele>478.8</ele>
      </trkpt>
      <trkpt lat="-38.28707" lon="176.59273">
        <ele>475.7</ele>
      </trkpt>
      <trkpt lat="-38.28709" lon="176.59199">
        <ele>478.8</ele>
      </trkpt>
      <trkpt lat="-38.28705" lon="176.59141">
        <ele>484.0</ele>
      </trkpt>
      <trkpt lat="-38.28704" lon="176.59012">
        <ele>493.8</ele>
      </trkpt>
      <trkpt lat="-38.28719" lon="176.58912">
        <ele>493.8</ele>
      </trkpt>
      <trkpt lat="-38.28716" lon="176.5885">
        <ele>492.6</ele>
      </trkpt>
      <trkpt lat="-38.28731" lon="176.58795">
        <ele>489.8</ele>
      </trkpt>
      <trkpt lat="-38.28795" lon="176.58573">
        <ele>490.8</ele>
      </trkpt>
      <trkpt lat="-38.2881" lon="176.58493">
        <ele>494.5</ele>
      </trkpt>
      <trkpt lat="-38.28848" lon="176.58371">
        <ele>495.3</ele>
      </trkpt>
      <trkpt lat="-38.28865" lon="176.58331">
        <ele>495.9</ele>
      </trkpt>
      <trkpt lat="-38.29018" lon="176.58025">
        <ele>486.3</ele>
      </trkpt>
      <trkpt lat="-38.29348" lon="176.57366">
        <ele>483.1</ele>
      </trkpt>
      <trkpt lat="-38.29363" lon="176.57322">
        <ele>483.5</ele>
      </trkpt>
      <trkpt lat="-38.29367" lon="176.57272">
        <ele>484.2</ele>
      </trkpt>
      <trkpt lat="-38.29361" lon="176.57095">
        <ele>479.9</ele>
      </trkpt>
      <trkpt lat="-38.293626" lon="176.569957">
        <ele>479.9</ele>
      </trkpt>
      <trkpt lat="-38.294331" lon="176.569718">
        <ele>478.0</ele>
      </trkpt>
      <trkpt lat="-38.295096" lon="176.569091">
        <ele>478.2</ele>
      </trkpt>
      <trkpt lat="-38.297128" lon="176.567348">
        <ele>474.3</ele>
      </trkpt>
      <trkpt lat="-38.300994" lon="176.563938">
        <ele>460.7</ele>
      </trkpt>
      <trkpt lat="-38.302941" lon="176.562186">
        <ele>461.3</ele>
      </trkpt>
      <trkpt lat="-38.30436" lon="176.560949">
        <ele>456.5</ele>
      </trkpt>
      <trkpt lat="-38.305131" lon="176.5603">
        <ele>455.5</ele>
      </trkpt>
      <trkpt lat="-38.306653" lon="176.559458">
        <ele>452.3</ele>
      </trkpt>
      <trkpt lat="-38.307863" lon="176.558815">
        <ele>449.7</ele>
      </trkpt>
      <trkpt lat="-38.308552" lon="176.558418">
        <ele>451.5</ele>
      </trkpt>
      <trkpt lat="-38.309251" lon="176.558014">
        <ele>455.4</ele>
      </trkpt>
      <trkpt lat="-38.31012" lon="176.557555">
        <ele>458.6</ele>
      </trkpt>
      <trkpt lat="-38.310715" lon="176.557185">
        <ele>459.5</ele>
      </trkpt>
      <trkpt lat="-38.31163" lon="176.55634">
        <ele>457.8</ele>
      </trkpt>
      <trkpt lat="-38.312524" lon="176.555498">
        <ele>455.2</ele>
      </trkpt>
      <trkpt lat="-38.313399" lon="176.554717">
        <ele>453.9</ele>
      </trkpt>
      <trkpt lat="-38.314115" lon="176.553996">
        <ele>451.7</ele>
      </trkpt>
      <trkpt lat="-38.314949" lon="176.553301">
        <ele>448.2</ele>
      </trkpt>
      <trkpt lat="-38.315622" lon="176.55269">
        <ele>449.5</ele>
      </trkpt>
      <trkpt lat="-38.317009" lon="176.55141">
        <ele>454.0</ele>
      </trkpt>
      <trkpt lat="-38.317534" lon="176.55085">
        <ele>456.0</ele>
      </trkpt>
      <trkpt lat="-38.317905" lon="176.550262">
        <ele>454.8</ele>
      </trkpt>
      <trkpt lat="-38.318116" lon="176.549623">
        <ele>453.1</ele>
      </trkpt>
      <trkpt lat="-38.318302" lon="176.549055">
        <ele>451.7</ele>
      </trkpt>
      <trkpt lat="-38.318373" lon="176.548398">
        <ele>450.2</ele>
      </trkpt>
      <trkpt lat="-38.318376" lon="176.547821">
        <ele>448.8</ele>
      </trkpt>
      <trkpt lat="-38.318318" lon="176.546982">
        <ele>446.7</ele>
      </trkpt>
      <trkpt lat="-38.318118" lon="176.546212">
        <ele>444.9</ele>
      </trkpt>
      <trkpt lat="-38.317595" lon="176.545174">
        <ele>444.8</ele>
      </trkpt>
      <trkpt lat="-38.316848" lon="176.543741">
        <ele>449.6</ele>
      </trkpt>
      <trkpt lat="-38.315846" lon="176.541892">
        <ele>451.5</ele>
      </trkpt>
      <trkpt lat="-38.315033" lon="176.541087">
        <ele>456.3</ele>
      </trkpt>
      <trkpt lat="-38.313837" lon="176.540089">
        <ele>459.9</ele>
      </trkpt>
      <trkpt lat="-38.311685" lon="176.538419">
        <ele>451.2</ele>
      </trkpt>
      <trkpt lat="-38.310473" lon="176.537469">
        <ele>449.7</ele>
      </trkpt>
      <trkpt lat="-38.30915" lon="176.536406">
        <ele>446.7</ele>
      </trkpt>
      <trkpt lat="-38.307593" lon="176.535201">
        <ele>443.7</ele>
      </trkpt>
      <trkpt lat="-38.307074" lon="176.534781">
        <ele>442.9</ele>
      </trkpt>
      <trkpt lat="-38.306822" lon="176.534485">
        <ele>442.9</ele>
      </trkpt>
      <trkpt lat="-38.306601" lon="176.534181">
        <ele>443.2</ele>
      </trkpt>
      <trkpt lat="-38.30638" lon="176.53364">
        <ele>443.3</ele>
      </trkpt>
      <trkpt lat="-38.30956" lon="176.53101">
        <ele>447.0</ele>
      </trkpt>
      <trkpt lat="-38.31064" lon="176.52818">
        <ele>443.3</ele>
      </trkpt>
      <trkpt lat="-38.31109" lon="176.527">
        <ele>443.2</ele>
      </trkpt>
      <trkpt lat="-38.311" lon="176.52483">
        <ele>443.3</ele>
      </trkpt>
      <trkpt lat="-38.31079" lon="176.52422">
        <ele>443.0</ele>
      </trkpt>
      <trkpt lat="-38.31071" lon="176.52399">
        <ele>443.2</ele>
      </trkpt>
      <trkpt lat="-38.31065" lon="176.52383">
        <ele>443.5</ele>
      </trkpt>
      <trkpt lat="-38.3102" lon="176.52244">
        <ele>445.3</ele>
      </trkpt>
      <trkpt lat="-38.30971" lon="176.52094">
        <ele>448.4</ele>
      </trkpt>
      <trkpt lat="-38.30942" lon="176.52002">
        <ele>446.2</ele>
      </trkpt>
      <trkpt lat="-38.30959" lon="176.51729">
        <ele>444.0</ele>
      </trkpt>
      <trkpt lat="-38.3098" lon="176.51425">
        <ele>444.7</ele>
      </trkpt>
      <trkpt lat="-38.30987" lon="176.51238">
        <ele>450.1</ele>
      </trkpt>
      <trkpt lat="-38.3099" lon="176.51177">
        <ele>448.7</ele>
      </trkpt>
      <trkpt lat="-38.30988" lon="176.50999">
        <ele>444.7</ele>
      </trkpt>
      <trkpt lat="-38.30988" lon="176.50904">
        <ele>442.3</ele>
      </trkpt>
      <trkpt lat="-38.30947" lon="176.50598">
        <ele>451.3</ele>
      </trkpt>
      <trkpt lat="-38.30937" lon="176.50519">
        <ele>451.8</ele>
      </trkpt>
      <trkpt lat="-38.30937" lon="176.50502">
        <ele>451.8</ele>
      </trkpt>
      <trkpt lat="-38.30939" lon="176.50487">
        <ele>452.1</ele>
      </trkpt>
      <trkpt lat="-38.31012" lon="176.50214">
        <ele>452.9</ele>
      </trkpt>
      <trkpt lat="-38.31048" lon="176.50089">
        <ele>448.3</ele>
      </trkpt>
      <trkpt lat="-38.31066" lon="176.50044">
        <ele>448.4</ele>
      </trkpt>
      <trkpt lat="-38.31083" lon="176.50016">
        <ele>449.0</ele>
      </trkpt>
      <trkpt lat="-38.31102" lon="176.49996">
        <ele>448.7</ele>
      </trkpt>
      <trkpt lat="-38.31171" lon="176.49932">
        <ele>447.2</ele>
      </trkpt>
      <trkpt lat="-38.31297" lon="176.49827">
        <ele>446.2</ele>
      </trkpt>
      <trkpt lat="-38.31459" lon="176.49694">
        <ele>448.2</ele>
      </trkpt>
      <trkpt lat="-38.31599" lon="176.49524">
        <ele>449.2</ele>
      </trkpt>
      <trkpt lat="-38.31773" lon="176.49482">
        <ele>453.6</ele>
      </trkpt>
      <trkpt lat="-38.31822" lon="176.49469">
        <ele>453.7</ele>
      </trkpt>
      <trkpt lat="-38.31875" lon="176.49453">
        <ele>454.8</ele>
      </trkpt>
      <trkpt lat="-38.31864" lon="176.49334">
        <ele>451.6</ele>
      </trkpt>
      <trkpt lat="-38.31862" lon="176.49261">
        <ele>452.8</ele>
      </trkpt>
      <trkpt lat="-38.31855" lon="176.49216">
        <ele>454.1</ele>
      </trkpt>
      <trkpt lat="-38.31857" lon="176.49016">
        <ele>463.6</ele>
      </trkpt>
      <trkpt lat="-38.31859" lon="176.48638">
        <ele>477.6</ele>
      </trkpt>
      <trkpt lat="-38.3182" lon="176.48463">
        <ele>470.4</ele>
      </trkpt>
      <trkpt lat="-38.3175" lon="176.48152">
        <ele>459.9</ele>
      </trkpt>
      <trkpt lat="-38.31668" lon="176.47952">
        <ele>451.7</ele>
      </trkpt>
      <trkpt lat="-38.31562" lon="176.47779">
        <ele>452.4</ele>
      </trkpt>
      <trkpt lat="-38.31519" lon="176.47706">
        <ele>458.0</ele>
      </trkpt>
      <trkpt lat="-38.31532" lon="176.47522">
        <ele>467.5</ele>
      </trkpt>
      <trkpt lat="-38.31551" lon="176.4728">
        <ele>468.2</ele>
      </trkpt>
      <trkpt lat="-38.3157" lon="176.47025">
        <ele>478.9</ele>
      </trkpt>
      <trkpt lat="-38.316" lon="176.46643">
        <ele>467.8</ele>
      </trkpt>
      <trkpt lat="-38.316" lon="176.46617">
        <ele>467.2</ele>
      </trkpt>
      <trkpt lat="-38.31595" lon="176.46594">
        <ele>466.5</ele>
      </trkpt>
      <trkpt lat="-38.31586" lon="176.46567">
        <ele>466.6</ele>
      </trkpt>
      <trkpt lat="-38.31579" lon="176.46554">
        <ele>466.9</ele>
      </trkpt>
      <trkpt lat="-38.31569" lon="176.46539">
        <ele>467.1</ele>
      </trkpt>
      <trkpt lat="-38.31559" lon="176.46526">
        <ele>467.0</ele>
      </trkpt>
      <trkpt lat="-38.31444" lon="176.46399">
        <ele>470.1</ele>
      </trkpt>
      <trkpt lat="-38.31337" lon="176.4628">
        <ele>478.8</ele>
      </trkpt>
      <trkpt lat="-38.31329" lon="176.46269">
        <ele>479.5</ele>
      </trkpt>
      <trkpt lat="-38.31322" lon="176.46255">
        <ele>480.3</ele>
      </trkpt>
      <trkpt lat="-38.31316" lon="176.46239">
        <ele>480.0</ele>
      </trkpt>
      <trkpt lat="-38.3131" lon="176.46218">
        <ele>479.2</ele>
      </trkpt>
      <trkpt lat="-38.31307" lon="176.46199">
        <ele>478.9</ele>
      </trkpt>
      <trkpt lat="-38.31303" lon="176.46179">
        <ele>478.6</ele>
      </trkpt>
      <trkpt lat="-38.313" lon="176.46155">
        <ele>477.8</ele>
      </trkpt>
      <trkpt lat="-38.31302" lon="176.46129">
        <ele>476.5</ele>
      </trkpt>
      <trkpt lat="-38.31304" lon="176.46105">
        <ele>475.2</ele>
      </trkpt>
      <trkpt lat="-38.31316" lon="176.46052">
        <ele>473.1</ele>
      </trkpt>
      <trkpt lat="-38.31324" lon="176.46024">
        <ele>472.2</ele>
      </trkpt>
      <trkpt lat="-38.31341" lon="176.45977">
        <ele>469.9</ele>
      </trkpt>
      <trkpt lat="-38.31362" lon="176.45924">
        <ele>466.3</ele>
      </trkpt>
      <trkpt lat="-38.31371" lon="176.45904">
        <ele>464.7</ele>
      </trkpt>
      <trkpt lat="-38.31387" lon="176.45868">
        <ele>462.1</ele>
      </trkpt>
      <trkpt lat="-38.31402" lon="176.45836">
        <ele>460.4</ele>
      </trkpt>
      <trkpt lat="-38.31413" lon="176.45815">
        <ele>459.4</ele>
      </trkpt>
      <trkpt lat="-38.31433" lon="176.45792">
        <ele>458.1</ele>
      </trkpt>
      <trkpt lat="-38.31455" lon="176.45769">
        <ele>456.8</ele>
      </trkpt>
      <trkpt lat="-38.31508" lon="176.45718">
        <ele>455.3</ele>
      </trkpt>
      <trkpt lat="-38.3153" lon="176.45698">
        <ele>455.4</ele>
      </trkpt>
      <trkpt lat="-38.31544" lon="176.45683">
        <ele>455.4</ele>
      </trkpt>
      <trkpt lat="-38.31554" lon="176.4567">
        <ele>455.3</ele>
      </trkpt>
      <trkpt lat="-38.31562" lon="176.45656">
        <ele>455.3</ele>
      </trkpt>
      <trkpt lat="-38.31567" lon="176.45645">
        <ele>455.4</ele>
      </trkpt>
      <trkpt lat="-38.31573" lon="176.45629">
        <ele>455.5</ele>
      </trkpt>
      <trkpt lat="-38.31576" lon="176.45612">
        <ele>455.6</ele>
      </trkpt>
      <trkpt lat="-38.31577" lon="176.45607">
        <ele>455.7</ele>
      </trkpt>
      <trkpt lat="-38.3158" lon="176.45588">
        <ele>455.9</ele>
      </trkpt>
      <trkpt lat="-38.31587" lon="176.45421">
        <ele>451.1</ele>
      </trkpt>
      <trkpt lat="-38.3159" lon="176.45313">
        <ele>450.1</ele>
      </trkpt>
      <trkpt lat="-38.31591" lon="176.45276">
        <ele>450.0</ele>
      </trkpt>
      <trkpt lat="-38.31594" lon="176.45248">
        <ele>450.0</ele>
      </trkpt>
      <trkpt lat="-38.31599" lon="176.45227">
        <ele>450.5</ele>
      </trkpt>
      <trkpt lat="-38.31606" lon="176.45203">
        <ele>451.0</ele>
      </trkpt>
      <trkpt lat="-38.31629" lon="176.45153">
        <ele>451.7</ele>
      </trkpt>
      <trkpt lat="-38.31694" lon="176.45016">
        <ele>456.3</ele>
      </trkpt>
      <trkpt lat="-38.31711" lon="176.44981">
        <ele>457.8</ele>
      </trkpt>
      <trkpt lat="-38.3172" lon="176.44961">
        <ele>458.4</ele>
      </trkpt>
      <trkpt lat="-38.31727" lon="176.44942">
        <ele>458.9</ele>
      </trkpt>
      <trkpt lat="-38.31735" lon="176.4492">
        <ele>459.4</ele>
      </trkpt>
      <trkpt lat="-38.31756" lon="176.44832">
        <ele>458.6</ele>
      </trkpt>
      <trkpt lat="-38.3176" lon="176.44809">
        <ele>458.7</ele>
      </trkpt>
      <trkpt lat="-38.31763" lon="176.44791">
        <ele>458.8</ele>
      </trkpt>
      <trkpt lat="-38.31762" lon="176.44772">
        <ele>458.5</ele>
      </trkpt>
      <trkpt lat="-38.3176" lon="176.44758">
        <ele>458.2</ele>
      </trkpt>
      <trkpt lat="-38.31744" lon="176.44705">
        <ele>455.6</ele>
      </trkpt>
      <trkpt lat="-38.31721" lon="176.44644">
        <ele>455.5</ele>
      </trkpt>
      <trkpt lat="-38.31716" lon="176.44628">
        <ele>455.4</ele>
      </trkpt>
      <trkpt lat="-38.31712" lon="176.4461">
        <ele>455.3</ele>
      </trkpt>
      <trkpt lat="-38.3171" lon="176.44589">
        <ele>455.0</ele>
      </trkpt>
      <trkpt lat="-38.31712" lon="176.44564">
        <ele>454.9</ele>
      </trkpt>
      <trkpt lat="-38.31717" lon="176.44512">
        <ele>455.2</ele>
      </trkpt>
      <trkpt lat="-38.31727" lon="176.44461">
        <ele>454.0</ele>
      </trkpt>
      <trkpt lat="-38.31735" lon="176.44435">
        <ele>452.8</ele>
      </trkpt>
      <trkpt lat="-38.31737" lon="176.44431">
        <ele>452.5</ele>
      </trkpt>
      <trkpt lat="-38.31749" lon="176.44407">
        <ele>450.8</ele>
      </trkpt>
      <trkpt lat="-38.31774" lon="176.44371">
        <ele>447.7</ele>
      </trkpt>
      <trkpt lat="-38.31799" lon="176.44339">
        <ele>445.7</ele>
      </trkpt>
      <trkpt lat="-38.31838" lon="176.4429">
        <ele>443.3</ele>
      </trkpt>
      <trkpt lat="-38.31919" lon="176.4419">
        <ele>436.2</ele>
      </trkpt>
      <trkpt lat="-38.31972" lon="176.44126">
        <ele>435.7</ele>
      </trkpt>
      <trkpt lat="-38.3204" lon="176.44043">
        <ele>434.8</ele>
      </trkpt>
      <trkpt lat="-38.32022" lon="176.44014">
        <ele>436.1</ele>
      </trkpt>
      <trkpt lat="-38.32002" lon="176.43987">
        <ele>438.5</ele>
      </trkpt>
      <trkpt lat="-38.31885" lon="176.43783">
        <ele>440.7</ele>
      </trkpt>
      <trkpt lat="-38.31781" lon="176.43581">
        <ele>429.8</ele>
      </trkpt>
      <trkpt lat="-38.31579" lon="176.43216">
        <ele>430.1</ele>
      </trkpt>
      <trkpt lat="-38.3153" lon="176.43111">
        <ele>436.7</ele>
      </trkpt>
      <trkpt lat="-38.31341" lon="176.42708">
        <ele>437.4</ele>
      </trkpt>
      <trkpt lat="-38.31115" lon="176.42221">
        <ele>440.2</ele>
      </trkpt>
      <trkpt lat="-38.31072" lon="176.4213">
        <ele>443.2</ele>
      </trkpt>
      <trkpt lat="-38.31054" lon="176.42088">
        <ele>444.1</ele>
      </trkpt>
      <trkpt lat="-38.31041" lon="176.4206">
        <ele>442.6</ele>
      </trkpt>
      <trkpt lat="-38.31025" lon="176.42025">
        <ele>439.8</ele>
      </trkpt>
      <trkpt lat="-38.31009" lon="176.41992">
        <ele>437.2</ele>
      </trkpt>
      <trkpt lat="-38.30995" lon="176.41961">
        <ele>437.3</ele>
      </trkpt>
      <trkpt lat="-38.30977" lon="176.41923">
        <ele>438.0</ele>
      </trkpt>
      <trkpt lat="-38.30958" lon="176.41882">
        <ele>438.3</ele>
      </trkpt>
      <trkpt lat="-38.30928" lon="176.41814">
        <ele>438.6</ele>
      </trkpt>
      <trkpt lat="-38.30916" lon="176.41784">
        <ele>438.6</ele>
      </trkpt>
      <trkpt lat="-38.30901" lon="176.41743">
        <ele>439.4</ele>
      </trkpt>
      <trkpt lat="-38.30892" lon="176.41713">
        <ele>438.7</ele>
      </trkpt>
      <trkpt lat="-38.30871" lon="176.41641">
        <ele>436.4</ele>
      </trkpt>
      <trkpt lat="-38.30861" lon="176.41604">
        <ele>434.4</ele>
      </trkpt>
      <trkpt lat="-38.30851" lon="176.41572">
        <ele>432.2</ele>
      </trkpt>
      <trkpt lat="-38.30825" lon="176.41485">
        <ele>426.3</ele>
      </trkpt>
      <trkpt lat="-38.30816" lon="176.41456">
        <ele>425.2</ele>
      </trkpt>
      <trkpt lat="-38.30811" lon="176.41439">
        <ele>424.7</ele>
      </trkpt>
      <trkpt lat="-38.30797" lon="176.4139">
        <ele>423.7</ele>
      </trkpt>
      <trkpt lat="-38.30785" lon="176.41349">
        <ele>423.1</ele>
      </trkpt>
      <trkpt lat="-38.30759" lon="176.41263">
        <ele>420.3</ele>
      </trkpt>
      <trkpt lat="-38.3075" lon="176.41233">
        <ele>419.4</ele>
      </trkpt>
      <trkpt lat="-38.30747" lon="176.41221">
        <ele>418.8</ele>
      </trkpt>
      <trkpt lat="-38.30737" lon="176.41175">
        <ele>416.5</ele>
      </trkpt>
      <trkpt lat="-38.30729" lon="176.4113">
        <ele>417.3</ele>
      </trkpt>
      <trkpt lat="-38.30724" lon="176.41095">
        <ele>418.6</ele>
      </trkpt>
      <trkpt lat="-38.30719" lon="176.41064">
        <ele>419.1</ele>
      </trkpt>
      <trkpt lat="-38.30715" lon="176.41033">
        <ele>419.2</ele>
      </trkpt>
      <trkpt lat="-38.30713" lon="176.41022">
        <ele>419.3</ele>
      </trkpt>
      <trkpt lat="-38.30713" lon="176.4101">
        <ele>419.4</ele>
      </trkpt>
      <trkpt lat="-38.30712" lon="176.40998">
        <ele>419.5</ele>
      </trkpt>
      <trkpt lat="-38.30712" lon="176.40974">
        <ele>419.5</ele>
      </trkpt>
      <trkpt lat="-38.30713" lon="176.40937">
        <ele>419.6</ele>
      </trkpt>
      <trkpt lat="-38.30715" lon="176.40858">
        <ele>418.8</ele>
      </trkpt>
      <trkpt lat="-38.30716" lon="176.40811">
        <ele>418.9</ele>
      </trkpt>
      <trkpt lat="-38.30719" lon="176.40742">
        <ele>419.8</ele>
      </trkpt>
      <trkpt lat="-38.30722" lon="176.40662">
        <ele>417.8</ele>
      </trkpt>
      <trkpt lat="-38.30726" lon="176.40551">
        <ele>415.4</ele>
      </trkpt>
      <trkpt lat="-38.30726" lon="176.40536">
        <ele>415.8</ele>
      </trkpt>
      <trkpt lat="-38.30729" lon="176.40455">
        <ele>417.9</ele>
      </trkpt>
      <trkpt lat="-38.30731" lon="176.40412">
        <ele>418.9</ele>
      </trkpt>
      <trkpt lat="-38.30732" lon="176.40375">
        <ele>419.6</ele>
      </trkpt>
      <trkpt lat="-38.30735" lon="176.40296">
        <ele>419.7</ele>
      </trkpt>
      <trkpt lat="-38.30735" lon="176.40262">
        <ele>419.0</ele>
      </trkpt>
      <trkpt lat="-38.3074" lon="176.40125">
        <ele>419.8</ele>
      </trkpt>
      <trkpt lat="-38.30743" lon="176.40035">
        <ele>421.0</ele>
      </trkpt>
      <trkpt lat="-38.30747" lon="176.39952">
        <ele>421.9</ele>
      </trkpt>
      <trkpt lat="-38.30749" lon="176.39897">
        <ele>421.5</ele>
      </trkpt>
      <trkpt lat="-38.30754" lon="176.3977">
        <ele>418.2</ele>
      </trkpt>
      <trkpt lat="-38.30757" lon="176.39691">
        <ele>418.3</ele>
      </trkpt>
      <trkpt lat="-38.30764" lon="176.39544">
        <ele>418.1</ele>
      </trkpt>
      <trkpt lat="-38.30768" lon="176.39498">
        <ele>418.5</ele>
      </trkpt>
      <trkpt lat="-38.3077" lon="176.3945">
        <ele>418.1</ele>
      </trkpt>
      <trkpt lat="-38.30771" lon="176.39438">
        <ele>418.0</ele>
      </trkpt>
      <trkpt lat="-38.30774" lon="176.39377">
        <ele>417.5</ele>
      </trkpt>
      <trkpt lat="-38.30776" lon="176.39355">
        <ele>417.4</ele>
      </trkpt>
      <trkpt lat="-38.30778" lon="176.39332">
        <ele>417.3</ele>
      </trkpt>
      <trkpt lat="-38.30781" lon="176.39309">
        <ele>417.0</ele>
      </trkpt>
      <trkpt lat="-38.30784" lon="176.39287">
        <ele>416.7</ele>
      </trkpt>
      <trkpt lat="-38.30787" lon="176.39275">
        <ele>416.7</ele>
      </trkpt>
      <trkpt lat="-38.30799" lon="176.39222">
        <ele>416.3</ele>
      </trkpt>
      <trkpt lat="-38.30808" lon="176.39189">
        <ele>416.0</ele>
      </trkpt>
      <trkpt lat="-38.30815" lon="176.39168">
        <ele>415.6</ele>
      </trkpt>
      <trkpt lat="-38.308227" lon="176.391519">
        <ele>416.5</ele>
      </trkpt>
      <trkpt lat="-38.30827" lon="176.391437">
        <ele>416.9</ele>
      </trkpt>
      <trkpt lat="-38.308386" lon="176.391095">
        <ele>418.6</ele>
      </trkpt>
      <trkpt lat="-38.308522" lon="176.39064">
        <ele>419.8</ele>
      </trkpt>
      <trkpt lat="-38.308609" lon="176.390399">
        <ele>420.4</ele>
      </trkpt>
      <trkpt lat="-38.308614" lon="176.390358">
        <ele>420.5</ele>
      </trkpt>
      <trkpt lat="-38.308621" lon="176.390317">
        <ele>420.7</ele>
      </trkpt>
      <trkpt lat="-38.308628" lon="176.390277">
        <ele>420.8</ele>
      </trkpt>
      <trkpt lat="-38.308636" lon="176.390238">
        <ele>420.9</ele>
      </trkpt>
      <trkpt lat="-38.308689" lon="176.390052">
        <ele>421.7</ele>
      </trkpt>
      <trkpt lat="-38.30878" lon="176.389778">
        <ele>422.8</ele>
      </trkpt>
      <trkpt lat="-38.308828" lon="176.389641">
        <ele>423.4</ele>
      </trkpt>
      <trkpt lat="-38.308835" lon="176.389606">
        <ele>423.5</ele>
      </trkpt>
      <trkpt lat="-38.308842" lon="176.389573">
        <ele>423.7</ele>
      </trkpt>
      <trkpt lat="-38.308855" lon="176.389534">
        <ele>423.9</ele>
      </trkpt>
      <trkpt lat="-38.308871" lon="176.389502">
        <ele>424.0</ele>
      </trkpt>
      <trkpt lat="-38.30893" lon="176.389452">
        <ele>424.5</ele>
      </trkpt>
      <trkpt lat="-38.309011" lon="176.38938">
        <ele>425.2</ele>
      </trkpt>
      <trkpt lat="-38.309035" lon="176.389349">
        <ele>425.4</ele>
      </trkpt>
      <trkpt lat="-38.309057" lon="176.389313">
        <ele>425.7</ele>
      </trkpt>
      <trkpt lat="-38.30908" lon="176.389278">
        <ele>426.0</ele>
      </trkpt>
      <trkpt lat="-38.309101" lon="176.389247">
        <ele>426.2</ele>
      </trkpt>
      <trkpt lat="-38.309168" lon="176.389145">
        <ele>427.0</ele>
      </trkpt>
      <trkpt lat="-38.30933" lon="176.388918">
        <ele>426.1</ele>
      </trkpt>
      <trkpt lat="-38.309343" lon="176.388866">
        <ele>426.1</ele>
      </trkpt>
      <trkpt lat="-38.309358" lon="176.388634">
        <ele>426.1</ele>
      </trkpt>
      <trkpt lat="-38.309394" lon="176.388243">
        <ele>426.8</ele>
      </trkpt>
      <trkpt lat="-38.309445" lon="176.387961">
        <ele>428.5</ele>
      </trkpt>
      <trkpt lat="-38.309527" lon="176.38763">
        <ele>430.4</ele>
      </trkpt>
      <trkpt lat="-38.309564" lon="176.387551">
        <ele>430.8</ele>
      </trkpt>
      <trkpt lat="-38.309595" lon="176.3875">
        <ele>430.9</ele>
      </trkpt>
      <trkpt lat="-38.309669" lon="176.387411">
        <ele>430.8</ele>
      </trkpt>
      <trkpt lat="-38.309736" lon="176.387383">
        <ele>430.7</ele>
      </trkpt>
      <trkpt lat="-38.309924" lon="176.387259">
        <ele>430.4</ele>
      </trkpt>
      <trkpt lat="-38.309999" lon="176.387119">
        <ele>430.8</ele>
      </trkpt>
      <trkpt lat="-38.310113" lon="176.387031">
        <ele>431.7</ele>
      </trkpt>
      <trkpt lat="-38.310177" lon="176.386949">
        <ele>432.5</ele>
      </trkpt>
      <trkpt lat="-38.310185" lon="176.386914">
        <ele>432.7</ele>
      </trkpt>
      <trkpt lat="-38.310184" lon="176.386874">
        <ele>433.0</ele>
      </trkpt>
      <trkpt lat="-38.310181" lon="176.386832">
        <ele>433.2</ele>
      </trkpt>
      <trkpt lat="-38.310178" lon="176.38679">
        <ele>433.5</ele>
      </trkpt>
      <trkpt lat="-38.310187" lon="176.386757">
        <ele>433.8</ele>
      </trkpt>
      <trkpt lat="-38.310261" lon="176.386623">
        <ele>435.2</ele>
      </trkpt>
      <trkpt lat="-38.310256" lon="176.386481">
        <ele>436.2</ele>
      </trkpt>
      <trkpt lat="-38.310193" lon="176.386316">
        <ele>436.8</ele>
      </trkpt>
      <trkpt lat="-38.310215" lon="176.386235">
        <ele>437.6</ele>
      </trkpt>
      <trkpt lat="-38.310222" lon="176.386209">
        <ele>437.8</ele>
      </trkpt>
      <trkpt lat="-38.310235" lon="176.38619">
        <ele>438.1</ele>
      </trkpt>
      <trkpt lat="-38.310245" lon="176.386162">
        <ele>438.4</ele>
      </trkpt>
      <trkpt lat="-38.310254" lon="176.386134">
        <ele>438.7</ele>
      </trkpt>
      <trkpt lat="-38.310221" lon="176.38597">
        <ele>439.5</ele>
      </trkpt>
      <trkpt lat="-38.310235" lon="176.385724">
        <ele>440.6</ele>
      </trkpt>
      <trkpt lat="-38.310242" lon="176.385692">
        <ele>440.7</ele>
      </trkpt>
      <trkpt lat="-38.310245" lon="176.385657">
        <ele>440.7</ele>
      </trkpt>
      <trkpt lat="-38.310246" lon="176.385621">
        <ele>440.7</ele>
      </trkpt>
      <trkpt lat="-38.310244" lon="176.385584">
        <ele>440.6</ele>
      </trkpt>
      <trkpt lat="-38.310247" lon="176.385546">
        <ele>440.6</ele>
      </trkpt>
      <trkpt lat="-38.310258" lon="176.385424">
        <ele>440.7</ele>
      </trkpt>
      <trkpt lat="-38.310242" lon="176.385205">
        <ele>440.2</ele>
      </trkpt>
      <trkpt lat="-38.310309" lon="176.385056">
        <ele>441.2</ele>
      </trkpt>
      <trkpt lat="-38.310394" lon="176.384909">
        <ele>442.6</ele>
      </trkpt>
      <trkpt lat="-38.310417" lon="176.384878">
        <ele>443.0</ele>
      </trkpt>
      <trkpt lat="-38.310438" lon="176.384858">
        <ele>443.3</ele>
      </trkpt>
      <trkpt lat="-38.310456" lon="176.384838">
        <ele>443.6</ele>
      </trkpt>
      <trkpt lat="-38.310477" lon="176.384825">
        <ele>443.9</ele>
      </trkpt>
      <trkpt lat="-38.310545" lon="176.384774">
        <ele>444.9</ele>
      </trkpt>
      <trkpt lat="-38.310572" lon="176.384741">
        <ele>445.3</ele>
      </trkpt>
      <trkpt lat="-38.310592" lon="176.384715">
        <ele>445.5</ele>
      </trkpt>
      <trkpt lat="-38.310612" lon="176.3847">
        <ele>445.8</ele>
      </trkpt>
      <trkpt lat="-38.310637" lon="176.384694">
        <ele>446.1</ele>
      </trkpt>
      <trkpt lat="-38.310657" lon="176.384682">
        <ele>446.4</ele>
      </trkpt>
      <trkpt lat="-38.310678" lon="176.384662">
        <ele>446.6</ele>
      </trkpt>
      <trkpt lat="-38.310695" lon="176.384645">
        <ele>446.8</ele>
      </trkpt>
      <trkpt lat="-38.31071" lon="176.384627">
        <ele>447.0</ele>
      </trkpt>
      <trkpt lat="-38.310727" lon="176.384612">
        <ele>447.2</ele>
      </trkpt>
      <trkpt lat="-38.31076" lon="176.384572">
        <ele>447.5</ele>
      </trkpt>
      <trkpt lat="-38.310818" lon="176.384485">
        <ele>448.0</ele>
      </trkpt>
      <trkpt lat="-38.310827" lon="176.384482">
        <ele>448.1</ele>
      </trkpt>
      <trkpt lat="-38.310841" lon="176.384468">
        <ele>448.2</ele>
      </trkpt>
      <trkpt lat="-38.310858" lon="176.384451">
        <ele>448.3</ele>
      </trkpt>
      <trkpt lat="-38.310872" lon="176.384426">
        <ele>448.4</ele>
      </trkpt>
      <trkpt lat="-38.310883" lon="176.384388">
        <ele>448.5</ele>
      </trkpt>
      <trkpt lat="-38.310927" lon="176.384284">
        <ele>448.7</ele>
      </trkpt>
      <trkpt lat="-38.311017" lon="176.384105">
        <ele>449.5</ele>
      </trkpt>
      <trkpt lat="-38.311036" lon="176.384082">
        <ele>449.7</ele>
      </trkpt>
      <trkpt lat="-38.311053" lon="176.38406">
        <ele>449.9</ele>
      </trkpt>
      <trkpt lat="-38.311069" lon="176.384041">
        <ele>450.1</ele>
      </trkpt>
      <trkpt lat="-38.311084" lon="176.384014">
        <ele>450.3</ele>
      </trkpt>
      <trkpt lat="-38.311103" lon="176.383988">
        <ele>450.5</ele>
      </trkpt>
      <trkpt lat="-38.311165" lon="176.383885">
        <ele>451.0</ele>
      </trkpt>
      <trkpt lat="-38.3112" lon="176.383848">
        <ele>451.4</ele>
      </trkpt>
      <trkpt lat="-38.311237" lon="176.383813">
        <ele>451.8</ele>
      </trkpt>
      <trkpt lat="-38.311267" lon="176.383794">
        <ele>452.1</ele>
      </trkpt>
      <trkpt lat="-38.311279" lon="176.383787">
        <ele>452.2</ele>
      </trkpt>
      <trkpt lat="-38.311277" lon="176.383784">
        <ele>452.2</ele>
      </trkpt>
      <trkpt lat="-38.31125" lon="176.383801">
        <ele>451.9</ele>
      </trkpt>
      <trkpt lat="-38.311214" lon="176.383819">
        <ele>451.5</ele>
      </trkpt>
      <trkpt lat="-38.311205" lon="176.383826">
        <ele>451.4</ele>
      </trkpt>
      <trkpt lat="-38.311185" lon="176.383827">
        <ele>451.1</ele>
      </trkpt>
      <trkpt lat="-38.311162" lon="176.383815">
        <ele>450.8</ele>
      </trkpt>
      <trkpt lat="-38.311145" lon="176.383813">
        <ele>450.6</ele>
      </trkpt>
      <trkpt lat="-38.311114" lon="176.383827">
        <ele>450.2</ele>
      </trkpt>
      <trkpt lat="-38.311075" lon="176.383863">
        <ele>449.8</ele>
      </trkpt>
      <trkpt lat="-38.311057" lon="176.383878">
        <ele>449.6</ele>
      </trkpt>
      <trkpt lat="-38.31104" lon="176.383895">
        <ele>449.4</ele>
      </trkpt>
      <trkpt lat="-38.311028" lon="176.383911">
        <ele>449.3</ele>
      </trkpt>
      <trkpt lat="-38.311011" lon="176.383926">
        <ele>449.1</ele>
      </trkpt>
      <trkpt lat="-38.310942" lon="176.383923">
        <ele>448.2</ele>
      </trkpt>
      <trkpt lat="-38.310911" lon="176.383842">
        <ele>447.6</ele>
      </trkpt>
      <trkpt lat="-38.310864" lon="176.383676">
        <ele>446.8</ele>
      </trkpt>
      <trkpt lat="-38.310954" lon="176.38357">
        <ele>447.7</ele>
      </trkpt>
      <trkpt lat="-38.311016" lon="176.383515">
        <ele>448.3</ele>
      </trkpt>
      <trkpt lat="-38.311024" lon="176.383497">
        <ele>448.4</ele>
      </trkpt>
      <trkpt lat="-38.311032" lon="176.383482">
        <ele>448.4</ele>
      </trkpt>
      <trkpt lat="-38.311048" lon="176.383467">
        <ele>448.6</ele>
      </trkpt>
      <trkpt lat="-38.311067" lon="176.383455">
        <ele>448.8</ele>
      </trkpt>
      <trkpt lat="-38.311108" lon="176.383411">
        <ele>449.2</ele>
      </trkpt>
      <trkpt lat="-38.311216" lon="176.383246">
        <ele>450.1</ele>
      </trkpt>
      <trkpt lat="-38.31123" lon="176.383216">
        <ele>450.2</ele>
      </trkpt>
      <trkpt lat="-38.311245" lon="176.383194">
        <ele>450.4</ele>
      </trkpt>
      <trkpt lat="-38.311263" lon="176.383176">
        <ele>450.5</ele>
      </trkpt>
      <trkpt lat="-38.31128" lon="176.383152">
        <ele>450.7</ele>
      </trkpt>
      <trkpt lat="-38.311296" lon="176.383126">
        <ele>450.9</ele>
      </trkpt>
      <trkpt lat="-38.311377" lon="176.383043">
        <ele>451.6</ele>
      </trkpt>
      <trkpt lat="-38.311416" lon="176.382921">
        <ele>451.9</ele>
      </trkpt>
      <trkpt lat="-38.311454" lon="176.382715">
        <ele>452.1</ele>
      </trkpt>
      <trkpt lat="-38.311351" lon="176.382683">
        <ele>451.1</ele>
      </trkpt>
      <trkpt lat="-38.311356" lon="176.382559">
        <ele>451.1</ele>
      </trkpt>
      <trkpt lat="-38.311452" lon="176.382434">
        <ele>451.9</ele>
      </trkpt>
      <trkpt lat="-38.311544" lon="176.382356">
        <ele>452.6</ele>
      </trkpt>
      <trkpt lat="-38.311555" lon="176.382347">
        <ele>452.7</ele>
      </trkpt>
      <trkpt lat="-38.311577" lon="176.382334">
        <ele>452.9</ele>
      </trkpt>
      <trkpt lat="-38.311598" lon="176.382319">
        <ele>453.1</ele>
      </trkpt>
      <trkpt lat="-38.31162" lon="176.382305">
        <ele>453.3</ele>
      </trkpt>
      <trkpt lat="-38.311721" lon="176.382141">
        <ele>454.2</ele>
      </trkpt>
      <trkpt lat="-38.311753" lon="176.382002">
        <ele>454.4</ele>
      </trkpt>
      <trkpt lat="-38.311771" lon="176.381977">
        <ele>454.6</ele>
      </trkpt>
      <trkpt lat="-38.311794" lon="176.381953">
        <ele>454.8</ele>
      </trkpt>
      <trkpt lat="-38.311814" lon="176.381935">
        <ele>455.0</ele>
      </trkpt>
      <trkpt lat="-38.311831" lon="176.381926">
        <ele>455.1</ele>
      </trkpt>
      <trkpt lat="-38.31186" lon="176.381912">
        <ele>455.4</ele>
      </trkpt>
      <trkpt lat="-38.311956" lon="176.381829">
        <ele>456.2</ele>
      </trkpt>
      <trkpt lat="-38.312016" lon="176.381696">
        <ele>456.5</ele>
      </trkpt>
      <trkpt lat="-38.312123" lon="176.381616">
        <ele>457.4</ele>
      </trkpt>
      <trkpt lat="-38.312271" lon="176.381532">
        <ele>458.7</ele>
      </trkpt>
      <trkpt lat="-38.312283" lon="176.381346">
        <ele>458.6</ele>
      </trkpt>
      <trkpt lat="-38.312389" lon="176.381229">
        <ele>459.2</ele>
      </trkpt>
      <trkpt lat="-38.312476" lon="176.381219">
        <ele>459.8</ele>
      </trkpt>
      <trkpt lat="-38.312625" lon="176.381245">
        <ele>461.1</ele>
      </trkpt>
      <trkpt lat="-38.312767" lon="176.381244">
        <ele>462.4</ele>
      </trkpt>
      <trkpt lat="-38.312934" lon="176.381097">
        <ele>463.8</ele>
      </trkpt>
      <trkpt lat="-38.312951" lon="176.380964">
        <ele>463.9</ele>
      </trkpt>
      <trkpt lat="-38.312821" lon="176.380939">
        <ele>462.6</ele>
      </trkpt>
      <trkpt lat="-38.312765" lon="176.380897">
        <ele>461.9</ele>
      </trkpt>
      <trkpt lat="-38.312734" lon="176.380876">
        <ele>461.6</ele>
      </trkpt>
      <trkpt lat="-38.312709" lon="176.380857">
        <ele>461.3</ele>
      </trkpt>
      <trkpt lat="-38.312691" lon="176.38084">
        <ele>461.1</ele>
      </trkpt>
      <trkpt lat="-38.312676" lon="176.380811">
        <ele>461.0</ele>
      </trkpt>
      <trkpt lat="-38.312615" lon="176.38061">
        <ele>461.0</ele>
      </trkpt>
      <trkpt lat="-38.312537" lon="176.38035">
        <ele>461.1</ele>
      </trkpt>
      <trkpt lat="-38.312497" lon="176.380261">
        <ele>461.1</ele>
      </trkpt>
      <trkpt lat="-38.312479" lon="176.380224">
        <ele>461.1</ele>
      </trkpt>
      <trkpt lat="-38.312463" lon="176.3802">
        <ele>461.2</ele>
      </trkpt>
      <trkpt lat="-38.312435" lon="176.380188">
        <ele>461.1</ele>
      </trkpt>
      <trkpt lat="-38.312409" lon="176.380188">
        <ele>461.1</ele>
      </trkpt>
      <trkpt lat="-38.312363" lon="176.380218">
        <ele>460.8</ele>
      </trkpt>
      <trkpt lat="-38.312342" lon="176.380231">
        <ele>460.7</ele>
      </trkpt>
      <trkpt lat="-38.312189" lon="176.380342">
        <ele>459.9</ele>
      </trkpt>
      <trkpt lat="-38.312179" lon="176.380369">
        <ele>459.7</ele>
      </trkpt>
      <trkpt lat="-38.31208" lon="176.380609">
        <ele>458.4</ele>
      </trkpt>
      <trkpt lat="-38.311982" lon="176.380762">
        <ele>457.4</ele>
      </trkpt>
      <trkpt lat="-38.311826" lon="176.380883">
        <ele>456.5</ele>
      </trkpt>
      <trkpt lat="-38.311766" lon="176.380886">
        <ele>456.2</ele>
      </trkpt>
      <trkpt lat="-38.311724" lon="176.380903">
        <ele>456.0</ele>
      </trkpt>
      <trkpt lat="-38.311587" lon="176.380977">
        <ele>454.3</ele>
      </trkpt>
      <trkpt lat="-38.311574" lon="176.380999">
        <ele>454.1</ele>
      </trkpt>
      <trkpt lat="-38.311523" lon="176.381054">
        <ele>453.2</ele>
      </trkpt>
      <trkpt lat="-38.311389" lon="176.381217">
        <ele>451.0</ele>
      </trkpt>
      <trkpt lat="-38.311356" lon="176.38125">
        <ele>450.6</ele>
      </trkpt>
      <trkpt lat="-38.311325" lon="176.381272">
        <ele>450.2</ele>
      </trkpt>
      <trkpt lat="-38.311311" lon="176.381302">
        <ele>450.0</ele>
      </trkpt>
      <trkpt lat="-38.311287" lon="176.38132">
        <ele>449.6</ele>
      </trkpt>
      <trkpt lat="-38.311252" lon="176.381354">
        <ele>449.2</ele>
      </trkpt>
      <trkpt lat="-38.311212" lon="176.381444">
        <ele>448.7</ele>
      </trkpt>
      <trkpt lat="-38.311195" lon="176.381447">
        <ele>448.5</ele>
      </trkpt>
      <trkpt lat="-38.311138" lon="176.381376">
        <ele>447.9</ele>
      </trkpt>
      <trkpt lat="-38.311093" lon="176.381168">
        <ele>447.2</ele>
      </trkpt>
      <trkpt lat="-38.311119" lon="176.381052">
        <ele>447.5</ele>
      </trkpt>
      <trkpt lat="-38.311147" lon="176.381023">
        <ele>447.9</ele>
      </trkpt>
      <trkpt lat="-38.311167" lon="176.381002">
        <ele>448.2</ele>
      </trkpt>
      <trkpt lat="-38.311186" lon="176.38098">
        <ele>448.5</ele>
      </trkpt>
      <trkpt lat="-38.311195" lon="176.380949">
        <ele>448.6</ele>
      </trkpt>
      <trkpt lat="-38.311197" lon="176.380916">
        <ele>448.7</ele>
      </trkpt>
      <trkpt lat="-38.311185" lon="176.380822">
        <ele>448.5</ele>
      </trkpt>
      <trkpt lat="-38.311247" lon="176.380685">
        <ele>449.6</ele>
      </trkpt>
      <trkpt lat="-38.311343" lon="176.380562">
        <ele>451.5</ele>
      </trkpt>
      <trkpt lat="-38.311352" lon="176.380525">
        <ele>451.7</ele>
      </trkpt>
      <trkpt lat="-38.311371" lon="176.380491">
        <ele>452.2</ele>
      </trkpt>
      <trkpt lat="-38.311389" lon="176.380468">
        <ele>452.5</ele>
      </trkpt>
      <trkpt lat="-38.311399" lon="176.380441">
        <ele>452.8</ele>
      </trkpt>
      <trkpt lat="-38.311422" lon="176.380415">
        <ele>453.3</ele>
      </trkpt>
      <trkpt lat="-38.311572" lon="176.380302">
        <ele>456.6</ele>
      </trkpt>
      <trkpt lat="-38.31154" lon="176.380152">
        <ele>456.6</ele>
      </trkpt>
      <trkpt lat="-38.311374" lon="176.379959">
        <ele>453.1</ele>
      </trkpt>
      <trkpt lat="-38.311318" lon="176.379906">
        <ele>451.6</ele>
      </trkpt>
      <trkpt lat="-38.3113" lon="176.379907">
        <ele>451.2</ele>
      </trkpt>
      <trkpt lat="-38.311168" lon="176.379941">
        <ele>448.4</ele>
      </trkpt>
      <trkpt lat="-38.311118" lon="176.379804">
        <ele>446.6</ele>
      </trkpt>
      <trkpt lat="-38.31114" lon="176.379668">
        <ele>446.4</ele>
      </trkpt>
      <trkpt lat="-38.311254" lon="176.379495">
        <ele>448.2</ele>
      </trkpt>
      <trkpt lat="-38.311315" lon="176.379322">
        <ele>448.7</ele>
      </trkpt>
      <trkpt lat="-38.311408" lon="176.379245">
        <ele>450.5</ele>
      </trkpt>
      <trkpt lat="-38.311413" lon="176.379218">
        <ele>450.5</ele>
      </trkpt>
      <trkpt lat="-38.311423" lon="176.37918">
        <ele>450.5</ele>
      </trkpt>
      <trkpt lat="-38.311441" lon="176.379141">
        <ele>450.4</ele>
      </trkpt>
      <trkpt lat="-38.31146" lon="176.379106">
        <ele>450.1</ele>
      </trkpt>
      <trkpt lat="-38.311499" lon="176.379062">
        <ele>450.1</ele>
      </trkpt>
      <trkpt lat="-38.311632" lon="176.379089">
        <ele>453.5</ele>
      </trkpt>
      <trkpt lat="-38.311745" lon="176.379213">
        <ele>456.0</ele>
      </trkpt>
      <trkpt lat="-38.311782" lon="176.379295">
        <ele>456.3</ele>
      </trkpt>
      <trkpt lat="-38.311902" lon="176.379271">
        <ele>455.8</ele>
      </trkpt>
      <trkpt lat="-38.311941" lon="176.379247">
        <ele>455.6</ele>
      </trkpt>
      <trkpt lat="-38.31208" lon="176.379167">
        <ele>454.5</ele>
      </trkpt>
      <trkpt lat="-38.312122" lon="176.379145">
        <ele>453.9</ele>
      </trkpt>
      <trkpt lat="-38.312157" lon="176.379129">
        <ele>453.5</ele>
      </trkpt>
      <trkpt lat="-38.312189" lon="176.379116">
        <ele>453.1</ele>
      </trkpt>
      <trkpt lat="-38.312215" lon="176.37912">
        <ele>453.1</ele>
      </trkpt>
      <trkpt lat="-38.312243" lon="176.379121">
        <ele>453.0</ele>
      </trkpt>
      <trkpt lat="-38.312408" lon="176.379079">
        <ele>451.7</ele>
      </trkpt>
      <trkpt lat="-38.312581" lon="176.379139">
        <ele>453.0</ele>
      </trkpt>
      <trkpt lat="-38.312621" lon="176.37915">
        <ele>453.4</ele>
      </trkpt>
      <trkpt lat="-38.312673" lon="176.379166">
        <ele>454.0</ele>
      </trkpt>
      <trkpt lat="-38.312717" lon="176.379177">
        <ele>454.4</ele>
      </trkpt>
      <trkpt lat="-38.312757" lon="176.379187">
        <ele>454.8</ele>
      </trkpt>
      <trkpt lat="-38.312801" lon="176.379201">
        <ele>455.2</ele>
      </trkpt>
      <trkpt lat="-38.31284" lon="176.379228">
        <ele>455.8</ele>
      </trkpt>
      <trkpt lat="-38.312882" lon="176.379254">
        <ele>456.3</ele>
      </trkpt>
      <trkpt lat="-38.313049" lon="176.379307">
        <ele>458.0</ele>
      </trkpt>
      <trkpt lat="-38.313128" lon="176.37921">
        <ele>457.3</ele>
      </trkpt>
      <trkpt lat="-38.313162" lon="176.379138">
        <ele>456.4</ele>
      </trkpt>
      <trkpt lat="-38.313204" lon="176.379082">
        <ele>455.6</ele>
      </trkpt>
      <trkpt lat="-38.313233" lon="176.379053">
        <ele>455.2</ele>
      </trkpt>
      <trkpt lat="-38.313257" lon="176.379012">
        <ele>454.6</ele>
      </trkpt>
      <trkpt lat="-38.313288" lon="176.378953">
        <ele>453.6</ele>
      </trkpt>
      <trkpt lat="-38.313315" lon="176.378891">
        <ele>452.6</ele>
      </trkpt>
      <trkpt lat="-38.313326" lon="176.378833">
        <ele>451.5</ele>
      </trkpt>
      <trkpt lat="-38.313332" lon="176.378786">
        <ele>450.7</ele>
      </trkpt>
      <trkpt lat="-38.313348" lon="176.37872">
        <ele>449.7</ele>
      </trkpt>
      <trkpt lat="-38.313361" lon="176.378674">
        <ele>449.0</ele>
      </trkpt>
      <trkpt lat="-38.313365" lon="176.378621">
        <ele>448.1</ele>
      </trkpt>
      <trkpt lat="-38.313366" lon="176.378576">
        <ele>447.2</ele>
      </trkpt>
      <trkpt lat="-38.313421" lon="176.37841">
        <ele>445.1</ele>
      </trkpt>
      <trkpt lat="-38.313524" lon="176.378273">
        <ele>444.3</ele>
      </trkpt>
      <trkpt lat="-38.31353" lon="176.37822">
        <ele>443.4</ele>
      </trkpt>
      <trkpt lat="-38.313548" lon="176.378167">
        <ele>442.6</ele>
      </trkpt>
      <trkpt lat="-38.313567" lon="176.37811">
        <ele>441.8</ele>
      </trkpt>
      <trkpt lat="-38.313587" lon="176.378059">
        <ele>441.1</ele>
      </trkpt>
      <trkpt lat="-38.313664" lon="176.377932">
        <ele>440.1</ele>
      </trkpt>
      <trkpt lat="-38.313687" lon="176.377882">
        <ele>439.7</ele>
      </trkpt>
      <trkpt lat="-38.313712" lon="176.377828">
        <ele>439.1</ele>
      </trkpt>
      <trkpt lat="-38.313736" lon="176.377777">
        <ele>438.7</ele>
      </trkpt>
      <trkpt lat="-38.313765" lon="176.377721">
        <ele>438.2</ele>
      </trkpt>
      <trkpt lat="-38.313794" lon="176.377673">
        <ele>438.0</ele>
      </trkpt>
      <trkpt lat="-38.313822" lon="176.377632">
        <ele>437.8</ele>
      </trkpt>
      <trkpt lat="-38.313839" lon="176.377617">
        <ele>438.0</ele>
      </trkpt>
      <trkpt lat="-38.313847" lon="176.377615">
        <ele>438.1</ele>
      </trkpt>
      <trkpt lat="-38.313983" lon="176.377565">
        <ele>440.5</ele>
      </trkpt>
      <trkpt lat="-38.314032" lon="176.377366">
        <ele>438.1</ele>
      </trkpt>
      <trkpt lat="-38.314061" lon="176.377323">
        <ele>438.0</ele>
      </trkpt>
      <trkpt lat="-38.314071" lon="176.377281">
        <ele>437.4</ele>
      </trkpt>
      <trkpt lat="-38.314083" lon="176.377248">
        <ele>437.1</ele>
      </trkpt>
      <trkpt lat="-38.314095" lon="176.377227">
        <ele>436.9</ele>
      </trkpt>
      <trkpt lat="-38.31416" lon="176.377242">
        <ele>438.6</ele>
      </trkpt>
      <trkpt lat="-38.314216" lon="176.37736">
        <ele>441.6</ele>
      </trkpt>
      <trkpt lat="-38.314314" lon="176.377401">
        <ele>443.4</ele>
      </trkpt>
      <trkpt lat="-38.314362" lon="176.377385">
        <ele>443.5</ele>
      </trkpt>
      <trkpt lat="-38.314395" lon="176.377376">
        <ele>443.6</ele>
      </trkpt>
      <trkpt lat="-38.314427" lon="176.377359">
        <ele>443.5</ele>
      </trkpt>
      <trkpt lat="-38.314454" lon="176.377355">
        <ele>443.7</ele>
      </trkpt>
      <trkpt lat="-38.314502" lon="176.377311">
        <ele>443.2</ele>
      </trkpt>
      <trkpt lat="-38.314566" lon="176.377176">
        <ele>440.9</ele>
      </trkpt>
      <trkpt lat="-38.314682" lon="176.377141">
        <ele>441.1</ele>
      </trkpt>
      <trkpt lat="-38.314898" lon="176.377104">
        <ele>442.1</ele>
      </trkpt>
      <trkpt lat="-38.314968" lon="176.377029">
        <ele>441.0</ele>
      </trkpt>
      <trkpt lat="-38.315005" lon="176.376975">
        <ele>440.0</ele>
      </trkpt>
      <trkpt lat="-38.315032" lon="176.376925">
        <ele>438.9</ele>
      </trkpt>
      <trkpt lat="-38.315058" lon="176.376885">
        <ele>438.0</ele>
      </trkpt>
      <trkpt lat="-38.315084" lon="176.376849">
        <ele>437.3</ele>
      </trkpt>
      <trkpt lat="-38.315146" lon="176.376761">
        <ele>435.4</ele>
      </trkpt>
      <trkpt lat="-38.315221" lon="176.376747">
        <ele>435.2</ele>
      </trkpt>
      <trkpt lat="-38.31526" lon="176.37682">
        <ele>436.8</ele>
      </trkpt>
      <trkpt lat="-38.31528" lon="176.376852">
        <ele>437.5</ele>
      </trkpt>
      <trkpt lat="-38.315314" lon="176.37688">
        <ele>438.1</ele>
      </trkpt>
      <trkpt lat="-38.315377" lon="176.376872">
        <ele>438.0</ele>
      </trkpt>
      <trkpt lat="-38.315408" lon="176.376856">
        <ele>437.7</ele>
      </trkpt>
      <trkpt lat="-38.315462" lon="176.376804">
        <ele>436.8</ele>
      </trkpt>
      <trkpt lat="-38.315493" lon="176.376791">
        <ele>436.6</ele>
      </trkpt>
      <trkpt lat="-38.315518" lon="176.37679">
        <ele>436.6</ele>
      </trkpt>
      <trkpt lat="-38.31554" lon="176.376799">
        <ele>436.8</ele>
      </trkpt>
      <trkpt lat="-38.315565" lon="176.376813">
        <ele>437.1</ele>
      </trkpt>
      <trkpt lat="-38.315597" lon="176.376835">
        <ele>437.6</ele>
      </trkpt>
      <trkpt lat="-38.315643" lon="176.37687">
        <ele>438.2</ele>
      </trkpt>
      <trkpt lat="-38.315711" lon="176.376713">
        <ele>435.5</ele>
      </trkpt>
      <trkpt lat="-38.315667" lon="176.376607">
        <ele>433.8</ele>
      </trkpt>
      <trkpt lat="-38.315666" lon="176.376439">
        <ele>431.7</ele>
      </trkpt>
      <trkpt lat="-38.315665" lon="176.376418">
        <ele>431.4</ele>
      </trkpt>
      <trkpt lat="-38.315676" lon="176.37639">
        <ele>431.1</ele>
      </trkpt>
      <trkpt lat="-38.315694" lon="176.376361">
        <ele>430.8</ele>
      </trkpt>
      <trkpt lat="-38.315713" lon="176.376342">
        <ele>430.6</ele>
      </trkpt>
      <trkpt lat="-38.315734" lon="176.376313">
        <ele>430.4</ele>
      </trkpt>
      <trkpt lat="-38.315743" lon="176.376292">
        <ele>430.1</ele>
      </trkpt>
      <trkpt lat="-38.315742" lon="176.376262">
        <ele>429.8</ele>
      </trkpt>
      <trkpt lat="-38.315738" lon="176.376241">
        <ele>429.5</ele>
      </trkpt>
      <trkpt lat="-38.315722" lon="176.376227">
        <ele>429.2</ele>
      </trkpt>
      <trkpt lat="-38.315689" lon="176.376238">
        <ele>429.2</ele>
      </trkpt>
      <trkpt lat="-38.315671" lon="176.376241">
        <ele>429.2</ele>
      </trkpt>
      <trkpt lat="-38.315599" lon="176.376254">
        <ele>429.1</ele>
      </trkpt>
      <trkpt lat="-38.31557" lon="176.376253">
        <ele>428.9</ele>
      </trkpt>
      <trkpt lat="-38.315548" lon="176.376246">
        <ele>428.7</ele>
      </trkpt>
      <trkpt lat="-38.315514" lon="176.376229">
        <ele>428.4</ele>
      </trkpt>
      <trkpt lat="-38.315486" lon="176.376213">
        <ele>428.0</ele>
      </trkpt>
      <trkpt lat="-38.315457" lon="176.376183">
        <ele>427.5</ele>
      </trkpt>
      <trkpt lat="-38.315443" lon="176.376152">
        <ele>427.0</ele>
      </trkpt>
      <trkpt lat="-38.315441" lon="176.376122">
        <ele>426.6</ele>
      </trkpt>
      <trkpt lat="-38.31544" lon="176.376107">
        <ele>426.4</ele>
      </trkpt>
      <trkpt lat="-38.31547" lon="176.37611">
        <ele>426.6</ele>
      </trkpt>
      <trkpt lat="-38.31553" lon="176.37599">
        <ele>425.3</ele>
      </trkpt>
      <trkpt lat="-38.31549" lon="176.37595">
        <ele>424.5</ele>
      </trkpt>
      <trkpt lat="-38.31545" lon="176.37586">
        <ele>423.1</ele>
      </trkpt>
      <trkpt lat="-38.3154" lon="176.37569">
        <ele>421.5</ele>
      </trkpt>
      <trkpt lat="-38.31621" lon="176.37518">
        <ele>421.3</ele>
      </trkpt>
      <trkpt lat="-38.31626" lon="176.37511">
        <ele>420.8</ele>
      </trkpt>
      <trkpt lat="-38.31633" lon="176.37493">
        <ele>419.2</ele>
      </trkpt>
      <trkpt lat="-38.31716" lon="176.37467">
        <ele>420.6</ele>
      </trkpt>
      <trkpt lat="-38.31963" lon="176.37389">
        <ele>415.3</ele>
      </trkpt>
      <trkpt lat="-38.31964" lon="176.37389">
        <ele>415.3</ele>
      </trkpt>
      <trkpt lat="-38.3201" lon="176.37368">
        <ele>413.9</ele>
      </trkpt>
      <trkpt lat="-38.32053" lon="176.3734">
        <ele>411.4</ele>
      </trkpt>
      <trkpt lat="-38.32335" lon="176.3715">
        <ele>416.5</ele>
      </trkpt>
      <trkpt lat="-38.32396" lon="176.37104">
        <ele>423.2</ele>
      </trkpt>
      <trkpt lat="-38.32439" lon="176.37067">
        <ele>427.5</ele>
      </trkpt>
      <trkpt lat="-38.32521" lon="176.36998">
        <ele>431.0</ele>
      </trkpt>
      <trkpt lat="-38.32522" lon="176.36998">
        <ele>431.0</ele>
      </trkpt>
      <trkpt lat="-38.32549" lon="176.36977">
        <ele>430.0</ele>
      </trkpt>
      <trkpt lat="-38.32581" lon="176.36956">
        <ele>427.4</ele>
      </trkpt>
      <trkpt lat="-38.3264" lon="176.36935">
        <ele>426.5</ele>
      </trkpt>
      <trkpt lat="-38.3268" lon="176.36927">
        <ele>425.7</ele>
      </trkpt>
      <trkpt lat="-38.32726" lon="176.36926">
        <ele>424.3</ele>
      </trkpt>
      <trkpt lat="-38.32827" lon="176.36935">
        <ele>420.2</ele>
      </trkpt>
      <trkpt lat="-38.32876" lon="176.36931">
        <ele>417.5</ele>
      </trkpt>
      <trkpt lat="-38.32919" lon="176.36922">
        <ele>414.8</ele>
      </trkpt>
      <trkpt lat="-38.32949" lon="176.36908">
        <ele>417.5</ele>
      </trkpt>
      <trkpt lat="-38.33091" lon="176.3683">
        <ele>415.6</ele>
      </trkpt>
      <trkpt lat="-38.33129" lon="176.36814">
        <ele>413.7</ele>
      </trkpt>
      <trkpt lat="-38.33169" lon="176.368">
        <ele>412.0</ele>
      </trkpt>
      <trkpt lat="-38.3329" lon="176.3677">
        <ele>403.6</ele>
      </trkpt>
      <trkpt lat="-38.33329" lon="176.36754">
        <ele>401.5</ele>
      </trkpt>
      <trkpt lat="-38.33376" lon="176.36727">
        <ele>402.3</ele>
      </trkpt>
      <trkpt lat="-38.33434" lon="176.36684">
        <ele>401.3</ele>
      </trkpt>
      <trkpt lat="-38.33617" lon="176.36535">
        <ele>398.6</ele>
      </trkpt>
      <trkpt lat="-38.33711" lon="176.36476">
        <ele>396.9</ele>
      </trkpt>
      <trkpt lat="-38.33801" lon="176.36423">
        <ele>393.6</ele>
      </trkpt>
      <trkpt lat="-38.33864" lon="176.36393">
        <ele>390.4</ele>
      </trkpt>
      <trkpt lat="-38.339" lon="176.36384">
        <ele>388.7</ele>
      </trkpt>
      <trkpt lat="-38.33925" lon="176.36379">
        <ele>388.0</ele>
      </trkpt>
      <trkpt lat="-38.33924" lon="176.363787">
        <ele>388.0</ele>
      </trkpt>
      <trkpt lat="-38.339733" lon="176.363838">
        <ele>388.0</ele>
      </trkpt>
      <trkpt lat="-38.339744" lon="176.363836">
        <ele>388.0</ele>
      </trkpt>
      <trkpt lat="-38.339769" lon="176.363853">
        <ele>388.0</ele>
      </trkpt>
      <trkpt lat="-38.339793" lon="176.363871">
        <ele>388.0</ele>
      </trkpt>
      <trkpt lat="-38.339868" lon="176.363928">
        <ele>388.0</ele>
      </trkpt>
      <trkpt lat="-38.339891" lon="176.363942">
        <ele>388.0</ele>
      </trkpt>
      <trkpt lat="-38.33992" lon="176.363961">
        <ele>388.0</ele>
      </trkpt>
      <trkpt lat="-38.339945" lon="176.363982">
        <ele>388.0</ele>
      </trkpt>
      <trkpt lat="-38.340107" lon="176.363976">
        <ele>387.4</ele>
      </trkpt>
      <trkpt lat="-38.340108" lon="176.363794">
        <ele>387.5</ele>
      </trkpt>
      <trkpt lat="-38.340211" lon="176.363734">
        <ele>387.1</ele>
      </trkpt>
      <trkpt lat="-38.340431" lon="176.36374">
        <ele>386.2</ele>
      </trkpt>
      <trkpt lat="-38.34076" lon="176.363779">
        <ele>384.7</ele>
      </trkpt>
      <trkpt lat="-38.340944" lon="176.363724">
        <ele>384.5</ele>
      </trkpt>
      <trkpt lat="-38.340957" lon="176.363691">
        <ele>384.6</ele>
      </trkpt>
      <trkpt lat="-38.34096" lon="176.363645">
        <ele>384.7</ele>
      </trkpt>
      <trkpt lat="-38.340952" lon="176.363591">
        <ele>384.9</ele>
      </trkpt>
      <trkpt lat="-38.340949" lon="176.36355">
        <ele>385.1</ele>
      </trkpt>
      <trkpt lat="-38.340894" lon="176.363317">
        <ele>386.0</ele>
      </trkpt>
      <trkpt lat="-38.340838" lon="176.363394">
        <ele>385.8</ele>
      </trkpt>
      <trkpt lat="-38.340801" lon="176.363393">
        <ele>385.9</ele>
      </trkpt>
      <trkpt lat="-38.340642" lon="176.363433">
        <ele>386.2</ele>
      </trkpt>
      <trkpt lat="-38.340619" lon="176.363443">
        <ele>386.2</ele>
      </trkpt>
      <trkpt lat="-38.340591" lon="176.363451">
        <ele>386.3</ele>
      </trkpt>
      <trkpt lat="-38.340568" lon="176.363446">
        <ele>386.4</ele>
      </trkpt>
      <trkpt lat="-38.340543" lon="176.363432">
        <ele>386.5</ele>
      </trkpt>
      <trkpt lat="-38.340531" lon="176.363408">
        <ele>386.6</ele>
      </trkpt>
      <trkpt lat="-38.340524" lon="176.363379">
        <ele>386.6</ele>
      </trkpt>
      <trkpt lat="-38.340507" lon="176.363356">
        <ele>386.7</ele>
      </trkpt>
      <trkpt lat="-38.340493" lon="176.363355">
        <ele>386.8</ele>
      </trkpt>
      <trkpt lat="-38.340409" lon="176.36339">
        <ele>386.9</ele>
      </trkpt>
      <trkpt lat="-38.340263" lon="176.363468">
        <ele>387.2</ele>
      </trkpt>
      <trkpt lat="-38.340212" lon="176.363483">
        <ele>387.4</ele>
      </trkpt>
      <trkpt lat="-38.340162" lon="176.363492">
        <ele>387.5</ele>
      </trkpt>
      <trkpt lat="-38.340112" lon="176.363497">
        <ele>387.7</ele>
      </trkpt>
      <trkpt lat="-38.340065" lon="176.363499">
        <ele>387.8</ele>
      </trkpt>
      <trkpt lat="-38.33978" lon="176.3635">
        <ele>388.0</ele>
      </trkpt>
      <trkpt lat="-38.339735" lon="176.363489">
        <ele>388.0</ele>
      </trkpt>
      <trkpt lat="-38.339614" lon="176.363434">
        <ele>388.0</ele>
      </trkpt>
      <trkpt lat="-38.339556" lon="176.363391">
        <ele>388.0</ele>
      </trkpt>
      <trkpt lat="-38.339491" lon="176.363345">
        <ele>388.0</ele>
      </trkpt>
      <trkpt lat="-38.339467" lon="176.363132">
        <ele>388.9</ele>
      </trkpt>
      <trkpt lat="-38.339469" lon="176.363094">
        <ele>389.0</ele>
      </trkpt>
      <trkpt lat="-38.339471" lon="176.363059">
        <ele>389.2</ele>
      </trkpt>
      <trkpt lat="-38.339474" lon="176.363027">
        <ele>389.3</ele>
      </trkpt>
      <trkpt lat="-38.33948" lon="176.362993">
        <ele>389.5</ele>
      </trkpt>
      <trkpt lat="-38.339484" lon="176.362962">
        <ele>389.6</ele>
      </trkpt>
      <trkpt lat="-38.339488" lon="176.362769">
        <ele>390.4</ele>
      </trkpt>
      <trkpt lat="-38.339484" lon="176.362738">
        <ele>390.6</ele>
      </trkpt>
      <trkpt lat="-38.33948" lon="176.362707">
        <ele>390.7</ele>
      </trkpt>
      <trkpt lat="-38.339474" lon="176.362676">
        <ele>390.9</ele>
      </trkpt>
      <trkpt lat="-38.339467" lon="176.362647">
        <ele>391.0</ele>
      </trkpt>
      <trkpt lat="-38.339461" lon="176.362618">
        <ele>391.1</ele>
      </trkpt>
      <trkpt lat="-38.339405" lon="176.362436">
        <ele>391.8</ele>
      </trkpt>
      <trkpt lat="-38.339393" lon="176.362405">
        <ele>391.8</ele>
      </trkpt>
      <trkpt lat="-38.339381" lon="176.362373">
        <ele>391.9</ele>
      </trkpt>
      <trkpt lat="-38.339365" lon="176.36234">
        <ele>392.0</ele>
      </trkpt>
      <trkpt lat="-38.33935" lon="176.362308">
        <ele>392.0</ele>
      </trkpt>
      <trkpt lat="-38.339279" lon="176.362153">
        <ele>392.3</ele>
      </trkpt>
      <trkpt lat="-38.339265" lon="176.362125">
        <ele>392.3</ele>
      </trkpt>
      <trkpt lat="-38.339252" lon="176.362096">
        <ele>392.4</ele>
      </trkpt>
      <trkpt lat="-38.339238" lon="176.362068">
        <ele>392.4</ele>
      </trkpt>
      <trkpt lat="-38.339224" lon="176.36204">
        <ele>392.5</ele>
      </trkpt>
      <trkpt lat="-38.339123" lon="176.361824">
        <ele>392.9</ele>
      </trkpt>
      <trkpt lat="-38.338983" lon="176.361549">
        <ele>393.5</ele>
      </trkpt>
      <trkpt lat="-38.338842" lon="176.361264">
        <ele>394.3</ele>
      </trkpt>
      <trkpt lat="-38.338829" lon="176.361235">
        <ele>394.4</ele>
      </trkpt>
      <trkpt lat="-38.338814" lon="176.361207">
        <ele>394.5</ele>
      </trkpt>
      <trkpt lat="-38.3388" lon="176.361179">
        <ele>394.7</ele>
      </trkpt>
      <trkpt lat="-38.338785" lon="176.36115">
        <ele>394.8</ele>
      </trkpt>
      <trkpt lat="-38.338586" lon="176.360744">
        <ele>396.6</ele>
      </trkpt>
      <trkpt lat="-38.338572" lon="176.360715">
        <ele>396.7</ele>
      </trkpt>
      <trkpt lat="-38.338557" lon="176.360687">
        <ele>396.8</ele>
      </trkpt>
      <trkpt lat="-38.338542" lon="176.36066">
        <ele>397.0</ele>
      </trkpt>
      <trkpt lat="-38.338526" lon="176.360632">
        <ele>397.1</ele>
      </trkpt>
      <trkpt lat="-38.338396" lon="176.360368">
        <ele>398.2</ele>
      </trkpt>
      <trkpt lat="-38.338324" lon="176.360225">
        <ele>398.8</ele>
      </trkpt>
      <trkpt lat="-38.338309" lon="176.360198">
        <ele>398.8</ele>
      </trkpt>
      <trkpt lat="-38.338296" lon="176.360169">
        <ele>398.9</ele>
      </trkpt>
      <trkpt lat="-38.338282" lon="176.360139">
        <ele>399.0</ele>
      </trkpt>
      <trkpt lat="-38.338269" lon="176.360109">
        <ele>399.1</ele>
      </trkpt>
      <trkpt lat="-38.338194" lon="176.359968">
        <ele>399.6</ele>
      </trkpt>
      <trkpt lat="-38.338122" lon="176.359821">
        <ele>400.5</ele>
      </trkpt>
      <trkpt lat="-38.338111" lon="176.359796">
        <ele>400.6</ele>
      </trkpt>
      <trkpt lat="-38.338097" lon="176.359772">
        <ele>400.7</ele>
      </trkpt>
      <trkpt lat="-38.338083" lon="176.359747">
        <ele>400.9</ele>
      </trkpt>
      <trkpt lat="-38.33807" lon="176.359722">
        <ele>401.1</ele>
      </trkpt>
      <trkpt lat="-38.337991" lon="176.359562">
        <ele>402.0</ele>
      </trkpt>
      <trkpt lat="-38.337908" lon="176.359392">
        <ele>403.1</ele>
      </trkpt>
      <trkpt lat="-38.337894" lon="176.359362">
        <ele>403.3</ele>
      </trkpt>
      <trkpt lat="-38.337879" lon="176.35933">
        <ele>403.5</ele>
      </trkpt>
      <trkpt lat="-38.337864" lon="176.359299">
        <ele>403.7</ele>
      </trkpt>
      <trkpt lat="-38.33785" lon="176.359267">
        <ele>403.9</ele>
      </trkpt>
      <trkpt lat="-38.337803" lon="176.359175">
        <ele>404.5</ele>
      </trkpt>
      <trkpt lat="-38.337672" lon="176.358918">
        <ele>405.6</ele>
      </trkpt>
      <trkpt lat="-38.337657" lon="176.358887">
        <ele>405.8</ele>
      </trkpt>
      <trkpt lat="-38.337641" lon="176.358856">
        <ele>405.9</ele>
      </trkpt>
      <trkpt lat="-38.337627" lon="176.358831">
        <ele>406.1</ele>
      </trkpt>
      <trkpt lat="-38.337609" lon="176.358803">
        <ele>406.2</ele>
      </trkpt>
      <trkpt lat="-38.337595" lon="176.358773">
        <ele>406.4</ele>
      </trkpt>
      <trkpt lat="-38.337462" lon="176.358523">
        <ele>407.9</ele>
      </trkpt>
      <trkpt lat="-38.337447" lon="176.358495">
        <ele>408.0</ele>
      </trkpt>
      <trkpt lat="-38.337431" lon="176.35847">
        <ele>408.2</ele>
      </trkpt>
      <trkpt lat="-38.337415" lon="176.358445">
        <ele>408.4</ele>
      </trkpt>
      <trkpt lat="-38.337399" lon="176.358419">
        <ele>408.6</ele>
      </trkpt>
      <trkpt lat="-38.337211" lon="176.358114">
        <ele>411.1</ele>
      </trkpt>
      <trkpt lat="-38.337196" lon="176.358088">
        <ele>411.3</ele>
      </trkpt>
      <trkpt lat="-38.337181" lon="176.358062">
        <ele>411.5</ele>
      </trkpt>
      <trkpt lat="-38.337166" lon="176.358037">
        <ele>411.7</ele>
      </trkpt>
      <trkpt lat="-38.337148" lon="176.358015">
        <ele>412.0</ele>
      </trkpt>
      <trkpt lat="-38.337079" lon="176.357925">
        <ele>413.0</ele>
      </trkpt>
      <trkpt lat="-38.33695" lon="176.357731">
        <ele>415.3</ele>
      </trkpt>
      <trkpt lat="-38.336933" lon="176.357705">
        <ele>415.6</ele>
      </trkpt>
      <trkpt lat="-38.336914" lon="176.35768">
        <ele>415.9</ele>
      </trkpt>
      <trkpt lat="-38.336896" lon="176.357656">
        <ele>416.2</ele>
      </trkpt>
      <trkpt lat="-38.336878" lon="176.357631">
        <ele>416.6</ele>
      </trkpt>
      <trkpt lat="-38.33673" lon="176.357357">
        <ele>419.0</ele>
      </trkpt>
      <trkpt lat="-38.336679" lon="176.357243">
        <ele>419.5</ele>
      </trkpt>
      <trkpt lat="-38.336668" lon="176.357211">
        <ele>419.6</ele>
      </trkpt>
      <trkpt lat="-38.336658" lon="176.357179">
        <ele>419.7</ele>
      </trkpt>
      <trkpt lat="-38.336645" lon="176.357149">
        <ele>419.8</ele>
      </trkpt>
      <trkpt lat="-38.336633" lon="176.357117">
        <ele>419.9</ele>
      </trkpt>
      <trkpt lat="-38.336581" lon="176.356948">
        <ele>420.4</ele>
      </trkpt>
      <trkpt lat="-38.336535" lon="176.356671">
        <ele>420.6</ele>
      </trkpt>
      <trkpt lat="-38.336528" lon="176.356629">
        <ele>420.7</ele>
      </trkpt>
      <trkpt lat="-38.336522" lon="176.356586">
        <ele>420.8</ele>
      </trkpt>
      <trkpt lat="-38.336517" lon="176.356542">
        <ele>420.8</ele>
      </trkpt>
      <trkpt lat="-38.336514" lon="176.356499">
        <ele>420.9</ele>
      </trkpt>
      <trkpt lat="-38.336549" lon="176.35604">
        <ele>420.5</ele>
      </trkpt>
      <trkpt lat="-38.336554" lon="176.355998">
        <ele>420.5</ele>
      </trkpt>
      <trkpt lat="-38.33656" lon="176.355957">
        <ele>420.4</ele>
      </trkpt>
      <trkpt lat="-38.336566" lon="176.355915">
        <ele>420.3</ele>
      </trkpt>
      <trkpt lat="-38.336573" lon="176.355872">
        <ele>420.2</ele>
      </trkpt>
      <trkpt lat="-38.336581" lon="176.35583">
        <ele>420.1</ele>
      </trkpt>
      <trkpt lat="-38.336612" lon="176.355659">
        <ele>420.6</ele>
      </trkpt>
      <trkpt lat="-38.336621" lon="176.355577">
        <ele>420.8</ele>
      </trkpt>
      <trkpt lat="-38.336629" lon="176.355534">
        <ele>420.9</ele>
      </trkpt>
      <trkpt lat="-38.336636" lon="176.355492">
        <ele>421.0</ele>
      </trkpt>
      <trkpt lat="-38.336641" lon="176.35545">
        <ele>421.2</ele>
      </trkpt>
      <trkpt lat="-38.336645" lon="176.355407">
        <ele>421.3</ele>
      </trkpt>
      <trkpt lat="-38.336652" lon="176.355365">
        <ele>421.4</ele>
      </trkpt>
      <trkpt lat="-38.336683" lon="176.355203">
        <ele>422.0</ele>
      </trkpt>
      <trkpt lat="-38.33669" lon="176.35517">
        <ele>422.1</ele>
      </trkpt>
      <trkpt lat="-38.336696" lon="176.35514">
        <ele>422.2</ele>
      </trkpt>
      <trkpt lat="-38.336699" lon="176.35511">
        <ele>422.3</ele>
      </trkpt>
      <trkpt lat="-38.336702" lon="176.35508">
        <ele>422.5</ele>
      </trkpt>
      <trkpt lat="-38.336726" lon="176.354948">
        <ele>423.4</ele>
      </trkpt>
      <trkpt lat="-38.336741" lon="176.354851">
        <ele>424.4</ele>
      </trkpt>
      <trkpt lat="-38.336747" lon="176.354819">
        <ele>424.8</ele>
      </trkpt>
      <trkpt lat="-38.336752" lon="176.354787">
        <ele>425.1</ele>
      </trkpt>
      <trkpt lat="-38.336757" lon="176.354755">
        <ele>425.5</ele>
      </trkpt>
      <trkpt lat="-38.336762" lon="176.354723">
        <ele>425.8</ele>
      </trkpt>
      <trkpt lat="-38.336805" lon="176.35447">
        <ele>428.3</ele>
      </trkpt>
      <trkpt lat="-38.336809" lon="176.35444">
        <ele>428.6</ele>
      </trkpt>
      <trkpt lat="-38.336814" lon="176.354409">
        <ele>428.9</ele>
      </trkpt>
      <trkpt lat="-38.336819" lon="176.35438">
        <ele>429.2</ele>
      </trkpt>
      <trkpt lat="-38.336826" lon="176.354349">
        <ele>429.5</ele>
      </trkpt>
      <trkpt lat="-38.336872" lon="176.354069">
        <ele>432.1</ele>
      </trkpt>
      <trkpt lat="-38.336878" lon="176.354036">
        <ele>432.4</ele>
      </trkpt>
      <trkpt lat="-38.336883" lon="176.354006">
        <ele>432.7</ele>
      </trkpt>
      <trkpt lat="-38.336889" lon="176.353978">
        <ele>432.9</ele>
      </trkpt>
      <trkpt lat="-38.336897" lon="176.353948">
        <ele>433.2</ele>
      </trkpt>
      <trkpt lat="-38.336904" lon="176.353917">
        <ele>433.4</ele>
      </trkpt>
      <trkpt lat="-38.336932" lon="176.353794">
        <ele>434.4</ele>
      </trkpt>
      <trkpt lat="-38.336986" lon="176.353612">
        <ele>435.5</ele>
      </trkpt>
      <trkpt lat="-38.336994" lon="176.353582">
        <ele>435.6</ele>
      </trkpt>
      <trkpt lat="-38.337004" lon="176.353553">
        <ele>435.8</ele>
      </trkpt>
      <trkpt lat="-38.337013" lon="176.353524">
        <ele>435.9</ele>
      </trkpt>
      <trkpt lat="-38.337024" lon="176.353496">
        <ele>436.0</ele>
      </trkpt>
      <trkpt lat="-38.337095" lon="176.353321">
        <ele>436.4</ele>
      </trkpt>
      <trkpt lat="-38.337117" lon="176.35326">
        <ele>436.5</ele>
      </trkpt>
      <trkpt lat="-38.337129" lon="176.353229">
        <ele>436.5</ele>
      </trkpt>
      <trkpt lat="-38.337143" lon="176.353197">
        <ele>436.5</ele>
      </trkpt>
      <trkpt lat="-38.337157" lon="176.353164">
        <ele>436.5</ele>
      </trkpt>
      <trkpt lat="-38.33717" lon="176.35313">
        <ele>436.6</ele>
      </trkpt>
      <trkpt lat="-38.337225" lon="176.352989">
        <ele>436.8</ele>
      </trkpt>
      <trkpt lat="-38.337384" lon="176.352588">
        <ele>437.9</ele>
      </trkpt>
      <trkpt lat="-38.337396" lon="176.352552">
        <ele>438.0</ele>
      </trkpt>
      <trkpt lat="-38.33741" lon="176.352518">
        <ele>438.1</ele>
      </trkpt>
      <trkpt lat="-38.337424" lon="176.352483">
        <ele>438.3</ele>
      </trkpt>
      <trkpt lat="-38.337437" lon="176.352447">
        <ele>438.5</ele>
      </trkpt>
      <trkpt lat="-38.337626" lon="176.351996">
        <ele>441.5</ele>
      </trkpt>
      <trkpt lat="-38.337668" lon="176.351868">
        <ele>442.5</ele>
      </trkpt>
      <trkpt lat="-38.33768" lon="176.351838">
        <ele>442.7</ele>
      </trkpt>
      <trkpt lat="-38.337692" lon="176.351808">
        <ele>443.0</ele>
      </trkpt>
      <trkpt lat="-38.337703" lon="176.351779">
        <ele>443.2</ele>
      </trkpt>
      <trkpt lat="-38.337711" lon="176.351749">
        <ele>443.5</ele>
      </trkpt>
      <trkpt lat="-38.33774" lon="176.351664">
        <ele>444.2</ele>
      </trkpt>
      <trkpt lat="-38.337784" lon="176.351462">
        <ele>446.2</ele>
      </trkpt>
      <trkpt lat="-38.33779" lon="176.351429">
        <ele>446.6</ele>
      </trkpt>
      <trkpt lat="-38.337795" lon="176.351399">
        <ele>446.9</ele>
      </trkpt>
      <trkpt lat="-38.3378" lon="176.351372">
        <ele>447.2</ele>
      </trkpt>
      <trkpt lat="-38.337807" lon="176.351344">
        <ele>447.4</ele>
      </trkpt>
      <trkpt lat="-38.33782" lon="176.351224">
        <ele>448.8</ele>
      </trkpt>
      <trkpt lat="-38.337826" lon="176.351014">
        <ele>451.4</ele>
      </trkpt>
      <trkpt lat="-38.337826" lon="176.350986">
        <ele>451.8</ele>
      </trkpt>
      <trkpt lat="-38.337823" lon="176.35096">
        <ele>452.1</ele>
      </trkpt>
      <trkpt lat="-38.337822" lon="176.35093">
        <ele>452.5</ele>
      </trkpt>
      <trkpt lat="-38.337819" lon="176.350906">
        <ele>452.9</ele>
      </trkpt>
      <trkpt lat="-38.337794" lon="176.350603">
        <ele>454.5</ele>
      </trkpt>
      <trkpt lat="-38.337734" lon="176.350375">
        <ele>455.6</ele>
      </trkpt>
      <trkpt lat="-38.337725" lon="176.350345">
        <ele>455.8</ele>
      </trkpt>
      <trkpt lat="-38.337717" lon="176.350315">
        <ele>455.9</ele>
      </trkpt>
      <trkpt lat="-38.337706" lon="176.350283">
        <ele>456.1</ele>
      </trkpt>
      <trkpt lat="-38.337696" lon="176.350255">
        <ele>456.3</ele>
      </trkpt>
      <trkpt lat="-38.337629" lon="176.350084">
        <ele>457.3</ele>
      </trkpt>
      <trkpt lat="-38.337617" lon="176.350058">
        <ele>457.5</ele>
      </trkpt>
      <trkpt lat="-38.337605" lon="176.35003">
        <ele>457.7</ele>
      </trkpt>
      <trkpt lat="-38.337592" lon="176.350005">
        <ele>457.9</ele>
      </trkpt>
      <trkpt lat="-38.33758" lon="176.349977">
        <ele>458.1</ele>
      </trkpt>
      <trkpt lat="-38.337503" lon="176.349757">
        <ele>459.2</ele>
      </trkpt>
      <trkpt lat="-38.337495" lon="176.349731">
        <ele>459.4</ele>
      </trkpt>
      <trkpt lat="-38.337485" lon="176.349704">
        <ele>459.5</ele>
      </trkpt>
      <trkpt lat="-38.337478" lon="176.34968">
        <ele>459.7</ele>
      </trkpt>
      <trkpt lat="-38.337473" lon="176.349656">
        <ele>459.7</ele>
      </trkpt>
      <trkpt lat="-38.337446" lon="176.349554">
        <ele>460.1</ele>
      </trkpt>
      <trkpt lat="-38.337428" lon="176.349473">
        <ele>460.4</ele>
      </trkpt>
      <trkpt lat="-38.337429" lon="176.349444">
        <ele>460.4</ele>
      </trkpt>
      <trkpt lat="-38.337429" lon="176.349412">
        <ele>460.4</ele>
      </trkpt>
      <trkpt lat="-38.337428" lon="176.349381">
        <ele>460.4</ele>
      </trkpt>
      <trkpt lat="-38.337423" lon="176.349354">
        <ele>460.5</ele>
      </trkpt>
      <trkpt lat="-38.337414" lon="176.349327">
        <ele>460.6</ele>
      </trkpt>
      <trkpt lat="-38.337382" lon="176.349152">
        <ele>460.9</ele>
      </trkpt>
      <trkpt lat="-38.337376" lon="176.349121">
        <ele>461.2</ele>
      </trkpt>
      <trkpt lat="-38.337367" lon="176.349089">
        <ele>461.5</ele>
      </trkpt>
      <trkpt lat="-38.337363" lon="176.349059">
        <ele>461.7</ele>
      </trkpt>
      <trkpt lat="-38.33736" lon="176.349031">
        <ele>461.9</ele>
      </trkpt>
      <trkpt lat="-38.337341" lon="176.348926">
        <ele>462.7</ele>
      </trkpt>
      <trkpt lat="-38.33734" lon="176.348904">
        <ele>462.9</ele>
      </trkpt>
      <trkpt lat="-38.337334" lon="176.348882">
        <ele>463.1</ele>
      </trkpt>
      <trkpt lat="-38.33733" lon="176.348858">
        <ele>463.3</ele>
      </trkpt>
      <trkpt lat="-38.337318" lon="176.348806">
        <ele>463.8</ele>
      </trkpt>
      <trkpt lat="-38.337307" lon="176.348716">
        <ele>464.5</ele>
      </trkpt>
      <trkpt lat="-38.337304" lon="176.348684">
        <ele>464.7</ele>
      </trkpt>
      <trkpt lat="-38.337301" lon="176.348657">
        <ele>464.9</ele>
      </trkpt>
      <trkpt lat="-38.337298" lon="176.34863">
        <ele>465.1</ele>
      </trkpt>
      <trkpt lat="-38.337298" lon="176.348603">
        <ele>465.3</ele>
      </trkpt>
      <trkpt lat="-38.337254" lon="176.34836">
        <ele>467.5</ele>
      </trkpt>
      <trkpt lat="-38.33725" lon="176.348332">
        <ele>467.7</ele>
      </trkpt>
      <trkpt lat="-38.337244" lon="176.348306">
        <ele>468.0</ele>
      </trkpt>
      <trkpt lat="-38.337241" lon="176.34828">
        <ele>468.3</ele>
      </trkpt>
      <trkpt lat="-38.337239" lon="176.348253">
        <ele>468.6</ele>
      </trkpt>
      <trkpt lat="-38.337223" lon="176.34815">
        <ele>469.7</ele>
      </trkpt>
      <trkpt lat="-38.33722" lon="176.348124">
        <ele>470.0</ele>
      </trkpt>
      <trkpt lat="-38.337218" lon="176.348096">
        <ele>470.2</ele>
      </trkpt>
      <trkpt lat="-38.337224" lon="176.34807">
        <ele>470.4</ele>
      </trkpt>
      <trkpt lat="-38.337224" lon="176.348045">
        <ele>470.6</ele>
      </trkpt>
      <trkpt lat="-38.337234" lon="176.347798">
        <ele>472.8</ele>
      </trkpt>
      <trkpt lat="-38.337227" lon="176.347732">
        <ele>473.5</ele>
      </trkpt>
      <trkpt lat="-38.337229" lon="176.347708">
        <ele>473.7</ele>
      </trkpt>
      <trkpt lat="-38.337232" lon="176.347685">
        <ele>473.8</ele>
      </trkpt>
      <trkpt lat="-38.337236" lon="176.347659">
        <ele>474.0</ele>
      </trkpt>
      <trkpt lat="-38.337243" lon="176.34763">
        <ele>474.2</ele>
      </trkpt>
      <trkpt lat="-38.337241" lon="176.347605">
        <ele>474.5</ele>
      </trkpt>
      <trkpt lat="-38.337251" lon="176.347534">
        <ele>475.0</ele>
      </trkpt>
      <trkpt lat="-38.337257" lon="176.347505">
        <ele>475.2</ele>
      </trkpt>
      <trkpt lat="-38.337261" lon="176.347476">
        <ele>475.3</ele>
      </trkpt>
      <trkpt lat="-38.337262" lon="176.347449">
        <ele>475.5</ele>
      </trkpt>
      <trkpt lat="-38.337265" lon="176.347422">
        <ele>475.7</ele>
      </trkpt>
      <trkpt lat="-38.337273" lon="176.347397">
        <ele>475.8</ele>
      </trkpt>
      <trkpt lat="-38.337321" lon="176.347139">
        <ele>477.0</ele>
      </trkpt>
      <trkpt lat="-38.337327" lon="176.347109">
        <ele>477.1</ele>
      </trkpt>
      <trkpt lat="-38.337331" lon="176.347078">
        <ele>477.3</ele>
      </trkpt>
      <trkpt lat="-38.337334" lon="176.347048">
        <ele>477.4</ele>
      </trkpt>
      <trkpt lat="-38.337338" lon="176.347019">
        <ele>477.6</ele>
      </trkpt>
      <trkpt lat="-38.337368" lon="176.346847">
        <ele>478.3</ele>
      </trkpt>
      <trkpt lat="-38.337375" lon="176.346819">
        <ele>478.3</ele>
      </trkpt>
      <trkpt lat="-38.337382" lon="176.34679">
        <ele>478.4</ele>
      </trkpt>
      <trkpt lat="-38.337389" lon="176.34676">
        <ele>478.5</ele>
      </trkpt>
      <trkpt lat="-38.337394" lon="176.34673">
        <ele>478.6</ele>
      </trkpt>
      <trkpt lat="-38.337417" lon="176.346522">
        <ele>479.2</ele>
      </trkpt>
      <trkpt lat="-38.337434" lon="176.346369">
        <ele>479.6</ele>
      </trkpt>
      <trkpt lat="-38.337434" lon="176.346337">
        <ele>479.8</ele>
      </trkpt>
      <trkpt lat="-38.337434" lon="176.346305">
        <ele>479.9</ele>
      </trkpt>
      <trkpt lat="-38.337435" lon="176.346275">
        <ele>480.0</ele>
      </trkpt>
      <trkpt lat="-38.337437" lon="176.346243">
        <ele>480.1</ele>
      </trkpt>
      <trkpt lat="-38.337424" lon="176.346003">
        <ele>481.4</ele>
      </trkpt>
      <trkpt lat="-38.33742" lon="176.345972">
        <ele>481.6</ele>
      </trkpt>
      <trkpt lat="-38.337412" lon="176.345941">
        <ele>481.9</ele>
      </trkpt>
      <trkpt lat="-38.337404" lon="176.345909">
        <ele>482.2</ele>
      </trkpt>
      <trkpt lat="-38.337401" lon="176.34588">
        <ele>482.3</ele>
      </trkpt>
      <trkpt lat="-38.337353" lon="176.345659">
        <ele>482.7</ele>
      </trkpt>
      <trkpt lat="-38.337291" lon="176.345472">
        <ele>483.0</ele>
      </trkpt>
      <trkpt lat="-38.337278" lon="176.345441">
        <ele>483.0</ele>
      </trkpt>
      <trkpt lat="-38.337263" lon="176.345408">
        <ele>483.1</ele>
      </trkpt>
      <trkpt lat="-38.337247" lon="176.345376">
        <ele>483.2</ele>
      </trkpt>
      <trkpt lat="-38.337229" lon="176.345344">
        <ele>483.3</ele>
      </trkpt>
      <trkpt lat="-38.337212" lon="176.345312">
        <ele>483.4</ele>
      </trkpt>
      <trkpt lat="-38.337002" lon="176.345018">
        <ele>484.5</ele>
      </trkpt>
      <trkpt lat="-38.336827" lon="176.344844">
        <ele>485.9</ele>
      </trkpt>
      <trkpt lat="-38.336808" lon="176.344823">
        <ele>486.1</ele>
      </trkpt>
      <trkpt lat="-38.336788" lon="176.344802">
        <ele>486.2</ele>
      </trkpt>
      <trkpt lat="-38.336768" lon="176.344782">
        <ele>486.3</ele>
      </trkpt>
      <trkpt lat="-38.336748" lon="176.344763">
        <ele>486.4</ele>
      </trkpt>
      <trkpt lat="-38.336507" lon="176.344511">
        <ele>488.2</ele>
      </trkpt>
      <trkpt lat="-38.336351" lon="176.344322">
        <ele>488.9</ele>
      </trkpt>
      <trkpt lat="-38.336332" lon="176.344297">
        <ele>489.0</ele>
      </trkpt>
      <trkpt lat="-38.336312" lon="176.344272">
        <ele>489.1</ele>
      </trkpt>
      <trkpt lat="-38.336293" lon="176.34425">
        <ele>489.1</ele>
      </trkpt>
      <trkpt lat="-38.336273" lon="176.344226">
        <ele>489.2</ele>
      </trkpt>
      <trkpt lat="-38.336225" lon="176.344141">
        <ele>489.2</ele>
      </trkpt>
      <trkpt lat="-38.336082" lon="176.343873">
        <ele>489.1</ele>
      </trkpt>
      <trkpt lat="-38.335891" lon="176.343489">
        <ele>487.3</ele>
      </trkpt>
      <trkpt lat="-38.335644" lon="176.342967">
        <ele>487.1</ele>
      </trkpt>
      <trkpt lat="-38.335599" lon="176.342866">
        <ele>487.4</ele>
      </trkpt>
      <trkpt lat="-38.335574" lon="176.342816">
        <ele>487.6</ele>
      </trkpt>
      <trkpt lat="-38.335549" lon="176.34276">
        <ele>487.7</ele>
      </trkpt>
      <trkpt lat="-38.335523" lon="176.342707">
        <ele>487.9</ele>
      </trkpt>
      <trkpt lat="-38.335497" lon="176.342654">
        <ele>488.0</ele>
      </trkpt>
      <trkpt lat="-38.335424" lon="176.342499">
        <ele>488.4</ele>
      </trkpt>
      <trkpt lat="-38.335332" lon="176.342296">
        <ele>488.3</ele>
      </trkpt>
      <trkpt lat="-38.335157" lon="176.34193">
        <ele>488.1</ele>
      </trkpt>
      <trkpt lat="-38.334954" lon="176.341502">
        <ele>487.8</ele>
      </trkpt>
      <trkpt lat="-38.334934" lon="176.341456">
        <ele>487.8</ele>
      </trkpt>
      <trkpt lat="-38.334913" lon="176.34141">
        <ele>487.9</ele>
      </trkpt>
      <trkpt lat="-38.334892" lon="176.341364">
        <ele>487.9</ele>
      </trkpt>
      <trkpt lat="-38.334871" lon="176.341319">
        <ele>488.0</ele>
      </trkpt>
      <trkpt lat="-38.334619" lon="176.340804">
        <ele>488.5</ele>
      </trkpt>
      <trkpt lat="-38.334333" lon="176.340215">
        <ele>488.4</ele>
      </trkpt>
      <trkpt lat="-38.334314" lon="176.340162">
        <ele>488.3</ele>
      </trkpt>
      <trkpt lat="-38.334026" lon="176.339563">
        <ele>489.9</ele>
      </trkpt>
      <trkpt lat="-38.334001" lon="176.339507">
        <ele>490.2</ele>
      </trkpt>
      <trkpt lat="-38.333703" lon="176.338894">
        <ele>491.5</ele>
      </trkpt>
      <trkpt lat="-38.333584" lon="176.33864">
        <ele>491.1</ele>
      </trkpt>
      <trkpt lat="-38.333536" lon="176.33854">
        <ele>490.9</ele>
      </trkpt>
      <trkpt lat="-38.333512" lon="176.338489">
        <ele>490.7</ele>
      </trkpt>
      <trkpt lat="-38.333489" lon="176.338438">
        <ele>490.6</ele>
      </trkpt>
      <trkpt lat="-38.333467" lon="176.338392">
        <ele>490.4</ele>
      </trkpt>
      <trkpt lat="-38.33344" lon="176.338335">
        <ele>490.2</ele>
      </trkpt>
      <trkpt lat="-38.333265" lon="176.337967">
        <ele>490.5</ele>
      </trkpt>
      <trkpt lat="-38.332968" lon="176.337341">
        <ele>493.1</ele>
      </trkpt>
      <trkpt lat="-38.332869" lon="176.33714">
        <ele>494.8</ele>
      </trkpt>
      <trkpt lat="-38.332631" lon="176.336683">
        <ele>499.1</ele>
      </trkpt>
      <trkpt lat="-38.332353" lon="176.33609">
        <ele>496.0</ele>
      </trkpt>
      <trkpt lat="-38.332312" lon="176.335996">
        <ele>495.1</ele>
      </trkpt>
      <trkpt lat="-38.332035" lon="176.335396">
        <ele>492.9</ele>
      </trkpt>
      <trkpt lat="-38.332012" lon="176.335349">
        <ele>492.8</ele>
      </trkpt>
      <trkpt lat="-38.331989" lon="176.335302">
        <ele>492.8</ele>
      </trkpt>
      <trkpt lat="-38.331965" lon="176.335257">
        <ele>492.7</ele>
      </trkpt>
      <trkpt lat="-38.331944" lon="176.335211">
        <ele>492.6</ele>
      </trkpt>
      <trkpt lat="-38.331659" lon="176.334618">
        <ele>492.6</ele>
      </trkpt>
      <trkpt lat="-38.331613" lon="176.334522">
        <ele>492.8</ele>
      </trkpt>
      <trkpt lat="-38.33136" lon="176.333996">
        <ele>494.4</ele>
      </trkpt>
      <trkpt lat="-38.331257" lon="176.333783">
        <ele>495.4</ele>
      </trkpt>
      <trkpt lat="-38.331241" lon="176.333745">
        <ele>495.6</ele>
      </trkpt>
      <trkpt lat="-38.331225" lon="176.333711">
        <ele>495.7</ele>
      </trkpt>
      <trkpt lat="-38.331203" lon="176.333668">
        <ele>495.9</ele>
      </trkpt>
      <trkpt lat="-38.331184" lon="176.333628">
        <ele>496.1</ele>
      </trkpt>
      <trkpt lat="-38.331068" lon="176.333392">
        <ele>497.2</ele>
      </trkpt>
      <trkpt lat="-38.330935" lon="176.333091">
        <ele>498.0</ele>
      </trkpt>
      <trkpt lat="-38.330919" lon="176.333056">
        <ele>498.1</ele>
      </trkpt>
      <trkpt lat="-38.330901" lon="176.333018">
        <ele>498.2</ele>
      </trkpt>
      <trkpt lat="-38.330881" lon="176.332977">
        <ele>498.3</ele>
      </trkpt>
      <trkpt lat="-38.330864" lon="176.332941">
        <ele>498.3</ele>
      </trkpt>
      <trkpt lat="-38.330824" lon="176.332858">
        <ele>498.5</ele>
      </trkpt>
      <trkpt lat="-38.330532" lon="176.332317">
        <ele>499.0</ele>
      </trkpt>
      <trkpt lat="-38.330296" lon="176.332019">
        <ele>499.7</ele>
      </trkpt>
      <trkpt lat="-38.329998" lon="176.331724">
        <ele>500.0</ele>
      </trkpt>
      <trkpt lat="-38.329556" lon="176.331298">
        <ele>500.0</ele>
      </trkpt>
      <trkpt lat="-38.329131" lon="176.330899">
        <ele>499.2</ele>
      </trkpt>
      <trkpt lat="-38.328701" lon="176.330486">
        <ele>499.9</ele>
      </trkpt>
      <trkpt lat="-38.328258" lon="176.330068">
        <ele>501.5</ele>
      </trkpt>
      <trkpt lat="-38.328214" lon="176.330032">
        <ele>501.6</ele>
      </trkpt>
      <trkpt lat="-38.327751" lon="176.329625">
        <ele>502.1</ele>
      </trkpt>
      <trkpt lat="-38.327345" lon="176.329444">
        <ele>502.6</ele>
      </trkpt>
      <trkpt lat="-38.326794" lon="176.329198">
        <ele>502.8</ele>
      </trkpt>
      <trkpt lat="-38.326745" lon="176.329174">
        <ele>502.8</ele>
      </trkpt>
      <trkpt lat="-38.326273" lon="176.328835">
        <ele>502.5</ele>
      </trkpt>
      <trkpt lat="-38.326217" lon="176.328762">
        <ele>502.6</ele>
      </trkpt>
      <trkpt lat="-38.326196" lon="176.32873">
        <ele>502.6</ele>
      </trkpt>
      <trkpt lat="-38.326172" lon="176.328702">
        <ele>502.7</ele>
      </trkpt>
      <trkpt lat="-38.32615" lon="176.328671">
        <ele>502.8</ele>
      </trkpt>
      <trkpt lat="-38.326125" lon="176.328633">
        <ele>502.9</ele>
      </trkpt>
      <trkpt lat="-38.32605" lon="176.328516">
        <ele>503.4</ele>
      </trkpt>
      <trkpt lat="-38.32592" lon="176.328296">
        <ele>504.4</ele>
      </trkpt>
      <trkpt lat="-38.325901" lon="176.328264">
        <ele>504.5</ele>
      </trkpt>
      <trkpt lat="-38.325881" lon="176.328232">
        <ele>504.6</ele>
      </trkpt>
      <trkpt lat="-38.325861" lon="176.328198">
        <ele>504.7</ele>
      </trkpt>
      <trkpt lat="-38.325841" lon="176.328162">
        <ele>504.8</ele>
      </trkpt>
      <trkpt lat="-38.325696" lon="176.327904">
        <ele>504.9</ele>
      </trkpt>
      <trkpt lat="-38.325659" lon="176.327834">
        <ele>504.9</ele>
      </trkpt>
      <trkpt lat="-38.32564" lon="176.327797">
        <ele>505.0</ele>
      </trkpt>
      <trkpt lat="-38.325626" lon="176.327758">
        <ele>505.0</ele>
      </trkpt>
      <trkpt lat="-38.32561" lon="176.327717">
        <ele>505.0</ele>
      </trkpt>
      <trkpt lat="-38.325593" lon="176.327676">
        <ele>505.0</ele>
      </trkpt>
      <trkpt lat="-38.325544" lon="176.327549">
        <ele>505.1</ele>
      </trkpt>
      <trkpt lat="-38.325459" lon="176.327238">
        <ele>505.0</ele>
      </trkpt>
      <trkpt lat="-38.325338" lon="176.326734">
        <ele>504.9</ele>
      </trkpt>
      <trkpt lat="-38.325202" lon="176.326091">
        <ele>505.4</ele>
      </trkpt>
      <trkpt lat="-38.325053" lon="176.325386">
        <ele>504.9</ele>
      </trkpt>
      <trkpt lat="-38.325038" lon="176.325326">
        <ele>504.7</ele>
      </trkpt>
      <trkpt lat="-38.324901" lon="176.324656">
        <ele>504.5</ele>
      </trkpt>
      <trkpt lat="-38.324842" lon="176.324323">
        <ele>504.8</ele>
      </trkpt>
      <trkpt lat="-38.3247" lon="176.323647">
        <ele>505.4</ele>
      </trkpt>
      <trkpt lat="-38.32462" lon="176.323287">
        <ele>505.8</ele>
      </trkpt>
      <trkpt lat="-38.32451" lon="176.322762">
        <ele>506.5</ele>
      </trkpt>
      <trkpt lat="-38.324498" lon="176.322708">
        <ele>506.6</ele>
      </trkpt>
      <trkpt lat="-38.324485" lon="176.322656">
        <ele>506.7</ele>
      </trkpt>
      <trkpt lat="-38.324475" lon="176.322605">
        <ele>506.7</ele>
      </trkpt>
      <trkpt lat="-38.324466" lon="176.322555">
        <ele>506.8</ele>
      </trkpt>
      <trkpt lat="-38.32432" lon="176.321897">
        <ele>510.3</ele>
      </trkpt>
      <trkpt lat="-38.324277" lon="176.321679">
        <ele>511.4</ele>
      </trkpt>
      <trkpt lat="-38.324268" lon="176.321639">
        <ele>511.5</ele>
      </trkpt>
      <trkpt lat="-38.324257" lon="176.321601">
        <ele>511.6</ele>
      </trkpt>
      <trkpt lat="-38.324249" lon="176.321563">
        <ele>511.7</ele>
      </trkpt>
      <trkpt lat="-38.324239" lon="176.321525">
        <ele>511.7</ele>
      </trkpt>
      <trkpt lat="-38.324194" lon="176.321321">
        <ele>511.9</ele>
      </trkpt>
      <trkpt lat="-38.324138" lon="176.321102">
        <ele>512.1</ele>
      </trkpt>
      <trkpt lat="-38.324064" lon="176.320846">
        <ele>512.3</ele>
      </trkpt>
      <trkpt lat="-38.324051" lon="176.320804">
        <ele>512.3</ele>
      </trkpt>
      <trkpt lat="-38.324037" lon="176.32076">
        <ele>512.4</ele>
      </trkpt>
      <trkpt lat="-38.324031" lon="176.320716">
        <ele>512.5</ele>
      </trkpt>
      <trkpt lat="-38.32402" lon="176.320678">
        <ele>512.5</ele>
      </trkpt>
      <trkpt lat="-38.323865" lon="176.320308">
        <ele>513.4</ele>
      </trkpt>
      <trkpt lat="-38.323643" lon="176.319929">
        <ele>514.1</ele>
      </trkpt>
      <trkpt lat="-38.323615" lon="176.319886">
        <ele>514.1</ele>
      </trkpt>
      <trkpt lat="-38.323589" lon="176.319843">
        <ele>514.1</ele>
      </trkpt>
      <trkpt lat="-38.323566" lon="176.3198">
        <ele>514.1</ele>
      </trkpt>
      <trkpt lat="-38.323542" lon="176.319758">
        <ele>514.1</ele>
      </trkpt>
      <trkpt lat="-38.32331" lon="176.319341">
        <ele>513.6</ele>
      </trkpt>
      <trkpt lat="-38.323104" lon="176.318936">
        <ele>512.6</ele>
      </trkpt>
      <trkpt lat="-38.323073" lon="176.31886">
        <ele>512.3</ele>
      </trkpt>
      <trkpt lat="-38.323043" lon="176.318778">
        <ele>511.9</ele>
      </trkpt>
      <trkpt lat="-38.323015" lon="176.318685">
        <ele>511.4</ele>
      </trkpt>
      <trkpt lat="-38.322989" lon="176.318584">
        <ele>510.9</ele>
      </trkpt>
      <trkpt lat="-38.322963" lon="176.31848">
        <ele>510.4</ele>
      </trkpt>
      <trkpt lat="-38.322937" lon="176.318368">
        <ele>510.0</ele>
      </trkpt>
      <trkpt lat="-38.322905" lon="176.318247">
        <ele>509.5</ele>
      </trkpt>
      <trkpt lat="-38.322878" lon="176.318128">
        <ele>508.9</ele>
      </trkpt>
      <trkpt lat="-38.322854" lon="176.317999">
        <ele>508.1</ele>
      </trkpt>
      <trkpt lat="-38.322845" lon="176.317858">
        <ele>507.1</ele>
      </trkpt>
      <trkpt lat="-38.322842" lon="176.317714">
        <ele>505.9</ele>
      </trkpt>
      <trkpt lat="-38.322863" lon="176.317569">
        <ele>504.5</ele>
      </trkpt>
      <trkpt lat="-38.322906" lon="176.317428">
        <ele>502.6</ele>
      </trkpt>
      <trkpt lat="-38.322965" lon="176.317291">
        <ele>500.4</ele>
      </trkpt>
      <trkpt lat="-38.323031" lon="176.317157">
        <ele>498.4</ele>
      </trkpt>
      <trkpt lat="-38.323096" lon="176.317019">
        <ele>496.4</ele>
      </trkpt>
      <trkpt lat="-38.323156" lon="176.316873">
        <ele>494.5</ele>
      </trkpt>
      <trkpt lat="-38.323206" lon="176.316723">
        <ele>492.8</ele>
      </trkpt>
      <trkpt lat="-38.32325" lon="176.316568">
        <ele>491.0</ele>
      </trkpt>
      <trkpt lat="-38.323297" lon="176.316411">
        <ele>489.1</ele>
      </trkpt>
      <trkpt lat="-38.32334" lon="176.316256">
        <ele>487.1</ele>
      </trkpt>
      <trkpt lat="-38.32338" lon="176.316096">
        <ele>485.7</ele>
      </trkpt>
      <trkpt lat="-38.323415" lon="176.315935">
        <ele>484.2</ele>
      </trkpt>
      <trkpt lat="-38.323444" lon="176.315775">
        <ele>483.2</ele>
      </trkpt>
      <trkpt lat="-38.323471" lon="176.315604">
        <ele>483.2</ele>
      </trkpt>
      <trkpt lat="-38.323497" lon="176.315434">
        <ele>482.9</ele>
      </trkpt>
      <trkpt lat="-38.323541" lon="176.315089">
        <ele>482.0</ele>
      </trkpt>
      <trkpt lat="-38.323556" lon="176.314914">
        <ele>480.2</ele>
      </trkpt>
      <trkpt lat="-38.323574" lon="176.314739">
        <ele>477.1</ele>
      </trkpt>
      <trkpt lat="-38.323604" lon="176.314563">
        <ele>474.0</ele>
      </trkpt>
      <trkpt lat="-38.323632" lon="176.314388">
        <ele>470.8</ele>
      </trkpt>
      <trkpt lat="-38.323656" lon="176.314211">
        <ele>467.6</ele>
      </trkpt>
      <trkpt lat="-38.323676" lon="176.314033">
        <ele>463.8</ele>
      </trkpt>
      <trkpt lat="-38.32369" lon="176.313864">
        <ele>460.1</ele>
      </trkpt>
      <trkpt lat="-38.323713" lon="176.313694">
        <ele>456.5</ele>
      </trkpt>
      <trkpt lat="-38.323725" lon="176.313541">
        <ele>453.3</ele>
      </trkpt>
      <trkpt lat="-38.323742" lon="176.313391">
        <ele>450.2</ele>
      </trkpt>
      <trkpt lat="-38.323759" lon="176.313232">
        <ele>447.6</ele>
      </trkpt>
      <trkpt lat="-38.323777" lon="176.313073">
        <ele>445.5</ele>
      </trkpt>
      <trkpt lat="-38.323791" lon="176.312918">
        <ele>443.5</ele>
      </trkpt>
      <trkpt lat="-38.323803" lon="176.312762">
        <ele>441.4</ele>
      </trkpt>
      <trkpt lat="-38.323819" lon="176.312605">
        <ele>439.4</ele>
      </trkpt>
      <trkpt lat="-38.323836" lon="176.312442">
        <ele>437.2</ele>
      </trkpt>
      <trkpt lat="-38.323853" lon="176.312274">
        <ele>434.4</ele>
      </trkpt>
      <trkpt lat="-38.323865" lon="176.312126">
        <ele>431.9</ele>
      </trkpt>
      <trkpt lat="-38.323877" lon="176.311967">
        <ele>429.2</ele>
      </trkpt>
      <trkpt lat="-38.32389" lon="176.311804">
        <ele>426.5</ele>
      </trkpt>
      <trkpt lat="-38.323906" lon="176.311644">
        <ele>423.9</ele>
      </trkpt>
      <trkpt lat="-38.323921" lon="176.311482">
        <ele>421.1</ele>
      </trkpt>
      <trkpt lat="-38.323937" lon="176.311317">
        <ele>418.2</ele>
      </trkpt>
      <trkpt lat="-38.323956" lon="176.311153">
        <ele>415.5</ele>
      </trkpt>
      <trkpt lat="-38.323974" lon="176.310978">
        <ele>412.6</ele>
      </trkpt>
      <trkpt lat="-38.324002" lon="176.310802">
        <ele>410.1</ele>
      </trkpt>
      <trkpt lat="-38.324035" lon="176.310621">
        <ele>408.7</ele>
      </trkpt>
      <trkpt lat="-38.324071" lon="176.310459">
        <ele>407.7</ele>
      </trkpt>
      <trkpt lat="-38.324125" lon="176.310292">
        <ele>407.2</ele>
      </trkpt>
      <trkpt lat="-38.324191" lon="176.31013">
        <ele>406.2</ele>
      </trkpt>
      <trkpt lat="-38.324265" lon="176.309975">
        <ele>403.9</ele>
      </trkpt>
      <trkpt lat="-38.324338" lon="176.309821">
        <ele>401.5</ele>
      </trkpt>
      <trkpt lat="-38.324409" lon="176.309667">
        <ele>399.6</ele>
      </trkpt>
      <trkpt lat="-38.32448" lon="176.309518">
        <ele>398.3</ele>
      </trkpt>
      <trkpt lat="-38.324553" lon="176.309373">
        <ele>397.6</ele>
      </trkpt>
      <trkpt lat="-38.324623" lon="176.309228">
        <ele>397.4</ele>
      </trkpt>
      <trkpt lat="-38.32469" lon="176.309084">
        <ele>397.3</ele>
      </trkpt>
      <trkpt lat="-38.324754" lon="176.30894">
        <ele>397.4</ele>
      </trkpt>
      <trkpt lat="-38.324812" lon="176.308796">
        <ele>397.5</ele>
      </trkpt>
      <trkpt lat="-38.324866" lon="176.308652">
        <ele>397.7</ele>
      </trkpt>
      <trkpt lat="-38.32492" lon="176.308508">
        <ele>398.0</ele>
      </trkpt>
      <trkpt lat="-38.324972" lon="176.308364">
        <ele>398.5</ele>
      </trkpt>
      <trkpt lat="-38.325024" lon="176.308217">
        <ele>397.4</ele>
      </trkpt>
      <trkpt lat="-38.325077" lon="176.308068">
        <ele>395.2</ele>
      </trkpt>
      <trkpt lat="-38.325131" lon="176.307916">
        <ele>393.1</ele>
      </trkpt>
      <trkpt lat="-38.325188" lon="176.307762">
        <ele>391.3</ele>
      </trkpt>
      <trkpt lat="-38.32525" lon="176.307609">
        <ele>389.7</ele>
      </trkpt>
      <trkpt lat="-38.325318" lon="176.307459">
        <ele>388.4</ele>
      </trkpt>
      <trkpt lat="-38.325394" lon="176.307307">
        <ele>387.6</ele>
      </trkpt>
      <trkpt lat="-38.325477" lon="176.307159">
        <ele>387.0</ele>
      </trkpt>
      <trkpt lat="-38.325568" lon="176.307016">
        <ele>386.8</ele>
      </trkpt>
      <trkpt lat="-38.325666" lon="176.306879">
        <ele>387.0</ele>
      </trkpt>
      <trkpt lat="-38.325769" lon="176.306749">
        <ele>387.5</ele>
      </trkpt>
      <trkpt lat="-38.325876" lon="176.306623">
        <ele>387.7</ele>
      </trkpt>
      <trkpt lat="-38.325986" lon="176.3065">
        <ele>386.9</ele>
      </trkpt>
      <trkpt lat="-38.326092" lon="176.30639">
        <ele>386.3</ele>
      </trkpt>
      <trkpt lat="-38.326201" lon="176.306287">
        <ele>385.8</ele>
      </trkpt>
      <trkpt lat="-38.326205" lon="176.306283">
        <ele>385.8</ele>
      </trkpt>
      <trkpt lat="-38.32618" lon="176.30624">
        <ele>385.4</ele>
      </trkpt>
      <trkpt lat="-38.32619" lon="176.30623">
        <ele>385.3</ele>
      </trkpt>
      <trkpt lat="-38.32629" lon="176.30616">
        <ele>385.2</ele>
      </trkpt>
      <trkpt lat="-38.3264" lon="176.30607">
        <ele>385.1</ele>
      </trkpt>
      <trkpt lat="-38.32644" lon="176.30604">
        <ele>385.1</ele>
      </trkpt>
      <trkpt lat="-38.3266" lon="176.30595">
        <ele>385.3</ele>
      </trkpt>
      <trkpt lat="-38.32677" lon="176.30585">
        <ele>386.1</ele>
      </trkpt>
      <trkpt lat="-38.32693" lon="176.30575">
        <ele>386.8</ele>
      </trkpt>
      <trkpt lat="-38.32706" lon="176.30567">
        <ele>387.5</ele>
      </trkpt>
      <trkpt lat="-38.32709" lon="176.30565">
        <ele>387.6</ele>
      </trkpt>
      <trkpt lat="-38.32717" lon="176.30559">
        <ele>388.0</ele>
      </trkpt>
      <trkpt lat="-38.32723" lon="176.30551">
        <ele>388.1</ele>
      </trkpt>
      <trkpt lat="-38.32728" lon="176.30543">
        <ele>388.1</ele>
      </trkpt>
      <trkpt lat="-38.32733" lon="176.30532">
        <ele>387.9</ele>
      </trkpt>
      <trkpt lat="-38.32734" lon="176.30531">
        <ele>388.0</ele>
      </trkpt>
      <trkpt lat="-38.3274" lon="176.30511">
        <ele>387.4</ele>
      </trkpt>
      <trkpt lat="-38.32741" lon="176.30508">
        <ele>387.3</ele>
      </trkpt>
      <trkpt lat="-38.32745" lon="176.30491">
        <ele>387.2</ele>
      </trkpt>
      <trkpt lat="-38.32745" lon="176.30489">
        <ele>387.2</ele>
      </trkpt>
      <trkpt lat="-38.32746" lon="176.30479">
        <ele>387.2</ele>
      </trkpt>
      <trkpt lat="-38.32746" lon="176.30466">
        <ele>387.0</ele>
      </trkpt>
      <trkpt lat="-38.32745" lon="176.30461">
        <ele>386.8</ele>
      </trkpt>
      <trkpt lat="-38.32744" lon="176.30451">
        <ele>386.5</ele>
      </trkpt>
      <trkpt lat="-38.32743" lon="176.30444">
        <ele>386.2</ele>
      </trkpt>
      <trkpt lat="-38.32737" lon="176.30422">
        <ele>384.9</ele>
      </trkpt>
      <trkpt lat="-38.32733" lon="176.30404">
        <ele>383.6</ele>
      </trkpt>
      <trkpt lat="-38.32732" lon="176.304">
        <ele>383.3</ele>
      </trkpt>
      <trkpt lat="-38.32729" lon="176.30385">
        <ele>382.1</ele>
      </trkpt>
      <trkpt lat="-38.32728" lon="176.30378">
        <ele>381.7</ele>
      </trkpt>
      <trkpt lat="-38.32727" lon="176.30369">
        <ele>381.1</ele>
      </trkpt>
      <trkpt lat="-38.32728" lon="176.30356">
        <ele>380.7</ele>
      </trkpt>
      <trkpt lat="-38.32728" lon="176.30355">
        <ele>380.7</ele>
      </trkpt>
      <trkpt lat="-38.3273" lon="176.30339">
        <ele>380.4</ele>
      </trkpt>
      <trkpt lat="-38.32731" lon="176.30332">
        <ele>380.2</ele>
      </trkpt>
      <trkpt lat="-38.32733" lon="176.30324">
        <ele>379.4</ele>
      </trkpt>
      <trkpt lat="-38.32738" lon="176.30311">
        <ele>378.3</ele>
      </trkpt>
      <trkpt lat="-38.32746" lon="176.30294">
        <ele>376.9</ele>
      </trkpt>
      <trkpt lat="-38.32747" lon="176.30291">
        <ele>376.5</ele>
      </trkpt>
      <trkpt lat="-38.32755" lon="176.30277">
        <ele>375.0</ele>
      </trkpt>
      <trkpt lat="-38.32758" lon="176.30273">
        <ele>374.5</ele>
      </trkpt>
      <trkpt lat="-38.32764" lon="176.30264">
        <ele>373.4</ele>
      </trkpt>
      <trkpt lat="-38.32771" lon="176.30257">
        <ele>372.8</ele>
      </trkpt>
      <trkpt lat="-38.32772" lon="176.30255">
        <ele>372.5</ele>
      </trkpt>
      <trkpt lat="-38.32785" lon="176.30244">
        <ele>372.1</ele>
      </trkpt>
      <trkpt lat="-38.32798" lon="176.30233">
        <ele>372.2</ele>
      </trkpt>
      <trkpt lat="-38.328" lon="176.30231">
        <ele>372.2</ele>
      </trkpt>
      <trkpt lat="-38.32815" lon="176.30217">
        <ele>372.3</ele>
      </trkpt>
      <trkpt lat="-38.32819" lon="176.30213">
        <ele>372.3</ele>
      </trkpt>
      <trkpt lat="-38.32828" lon="176.30202">
        <ele>372.2</ele>
      </trkpt>
      <trkpt lat="-38.32831" lon="176.30198">
        <ele>372.1</ele>
      </trkpt>
      <trkpt lat="-38.3284" lon="176.30185">
        <ele>372.0</ele>
      </trkpt>
      <trkpt lat="-38.32849" lon="176.3017">
        <ele>371.9</ele>
      </trkpt>
      <trkpt lat="-38.32851" lon="176.30167">
        <ele>371.9</ele>
      </trkpt>
      <trkpt lat="-38.32858" lon="176.30156">
        <ele>372.0</ele>
      </trkpt>
      <trkpt lat="-38.32862" lon="176.30149">
        <ele>372.0</ele>
      </trkpt>
      <trkpt lat="-38.32867" lon="176.3014">
        <ele>372.0</ele>
      </trkpt>
      <trkpt lat="-38.32874" lon="176.30131">
        <ele>372.1</ele>
      </trkpt>
      <trkpt lat="-38.32886" lon="176.30114">
        <ele>372.0</ele>
      </trkpt>
      <trkpt lat="-38.32898" lon="176.30097">
        <ele>371.7</ele>
      </trkpt>
      <trkpt lat="-38.32901" lon="176.30093">
        <ele>371.6</ele>
      </trkpt>
      <trkpt lat="-38.3291" lon="176.3008">
        <ele>371.4</ele>
      </trkpt>
      <trkpt lat="-38.32917" lon="176.30071">
        <ele>371.4</ele>
      </trkpt>
      <trkpt lat="-38.32922" lon="176.30063">
        <ele>371.4</ele>
      </trkpt>
      <trkpt lat="-38.32935" lon="176.30047">
        <ele>371.6</ele>
      </trkpt>
      <trkpt lat="-38.32947" lon="176.3003">
        <ele>372.1</ele>
      </trkpt>
      <trkpt lat="-38.32951" lon="176.30025">
        <ele>372.3</ele>
      </trkpt>
      <trkpt lat="-38.3296" lon="176.30015">
        <ele>372.9</ele>
      </trkpt>
      <trkpt lat="-38.32964" lon="176.30011">
        <ele>373.3</ele>
      </trkpt>
      <trkpt lat="-38.32974" lon="176.3">
        <ele>374.2</ele>
      </trkpt>
      <trkpt lat="-38.32978" lon="176.29996">
        <ele>374.6</ele>
      </trkpt>
      <trkpt lat="-38.32988" lon="176.29985">
        <ele>375.5</ele>
      </trkpt>
      <trkpt lat="-38.32991" lon="176.29981">
        <ele>375.8</ele>
      </trkpt>
      <trkpt lat="-38.33001" lon="176.2997">
        <ele>376.7</ele>
      </trkpt>
      <trkpt lat="-38.33005" lon="176.29966">
        <ele>376.9</ele>
      </trkpt>
      <trkpt lat="-38.33014" lon="176.29954">
        <ele>377.4</ele>
      </trkpt>
      <trkpt lat="-38.33016" lon="176.29952">
        <ele>377.5</ele>
      </trkpt>
      <trkpt lat="-38.3302" lon="176.29943">
        <ele>377.6</ele>
      </trkpt>
      <trkpt lat="-38.33023" lon="176.29935">
        <ele>377.7</ele>
      </trkpt>
      <trkpt lat="-38.33025" lon="176.29931">
        <ele>377.7</ele>
      </trkpt>
      <trkpt lat="-38.33028" lon="176.29919">
        <ele>377.7</ele>
      </trkpt>
      <trkpt lat="-38.33029" lon="176.29913">
        <ele>377.6</ele>
      </trkpt>
      <trkpt lat="-38.33031" lon="176.29897">
        <ele>377.3</ele>
      </trkpt>
      <trkpt lat="-38.33032" lon="176.2989">
        <ele>377.2</ele>
      </trkpt>
      <trkpt lat="-38.33034" lon="176.29874">
        <ele>376.9</ele>
      </trkpt>
      <trkpt lat="-38.33034" lon="176.29868">
        <ele>376.8</ele>
      </trkpt>
      <trkpt lat="-38.33036" lon="176.29846">
        <ele>376.3</ele>
      </trkpt>
      <trkpt lat="-38.33036" lon="176.29845">
        <ele>376.3</ele>
      </trkpt>
      <trkpt lat="-38.33037" lon="176.29822">
        <ele>375.5</ele>
      </trkpt>
      <trkpt lat="-38.33039" lon="176.29799">
        <ele>374.4</ele>
      </trkpt>
      <trkpt lat="-38.33039" lon="176.29799">
        <ele>374.4</ele>
      </trkpt>
      <trkpt lat="-38.33023" lon="176.29797">
        <ele>373.1</ele>
      </trkpt>
      <trkpt lat="-38.33005" lon="176.29795">
        <ele>371.6</ele>
      </trkpt>
      <trkpt lat="-38.32987" lon="176.29794">
        <ele>370.6</ele>
      </trkpt>
      <trkpt lat="-38.32969" lon="176.29792">
        <ele>369.7</ele>
      </trkpt>
      <trkpt lat="-38.32951" lon="176.2979">
        <ele>368.9</ele>
      </trkpt>
      <trkpt lat="-38.32933" lon="176.29788">
        <ele>368.0</ele>
      </trkpt>
      <trkpt lat="-38.32915" lon="176.29786">
        <ele>367.2</ele>
      </trkpt>
      <trkpt lat="-38.32897" lon="176.29784">
        <ele>365.9</ele>
      </trkpt>
      <trkpt lat="-38.32879" lon="176.29782">
        <ele>364.6</ele>
      </trkpt>
      <trkpt lat="-38.32861" lon="176.2978">
        <ele>363.3</ele>
      </trkpt>
      <trkpt lat="-38.32843" lon="176.29778">
        <ele>362.0</ele>
      </trkpt>
      <trkpt lat="-38.32826" lon="176.29776">
        <ele>361.1</ele>
      </trkpt>
      <trkpt lat="-38.32808" lon="176.29774">
        <ele>360.6</ele>
      </trkpt>
      <trkpt lat="-38.3279" lon="176.29772">
        <ele>360.1</ele>
      </trkpt>
      <trkpt lat="-38.32772" lon="176.2977">
        <ele>359.7</ele>
      </trkpt>
      <trkpt lat="-38.32769" lon="176.2977">
        <ele>359.6</ele>
      </trkpt>
      <trkpt lat="-38.32754" lon="176.29768">
        <ele>359.3</ele>
      </trkpt>
      <trkpt lat="-38.32736" lon="176.29766">
        <ele>360.2</ele>
      </trkpt>
      <trkpt lat="-38.32728" lon="176.29765">
        <ele>360.8</ele>
      </trkpt>
      <trkpt lat="-38.32718" lon="176.29762">
        <ele>361.6</ele>
      </trkpt>
      <trkpt lat="-38.32701" lon="176.29757">
        <ele>363.0</ele>
      </trkpt>
      <trkpt lat="-38.32697" lon="176.29756">
        <ele>363.3</ele>
      </trkpt>
      <trkpt lat="-38.32686" lon="176.29744">
        <ele>364.4</ele>
      </trkpt>
      <trkpt lat="-38.32684" lon="176.29742">
        <ele>364.5</ele>
      </trkpt>
      <trkpt lat="-38.32677" lon="176.29725">
        <ele>365.1</ele>
      </trkpt>
      <trkpt lat="-38.32668" lon="176.29705">
        <ele>365.9</ele>
      </trkpt>
      <trkpt lat="-38.32659" lon="176.29685">
        <ele>367.3</ele>
      </trkpt>
      <trkpt lat="-38.3265" lon="176.29665">
        <ele>369.0</ele>
      </trkpt>
      <trkpt lat="-38.32641" lon="176.29645">
        <ele>370.7</ele>
      </trkpt>
      <trkpt lat="-38.3264" lon="176.29641">
        <ele>370.9</ele>
      </trkpt>
      <trkpt lat="-38.32631" lon="176.29626">
        <ele>372.6</ele>
      </trkpt>
      <trkpt lat="-38.32621" lon="176.29608">
        <ele>374.6</ele>
      </trkpt>
      <trkpt lat="-38.32615" lon="176.29597">
        <ele>375.8</ele>
      </trkpt>
      <trkpt lat="-38.32609" lon="176.2959">
        <ele>377.0</ele>
      </trkpt>
      <trkpt lat="-38.32597" lon="176.29573">
        <ele>378.8</ele>
      </trkpt>
      <trkpt lat="-38.32589" lon="176.29561">
        <ele>379.6</ele>
      </trkpt>
      <trkpt lat="-38.32585" lon="176.29557">
        <ele>380.1</ele>
      </trkpt>
      <trkpt lat="-38.32571" lon="176.29542">
        <ele>380.3</ele>
      </trkpt>
      <trkpt lat="-38.32557" lon="176.29527">
        <ele>380.5</ele>
      </trkpt>
      <trkpt lat="-38.32544" lon="176.29512">
        <ele>380.8</ele>
      </trkpt>
      <trkpt lat="-38.3253" lon="176.29496">
        <ele>381.4</ele>
      </trkpt>
      <trkpt lat="-38.32517" lon="176.29481">
        <ele>382.1</ele>
      </trkpt>
      <trkpt lat="-38.32503" lon="176.29466">
        <ele>382.6</ele>
      </trkpt>
      <trkpt lat="-38.3249" lon="176.29451">
        <ele>382.3</ele>
      </trkpt>
      <trkpt lat="-38.32476" lon="176.29436">
        <ele>381.9</ele>
      </trkpt>
      <trkpt lat="-38.32463" lon="176.29421">
        <ele>381.6</ele>
      </trkpt>
      <trkpt lat="-38.32449" lon="176.29407">
        <ele>381.7</ele>
      </trkpt>
      <trkpt lat="-38.32435" lon="176.29392">
        <ele>382.0</ele>
      </trkpt>
      <trkpt lat="-38.32428" lon="176.29384">
        <ele>382.2</ele>
      </trkpt>
      <trkpt lat="-38.32422" lon="176.29378">
        <ele>382.4</ele>
      </trkpt>
      <trkpt lat="-38.32408" lon="176.29362">
        <ele>382.5</ele>
      </trkpt>
      <trkpt lat="-38.32395" lon="176.29347">
        <ele>382.3</ele>
      </trkpt>
      <trkpt lat="-38.32386" lon="176.29337">
        <ele>381.9</ele>
      </trkpt>
      <trkpt lat="-38.32382" lon="176.29332">
        <ele>381.7</ele>
      </trkpt>
      <trkpt lat="-38.32369" lon="176.29316">
        <ele>381.0</ele>
      </trkpt>
      <trkpt lat="-38.32364" lon="176.2931">
        <ele>380.7</ele>
      </trkpt>
      <trkpt lat="-38.32356" lon="176.29299">
        <ele>380.3</ele>
      </trkpt>
      <trkpt lat="-38.32344" lon="176.29283">
        <ele>379.7</ele>
      </trkpt>
      <trkpt lat="-38.32331" lon="176.29266">
        <ele>379.4</ele>
      </trkpt>
      <trkpt lat="-38.32319" lon="176.2925">
        <ele>380.0</ele>
      </trkpt>
      <trkpt lat="-38.32307" lon="176.29233">
        <ele>381.6</ele>
      </trkpt>
      <trkpt lat="-38.32294" lon="176.29217">
        <ele>383.2</ele>
      </trkpt>
      <trkpt lat="-38.32284" lon="176.29204">
        <ele>384.4</ele>
      </trkpt>
      <trkpt lat="-38.32281" lon="176.29201">
        <ele>384.8</ele>
      </trkpt>
      <trkpt lat="-38.32269" lon="176.29184">
        <ele>386.2</ele>
      </trkpt>
      <trkpt lat="-38.32263" lon="176.29177">
        <ele>386.8</ele>
      </trkpt>
      <trkpt lat="-38.32257" lon="176.29167">
        <ele>387.6</ele>
      </trkpt>
      <trkpt lat="-38.32248" lon="176.29152">
        <ele>388.9</ele>
      </trkpt>
      <trkpt lat="-38.32246" lon="176.29148">
        <ele>389.2</ele>
      </trkpt>
      <trkpt lat="-38.32242" lon="176.29139">
        <ele>389.9</ele>
      </trkpt>
      <trkpt lat="-38.3224" lon="176.29127">
        <ele>390.5</ele>
      </trkpt>
      <trkpt lat="-38.32239" lon="176.29122">
        <ele>390.7</ele>
      </trkpt>
      <trkpt lat="-38.32238" lon="176.29109">
        <ele>391.2</ele>
      </trkpt>
      <trkpt lat="-38.32238" lon="176.29104">
        <ele>391.4</ele>
      </trkpt>
      <trkpt lat="-38.32236" lon="176.29081">
        <ele>392.1</ele>
      </trkpt>
      <trkpt lat="-38.32235" lon="176.29072">
        <ele>391.8</ele>
      </trkpt>
      <trkpt lat="-38.32235" lon="176.29059">
        <ele>391.5</ele>
      </trkpt>
      <trkpt lat="-38.32234" lon="176.29036">
        <ele>390.8</ele>
      </trkpt>
      <trkpt lat="-38.32233" lon="176.29013">
        <ele>390.0</ele>
      </trkpt>
      <trkpt lat="-38.32232" lon="176.2899">
        <ele>389.0</ele>
      </trkpt>
      <trkpt lat="-38.32232" lon="176.28985">
        <ele>388.7</ele>
      </trkpt>
      <trkpt lat="-38.32232" lon="176.28967">
        <ele>387.8</ele>
      </trkpt>
      <trkpt lat="-38.32231" lon="176.28944">
        <ele>386.7</ele>
      </trkpt>
      <trkpt lat="-38.32231" lon="176.28921">
        <ele>385.5</ele>
      </trkpt>
      <trkpt lat="-38.32231" lon="176.28898">
        <ele>384.9</ele>
      </trkpt>
      <trkpt lat="-38.32231" lon="176.28894">
        <ele>384.8</ele>
      </trkpt>
      <trkpt lat="-38.32234" lon="176.28894">
        <ele>384.9</ele>
      </trkpt>
      <trkpt lat="-38.32234" lon="176.28907">
        <ele>385.2</ele>
      </trkpt>
      <trkpt lat="-38.32231" lon="176.28898">
        <ele>384.9</ele>
      </trkpt>
      <trkpt lat="-38.3223" lon="176.28875">
        <ele>384.4</ele>
      </trkpt>
      <trkpt lat="-38.3223" lon="176.28852">
        <ele>383.9</ele>
      </trkpt>
      <trkpt lat="-38.3223" lon="176.28829">
        <ele>383.4</ele>
      </trkpt>
      <trkpt lat="-38.3223" lon="176.28828">
        <ele>383.4</ele>
      </trkpt>
      <trkpt lat="-38.32228" lon="176.28814">
        <ele>383.1</ele>
      </trkpt>
      <trkpt lat="-38.32227" lon="176.28807">
        <ele>383.0</ele>
      </trkpt>
      <trkpt lat="-38.32226" lon="176.28803">
        <ele>382.9</ele>
      </trkpt>
      <trkpt lat="-38.32223" lon="176.28793">
        <ele>382.7</ele>
      </trkpt>
      <trkpt lat="-38.32222" lon="176.28791">
        <ele>382.7</ele>
      </trkpt>
      <trkpt lat="-38.32217" lon="176.28779">
        <ele>382.4</ele>
      </trkpt>
      <trkpt lat="-38.32214" lon="176.28773">
        <ele>382.3</ele>
      </trkpt>
      <trkpt lat="-38.32208" lon="176.28762">
        <ele>382.1</ele>
      </trkpt>
      <trkpt lat="-38.32204" lon="176.28754">
        <ele>382.0</ele>
      </trkpt>
      <trkpt lat="-38.32193" lon="176.28735">
        <ele>381.7</ele>
      </trkpt>
      <trkpt lat="-38.32183" lon="176.28717">
        <ele>381.4</ele>
      </trkpt>
      <trkpt lat="-38.32173" lon="176.287">
        <ele>381.3</ele>
      </trkpt>
      <trkpt lat="-38.32172" lon="176.28698">
        <ele>381.3</ele>
      </trkpt>
      <trkpt lat="-38.32162" lon="176.28679">
        <ele>381.1</ele>
      </trkpt>
      <trkpt lat="-38.32152" lon="176.2866">
        <ele>380.8</ele>
      </trkpt>
      <trkpt lat="-38.32148" lon="176.28652">
        <ele>380.6</ele>
      </trkpt>
      <trkpt lat="-38.32142" lon="176.28641">
        <ele>380.5</ele>
      </trkpt>
      <trkpt lat="-38.32132" lon="176.28623">
        <ele>380.3</ele>
      </trkpt>
      <trkpt lat="-38.32132" lon="176.28622">
        <ele>380.3</ele>
      </trkpt>
      <trkpt lat="-38.32122" lon="176.28603">
        <ele>380.1</ele>
      </trkpt>
      <trkpt lat="-38.32112" lon="176.28584">
        <ele>380.0</ele>
      </trkpt>
      <trkpt lat="-38.3211" lon="176.2858">
        <ele>379.9</ele>
      </trkpt>
      <trkpt lat="-38.32102" lon="176.28565">
        <ele>379.3</ele>
      </trkpt>
      <trkpt lat="-38.32093" lon="176.28547">
        <ele>378.6</ele>
      </trkpt>
      <trkpt lat="-38.32092" lon="176.28546">
        <ele>378.6</ele>
      </trkpt>
      <trkpt lat="-38.32081" lon="176.28527">
        <ele>377.9</ele>
      </trkpt>
      <trkpt lat="-38.32079" lon="176.28524">
        <ele>377.8</ele>
      </trkpt>
      <trkpt lat="-38.32072" lon="176.28508">
        <ele>377.1</ele>
      </trkpt>
      <trkpt lat="-38.32067" lon="176.285">
        <ele>376.8</ele>
      </trkpt>
      <trkpt lat="-38.32062" lon="176.28488">
        <ele>376.3</ele>
      </trkpt>
      <trkpt lat="-38.32057" lon="176.28478">
        <ele>376.0</ele>
      </trkpt>
      <trkpt lat="-38.32054" lon="176.28468">
        <ele>375.6</ele>
      </trkpt>
      <trkpt lat="-38.32051" lon="176.28463">
        <ele>375.5</ele>
      </trkpt>
      <trkpt lat="-38.32046" lon="176.28448">
        <ele>375.0</ele>
      </trkpt>
      <trkpt lat="-38.32039" lon="176.28427">
        <ele>374.3</ele>
      </trkpt>
      <trkpt lat="-38.32031" lon="176.28406">
        <ele>374.0</ele>
      </trkpt>
      <trkpt lat="-38.32024" lon="176.28385">
        <ele>373.9</ele>
      </trkpt>
      <trkpt lat="-38.32017" lon="176.28364">
        <ele>373.9</ele>
      </trkpt>
      <trkpt lat="-38.32009" lon="176.28343">
        <ele>373.9</ele>
      </trkpt>
      <trkpt lat="-38.32002" lon="176.28322">
        <ele>373.7</ele>
      </trkpt>
      <trkpt lat="-38.31995" lon="176.28301">
        <ele>373.2</ele>
      </trkpt>
      <trkpt lat="-38.3199" lon="176.28288">
        <ele>373.0</ele>
      </trkpt>
      <trkpt lat="-38.31987" lon="176.2828">
        <ele>372.9</ele>
      </trkpt>
      <trkpt lat="-38.31984" lon="176.28274">
        <ele>372.8</ele>
      </trkpt>
      <trkpt lat="-38.3198" lon="176.28266">
        <ele>372.7</ele>
      </trkpt>
      <trkpt lat="-38.31977" lon="176.28261">
        <ele>372.7</ele>
      </trkpt>
      <trkpt lat="-38.31975" lon="176.28259">
        <ele>372.7</ele>
      </trkpt>
      <trkpt lat="-38.31971" lon="176.28255">
        <ele>372.8</ele>
      </trkpt>
      <trkpt lat="-38.31964" lon="176.28251">
        <ele>372.9</ele>
      </trkpt>
      <trkpt lat="-38.31962" lon="176.2825">
        <ele>372.9</ele>
      </trkpt>
      <trkpt lat="-38.31956" lon="176.28248">
        <ele>373.0</ele>
      </trkpt>
      <trkpt lat="-38.31944" lon="176.28247">
        <ele>373.2</ele>
      </trkpt>
      <trkpt lat="-38.31941" lon="176.28247">
        <ele>373.3</ele>
      </trkpt>
      <trkpt lat="-38.31926" lon="176.28248">
        <ele>373.7</ele>
      </trkpt>
      <trkpt lat="-38.31908" lon="176.2825">
        <ele>373.9</ele>
      </trkpt>
      <trkpt lat="-38.3189" lon="176.28252">
        <ele>373.7</ele>
      </trkpt>
      <trkpt lat="-38.3188" lon="176.28253">
        <ele>373.5</ele>
      </trkpt>
      <trkpt lat="-38.31872" lon="176.28253">
        <ele>373.4</ele>
      </trkpt>
      <trkpt lat="-38.31868" lon="176.28253">
        <ele>373.4</ele>
      </trkpt>
      <trkpt lat="-38.31856" lon="176.28251">
        <ele>373.3</ele>
      </trkpt>
      <trkpt lat="-38.31855" lon="176.28251">
        <ele>373.2</ele>
      </trkpt>
      <trkpt lat="-38.31846" lon="176.28248">
        <ele>373.0</ele>
      </trkpt>
      <trkpt lat="-38.31838" lon="176.28243">
        <ele>372.6</ele>
      </trkpt>
      <trkpt lat="-38.31835" lon="176.28242">
        <ele>372.4</ele>
      </trkpt>
      <trkpt lat="-38.31826" lon="176.28236">
        <ele>371.9</ele>
      </trkpt>
      <trkpt lat="-38.31822" lon="176.28233">
        <ele>371.7</ele>
      </trkpt>
      <trkpt lat="-38.31816" lon="176.28229">
        <ele>371.3</ele>
      </trkpt>
      <trkpt lat="-38.31805" lon="176.28224">
        <ele>370.9</ele>
      </trkpt>
      <trkpt lat="-38.31799" lon="176.28222">
        <ele>370.7</ele>
      </trkpt>
      <trkpt lat="-38.31788" lon="176.28216">
        <ele>370.2</ele>
      </trkpt>
      <trkpt lat="-38.31784" lon="176.28214">
        <ele>370.1</ele>
      </trkpt>
      <trkpt lat="-38.31772" lon="176.28207">
        <ele>369.5</ele>
      </trkpt>
      <trkpt lat="-38.31771" lon="176.28206">
        <ele>369.5</ele>
      </trkpt>
      <trkpt lat="-38.31758" lon="176.28202">
        <ele>369.2</ele>
      </trkpt>
      <trkpt lat="-38.31755" lon="176.282">
        <ele>369.0</ele>
      </trkpt>
      <trkpt lat="-38.31747" lon="176.28196">
        <ele>369.0</ele>
      </trkpt>
      <trkpt lat="-38.31738" lon="176.28191">
        <ele>369.5</ele>
      </trkpt>
      <trkpt lat="-38.31732" lon="176.28186">
        <ele>369.9</ele>
      </trkpt>
      <trkpt lat="-38.31723" lon="176.28179">
        <ele>370.4</ele>
      </trkpt>
      <trkpt lat="-38.31716" lon="176.28175">
        <ele>371.0</ele>
      </trkpt>
      <trkpt lat="-38.31708" lon="176.28166">
        <ele>371.5</ele>
      </trkpt>
      <trkpt lat="-38.31706" lon="176.28164">
        <ele>371.7</ele>
      </trkpt>
      <trkpt lat="-38.31695" lon="176.2815">
        <ele>372.5</ele>
      </trkpt>
      <trkpt lat="-38.3169" lon="176.28143">
        <ele>372.9</ele>
      </trkpt>
      <trkpt lat="-38.31683" lon="176.28133">
        <ele>373.3</ele>
      </trkpt>
      <trkpt lat="-38.31679" lon="176.28127">
        <ele>373.5</ele>
      </trkpt>
      <trkpt lat="-38.3167" lon="176.28119">
        <ele>374.0</ele>
      </trkpt>
      <trkpt lat="-38.31669" lon="176.28119">
        <ele>374.1</ele>
      </trkpt>
      <trkpt lat="-38.31662" lon="176.28113">
        <ele>374.6</ele>
      </trkpt>
      <trkpt lat="-38.31653" lon="176.28112">
        <ele>375.6</ele>
      </trkpt>
      <trkpt lat="-38.31652" lon="176.28112">
        <ele>375.7</ele>
      </trkpt>
      <trkpt lat="-38.31644" lon="176.28111">
        <ele>376.6</ele>
      </trkpt>
      <trkpt lat="-38.31635" lon="176.28112">
        <ele>377.7</ele>
      </trkpt>
      <trkpt lat="-38.3162" lon="176.28114">
        <ele>379.4</ele>
      </trkpt>
      <trkpt lat="-38.31617" lon="176.28114">
        <ele>379.8</ele>
      </trkpt>
      <trkpt lat="-38.31599" lon="176.28118">
        <ele>381.8</ele>
      </trkpt>
      <trkpt lat="-38.31596" lon="176.28118">
        <ele>382.2</ele>
      </trkpt>
      <trkpt lat="-38.31584" lon="176.28119">
        <ele>383.5</ele>
      </trkpt>
      <trkpt lat="-38.31581" lon="176.28119">
        <ele>383.7</ele>
      </trkpt>
      <trkpt lat="-38.31574" lon="176.28119">
        <ele>384.1</ele>
      </trkpt>
      <trkpt lat="-38.31566" lon="176.28116">
        <ele>384.5</ele>
      </trkpt>
      <trkpt lat="-38.31564" lon="176.28114">
        <ele>384.5</ele>
      </trkpt>
      <trkpt lat="-38.31556" lon="176.2811">
        <ele>384.8</ele>
      </trkpt>
      <trkpt lat="-38.31547" lon="176.28104">
        <ele>385.1</ele>
      </trkpt>
      <trkpt lat="-38.31539" lon="176.28094">
        <ele>384.9</ele>
      </trkpt>
      <trkpt lat="-38.31535" lon="176.28088">
        <ele>384.8</ele>
      </trkpt>
      <trkpt lat="-38.31527" lon="176.28073">
        <ele>384.5</ele>
      </trkpt>
      <trkpt lat="-38.31524" lon="176.28069">
        <ele>384.5</ele>
      </trkpt>
      <trkpt lat="-38.31518" lon="176.28055">
        <ele>384.4</ele>
      </trkpt>
      <trkpt lat="-38.31515" lon="176.28049">
        <ele>384.3</ele>
      </trkpt>
      <trkpt lat="-38.31506" lon="176.28029">
        <ele>384.2</ele>
      </trkpt>
      <trkpt lat="-38.31498" lon="176.28009">
        <ele>384.2</ele>
      </trkpt>
      <trkpt lat="-38.3149" lon="176.27989">
        <ele>384.0</ele>
      </trkpt>
      <trkpt lat="-38.31481" lon="176.27968">
        <ele>383.7</ele>
      </trkpt>
      <trkpt lat="-38.31474" lon="176.2795">
        <ele>383.4</ele>
      </trkpt>
      <trkpt lat="-38.31473" lon="176.27948">
        <ele>383.4</ele>
      </trkpt>
      <trkpt lat="-38.31464" lon="176.27928">
        <ele>383.1</ele>
      </trkpt>
      <trkpt lat="-38.31455" lon="176.27908">
        <ele>383.0</ele>
      </trkpt>
      <trkpt lat="-38.31446" lon="176.27888">
        <ele>383.0</ele>
      </trkpt>
      <trkpt lat="-38.31439" lon="176.27871">
        <ele>382.9</ele>
      </trkpt>
      <trkpt lat="-38.31437" lon="176.27868">
        <ele>382.9</ele>
      </trkpt>
      <trkpt lat="-38.31429" lon="176.27848">
        <ele>382.9</ele>
      </trkpt>
      <trkpt lat="-38.3142" lon="176.27828">
        <ele>382.9</ele>
      </trkpt>
      <trkpt lat="-38.31412" lon="176.27808">
        <ele>382.8</ele>
      </trkpt>
      <trkpt lat="-38.31404" lon="176.27787">
        <ele>382.7</ele>
      </trkpt>
      <trkpt lat="-38.31399" lon="176.27777">
        <ele>382.7</ele>
      </trkpt>
      <trkpt lat="-38.31395" lon="176.27767">
        <ele>382.7</ele>
      </trkpt>
      <trkpt lat="-38.31386" lon="176.27747">
        <ele>382.7</ele>
      </trkpt>
      <trkpt lat="-38.31378" lon="176.27727">
        <ele>382.5</ele>
      </trkpt>
      <trkpt lat="-38.31369" lon="176.27707">
        <ele>382.4</ele>
      </trkpt>
      <trkpt lat="-38.31364" lon="176.27694">
        <ele>382.3</ele>
      </trkpt>
      <trkpt lat="-38.3136" lon="176.27687">
        <ele>382.4</ele>
      </trkpt>
      <trkpt lat="-38.3135" lon="176.27668">
        <ele>382.4</ele>
      </trkpt>
      <trkpt lat="-38.31341" lon="176.27651">
        <ele>382.3</ele>
      </trkpt>
      <trkpt lat="-38.31339" lon="176.2765">
        <ele>382.4</ele>
      </trkpt>
      <trkpt lat="-38.31332" lon="176.2764">
        <ele>382.3</ele>
      </trkpt>
      <trkpt lat="-38.31326" lon="176.27634">
        <ele>382.1</ele>
      </trkpt>
      <trkpt lat="-38.31311" lon="176.27622">
        <ele>381.7</ele>
      </trkpt>
      <trkpt lat="-38.31296" lon="176.2761">
        <ele>381.2</ele>
      </trkpt>
      <trkpt lat="-38.31281" lon="176.27598">
        <ele>380.7</ele>
      </trkpt>
      <trkpt lat="-38.31265" lon="176.27585">
        <ele>380.2</ele>
      </trkpt>
      <trkpt lat="-38.31258" lon="176.2758">
        <ele>380.1</ele>
      </trkpt>
      <trkpt lat="-38.3125" lon="176.27573">
        <ele>380.0</ele>
      </trkpt>
      <trkpt lat="-38.31235" lon="176.2756">
        <ele>380.3</ele>
      </trkpt>
      <trkpt lat="-38.31221" lon="176.27548">
        <ele>380.5</ele>
      </trkpt>
      <trkpt lat="-38.3122" lon="176.27548">
        <ele>380.6</ele>
      </trkpt>
      <trkpt lat="-38.31205" lon="176.27536">
        <ele>380.8</ele>
      </trkpt>
      <trkpt lat="-38.31189" lon="176.27525">
        <ele>381.0</ele>
      </trkpt>
      <trkpt lat="-38.31186" lon="176.27523">
        <ele>381.0</ele>
      </trkpt>
      <trkpt lat="-38.31174" lon="176.27512">
        <ele>381.0</ele>
      </trkpt>
      <trkpt lat="-38.31159" lon="176.275">
        <ele>381.2</ele>
      </trkpt>
      <trkpt lat="-38.31147" lon="176.2749">
        <ele>381.4</ele>
      </trkpt>
      <trkpt lat="-38.31144" lon="176.27487">
        <ele>381.5</ele>
      </trkpt>
      <trkpt lat="-38.31129" lon="176.27475">
        <ele>381.8</ele>
      </trkpt>
      <trkpt lat="-38.31118" lon="176.27466">
        <ele>381.9</ele>
      </trkpt>
      <trkpt lat="-38.31114" lon="176.27462">
        <ele>382.0</ele>
      </trkpt>
      <trkpt lat="-38.31104" lon="176.27453">
        <ele>382.1</ele>
      </trkpt>
      <trkpt lat="-38.31099" lon="176.27448">
        <ele>382.1</ele>
      </trkpt>
      <trkpt lat="-38.31096" lon="176.27445">
        <ele>382.1</ele>
      </trkpt>
      <trkpt lat="-38.3109" lon="176.27435">
        <ele>382.1</ele>
      </trkpt>
      <trkpt lat="-38.31088" lon="176.27431">
        <ele>382.1</ele>
      </trkpt>
      <trkpt lat="-38.31079" lon="176.27413">
        <ele>382.2</ele>
      </trkpt>
      <trkpt lat="-38.31078" lon="176.27412">
        <ele>382.2</ele>
      </trkpt>
      <trkpt lat="-38.31068" lon="176.27392">
        <ele>382.6</ele>
      </trkpt>
      <trkpt lat="-38.31059" lon="176.27373">
        <ele>382.8</ele>
      </trkpt>
      <trkpt lat="-38.31049" lon="176.27354">
        <ele>382.7</ele>
      </trkpt>
      <trkpt lat="-38.31039" lon="176.27334">
        <ele>382.5</ele>
      </trkpt>
      <trkpt lat="-38.31034" lon="176.27323">
        <ele>382.3</ele>
      </trkpt>
      <trkpt lat="-38.31029" lon="176.27315">
        <ele>382.3</ele>
      </trkpt>
      <trkpt lat="-38.31019" lon="176.27297">
        <ele>382.3</ele>
      </trkpt>
      <trkpt lat="-38.3101" lon="176.27281">
        <ele>382.4</ele>
      </trkpt>
      <trkpt lat="-38.31009" lon="176.27278">
        <ele>382.5</ele>
      </trkpt>
      <trkpt lat="-38.30999" lon="176.27261">
        <ele>382.9</ele>
      </trkpt>
      <trkpt lat="-38.30998" lon="176.2726">
        <ele>382.9</ele>
      </trkpt>
      <trkpt lat="-38.30986" lon="176.27242">
        <ele>383.1</ele>
      </trkpt>
      <trkpt lat="-38.30975" lon="176.27224">
        <ele>383.3</ele>
      </trkpt>
      <trkpt lat="-38.30963" lon="176.27207">
        <ele>383.5</ele>
      </trkpt>
      <trkpt lat="-38.30951" lon="176.2719">
        <ele>383.7</ele>
      </trkpt>
      <trkpt lat="-38.30944" lon="176.2718">
        <ele>383.8</ele>
      </trkpt>
      <trkpt lat="-38.30939" lon="176.27172">
        <ele>383.9</ele>
      </trkpt>
      <trkpt lat="-38.30929" lon="176.27156">
        <ele>383.4</ele>
      </trkpt>
      <trkpt lat="-38.30928" lon="176.27155">
        <ele>383.4</ele>
      </trkpt>
      <trkpt lat="-38.30916" lon="176.27138">
        <ele>382.3</ele>
      </trkpt>
      <trkpt lat="-38.30912" lon="176.27132">
        <ele>381.8</ele>
      </trkpt>
      <trkpt lat="-38.30903" lon="176.27122">
        <ele>380.9</ele>
      </trkpt>
      <trkpt lat="-38.3089" lon="176.27106">
        <ele>379.6</ele>
      </trkpt>
      <trkpt lat="-38.30888" lon="176.27104">
        <ele>379.5</ele>
      </trkpt>
      <trkpt lat="-38.30879" lon="176.27088">
        <ele>378.4</ele>
      </trkpt>
      <trkpt lat="-38.30868" lon="176.2707">
        <ele>377.8</ele>
      </trkpt>
      <trkpt lat="-38.30864" lon="176.27063">
        <ele>377.8</ele>
      </trkpt>
      <trkpt lat="-38.30859" lon="176.2705">
        <ele>377.8</ele>
      </trkpt>
      <trkpt lat="-38.30854" lon="176.27035">
        <ele>377.9</ele>
      </trkpt>
      <trkpt lat="-38.30852" lon="176.27029">
        <ele>378.0</ele>
      </trkpt>
      <trkpt lat="-38.30851" lon="176.27023">
        <ele>378.1</ele>
      </trkpt>
      <trkpt lat="-38.3085" lon="176.27014">
        <ele>378.2</ele>
      </trkpt>
      <trkpt lat="-38.3085" lon="176.27006">
        <ele>378.3</ele>
      </trkpt>
      <trkpt lat="-38.30849" lon="176.26983">
        <ele>379.4</ele>
      </trkpt>
      <trkpt lat="-38.30848" lon="176.2696">
        <ele>380.8</ele>
      </trkpt>
      <trkpt lat="-38.30847" lon="176.26938">
        <ele>382.2</ele>
      </trkpt>
      <trkpt lat="-38.30846" lon="176.26915">
        <ele>383.7</ele>
      </trkpt>
      <trkpt lat="-38.30844" lon="176.26893">
        <ele>384.5</ele>
      </trkpt>
      <trkpt lat="-38.30844" lon="176.26892">
        <ele>384.5</ele>
      </trkpt>
      <trkpt lat="-38.30842" lon="176.26869">
        <ele>385.3</ele>
      </trkpt>
      <trkpt lat="-38.30841" lon="176.26864">
        <ele>385.5</ele>
      </trkpt>
      <trkpt lat="-38.30837" lon="176.26847">
        <ele>386.3</ele>
      </trkpt>
      <trkpt lat="-38.30836" lon="176.26845">
        <ele>386.5</ele>
      </trkpt>
      <trkpt lat="-38.30829" lon="176.26827">
        <ele>386.4</ele>
      </trkpt>
      <trkpt lat="-38.30827" lon="176.26822">
        <ele>386.0</ele>
      </trkpt>
      <trkpt lat="-38.30819" lon="176.26807">
        <ele>384.8</ele>
      </trkpt>
      <trkpt lat="-38.30818" lon="176.26805">
        <ele>384.6</ele>
      </trkpt>
      <trkpt lat="-38.30807" lon="176.26791">
        <ele>383.6</ele>
      </trkpt>
      <trkpt lat="-38.30794" lon="176.26775">
        <ele>382.6</ele>
      </trkpt>
      <trkpt lat="-38.3079" lon="176.2677">
        <ele>382.3</ele>
      </trkpt>
      <trkpt lat="-38.30782" lon="176.26765">
        <ele>382.2</ele>
      </trkpt>
      <trkpt lat="-38.30779" lon="176.26763">
        <ele>382.1</ele>
      </trkpt>
      <trkpt lat="-38.30774" lon="176.2676">
        <ele>382.0</ele>
      </trkpt>
      <trkpt lat="-38.30762" lon="176.26753">
        <ele>381.9</ele>
      </trkpt>
      <trkpt lat="-38.30759" lon="176.26751">
        <ele>381.8</ele>
      </trkpt>
      <trkpt lat="-38.30754" lon="176.26749">
        <ele>381.8</ele>
      </trkpt>
      <trkpt lat="-38.30745" lon="176.26746">
        <ele>381.5</ele>
      </trkpt>
      <trkpt lat="-38.30738" lon="176.26743">
        <ele>381.1</ele>
      </trkpt>
      <trkpt lat="-38.30728" lon="176.26738">
        <ele>380.4</ele>
      </trkpt>
      <trkpt lat="-38.30725" lon="176.26736">
        <ele>380.2</ele>
      </trkpt>
      <trkpt lat="-38.30713" lon="176.26727">
        <ele>379.3</ele>
      </trkpt>
      <trkpt lat="-38.30705" lon="176.26721">
        <ele>378.9</ele>
      </trkpt>
      <trkpt lat="-38.30699" lon="176.26715">
        <ele>378.5</ele>
      </trkpt>
      <trkpt lat="-38.30698" lon="176.26714">
        <ele>378.4</ele>
      </trkpt>
      <trkpt lat="-38.30692" lon="176.26706">
        <ele>378.0</ele>
      </trkpt>
      <trkpt lat="-38.30685" lon="176.26698">
        <ele>377.7</ele>
      </trkpt>
      <trkpt lat="-38.30675" lon="176.26684">
        <ele>377.3</ele>
      </trkpt>
      <trkpt lat="-38.30673" lon="176.26681">
        <ele>377.2</ele>
      </trkpt>
      <trkpt lat="-38.30661" lon="176.26664">
        <ele>375.8</ele>
      </trkpt>
      <trkpt lat="-38.30649" lon="176.26647">
        <ele>372.0</ele>
      </trkpt>
      <trkpt lat="-38.30638" lon="176.26629">
        <ele>368.7</ele>
      </trkpt>
      <trkpt lat="-38.30626" lon="176.26611">
        <ele>365.7</ele>
      </trkpt>
      <trkpt lat="-38.30616" lon="176.26595">
        <ele>363.6</ele>
      </trkpt>
      <trkpt lat="-38.30615" lon="176.26593">
        <ele>363.3</ele>
      </trkpt>
      <trkpt lat="-38.30604" lon="176.26575">
        <ele>361.6</ele>
      </trkpt>
      <trkpt lat="-38.30604" lon="176.26575">
        <ele>361.6</ele>
      </trkpt>
      <trkpt lat="-38.30603" lon="176.26576">
        <ele>361.6</ele>
      </trkpt>
      <trkpt lat="-38.30593" lon="176.2658">
        <ele>361.3</ele>
      </trkpt>
      <trkpt lat="-38.30586" lon="176.26582">
        <ele>361.1</ele>
      </trkpt>
      <trkpt lat="-38.3058" lon="176.26583">
        <ele>360.9</ele>
      </trkpt>
      <trkpt lat="-38.30568" lon="176.26586">
        <ele>360.9</ele>
      </trkpt>
      <trkpt lat="-38.3055" lon="176.26591">
        <ele>360.9</ele>
      </trkpt>
      <trkpt lat="-38.30533" lon="176.26595">
        <ele>360.7</ele>
      </trkpt>
      <trkpt lat="-38.30515" lon="176.266">
        <ele>360.5</ele>
      </trkpt>
      <trkpt lat="-38.30498" lon="176.26603">
        <ele>360.2</ele>
      </trkpt>
      <trkpt lat="-38.30497" lon="176.26604">
        <ele>360.2</ele>
      </trkpt>
      <trkpt lat="-38.30487" lon="176.26605">
        <ele>360.1</ele>
      </trkpt>
      <trkpt lat="-38.30479" lon="176.26606">
        <ele>360.0</ele>
      </trkpt>
      <trkpt lat="-38.30471" lon="176.26606">
        <ele>359.8</ele>
      </trkpt>
      <trkpt lat="-38.30462" lon="176.26606">
        <ele>359.7</ele>
      </trkpt>
      <trkpt lat="-38.30461" lon="176.26606">
        <ele>359.7</ele>
      </trkpt>
      <trkpt lat="-38.30456" lon="176.26606">
        <ele>359.6</ele>
      </trkpt>
      <trkpt lat="-38.30447" lon="176.26604">
        <ele>359.5</ele>
      </trkpt>
      <trkpt lat="-38.30444" lon="176.26603">
        <ele>359.4</ele>
      </trkpt>
      <trkpt lat="-38.30427" lon="176.26595">
        <ele>359.1</ele>
      </trkpt>
      <trkpt lat="-38.30417" lon="176.26592">
        <ele>359.0</ele>
      </trkpt>
      <trkpt lat="-38.3041" lon="176.26588">
        <ele>358.6</ele>
      </trkpt>
      <trkpt lat="-38.30401" lon="176.26584">
        <ele>358.1</ele>
      </trkpt>
      <trkpt lat="-38.30393" lon="176.2658">
        <ele>357.6</ele>
      </trkpt>
      <trkpt lat="-38.30376" lon="176.26571">
        <ele>356.5</ele>
      </trkpt>
      <trkpt lat="-38.30359" lon="176.26563">
        <ele>355.5</ele>
      </trkpt>
      <trkpt lat="-38.30343" lon="176.26554">
        <ele>354.5</ele>
      </trkpt>
      <trkpt lat="-38.30328" lon="176.26547">
        <ele>353.9</ele>
      </trkpt>
      <trkpt lat="-38.30326" lon="176.26546">
        <ele>353.9</ele>
      </trkpt>
      <trkpt lat="-38.30312" lon="176.26541">
        <ele>353.6</ele>
      </trkpt>
      <trkpt lat="-38.30309" lon="176.26539">
        <ele>353.6</ele>
      </trkpt>
      <trkpt lat="-38.30297" lon="176.26533">
        <ele>353.3</ele>
      </trkpt>
      <trkpt lat="-38.30292" lon="176.2653">
        <ele>353.2</ele>
      </trkpt>
      <trkpt lat="-38.30282" lon="176.26525">
        <ele>353.0</ele>
      </trkpt>
      <trkpt lat="-38.30276" lon="176.26521">
        <ele>352.8</ele>
      </trkpt>
      <trkpt lat="-38.30267" lon="176.26517">
        <ele>352.6</ele>
      </trkpt>
      <trkpt lat="-38.30267" lon="176.26516">
        <ele>352.6</ele>
      </trkpt>
      <trkpt lat="-38.30227" lon="176.26497">
        <ele>352.8</ele>
      </trkpt>
      <trkpt lat="-38.30126" lon="176.26386">
        <ele>356.1</ele>
      </trkpt>
      <trkpt lat="-38.30041" lon="176.26339">
        <ele>358.3</ele>
      </trkpt>
      <trkpt lat="-38.29938" lon="176.2631">
        <ele>368.1</ele>
      </trkpt>
      <trkpt lat="-38.2992" lon="176.26309">
        <ele>370.1</ele>
      </trkpt>
      <trkpt lat="-38.29669" lon="176.26354">
        <ele>383.0</ele>
      </trkpt>
      <trkpt lat="-38.29614" lon="176.26374">
        <ele>386.9</ele>
      </trkpt>
      <trkpt lat="-38.29564" lon="176.26386">
        <ele>388.7</ele>
      </trkpt>
      <trkpt lat="-38.29544" lon="176.26379">
        <ele>390.2</ele>
      </trkpt>
      <trkpt lat="-38.29366" lon="176.26254">
        <ele>390.6</ele>
      </trkpt>
      <trkpt lat="-38.29345" lon="176.26225">
        <ele>387.4</ele>
      </trkpt>
      <trkpt lat="-38.29327" lon="176.26193">
        <ele>384.7</ele>
      </trkpt>
      <trkpt lat="-38.29277" lon="176.26073">
        <ele>380.8</ele>
      </trkpt>
      <trkpt lat="-38.29271" lon="176.26052">
        <ele>379.5</ele>
      </trkpt>
      <trkpt lat="-38.29286" lon="176.25467">
        <ele>351.2</ele>
      </trkpt>
      <trkpt lat="-38.29293" lon="176.25424">
        <ele>348.4</ele>
      </trkpt>
      <trkpt lat="-38.29357" lon="176.25274">
        <ele>331.0</ele>
      </trkpt>
      <trkpt lat="-38.29421" lon="176.25171">
        <ele>322.4</ele>
      </trkpt>
      <trkpt lat="-38.29405" lon="176.25157">
        <ele>321.9</ele>
      </trkpt>
      <trkpt lat="-38.29382" lon="176.25158">
        <ele>322.6</ele>
      </trkpt>
      <trkpt lat="-38.28742" lon="176.25455">
        <ele>338.8</ele>
      </trkpt>
      <trkpt lat="-38.28715" lon="176.25462">
        <ele>339.2</ele>
      </trkpt>
      <trkpt lat="-38.28696" lon="176.25461">
        <ele>339.7</ele>
      </trkpt>
      <trkpt lat="-38.28677" lon="176.25457">
        <ele>340.3</ele>
      </trkpt>
      <trkpt lat="-38.28596" lon="176.25416">
        <ele>344.0</ele>
      </trkpt>
      <trkpt lat="-38.28066" lon="176.25147">
        <ele>359.0</ele>
      </trkpt>
      <trkpt lat="-38.27962" lon="176.25095">
        <ele>365.5</ele>
      </trkpt>
      <trkpt lat="-38.27935" lon="176.2509">
        <ele>366.5</ele>
      </trkpt>
      <trkpt lat="-38.2791" lon="176.2509">
        <ele>367.4</ele>
      </trkpt>
      <trkpt lat="-38.2778" lon="176.2511">
        <ele>377.1</ele>
      </trkpt>
      <trkpt lat="-38.27741" lon="176.25122">
        <ele>378.5</ele>
      </trkpt>
      <trkpt lat="-38.27575" lon="176.2521">
        <ele>381.0</ele>
      </trkpt>
      <trkpt lat="-38.27524" lon="176.25227">
        <ele>380.7</ele>
      </trkpt>
      <trkpt lat="-38.27461" lon="176.25231">
        <ele>380.7</ele>
      </trkpt>
      <trkpt lat="-38.27417" lon="176.25227">
        <ele>381.4</ele>
      </trkpt>
      <trkpt lat="-38.27346" lon="176.25212">
        <ele>384.9</ele>
      </trkpt>
      <trkpt lat="-38.27312" lon="176.2521">
        <ele>385.9</ele>
      </trkpt>
      <trkpt lat="-38.27153" lon="176.25242">
        <ele>387.6</ele>
      </trkpt>
      <trkpt lat="-38.26973" lon="176.2528">
        <ele>394.3</ele>
      </trkpt>
      <trkpt lat="-38.26927" lon="176.25296">
        <ele>394.0</ele>
      </trkpt>
      <trkpt lat="-38.26652" lon="176.25427">
        <ele>405.5</ele>
      </trkpt>
      <trkpt lat="-38.26632" lon="176.25433">
        <ele>406.7</ele>
      </trkpt>
      <trkpt lat="-38.26608" lon="176.25432">
        <ele>408.6</ele>
      </trkpt>
      <trkpt lat="-38.2656" lon="176.25419">
        <ele>410.4</ele>
      </trkpt>
      <trkpt lat="-38.26543" lon="176.25412">
        <ele>409.8</ele>
      </trkpt>
      <trkpt lat="-38.26522" lon="176.25413">
        <ele>409.3</ele>
      </trkpt>
      <trkpt lat="-38.26471" lon="176.2543">
        <ele>404.5</ele>
      </trkpt>
      <trkpt lat="-38.26207" lon="176.25544">
        <ele>376.9</ele>
      </trkpt>
      <trkpt lat="-38.26103" lon="176.25599">
        <ele>372.9</ele>
      </trkpt>
      <trkpt lat="-38.26077" lon="176.25621">
        <ele>374.1</ele>
      </trkpt>
      <trkpt lat="-38.26051" lon="176.25652">
        <ele>375.8</ele>
      </trkpt>
      <trkpt lat="-38.25899" lon="176.25944">
        <ele>380.0</ele>
      </trkpt>
      <trkpt lat="-38.2588" lon="176.25971">
        <ele>381.1</ele>
      </trkpt>
      <trkpt lat="-38.25858" lon="176.25994">
        <ele>381.1</ele>
      </trkpt>
      <trkpt lat="-38.25595" lon="176.26115">
        <ele>383.3</ele>
      </trkpt>
      <trkpt lat="-38.25562" lon="176.26137">
        <ele>382.5</ele>
      </trkpt>
      <trkpt lat="-38.25536" lon="176.26163">
        <ele>380.5</ele>
      </trkpt>
      <trkpt lat="-38.25536" lon="176.26162">
        <ele>380.7</ele>
      </trkpt>
      <trkpt lat="-38.25467" lon="176.26233">
        <ele>382.8</ele>
      </trkpt>
      <trkpt lat="-38.25452" lon="176.26263">
        <ele>384.1</ele>
      </trkpt>
      <trkpt lat="-38.25408" lon="176.26407">
        <ele>397.5</ele>
      </trkpt>
      <trkpt lat="-38.25378" lon="176.26477">
        <ele>408.5</ele>
      </trkpt>
      <trkpt lat="-38.25348" lon="176.26533">
        <ele>414.3</ele>
      </trkpt>
      <trkpt lat="-38.25334" lon="176.26579">
        <ele>416.8</ele>
      </trkpt>
      <trkpt lat="-38.25333" lon="176.26758">
        <ele>427.6</ele>
      </trkpt>
      <trkpt lat="-38.25328" lon="176.26788">
        <ele>429.8</ele>
      </trkpt>
      <trkpt lat="-38.25313" lon="176.26831">
        <ele>432.1</ele>
      </trkpt>
      <trkpt lat="-38.25154" lon="176.27115">
        <ele>449.7</ele>
      </trkpt>
      <trkpt lat="-38.25102" lon="176.27184">
        <ele>447.9</ele>
      </trkpt>
      <trkpt lat="-38.25006" lon="176.27276">
        <ele>439.5</ele>
      </trkpt>
      <trkpt lat="-38.24744" lon="176.27451">
        <ele>418.0</ele>
      </trkpt>
      <trkpt lat="-38.24539" lon="176.2764">
        <ele>423.8</ele>
      </trkpt>
      <trkpt lat="-38.2449" lon="176.27664">
        <ele>425.0</ele>
      </trkpt>
      <trkpt lat="-38.24415" lon="176.27692">
        <ele>427.0</ele>
      </trkpt>
      <trkpt lat="-38.24377" lon="176.27696">
        <ele>428.9</ele>
      </trkpt>
      <trkpt lat="-38.24272" lon="176.27685">
        <ele>434.6</ele>
      </trkpt>
      <trkpt lat="-38.2418" lon="176.27702">
        <ele>436.6</ele>
      </trkpt>
      <trkpt lat="-38.24133" lon="176.27722">
        <ele>441.0</ele>
      </trkpt>
      <trkpt lat="-38.24092" lon="176.27756">
        <ele>444.4</ele>
      </trkpt>
      <trkpt lat="-38.24061" lon="176.27799">
        <ele>443.7</ele>
      </trkpt>
      <trkpt lat="-38.24032" lon="176.27865">
        <ele>436.4</ele>
      </trkpt>
      <trkpt lat="-38.24003" lon="176.2799">
        <ele>429.6</ele>
      </trkpt>
      <trkpt lat="-38.23991" lon="176.28028">
        <ele>427.8</ele>
      </trkpt>
      <trkpt lat="-38.23961" lon="176.28081">
        <ele>426.1</ele>
      </trkpt>
      <trkpt lat="-38.23862" lon="176.28206">
        <ele>433.9</ele>
      </trkpt>
      <trkpt lat="-38.23558" lon="176.28466">
        <ele>451.3</ele>
      </trkpt>
      <trkpt lat="-38.23213" lon="176.28733">
        <ele>427.1</ele>
      </trkpt>
      <trkpt lat="-38.23189" lon="176.28755">
        <ele>424.7</ele>
      </trkpt>
      <trkpt lat="-38.2315" lon="176.28834">
        <ele>428.4</ele>
      </trkpt>
      <trkpt lat="-38.23124" lon="176.28889">
        <ele>429.3</ele>
      </trkpt>
      <trkpt lat="-38.22955" lon="176.29106">
        <ele>424.0</ele>
      </trkpt>
      <trkpt lat="-38.22941" lon="176.2912">
        <ele>424.2</ele>
      </trkpt>
      <trkpt lat="-38.22912" lon="176.29139">
        <ele>423.0</ele>
      </trkpt>
      <trkpt lat="-38.22876" lon="176.29147">
        <ele>422.1</ele>
      </trkpt>
      <trkpt lat="-38.22834" lon="176.29149">
        <ele>422.0</ele>
      </trkpt>
      <trkpt lat="-38.22801" lon="176.29132">
        <ele>419.9</ele>
      </trkpt>
      <trkpt lat="-38.22739" lon="176.2908">
        <ele>413.5</ele>
      </trkpt>
      <trkpt lat="-38.22718" lon="176.29072">
        <ele>412.3</ele>
      </trkpt>
      <trkpt lat="-38.227" lon="176.29073">
        <ele>410.1</ele>
      </trkpt>
      <trkpt lat="-38.22679" lon="176.29092">
        <ele>407.4</ele>
      </trkpt>
      <trkpt lat="-38.22632" lon="176.29142">
        <ele>410.5</ele>
      </trkpt>
      <trkpt lat="-38.22632" lon="176.29142">
        <ele>410.5</ele>
      </trkpt>
      <trkpt lat="-38.2263" lon="176.29145">
        <ele>410.8</ele>
      </trkpt>
      <trkpt lat="-38.22568" lon="176.29078">
        <ele>410.7</ele>
      </trkpt>
      <trkpt lat="-38.22506" lon="176.29012">
        <ele>413.4</ele>
      </trkpt>
      <trkpt lat="-38.224982" lon="176.290217">
        <ele>414.3</ele>
      </trkpt>
      <trkpt lat="-38.224648" lon="176.2903">
        <ele>414.3</ele>
      </trkpt>
      <trkpt lat="-38.224212" lon="176.29011">
        <ele>412.0</ele>
      </trkpt>
      <trkpt lat="-38.223839" lon="176.28984">
        <ele>411.1</ele>
      </trkpt>
      <trkpt lat="-38.223415" lon="176.289333">
        <ele>412.3</ele>
      </trkpt>
      <trkpt lat="-38.223191" lon="176.288985">
        <ele>416.0</ele>
      </trkpt>
      <trkpt lat="-38.22293" lon="176.288588">
        <ele>418.8</ele>
      </trkpt>
      <trkpt lat="-38.22271" lon="176.2882">
        <ele>417.9</ele>
      </trkpt>
      <trkpt lat="-38.22271" lon="176.2882">
        <ele>417.9</ele>
      </trkpt>
      <trkpt lat="-38.22235" lon="176.28724">
        <ele>407.8</ele>
      </trkpt>
      <trkpt lat="-38.22199" lon="176.28627">
        <ele>404.6</ele>
      </trkpt>
      <trkpt lat="-38.22178" lon="176.28582">
        <ele>404.7</ele>
      </trkpt>
      <trkpt lat="-38.22166" lon="176.28563">
        <ele>402.9</ele>
      </trkpt>
      <trkpt lat="-38.22144" lon="176.28523">
        <ele>401.2</ele>
      </trkpt>
      <trkpt lat="-38.22112" lon="176.28456">
        <ele>397.3</ele>
      </trkpt>
      <trkpt lat="-38.221" lon="176.28434">
        <ele>396.1</ele>
      </trkpt>
      <trkpt lat="-38.22076" lon="176.28373">
        <ele>394.9</ele>
      </trkpt>
      <trkpt lat="-38.22068" lon="176.28361">
        <ele>395.1</ele>
      </trkpt>
      <trkpt lat="-38.22051" lon="176.2835">
        <ele>395.3</ele>
      </trkpt>
      <trkpt lat="-38.22031" lon="176.28344">
        <ele>395.5</ele>
      </trkpt>
      <trkpt lat="-38.22004" lon="176.28344">
        <ele>396.2</ele>
      </trkpt>
      <trkpt lat="-38.21992" lon="176.28346">
        <ele>396.4</ele>
      </trkpt>
      <trkpt lat="-38.21977" lon="176.28352">
        <ele>396.8</ele>
      </trkpt>
      <trkpt lat="-38.21963" lon="176.28362">
        <ele>397.5</ele>
      </trkpt>
      <trkpt lat="-38.21952" lon="176.28365">
        <ele>397.6</ele>
      </trkpt>
      <trkpt lat="-38.21943" lon="176.28362">
        <ele>397.1</ele>
      </trkpt>
      <trkpt lat="-38.21931" lon="176.28353">
        <ele>395.9</ele>
      </trkpt>
      <trkpt lat="-38.21905" lon="176.28328">
        <ele>395.1</ele>
      </trkpt>
      <trkpt lat="-38.21895" lon="176.28324">
        <ele>396.0</ele>
      </trkpt>
      <trkpt lat="-38.21842" lon="176.28315">
        <ele>400.7</ele>
      </trkpt>
      <trkpt lat="-38.21824" lon="176.28309">
        <ele>402.1</ele>
      </trkpt>
      <trkpt lat="-38.21812" lon="176.283">
        <ele>402.6</ele>
      </trkpt>
      <trkpt lat="-38.21766" lon="176.28251">
        <ele>401.2</ele>
      </trkpt>
      <trkpt lat="-38.21761" lon="176.28241">
        <ele>400.9</ele>
      </trkpt>
      <trkpt lat="-38.21743" lon="176.28188">
        <ele>398.1</ele>
      </trkpt>
      <trkpt lat="-38.21737" lon="176.28181">
        <ele>398.3</ele>
      </trkpt>
      <trkpt lat="-38.2173" lon="176.28175">
        <ele>398.8</ele>
      </trkpt>
      <trkpt lat="-38.21716" lon="176.28169">
        <ele>400.2</ele>
      </trkpt>
      <trkpt lat="-38.21695" lon="176.28164">
        <ele>403.0</ele>
      </trkpt>
      <trkpt lat="-38.21687" lon="176.2816">
        <ele>404.3</ele>
      </trkpt>
      <trkpt lat="-38.21679" lon="176.28151">
        <ele>405.9</ele>
      </trkpt>
      <trkpt lat="-38.21669" lon="176.28133">
        <ele>408.2</ele>
      </trkpt>
      <trkpt lat="-38.21662" lon="176.28128">
        <ele>409.8</ele>
      </trkpt>
      <trkpt lat="-38.21655" lon="176.28127">
        <ele>411.3</ele>
      </trkpt>
      <trkpt lat="-38.21641" lon="176.28131">
        <ele>413.8</ele>
      </trkpt>
      <trkpt lat="-38.21611" lon="176.28154">
        <ele>417.6</ele>
      </trkpt>
      <trkpt lat="-38.21577" lon="176.28188">
        <ele>424.1</ele>
      </trkpt>
      <trkpt lat="-38.21555" lon="176.28206">
        <ele>427.9</ele>
      </trkpt>
      <trkpt lat="-38.21539" lon="176.28212">
        <ele>429.6</ele>
      </trkpt>
      <trkpt lat="-38.21525" lon="176.28213">
        <ele>430.8</ele>
      </trkpt>
      <trkpt lat="-38.21484" lon="176.28208">
        <ele>431.9</ele>
      </trkpt>
      <trkpt lat="-38.2146" lon="176.28202">
        <ele>430.3</ele>
      </trkpt>
      <trkpt lat="-38.2143" lon="176.28201">
        <ele>428.0</ele>
      </trkpt>
      <trkpt lat="-38.21417" lon="176.28205">
        <ele>427.3</ele>
      </trkpt>
      <trkpt lat="-38.21408" lon="176.28212">
        <ele>427.8</ele>
      </trkpt>
      <trkpt lat="-38.21396" lon="176.28224">
        <ele>428.1</ele>
      </trkpt>
      <trkpt lat="-38.21381" lon="176.28247">
        <ele>427.9</ele>
      </trkpt>
      <trkpt lat="-38.21378" lon="176.2823">
        <ele>427.8</ele>
      </trkpt>
      <trkpt lat="-38.21381" lon="176.28214">
        <ele>427.9</ele>
      </trkpt>
      <trkpt lat="-38.21397" lon="176.28165">
        <ele>426.7</ele>
      </trkpt>
      <trkpt lat="-38.21419" lon="176.28115">
        <ele>422.9</ele>
      </trkpt>
      <trkpt lat="-38.21441" lon="176.28065">
        <ele>426.0</ele>
      </trkpt>
      <trkpt lat="-38.21453" lon="176.28031">
        <ele>428.3</ele>
      </trkpt>
      <trkpt lat="-38.2148" lon="176.27944">
        <ele>427.9</ele>
      </trkpt>
      <trkpt lat="-38.21507" lon="176.27856">
        <ele>419.1</ele>
      </trkpt>
      <trkpt lat="-38.2151" lon="176.27834">
        <ele>417.5</ele>
      </trkpt>
      <trkpt lat="-38.2151" lon="176.2782">
        <ele>417.0</ele>
      </trkpt>
      <trkpt lat="-38.21503" lon="176.27751">
        <ele>414.3</ele>
      </trkpt>
      <trkpt lat="-38.21498" lon="176.27716">
        <ele>415.7</ele>
      </trkpt>
      <trkpt lat="-38.21495" lon="176.27646">
        <ele>419.2</ele>
      </trkpt>
      <trkpt lat="-38.21482" lon="176.27576">
        <ele>423.5</ele>
      </trkpt>
      <trkpt lat="-38.21469" lon="176.27506">
        <ele>424.7</ele>
      </trkpt>
      <trkpt lat="-38.21455" lon="176.27463">
        <ele>421.6</ele>
      </trkpt>
      <trkpt lat="-38.21446" lon="176.2744">
        <ele>419.8</ele>
      </trkpt>
      <trkpt lat="-38.21438" lon="176.27425">
        <ele>418.6</ele>
      </trkpt>
      <trkpt lat="-38.21431" lon="176.27417">
        <ele>418.0</ele>
      </trkpt>
      <trkpt lat="-38.21406" lon="176.27399">
        <ele>420.4</ele>
      </trkpt>
      <trkpt lat="-38.214" lon="176.27392">
        <ele>422.0</ele>
      </trkpt>
      <trkpt lat="-38.21384" lon="176.27356">
        <ele>423.2</ele>
      </trkpt>
      <trkpt lat="-38.21364" lon="176.27294">
        <ele>420.7</ele>
      </trkpt>
      <trkpt lat="-38.21356" lon="176.27281">
        <ele>421.3</ele>
      </trkpt>
      <trkpt lat="-38.2132" lon="176.27246">
        <ele>427.2</ele>
      </trkpt>
      <trkpt lat="-38.21302" lon="176.27225">
        <ele>431.8</ele>
      </trkpt>
      <trkpt lat="-38.21285" lon="176.27194">
        <ele>434.6</ele>
      </trkpt>
      <trkpt lat="-38.2127" lon="176.27162">
        <ele>435.9</ele>
      </trkpt>
      <trkpt lat="-38.21259" lon="176.27146">
        <ele>437.2</ele>
      </trkpt>
      <trkpt lat="-38.21191" lon="176.27101">
        <ele>440.4</ele>
      </trkpt>
      <trkpt lat="-38.2116" lon="176.27094">
        <ele>441.5</ele>
      </trkpt>
      <trkpt lat="-38.21132" lon="176.27099">
        <ele>440.0</ele>
      </trkpt>
      <trkpt lat="-38.21084" lon="176.27116">
        <ele>436.7</ele>
      </trkpt>
      <trkpt lat="-38.21061" lon="176.27129">
        <ele>435.3</ele>
      </trkpt>
      <trkpt lat="-38.21007" lon="176.27144">
        <ele>430.9</ele>
      </trkpt>
      <trkpt lat="-38.20985" lon="176.27156">
        <ele>427.4</ele>
      </trkpt>
      <trkpt lat="-38.20971" lon="176.27157">
        <ele>425.7</ele>
      </trkpt>
      <trkpt lat="-38.20942" lon="176.27153">
        <ele>422.8</ele>
      </trkpt>
      <trkpt lat="-38.20933" lon="176.2715">
        <ele>421.9</ele>
      </trkpt>
      <trkpt lat="-38.20926" lon="176.27145">
        <ele>421.4</ele>
      </trkpt>
      <trkpt lat="-38.20904" lon="176.27105">
        <ele>422.7</ele>
      </trkpt>
      <trkpt lat="-38.20898" lon="176.27097">
        <ele>423.0</ele>
      </trkpt>
      <trkpt lat="-38.20888" lon="176.27089">
        <ele>423.1</ele>
      </trkpt>
      <trkpt lat="-38.2085" lon="176.27073">
        <ele>422.7</ele>
      </trkpt>
      <trkpt lat="-38.20826" lon="176.27067">
        <ele>422.1</ele>
      </trkpt>
      <trkpt lat="-38.20777" lon="176.27063">
        <ele>420.2</ele>
      </trkpt>
      <trkpt lat="-38.20762" lon="176.27056">
        <ele>419.0</ele>
      </trkpt>
      <trkpt lat="-38.20747" lon="176.27042">
        <ele>417.0</ele>
      </trkpt>
      <trkpt lat="-38.20714" lon="176.26994">
        <ele>411.1</ele>
      </trkpt>
      <trkpt lat="-38.2068" lon="176.26957">
        <ele>406.6</ele>
      </trkpt>
      <trkpt lat="-38.20619" lon="176.2691">
        <ele>410.2</ele>
      </trkpt>
      <trkpt lat="-38.20596" lon="176.26887">
        <ele>414.3</ele>
      </trkpt>
      <trkpt lat="-38.20588" lon="176.26883">
        <ele>415.4</ele>
      </trkpt>
      <trkpt lat="-38.20581" lon="176.26884">
        <ele>416.4</ele>
      </trkpt>
      <trkpt lat="-38.20575" lon="176.26892">
        <ele>417.6</ele>
      </trkpt>
      <trkpt lat="-38.20564" lon="176.26931">
        <ele>420.7</ele>
      </trkpt>
      <trkpt lat="-38.2056" lon="176.26942">
        <ele>422.2</ele>
      </trkpt>
      <trkpt lat="-38.20555" lon="176.26949">
        <ele>423.5</ele>
      </trkpt>
      <trkpt lat="-38.20542" lon="176.26957">
        <ele>426.1</ele>
      </trkpt>
      <trkpt lat="-38.20528" lon="176.26962">
        <ele>428.6</ele>
      </trkpt>
      <trkpt lat="-38.20471" lon="176.26969">
        <ele>433.6</ele>
      </trkpt>
      <trkpt lat="-38.20414" lon="176.26977">
        <ele>433.6</ele>
      </trkpt>
      <trkpt lat="-38.20365" lon="176.26986">
        <ele>428.5</ele>
      </trkpt>
      <trkpt lat="-38.20314" lon="176.26991">
        <ele>425.9</ele>
      </trkpt>
      <trkpt lat="-38.20273" lon="176.2699">
        <ele>426.4</ele>
      </trkpt>
      <trkpt lat="-38.202226" lon="176.269825">
        <ele>424.8</ele>
      </trkpt>
      <trkpt lat="-38.20223" lon="176.26983">
        <ele>424.9</ele>
      </trkpt>
      <trkpt lat="-38.20206" lon="176.2698">
        <ele>424.2</ele>
      </trkpt>
      <trkpt lat="-38.20182" lon="176.26982">
        <ele>423.5</ele>
      </trkpt>
      <trkpt lat="-38.20159" lon="176.26993">
        <ele>423.7</ele>
      </trkpt>
      <trkpt lat="-38.20146" lon="176.27003">
        <ele>425.0</ele>
      </trkpt>
      <trkpt lat="-38.20136" lon="176.27014">
        <ele>424.9</ele>
      </trkpt>
      <trkpt lat="-38.20126" lon="176.2703">
        <ele>423.7</ele>
      </trkpt>
      <trkpt lat="-38.20106" lon="176.2708">
        <ele>416.3</ele>
      </trkpt>
      <trkpt lat="-38.20089" lon="176.27131">
        <ele>409.6</ele>
      </trkpt>
      <trkpt lat="-38.20083" lon="176.27143">
        <ele>407.7</ele>
      </trkpt>
      <trkpt lat="-38.20075" lon="176.27157">
        <ele>405.7</ele>
      </trkpt>
      <trkpt lat="-38.20063" lon="176.27171">
        <ele>404.3</ele>
      </trkpt>
      <trkpt lat="-38.2004" lon="176.27188">
        <ele>404.1</ele>
      </trkpt>
      <trkpt lat="-38.20027" lon="176.27194">
        <ele>403.8</ele>
      </trkpt>
      <trkpt lat="-38.19988" lon="176.27205">
        <ele>402.2</ele>
      </trkpt>
      <trkpt lat="-38.19968" lon="176.27206">
        <ele>401.3</ele>
      </trkpt>
      <trkpt lat="-38.19958" lon="176.27204">
        <ele>400.9</ele>
      </trkpt>
      <trkpt lat="-38.19942" lon="176.27196">
        <ele>400.5</ele>
      </trkpt>
      <trkpt lat="-38.199" lon="176.27162">
        <ele>399.5</ele>
      </trkpt>
      <trkpt lat="-38.19858" lon="176.27127">
        <ele>400.3</ele>
      </trkpt>
      <trkpt lat="-38.19832" lon="176.27103">
        <ele>399.9</ele>
      </trkpt>
      <trkpt lat="-38.19799" lon="176.27055">
        <ele>402.9</ele>
      </trkpt>
      <trkpt lat="-38.19799" lon="176.27055">
        <ele>402.9</ele>
      </trkpt>
      <trkpt lat="-38.19744" lon="176.26975">
        <ele>403.3</ele>
      </trkpt>
      <trkpt lat="-38.19711" lon="176.26934">
        <ele>401.3</ele>
      </trkpt>
      <trkpt lat="-38.19702" lon="176.26918">
        <ele>400.5</ele>
      </trkpt>
      <trkpt lat="-38.19684" lon="176.26883">
        <ele>397.6</ele>
      </trkpt>
      <trkpt lat="-38.19679" lon="176.2687">
        <ele>396.8</ele>
      </trkpt>
      <trkpt lat="-38.19673" lon="176.2684">
        <ele>396.8</ele>
      </trkpt>
      <trkpt lat="-38.19672" lon="176.26826">
        <ele>396.8</ele>
      </trkpt>
      <trkpt lat="-38.19677" lon="176.26764">
        <ele>398.5</ele>
      </trkpt>
      <trkpt lat="-38.19677" lon="176.2672">
        <ele>397.4</ele>
      </trkpt>
      <trkpt lat="-38.19679" lon="176.26703">
        <ele>397.4</ele>
      </trkpt>
      <trkpt lat="-38.19686" lon="176.26689">
        <ele>398.8</ele>
      </trkpt>
      <trkpt lat="-38.19707" lon="176.26664">
        <ele>402.8</ele>
      </trkpt>
      <trkpt lat="-38.19728" lon="176.26619">
        <ele>401.4</ele>
      </trkpt>
      <trkpt lat="-38.19752" lon="176.26579">
        <ele>398.9</ele>
      </trkpt>
      <trkpt lat="-38.19755" lon="176.26568">
        <ele>398.4</ele>
      </trkpt>
      <trkpt lat="-38.19756" lon="176.26554">
        <ele>397.4</ele>
      </trkpt>
      <trkpt lat="-38.19754" lon="176.26529">
        <ele>395.3</ele>
      </trkpt>
      <trkpt lat="-38.1975" lon="176.26515">
        <ele>394.1</ele>
      </trkpt>
      <trkpt lat="-38.19746" lon="176.26507">
        <ele>393.4</ele>
      </trkpt>
      <trkpt lat="-38.19736" lon="176.26496">
        <ele>392.5</ele>
      </trkpt>
      <trkpt lat="-38.19725" lon="176.26489">
        <ele>392.0</ele>
      </trkpt>
      <trkpt lat="-38.19671" lon="176.26464">
        <ele>391.4</ele>
      </trkpt>
      <trkpt lat="-38.19617" lon="176.26439">
        <ele>392.3</ele>
      </trkpt>
      <trkpt lat="-38.196168" lon="176.264391">
        <ele>392.3</ele>
      </trkpt>
      <trkpt lat="-38.19589" lon="176.26426">
        <ele>392.8</ele>
      </trkpt>
      <trkpt lat="-38.19577" lon="176.26422">
        <ele>392.9</ele>
      </trkpt>
      <trkpt lat="-38.19562" lon="176.26421">
        <ele>392.7</ele>
      </trkpt>
      <trkpt lat="-38.19541" lon="176.26428">
        <ele>392.4</ele>
      </trkpt>
      <trkpt lat="-38.19523" lon="176.2644">
        <ele>392.0</ele>
      </trkpt>
      <trkpt lat="-38.1946" lon="176.26505">
        <ele>395.9</ele>
      </trkpt>
      <trkpt lat="-38.19397" lon="176.2657">
        <ele>399.3</ele>
      </trkpt>
      <trkpt lat="-38.19333" lon="176.26635">
        <ele>396.7</ele>
      </trkpt>
      <trkpt lat="-38.1927" lon="176.267">
        <ele>391.8</ele>
      </trkpt>
      <trkpt lat="-38.19252" lon="176.26711">
        <ele>391.3</ele>
      </trkpt>
      <trkpt lat="-38.19238" lon="176.26715">
        <ele>391.3</ele>
      </trkpt>
      <trkpt lat="-38.19183" lon="176.26725">
        <ele>391.5</ele>
      </trkpt>
      <trkpt lat="-38.19136" lon="176.26735">
        <ele>391.5</ele>
      </trkpt>
      <trkpt lat="-38.19088" lon="176.26745">
        <ele>392.0</ele>
      </trkpt>
      <trkpt lat="-38.19065" lon="176.26751">
        <ele>392.6</ele>
      </trkpt>
      <trkpt lat="-38.19046" lon="176.26759">
        <ele>392.6</ele>
      </trkpt>
      <trkpt lat="-38.19025" lon="176.26772">
        <ele>391.9</ele>
      </trkpt>
      <trkpt lat="-38.18968" lon="176.26821">
        <ele>382.7</ele>
      </trkpt>
      <trkpt lat="-38.18932" lon="176.26837">
        <ele>376.3</ele>
      </trkpt>
      <trkpt lat="-38.18882" lon="176.26852">
        <ele>372.9</ele>
      </trkpt>
      <trkpt lat="-38.18865" lon="176.26861">
        <ele>372.3</ele>
      </trkpt>
      <trkpt lat="-38.18845" lon="176.26875">
        <ele>371.6</ele>
      </trkpt>
      <trkpt lat="-38.18804" lon="176.26909">
        <ele>368.4</ele>
      </trkpt>
      <trkpt lat="-38.18764" lon="176.26934">
        <ele>364.1</ele>
      </trkpt>
      <trkpt lat="-38.18753" lon="176.26944">
        <ele>362.5</ele>
      </trkpt>
      <trkpt lat="-38.18695" lon="176.26966">
        <ele>356.3</ele>
      </trkpt>
      <trkpt lat="-38.18622" lon="176.26989">
        <ele>345.5</ele>
      </trkpt>
      <trkpt lat="-38.18607" lon="176.269954">
        <ele>342.1</ele>
      </trkpt>
      <trkpt lat="-38.185652" lon="176.270204">
        <ele>335.3</ele>
      </trkpt>
      <trkpt lat="-38.185611" lon="176.26996">
        <ele>336.1</ele>
      </trkpt>
      <trkpt lat="-38.18558" lon="176.26955">
        <ele>340.2</ele>
      </trkpt>
      <trkpt lat="-38.18529" lon="176.26893">
        <ele>340.1</ele>
      </trkpt>
      <trkpt lat="-38.18511" lon="176.26861">
        <ele>339.3</ele>
      </trkpt>
      <trkpt lat="-38.18487" lon="176.2682">
        <ele>340.7</ele>
      </trkpt>
      <trkpt lat="-38.18463" lon="176.26794">
        <ele>340.5</ele>
      </trkpt>
      <trkpt lat="-38.18457" lon="176.26777">
        <ele>340.7</ele>
      </trkpt>
      <trkpt lat="-38.18449" lon="176.2676">
        <ele>340.2</ele>
      </trkpt>
      <trkpt lat="-38.18427" lon="176.26736">
        <ele>336.6</ele>
      </trkpt>
      <trkpt lat="-38.18421" lon="176.26723">
        <ele>336.1</ele>
      </trkpt>
      <trkpt lat="-38.18418" lon="176.26706">
        <ele>336.3</ele>
      </trkpt>
      <trkpt lat="-38.18392" lon="176.26652">
        <ele>338.0</ele>
      </trkpt>
      <trkpt lat="-38.18388" lon="176.26639">
        <ele>338.2</ele>
      </trkpt>
      <trkpt lat="-38.18377" lon="176.26617">
        <ele>338.4</ele>
      </trkpt>
      <trkpt lat="-38.18354" lon="176.26601">
        <ele>338.2</ele>
      </trkpt>
      <trkpt lat="-38.18346" lon="176.26592">
        <ele>338.2</ele>
      </trkpt>
      <trkpt lat="-38.18336" lon="176.26568">
        <ele>338.1</ele>
      </trkpt>
      <trkpt lat="-38.18325" lon="176.26535">
        <ele>337.3</ele>
      </trkpt>
      <trkpt lat="-38.18311" lon="176.26513">
        <ele>336.5</ele>
      </trkpt>
      <trkpt lat="-38.18311" lon="176.26513">
        <ele>336.5</ele>
      </trkpt>
      <trkpt lat="-38.18263" lon="176.26434">
        <ele>333.2</ele>
      </trkpt>
      <trkpt lat="-38.18219" lon="176.26369">
        <ele>331.5</ele>
      </trkpt>
      <trkpt lat="-38.18175" lon="176.26304">
        <ele>331.2</ele>
      </trkpt>
      <trkpt lat="-38.18133" lon="176.26236">
        <ele>329.9</ele>
      </trkpt>
      <trkpt lat="-38.18123" lon="176.26225">
        <ele>329.8</ele>
      </trkpt>
      <trkpt lat="-38.18099" lon="176.26207">
        <ele>329.6</ele>
      </trkpt>
      <trkpt lat="-38.18095" lon="176.26199">
        <ele>329.5</ele>
      </trkpt>
      <trkpt lat="-38.18094" lon="176.26191">
        <ele>329.4</ele>
      </trkpt>
      <trkpt lat="-38.18086" lon="176.26183">
        <ele>329.2</ele>
      </trkpt>
      <trkpt lat="-38.18039" lon="176.26156">
        <ele>327.0</ele>
      </trkpt>
      <trkpt lat="-38.18021" lon="176.26141">
        <ele>327.0</ele>
      </trkpt>
      <trkpt lat="-38.18003" lon="176.26121">
        <ele>327.4</ele>
      </trkpt>
      <trkpt lat="-38.17997" lon="176.26112">
        <ele>327.8</ele>
      </trkpt>
      <trkpt lat="-38.17974" lon="176.26047">
        <ele>327.7</ele>
      </trkpt>
      <trkpt lat="-38.17947" lon="176.25981">
        <ele>325.4</ele>
      </trkpt>
      <trkpt lat="-38.17947" lon="176.25981">
        <ele>325.4</ele>
      </trkpt>
      <trkpt lat="-38.1792" lon="176.25914">
        <ele>326.0</ele>
      </trkpt>
      <trkpt lat="-38.17912" lon="176.25904">
        <ele>326.2</ele>
      </trkpt>
      <trkpt lat="-38.17906" lon="176.2589">
        <ele>326.3</ele>
      </trkpt>
      <trkpt lat="-38.17903" lon="176.25871">
        <ele>326.7</ele>
      </trkpt>
      <trkpt lat="-38.17893" lon="176.25856">
        <ele>326.7</ele>
      </trkpt>
      <trkpt lat="-38.17875" lon="176.25841">
        <ele>326.4</ele>
      </trkpt>
      <trkpt lat="-38.17857" lon="176.25794">
        <ele>326.9</ele>
      </trkpt>
      <trkpt lat="-38.1784" lon="176.25737">
        <ele>327.6</ele>
      </trkpt>
      <trkpt lat="-38.1783" lon="176.2571">
        <ele>327.9</ele>
      </trkpt>
      <trkpt lat="-38.17815" lon="176.25711">
        <ele>327.4</ele>
      </trkpt>
      <trkpt lat="-38.178" lon="176.257">
        <ele>327.2</ele>
      </trkpt>
      <trkpt lat="-38.17791" lon="176.25675">
        <ele>327.3</ele>
      </trkpt>
      <trkpt lat="-38.177913" lon="176.256748">
        <ele>327.3</ele>
      </trkpt>
      <trkpt lat="-38.17789" lon="176.25668">
        <ele>327.4</ele>
      </trkpt>
      <trkpt lat="-38.17774" lon="176.25636">
        <ele>327.8</ele>
      </trkpt>
      <trkpt lat="-38.17772" lon="176.25631">
        <ele>327.8</ele>
      </trkpt>
      <trkpt lat="-38.17771" lon="176.25611">
        <ele>328.1</ele>
      </trkpt>
      <trkpt lat="-38.1777" lon="176.25602">
        <ele>328.2</ele>
      </trkpt>
      <trkpt lat="-38.17764" lon="176.25587">
        <ele>328.4</ele>
      </trkpt>
      <trkpt lat="-38.17739" lon="176.25544">
        <ele>329.0</ele>
      </trkpt>
      <trkpt lat="-38.17692" lon="176.2547">
        <ele>331.6</ele>
      </trkpt>
      <trkpt lat="-38.17656" lon="176.25398">
        <ele>330.7</ele>
      </trkpt>
      <trkpt lat="-38.1762" lon="176.25326">
        <ele>328.1</ele>
      </trkpt>
      <trkpt lat="-38.17611" lon="176.25325">
        <ele>327.8</ele>
      </trkpt>
      <trkpt lat="-38.17594" lon="176.25303">
        <ele>326.6</ele>
      </trkpt>
      <trkpt lat="-38.1757" lon="176.25275">
        <ele>325.7</ele>
      </trkpt>
      <trkpt lat="-38.1755" lon="176.25276">
        <ele>325.9</ele>
      </trkpt>
      <trkpt lat="-38.17525" lon="176.25264">
        <ele>325.6</ele>
      </trkpt>
      <trkpt lat="-38.17514" lon="176.25265">
        <ele>325.7</ele>
      </trkpt>
      <trkpt lat="-38.17507" lon="176.25258">
        <ele>325.4</ele>
      </trkpt>
      <trkpt lat="-38.17503" lon="176.2525">
        <ele>325.0</ele>
      </trkpt>
      <trkpt lat="-38.17494" lon="176.25244">
        <ele>325.4</ele>
      </trkpt>
      <trkpt lat="-38.17484" lon="176.25241">
        <ele>325.9</ele>
      </trkpt>
      <trkpt lat="-38.17481" lon="176.25237">
        <ele>326.1</ele>
      </trkpt>
      <trkpt lat="-38.17481" lon="176.25232">
        <ele>326.3</ele>
      </trkpt>
      <trkpt lat="-38.17481" lon="176.25226">
        <ele>326.5</ele>
      </trkpt>
      <trkpt lat="-38.1748" lon="176.2522">
        <ele>326.7</ele>
      </trkpt>
      <trkpt lat="-38.17478" lon="176.25218">
        <ele>326.9</ele>
      </trkpt>
      <trkpt lat="-38.17462" lon="176.25214">
        <ele>327.7</ele>
      </trkpt>
      <trkpt lat="-38.1746" lon="176.25212">
        <ele>327.9</ele>
      </trkpt>
      <trkpt lat="-38.17457" lon="176.25204">
        <ele>328.1</ele>
      </trkpt>
      <trkpt lat="-38.17489" lon="176.25208">
        <ele>325.4</ele>
      </trkpt>
      <trkpt lat="-38.1749" lon="176.25176">
        <ele>325.0</ele>
      </trkpt>
      <trkpt lat="-38.175" lon="176.25156">
        <ele>324.1</ele>
      </trkpt>
      <trkpt lat="-38.17507" lon="176.25152">
        <ele>323.9</ele>
      </trkpt>
      <trkpt lat="-38.175" lon="176.25072">
        <ele>325.1</ele>
      </trkpt>
      <trkpt lat="-38.17491" lon="176.25026">
        <ele>324.9</ele>
      </trkpt>
      <trkpt lat="-38.1749" lon="176.25012">
        <ele>324.8</ele>
      </trkpt>
      <trkpt lat="-38.1749" lon="176.24986">
        <ele>324.7</ele>
      </trkpt>
      <trkpt lat="-38.17489" lon="176.24969">
        <ele>324.7</ele>
      </trkpt>
      <trkpt lat="-38.17485" lon="176.2496">
        <ele>324.7</ele>
      </trkpt>
      <trkpt lat="-38.17479" lon="176.24951">
        <ele>324.9</ele>
      </trkpt>
      <trkpt lat="-38.174808" lon="176.249491">
        <ele>324.6</ele>
      </trkpt>
      <trkpt lat="-38.17475" lon="176.24933">
        <ele>324.6</ele>
      </trkpt>
      <trkpt lat="-38.17472" lon="176.24896">
        <ele>325.6</ele>
      </trkpt>
      <trkpt lat="-38.17467" lon="176.24877">
        <ele>327.4</ele>
      </trkpt>
      <trkpt lat="-38.17458" lon="176.24857">
        <ele>329.8</ele>
      </trkpt>
      <trkpt lat="-38.17442" lon="176.24825">
        <ele>333.5</ele>
      </trkpt>
      <trkpt lat="-38.17464" lon="176.24819">
        <ele>331.2</ele>
      </trkpt>
      <trkpt lat="-38.17471" lon="176.24814">
        <ele>330.6</ele>
      </trkpt>
      <trkpt lat="-38.17475" lon="176.24808">
        <ele>330.5</ele>
      </trkpt>
      <trkpt lat="-38.17478" lon="176.24799">
        <ele>330.7</ele>
      </trkpt>
      <trkpt lat="-38.17476" lon="176.24786">
        <ele>331.7</ele>
      </trkpt>
      <trkpt lat="-38.17472" lon="176.24776">
        <ele>332.8</ele>
      </trkpt>
      <trkpt lat="-38.17472" lon="176.24776">
        <ele>332.8</ele>
      </trkpt>
      <trkpt lat="-38.17472" lon="176.24776">
        <ele>332.8</ele>
      </trkpt>
      <trkpt lat="-38.17459" lon="176.24761">
        <ele>335.3</ele>
      </trkpt>
      <trkpt lat="-38.1745" lon="176.24757">
        <ele>336.6</ele>
      </trkpt>
      <trkpt lat="-38.17444" lon="176.24758">
        <ele>337.2</ele>
      </trkpt>
      <trkpt lat="-38.17419" lon="176.24775">
        <ele>339.2</ele>
      </trkpt>
      <trkpt lat="-38.1741" lon="176.24769">
        <ele>340.4</ele>
      </trkpt>
      <trkpt lat="-38.17404" lon="176.24763">
        <ele>340.9</ele>
      </trkpt>
      <trkpt lat="-38.174" lon="176.24751">
        <ele>341.2</ele>
      </trkpt>
      <trkpt lat="-38.17398" lon="176.24729">
        <ele>340.9</ele>
      </trkpt>
      <trkpt lat="-38.17388" lon="176.24674">
        <ele>338.8</ele>
      </trkpt>
      <trkpt lat="-38.17382" lon="176.24662">
        <ele>339.1</ele>
      </trkpt>
      <trkpt lat="-38.17382" lon="176.24662">
        <ele>339.1</ele>
      </trkpt>
      <trkpt lat="-38.1738" lon="176.24657">
        <ele>340.2</ele>
      </trkpt>
      <trkpt lat="-38.17372" lon="176.24649">
        <ele>341.6</ele>
      </trkpt>
      <trkpt lat="-38.17358" lon="176.24643">
        <ele>341.8</ele>
      </trkpt>
      <trkpt lat="-38.17342" lon="176.24639">
        <ele>341.5</ele>
      </trkpt>
      <trkpt lat="-38.17308" lon="176.24639">
        <ele>339.0</ele>
      </trkpt>
      <trkpt lat="-38.17295" lon="176.24634">
        <ele>339.5</ele>
      </trkpt>
      <trkpt lat="-38.1728" lon="176.24625">
        <ele>340.5</ele>
      </trkpt>
      <trkpt lat="-38.17265" lon="176.2462">
        <ele>340.3</ele>
      </trkpt>
      <trkpt lat="-38.1724" lon="176.24617">
        <ele>338.7</ele>
      </trkpt>
      <trkpt lat="-38.17214" lon="176.2461">
        <ele>337.7</ele>
      </trkpt>
      <trkpt lat="-38.17194" lon="176.246">
        <ele>337.4</ele>
      </trkpt>
      <trkpt lat="-38.17183" lon="176.24597">
        <ele>336.8</ele>
      </trkpt>
      <trkpt lat="-38.17161" lon="176.24597">
        <ele>335.0</ele>
      </trkpt>
      <trkpt lat="-38.17143" lon="176.24599">
        <ele>334.3</ele>
      </trkpt>
      <trkpt lat="-38.17104" lon="176.2461">
        <ele>331.7</ele>
      </trkpt>
      <trkpt lat="-38.17098" lon="176.24615">
        <ele>330.9</ele>
      </trkpt>
      <trkpt lat="-38.17083" lon="176.24636">
        <ele>327.4</ele>
      </trkpt>
      <trkpt lat="-38.17071" lon="176.24644">
        <ele>326.4</ele>
      </trkpt>
      <trkpt lat="-38.17065" lon="176.24644">
        <ele>326.5</ele>
      </trkpt>
      <trkpt lat="-38.17055" lon="176.2464">
        <ele>327.1</ele>
      </trkpt>
      <trkpt lat="-38.17026" lon="176.24622">
        <ele>329.3</ele>
      </trkpt>
      <trkpt lat="-38.17017" lon="176.24619">
        <ele>329.6</ele>
      </trkpt>
      <trkpt lat="-38.16994" lon="176.24617">
        <ele>329.4</ele>
      </trkpt>
      <trkpt lat="-38.16974" lon="176.24621">
        <ele>327.7</ele>
      </trkpt>
      <trkpt lat="-38.16922" lon="176.24645">
        <ele>321.7</ele>
      </trkpt>
      <trkpt lat="-38.16911" lon="176.24649">
        <ele>320.6</ele>
      </trkpt>
      <trkpt lat="-38.16902" lon="176.2465">
        <ele>320.1</ele>
      </trkpt>
      <trkpt lat="-38.16827" lon="176.24638">
        <ele>317.5</ele>
      </trkpt>
      <trkpt lat="-38.16818" lon="176.24636">
        <ele>317.4</ele>
      </trkpt>
      <trkpt lat="-38.1681" lon="176.24631">
        <ele>317.4</ele>
      </trkpt>
      <trkpt lat="-38.16797" lon="176.24615">
        <ele>318.1</ele>
      </trkpt>
      <trkpt lat="-38.16794" lon="176.24605">
        <ele>318.6</ele>
      </trkpt>
      <trkpt lat="-38.16792" lon="176.24602">
        <ele>318.8</ele>
      </trkpt>
      <trkpt lat="-38.16773" lon="176.24596">
        <ele>318.7</ele>
      </trkpt>
      <trkpt lat="-38.16762" lon="176.24596">
        <ele>318.4</ele>
      </trkpt>
      <trkpt lat="-38.16739" lon="176.24611">
        <ele>317.3</ele>
      </trkpt>
      <trkpt lat="-38.16735" lon="176.2461">
        <ele>317.5</ele>
      </trkpt>
      <trkpt lat="-38.16734" lon="176.24605">
        <ele>317.9</ele>
      </trkpt>
      <trkpt lat="-38.16737" lon="176.24602">
        <ele>318.0</ele>
      </trkpt>
      <trkpt lat="-38.16748" lon="176.24596">
        <ele>318.1</ele>
      </trkpt>
      <trkpt lat="-38.16756" lon="176.24588">
        <ele>318.8</ele>
      </trkpt>
      <trkpt lat="-38.16769" lon="176.24582">
        <ele>319.6</ele>
      </trkpt>
      <trkpt lat="-38.16772" lon="176.24575">
        <ele>320.7</ele>
      </trkpt>
      <trkpt lat="-38.16771" lon="176.24573">
        <ele>320.9</ele>
      </trkpt>
      <trkpt lat="-38.16768" lon="176.2457">
        <ele>321.2</ele>
      </trkpt>
      <trkpt lat="-38.16756" lon="176.24578">
        <ele>319.9</ele>
      </trkpt>
      <trkpt lat="-38.16749" lon="176.2458">
        <ele>319.5</ele>
      </trkpt>
      <trkpt lat="-38.16737" lon="176.24584">
        <ele>319.3</ele>
      </trkpt>
      <trkpt lat="-38.16733" lon="176.24577">
        <ele>320.2</ele>
      </trkpt>
      <trkpt lat="-38.16728" lon="176.24576">
        <ele>320.4</ele>
      </trkpt>
      <trkpt lat="-38.16716" lon="176.24579">
        <ele>320.3</ele>
      </trkpt>
      <trkpt lat="-38.1663" lon="176.24623">
        <ele>318.4</ele>
      </trkpt>
      <trkpt lat="-38.1662" lon="176.24632">
        <ele>317.8</ele>
      </trkpt>
      <trkpt lat="-38.16615" lon="176.24634">
        <ele>317.7</ele>
      </trkpt>
      <trkpt lat="-38.16564" lon="176.24674">
        <ele>316.3</ele>
      </trkpt>
      <trkpt lat="-38.16533" lon="176.24702">
        <ele>316.3</ele>
      </trkpt>
      <trkpt lat="-38.1653" lon="176.24695">
        <ele>316.5</ele>
      </trkpt>
      <trkpt lat="-38.16537" lon="176.24682">
        <ele>316.7</ele>
      </trkpt>
      <trkpt lat="-38.16539" lon="176.24673">
        <ele>316.9</ele>
      </trkpt>
      <trkpt lat="-38.16522" lon="176.24667">
        <ele>317.5</ele>
      </trkpt>
      <trkpt lat="-38.16516" lon="176.24671">
        <ele>317.5</ele>
      </trkpt>
      <trkpt lat="-38.16508" lon="176.24669">
        <ele>317.7</ele>
      </trkpt>
      <trkpt lat="-38.16508" lon="176.24669">
        <ele>317.7</ele>
      </trkpt>
      <trkpt lat="-38.16499" lon="176.24667">
        <ele>317.9</ele>
      </trkpt>
      <trkpt lat="-38.16487" lon="176.2466">
        <ele>317.3</ele>
      </trkpt>
      <trkpt lat="-38.16486" lon="176.24657">
        <ele>317.3</ele>
      </trkpt>
      <trkpt lat="-38.16464" lon="176.24656">
        <ele>315.7</ele>
      </trkpt>
      <trkpt lat="-38.16457" lon="176.24685">
        <ele>314.1</ele>
      </trkpt>
      <trkpt lat="-38.16442" lon="176.24726">
        <ele>312.5</ele>
      </trkpt>
      <trkpt lat="-38.16442" lon="176.24727">
        <ele>312.5</ele>
      </trkpt>
      <trkpt lat="-38.16442" lon="176.24726">
        <ele>312.5</ele>
      </trkpt>
      <trkpt lat="-38.16422" lon="176.24782">
        <ele>311.6</ele>
      </trkpt>
      <trkpt lat="-38.1638" lon="176.24882">
        <ele>313.4</ele>
      </trkpt>
      <trkpt lat="-38.16373" lon="176.24902">
        <ele>313.7</ele>
      </trkpt>
      <trkpt lat="-38.16372" lon="176.24908">
        <ele>313.8</ele>
      </trkpt>
      <trkpt lat="-38.16234" lon="176.2521">
        <ele>307.8</ele>
      </trkpt>
      <trkpt lat="-38.16205" lon="176.25258">
        <ele>308.4</ele>
      </trkpt>
      <trkpt lat="-38.16154" lon="176.25329">
        <ele>307.6</ele>
      </trkpt>
      <trkpt lat="-38.16132" lon="176.25354">
        <ele>307.1</ele>
      </trkpt>
      <trkpt lat="-38.16121" lon="176.25362">
        <ele>307.1</ele>
      </trkpt>
      <trkpt lat="-38.16109" lon="176.2537">
        <ele>307.3</ele>
      </trkpt>
      <trkpt lat="-38.16085" lon="176.25376">
        <ele>307.6</ele>
      </trkpt>
      <trkpt lat="-38.16067" lon="176.25376">
        <ele>306.8</ele>
      </trkpt>
      <trkpt lat="-38.16056" lon="176.2537">
        <ele>306.0</ele>
      </trkpt>
      <trkpt lat="-38.15906" lon="176.2537">
        <ele>303.3</ele>
      </trkpt>
      <trkpt lat="-38.15891" lon="176.25366">
        <ele>303.7</ele>
      </trkpt>
      <trkpt lat="-38.15884" lon="176.25364">
        <ele>303.9</ele>
      </trkpt>
      <trkpt lat="-38.15876" lon="176.2536">
        <ele>304.2</ele>
      </trkpt>
      <trkpt lat="-38.15868" lon="176.25363">
        <ele>304.2</ele>
      </trkpt>
      <trkpt lat="-38.15865" lon="176.25366">
        <ele>304.2</ele>
      </trkpt>
      <trkpt lat="-38.15842" lon="176.25369">
        <ele>304.6</ele>
      </trkpt>
      <trkpt lat="-38.15446" lon="176.25372">
        <ele>299.8</ele>
      </trkpt>
      <trkpt lat="-38.15377" lon="176.25375">
        <ele>299.5</ele>
      </trkpt>
      <trkpt lat="-38.15364" lon="176.25374">
        <ele>299.2</ele>
      </trkpt>
      <trkpt lat="-38.15357" lon="176.25373">
        <ele>299.1</ele>
      </trkpt>
      <trkpt lat="-38.15354" lon="176.2537">
        <ele>299.1</ele>
      </trkpt>
      <trkpt lat="-38.15347" lon="176.25368">
        <ele>298.9</ele>
      </trkpt>
      <trkpt lat="-38.15341" lon="176.25373">
        <ele>298.7</ele>
      </trkpt>
      <trkpt lat="-38.15326" lon="176.25375">
        <ele>298.4</ele>
      </trkpt>
      <trkpt lat="-38.15137" lon="176.25375">
        <ele>294.8</ele>
      </trkpt>
      <trkpt lat="-38.15125" lon="176.25374">
        <ele>294.5</ele>
      </trkpt>
      <trkpt lat="-38.15119" lon="176.25369">
        <ele>294.2</ele>
      </trkpt>
      <trkpt lat="-38.15111" lon="176.2537">
        <ele>294.0</ele>
      </trkpt>
      <trkpt lat="-38.15109" lon="176.25373">
        <ele>294.1</ele>
      </trkpt>
      <trkpt lat="-38.15094" lon="176.25375">
        <ele>293.8</ele>
      </trkpt>
      <trkpt lat="-38.15003" lon="176.25376">
        <ele>295.0</ele>
      </trkpt>
      <trkpt lat="-38.14939" lon="176.25376">
        <ele>295.4</ele>
      </trkpt>
      <trkpt lat="-38.14939" lon="176.25376">
        <ele>295.4</ele>
      </trkpt>
      <trkpt lat="-38.14235" lon="176.25376">
        <ele>288.1</ele>
      </trkpt>
      <trkpt lat="-38.14107" lon="176.25374">
        <ele>289.6</ele>
      </trkpt>
      <trkpt lat="-38.141" lon="176.25371">
        <ele>289.7</ele>
      </trkpt>
      <trkpt lat="-38.14079" lon="176.25371">
        <ele>290.0</ele>
      </trkpt>
      <trkpt lat="-38.14065" lon="176.25373">
        <ele>290.0</ele>
      </trkpt>
      <trkpt lat="-38.13971" lon="176.25374">
        <ele>290.2</ele>
      </trkpt>
      <trkpt lat="-38.13926" lon="176.25374">
        <ele>290.5</ele>
      </trkpt>
      <trkpt lat="-38.13888" lon="176.253747">
        <ele>290.3</ele>
      </trkpt>
      <trkpt lat="-38.138806" lon="176.254041">
        <ele>290.1</ele>
      </trkpt>
      <trkpt lat="-38.138806" lon="176.254041">
        <ele>290.1</ele>
      </trkpt>
      <trkpt lat="-38.138798" lon="176.25555">
        <ele>289.8</ele>
      </trkpt>
      <trkpt lat="-38.1388" lon="176.25554">
        <ele>289.8</ele>
      </trkpt>
      <trkpt lat="-38.13822" lon="176.25554">
        <ele>290.1</ele>
      </trkpt>
      <trkpt lat="-38.13811" lon="176.2555">
        <ele>290.2</ele>
      </trkpt>
      <trkpt lat="-38.13797" lon="176.25548">
        <ele>290.4</ele>
      </trkpt>
      <trkpt lat="-38.13792" lon="176.25542">
        <ele>290.5</ele>
      </trkpt>
      <trkpt lat="-38.13787" lon="176.25541">
        <ele>290.6</ele>
      </trkpt>
      <trkpt lat="-38.13782" lon="176.25543">
        <ele>290.6</ele>
      </trkpt>
      <trkpt lat="-38.13782" lon="176.25543">
        <ele>290.6</ele>
      </trkpt>
      <trkpt lat="-38.13778" lon="176.25548">
        <ele>290.6</ele>
      </trkpt>
      <trkpt lat="-38.13763" lon="176.25549">
        <ele>290.7</ele>
      </trkpt>
      <trkpt lat="-38.13757" lon="176.25553">
        <ele>290.7</ele>
      </trkpt>
      <trkpt lat="-38.13727" lon="176.25553">
        <ele>290.7</ele>
      </trkpt>
      <trkpt lat="-38.13727" lon="176.25553">
        <ele>290.7</ele>
      </trkpt>
      <trkpt lat="-38.13654" lon="176.25553">
        <ele>290.5</ele>
      </trkpt>
      <trkpt lat="-38.1358" lon="176.25553">
        <ele>289.7</ele>
      </trkpt>
      <trkpt lat="-38.13562" lon="176.25546">
        <ele>289.9</ele>
      </trkpt>
      <trkpt lat="-38.13493" lon="176.25547">
        <ele>289.8</ele>
      </trkpt>
      <trkpt lat="-38.13487" lon="176.25548">
        <ele>289.7</ele>
      </trkpt>
      <trkpt lat="-38.13487" lon="176.2556">
        <ele>289.7</ele>
      </trkpt>
      <trkpt lat="-38.13488" lon="176.25653">
        <ele>290.1</ele>
      </trkpt>
      <trkpt lat="-38.13488" lon="176.25746">
        <ele>291.6</ele>
      </trkpt>
      <trkpt lat="-38.13489" lon="176.25839">
        <ele>292.5</ele>
      </trkpt>
      <trkpt lat="-38.13483" lon="176.25844">
        <ele>292.3</ele>
      </trkpt>
      <trkpt lat="-38.13482" lon="176.25852">
        <ele>292.1</ele>
      </trkpt>
      <trkpt lat="-38.13484" lon="176.25857">
        <ele>292.1</ele>
      </trkpt>
      <trkpt lat="-38.13491" lon="176.2586">
        <ele>292.4</ele>
      </trkpt>
    </trkseg>
  </trk>
</gpx>
