<?xml version="1.0" encoding="UTF-8"?>
<gpx xmlns:gpxdata="http://www.cluetrust.com/XML/GPXDATA/1/0" xmlns:xsi="http://www.w3.org/2001/XMLSchema-instance" xmlns="http://www.topografix.com/GPX/1/1" version="1.1" creator="http://ridewithgps.com/" xsi:schemaLocation="http://www.topografix.com/GPX/1/1 http://www.topografix.com/GPX/1/1/gpx.xsd http://www.cluetrust.com/XML/GPXDATA/1/0 http://www.cluetrust.com/Schemas/gpxdata10.xsd">
  <metadata>
    <name>Te Awa to Kawhia -Hamilton Raglan K O  loop</name>
    <link href="https://ridewithgps.com/routes/54614154">
      <text>Te Awa to Kawhia -Hamilton Raglan K O  loop</text>
    </link>
    <time>2026-04-12T12:23:30Z</time>
  </metadata>
  <trk>
    <name>Te Awa to Kawhia -Hamilton Raglan K O  loop</name>
    <trkseg>
      <trkpt lat="-37.79097" lon="175.26599">
        <ele>42.6</ele>
      </trkpt>
      <trkpt lat="-37.79097" lon="175.26599">
        <ele>42.6</ele>
      </trkpt>
      <trkpt lat="-37.791" lon="175.26602">
        <ele>42.5</ele>
      </trkpt>
      <trkpt lat="-37.79117" lon="175.26613">
        <ele>41.9</ele>
      </trkpt>
      <trkpt lat="-37.79127" lon="175.26618">
        <ele>41.5</ele>
      </trkpt>
      <trkpt lat="-37.79137" lon="175.2662">
        <ele>41.1</ele>
      </trkpt>
      <trkpt lat="-37.79144" lon="175.26619">
        <ele>40.8</ele>
      </trkpt>
      <trkpt lat="-37.79161" lon="175.26612">
        <ele>39.9</ele>
      </trkpt>
      <trkpt lat="-37.79165" lon="175.26607">
        <ele>39.6</ele>
      </trkpt>
      <trkpt lat="-37.79174" lon="175.26599">
        <ele>39.5</ele>
      </trkpt>
      <trkpt lat="-37.7918" lon="175.26595">
        <ele>39.4</ele>
      </trkpt>
      <trkpt lat="-37.79186" lon="175.26594">
        <ele>39.5</ele>
      </trkpt>
      <trkpt lat="-37.79195" lon="175.26595">
        <ele>39.6</ele>
      </trkpt>
      <trkpt lat="-37.79233" lon="175.26607">
        <ele>40.4</ele>
      </trkpt>
      <trkpt lat="-37.79275" lon="175.26614">
        <ele>40.2</ele>
      </trkpt>
      <trkpt lat="-37.79288" lon="175.26617">
        <ele>40.0</ele>
      </trkpt>
      <trkpt lat="-37.79285" lon="175.26625">
        <ele>40.2</ele>
      </trkpt>
      <trkpt lat="-37.7928" lon="175.26628">
        <ele>40.3</ele>
      </trkpt>
      <trkpt lat="-37.7927" lon="175.26632">
        <ele>40.6</ele>
      </trkpt>
      <trkpt lat="-37.79264" lon="175.26633">
        <ele>40.8</ele>
      </trkpt>
      <trkpt lat="-37.79254" lon="175.26631">
        <ele>41.0</ele>
      </trkpt>
      <trkpt lat="-37.79229" lon="175.2663">
        <ele>40.9</ele>
      </trkpt>
      <trkpt lat="-37.79218" lon="175.26633">
        <ele>40.8</ele>
      </trkpt>
      <trkpt lat="-37.79201" lon="175.2664">
        <ele>40.8</ele>
      </trkpt>
      <trkpt lat="-37.7915" lon="175.26675">
        <ele>42.1</ele>
      </trkpt>
      <trkpt lat="-37.79131" lon="175.26683">
        <ele>43.0</ele>
      </trkpt>
      <trkpt lat="-37.79092" lon="175.26692">
        <ele>44.2</ele>
      </trkpt>
      <trkpt lat="-37.79079" lon="175.267">
        <ele>44.3</ele>
      </trkpt>
      <trkpt lat="-37.79071" lon="175.26706">
        <ele>44.2</ele>
      </trkpt>
      <trkpt lat="-37.79068" lon="175.26712">
        <ele>44.2</ele>
      </trkpt>
      <trkpt lat="-37.79063" lon="175.26723">
        <ele>44.1</ele>
      </trkpt>
      <trkpt lat="-37.79048" lon="175.26762">
        <ele>43.8</ele>
      </trkpt>
      <trkpt lat="-37.7904" lon="175.26778">
        <ele>43.6</ele>
      </trkpt>
      <trkpt lat="-37.79033" lon="175.26791">
        <ele>43.3</ele>
      </trkpt>
      <trkpt lat="-37.78994" lon="175.26842">
        <ele>41.6</ele>
      </trkpt>
      <trkpt lat="-37.78964" lon="175.26885">
        <ele>42.6</ele>
      </trkpt>
      <trkpt lat="-37.78933" lon="175.26941">
        <ele>43.8</ele>
      </trkpt>
      <trkpt lat="-37.78926" lon="175.26948">
        <ele>44.0</ele>
      </trkpt>
      <trkpt lat="-37.78925" lon="175.26949">
        <ele>44.0</ele>
      </trkpt>
      <trkpt lat="-37.78928" lon="175.26956">
        <ele>44.2</ele>
      </trkpt>
      <trkpt lat="-37.78928" lon="175.2696">
        <ele>44.2</ele>
      </trkpt>
      <trkpt lat="-37.78917" lon="175.26998">
        <ele>44.5</ele>
      </trkpt>
      <trkpt lat="-37.78914" lon="175.27013">
        <ele>44.6</ele>
      </trkpt>
      <trkpt lat="-37.78898" lon="175.27117">
        <ele>45.3</ele>
      </trkpt>
      <trkpt lat="-37.78898" lon="175.27128">
        <ele>45.4</ele>
      </trkpt>
      <trkpt lat="-37.78893" lon="175.27151">
        <ele>45.6</ele>
      </trkpt>
      <trkpt lat="-37.78878" lon="175.27224">
        <ele>46.6</ele>
      </trkpt>
      <trkpt lat="-37.78862" lon="175.2733">
        <ele>47.9</ele>
      </trkpt>
      <trkpt lat="-37.78846" lon="175.27435">
        <ele>46.1</ele>
      </trkpt>
      <trkpt lat="-37.78853" lon="175.27443">
        <ele>46.2</ele>
      </trkpt>
      <trkpt lat="-37.78845" lon="175.27456">
        <ele>45.6</ele>
      </trkpt>
      <trkpt lat="-37.78837" lon="175.27448">
        <ele>45.4</ele>
      </trkpt>
      <trkpt lat="-37.78829" lon="175.27444">
        <ele>45.3</ele>
      </trkpt>
      <trkpt lat="-37.78826" lon="175.27443">
        <ele>45.2</ele>
      </trkpt>
      <trkpt lat="-37.78824" lon="175.27443">
        <ele>45.2</ele>
      </trkpt>
      <trkpt lat="-37.78821" lon="175.27446">
        <ele>45.1</ele>
      </trkpt>
      <trkpt lat="-37.78819" lon="175.27449">
        <ele>44.9</ele>
      </trkpt>
      <trkpt lat="-37.78816" lon="175.27462">
        <ele>44.6</ele>
      </trkpt>
      <trkpt lat="-37.78798" lon="175.27566">
        <ele>44.3</ele>
      </trkpt>
      <trkpt lat="-37.78795" lon="175.27577">
        <ele>44.2</ele>
      </trkpt>
      <trkpt lat="-37.78789" lon="175.27597">
        <ele>44.6</ele>
      </trkpt>
      <trkpt lat="-37.78779" lon="175.27618">
        <ele>45.3</ele>
      </trkpt>
      <trkpt lat="-37.78776" lon="175.27625">
        <ele>45.6</ele>
      </trkpt>
      <trkpt lat="-37.7877" lon="175.27636">
        <ele>46.1</ele>
      </trkpt>
      <trkpt lat="-37.78769" lon="175.2764">
        <ele>46.4</ele>
      </trkpt>
      <trkpt lat="-37.78763" lon="175.27634">
        <ele>45.7</ele>
      </trkpt>
      <trkpt lat="-37.78723" lon="175.27703">
        <ele>46.9</ele>
      </trkpt>
      <trkpt lat="-37.7869" lon="175.27756">
        <ele>45.2</ele>
      </trkpt>
      <trkpt lat="-37.78668" lon="175.27799">
        <ele>45.2</ele>
      </trkpt>
      <trkpt lat="-37.78659" lon="175.27814">
        <ele>45.5</ele>
      </trkpt>
      <trkpt lat="-37.78656" lon="175.27823">
        <ele>45.8</ele>
      </trkpt>
      <trkpt lat="-37.78624" lon="175.27876">
        <ele>47.2</ele>
      </trkpt>
      <trkpt lat="-37.78608" lon="175.27907">
        <ele>47.3</ele>
      </trkpt>
      <trkpt lat="-37.78571" lon="175.2797">
        <ele>47.9</ele>
      </trkpt>
      <trkpt lat="-37.78535" lon="175.28032">
        <ele>50.6</ele>
      </trkpt>
      <trkpt lat="-37.78499" lon="175.28095">
        <ele>53.5</ele>
      </trkpt>
      <trkpt lat="-37.78493" lon="175.28086">
        <ele>53.3</ele>
      </trkpt>
      <trkpt lat="-37.78469" lon="175.28065">
        <ele>50.7</ele>
      </trkpt>
      <trkpt lat="-37.78463" lon="175.28055">
        <ele>49.9</ele>
      </trkpt>
      <trkpt lat="-37.78417" lon="175.28013">
        <ele>47.0</ele>
      </trkpt>
      <trkpt lat="-37.78372" lon="175.27972">
        <ele>47.0</ele>
      </trkpt>
      <trkpt lat="-37.78362" lon="175.27963">
        <ele>47.3</ele>
      </trkpt>
      <trkpt lat="-37.78351" lon="175.2796">
        <ele>47.6</ele>
      </trkpt>
      <trkpt lat="-37.78329" lon="175.27941">
        <ele>48.4</ele>
      </trkpt>
      <trkpt lat="-37.78322" lon="175.27932">
        <ele>48.5</ele>
      </trkpt>
      <trkpt lat="-37.7827" lon="175.28023">
        <ele>46.4</ele>
      </trkpt>
      <trkpt lat="-37.7827" lon="175.28023">
        <ele>46.4</ele>
      </trkpt>
      <trkpt lat="-37.78269" lon="175.28025">
        <ele>46.2</ele>
      </trkpt>
      <trkpt lat="-37.78275" lon="175.28029">
        <ele>46.0</ele>
      </trkpt>
      <trkpt lat="-37.78266" lon="175.28046">
        <ele>44.9</ele>
      </trkpt>
      <trkpt lat="-37.7825" lon="175.28066">
        <ele>43.2</ele>
      </trkpt>
      <trkpt lat="-37.78246" lon="175.28087">
        <ele>40.7</ele>
      </trkpt>
      <trkpt lat="-37.78247" lon="175.28093">
        <ele>39.9</ele>
      </trkpt>
      <trkpt lat="-37.78252" lon="175.28099">
        <ele>39.5</ele>
      </trkpt>
      <trkpt lat="-37.78258" lon="175.28102">
        <ele>39.3</ele>
      </trkpt>
      <trkpt lat="-37.78258" lon="175.28104">
        <ele>38.9</ele>
      </trkpt>
      <trkpt lat="-37.78256" lon="175.28104">
        <ele>38.8</ele>
      </trkpt>
      <trkpt lat="-37.78237" lon="175.28096">
        <ele>37.9</ele>
      </trkpt>
      <trkpt lat="-37.78223" lon="175.28085">
        <ele>37.0</ele>
      </trkpt>
      <trkpt lat="-37.78219" lon="175.28081">
        <ele>36.6</ele>
      </trkpt>
      <trkpt lat="-37.78219" lon="175.28081">
        <ele>36.6</ele>
      </trkpt>
      <trkpt lat="-37.78219" lon="175.28082">
        <ele>36.5</ele>
      </trkpt>
      <trkpt lat="-37.7822" lon="175.28085">
        <ele>36.4</ele>
      </trkpt>
      <trkpt lat="-37.78226" lon="175.28092">
        <ele>36.7</ele>
      </trkpt>
      <trkpt lat="-37.78226" lon="175.28095">
        <ele>36.4</ele>
      </trkpt>
      <trkpt lat="-37.78223" lon="175.28096">
        <ele>35.8</ele>
      </trkpt>
      <trkpt lat="-37.7822" lon="175.28095">
        <ele>35.4</ele>
      </trkpt>
      <trkpt lat="-37.78213" lon="175.28086">
        <ele>35.1</ele>
      </trkpt>
      <trkpt lat="-37.78207" lon="175.28082">
        <ele>34.4</ele>
      </trkpt>
      <trkpt lat="-37.78202" lon="175.28081">
        <ele>33.6</ele>
      </trkpt>
      <trkpt lat="-37.78199" lon="175.28083">
        <ele>32.8</ele>
      </trkpt>
      <trkpt lat="-37.78192" lon="175.28089">
        <ele>31.4</ele>
      </trkpt>
      <trkpt lat="-37.78186" lon="175.28092">
        <ele>30.3</ele>
      </trkpt>
      <trkpt lat="-37.7818" lon="175.28092">
        <ele>29.3</ele>
      </trkpt>
      <trkpt lat="-37.78172" lon="175.28088">
        <ele>28.0</ele>
      </trkpt>
      <trkpt lat="-37.7817" lon="175.28088">
        <ele>27.7</ele>
      </trkpt>
      <trkpt lat="-37.78162" lon="175.28085">
        <ele>26.9</ele>
      </trkpt>
      <trkpt lat="-37.78125" lon="175.28069">
        <ele>26.9</ele>
      </trkpt>
      <trkpt lat="-37.78111" lon="175.28061">
        <ele>27.1</ele>
      </trkpt>
      <trkpt lat="-37.7808" lon="175.28053">
        <ele>27.0</ele>
      </trkpt>
      <trkpt lat="-37.78043" lon="175.28026">
        <ele>28.1</ele>
      </trkpt>
      <trkpt lat="-37.78033" lon="175.28017">
        <ele>27.7</ele>
      </trkpt>
      <trkpt lat="-37.78023" lon="175.28007">
        <ele>27.0</ele>
      </trkpt>
      <trkpt lat="-37.78018" lon="175.27997">
        <ele>26.9</ele>
      </trkpt>
      <trkpt lat="-37.78002" lon="175.2799">
        <ele>26.4</ele>
      </trkpt>
      <trkpt lat="-37.77947" lon="175.27949">
        <ele>29.2</ele>
      </trkpt>
      <trkpt lat="-37.7791" lon="175.27908">
        <ele>30.9</ele>
      </trkpt>
      <trkpt lat="-37.77872" lon="175.27866">
        <ele>32.6</ele>
      </trkpt>
      <trkpt lat="-37.77834" lon="175.2782">
        <ele>30.4</ele>
      </trkpt>
      <trkpt lat="-37.77795" lon="175.27773">
        <ele>28.1</ele>
      </trkpt>
      <trkpt lat="-37.77751" lon="175.27728">
        <ele>26.3</ele>
      </trkpt>
      <trkpt lat="-37.7774" lon="175.27709">
        <ele>28.3</ele>
      </trkpt>
      <trkpt lat="-37.77722" lon="175.27678">
        <ele>29.9</ele>
      </trkpt>
      <trkpt lat="-37.77701" lon="175.27648">
        <ele>28.9</ele>
      </trkpt>
      <trkpt lat="-37.7768" lon="175.27609">
        <ele>27.8</ele>
      </trkpt>
      <trkpt lat="-37.77676" lon="175.27606">
        <ele>27.3</ele>
      </trkpt>
      <trkpt lat="-37.77666" lon="175.27591">
        <ele>26.6</ele>
      </trkpt>
      <trkpt lat="-37.77661" lon="175.27572">
        <ele>27.8</ele>
      </trkpt>
      <trkpt lat="-37.77649" lon="175.27547">
        <ele>28.9</ele>
      </trkpt>
      <trkpt lat="-37.77635" lon="175.27526">
        <ele>28.2</ele>
      </trkpt>
      <trkpt lat="-37.77595" lon="175.27477">
        <ele>23.1</ele>
      </trkpt>
      <trkpt lat="-37.77561" lon="175.2743">
        <ele>24.0</ele>
      </trkpt>
      <trkpt lat="-37.77546" lon="175.27408">
        <ele>23.5</ele>
      </trkpt>
      <trkpt lat="-37.77523" lon="175.27366">
        <ele>22.9</ele>
      </trkpt>
      <trkpt lat="-37.77509" lon="175.27349">
        <ele>22.2</ele>
      </trkpt>
      <trkpt lat="-37.77468" lon="175.2728">
        <ele>26.0</ele>
      </trkpt>
      <trkpt lat="-37.77428" lon="175.27212">
        <ele>26.0</ele>
      </trkpt>
      <trkpt lat="-37.77392" lon="175.2714">
        <ele>27.8</ele>
      </trkpt>
      <trkpt lat="-37.77385" lon="175.27121">
        <ele>28.2</ele>
      </trkpt>
      <trkpt lat="-37.77368" lon="175.27082">
        <ele>28.9</ele>
      </trkpt>
      <trkpt lat="-37.77332" lon="175.27034">
        <ele>29.6</ele>
      </trkpt>
      <trkpt lat="-37.77326" lon="175.27021">
        <ele>29.4</ele>
      </trkpt>
      <trkpt lat="-37.77316" lon="175.27011">
        <ele>29.3</ele>
      </trkpt>
      <trkpt lat="-37.77306" lon="175.27006">
        <ele>29.1</ele>
      </trkpt>
      <trkpt lat="-37.77296" lon="175.26999">
        <ele>29.0</ele>
      </trkpt>
      <trkpt lat="-37.77289" lon="175.26991">
        <ele>28.9</ele>
      </trkpt>
      <trkpt lat="-37.77251" lon="175.26964">
        <ele>28.4</ele>
      </trkpt>
      <trkpt lat="-37.7722" lon="175.26936">
        <ele>29.7</ele>
      </trkpt>
      <trkpt lat="-37.77184" lon="175.26885">
        <ele>31.3</ele>
      </trkpt>
      <trkpt lat="-37.77148" lon="175.26835">
        <ele>33.1</ele>
      </trkpt>
      <trkpt lat="-37.77099" lon="175.268">
        <ele>32.0</ele>
      </trkpt>
      <trkpt lat="-37.77053" lon="175.26789">
        <ele>29.0</ele>
      </trkpt>
      <trkpt lat="-37.77014" lon="175.26758">
        <ele>26.5</ele>
      </trkpt>
      <trkpt lat="-37.76975" lon="175.26727">
        <ele>27.5</ele>
      </trkpt>
      <trkpt lat="-37.76918" lon="175.26688">
        <ele>30.2</ele>
      </trkpt>
      <trkpt lat="-37.76869" lon="175.26675">
        <ele>28.7</ele>
      </trkpt>
      <trkpt lat="-37.76837" lon="175.26674">
        <ele>26.9</ele>
      </trkpt>
      <trkpt lat="-37.76822" lon="175.26677">
        <ele>26.6</ele>
      </trkpt>
      <trkpt lat="-37.76777" lon="175.26664">
        <ele>27.1</ele>
      </trkpt>
      <trkpt lat="-37.76701" lon="175.26622">
        <ele>25.6</ele>
      </trkpt>
      <trkpt lat="-37.76646" lon="175.26598">
        <ele>22.9</ele>
      </trkpt>
      <trkpt lat="-37.76583" lon="175.2658">
        <ele>22.2</ele>
      </trkpt>
      <trkpt lat="-37.76519" lon="175.26562">
        <ele>22.5</ele>
      </trkpt>
      <trkpt lat="-37.76456" lon="175.26545">
        <ele>24.4</ele>
      </trkpt>
      <trkpt lat="-37.7645" lon="175.26546">
        <ele>24.5</ele>
      </trkpt>
      <trkpt lat="-37.76443" lon="175.26545">
        <ele>24.7</ele>
      </trkpt>
      <trkpt lat="-37.76439" lon="175.26543">
        <ele>24.9</ele>
      </trkpt>
      <trkpt lat="-37.76429" lon="175.26532">
        <ele>25.6</ele>
      </trkpt>
      <trkpt lat="-37.76425" lon="175.26533">
        <ele>25.6</ele>
      </trkpt>
      <trkpt lat="-37.76396" lon="175.26518">
        <ele>25.6</ele>
      </trkpt>
      <trkpt lat="-37.76352" lon="175.26485">
        <ele>22.8</ele>
      </trkpt>
      <trkpt lat="-37.7632" lon="175.26457">
        <ele>23.1</ele>
      </trkpt>
      <trkpt lat="-37.76277" lon="175.26399">
        <ele>25.7</ele>
      </trkpt>
      <trkpt lat="-37.76234" lon="175.26342">
        <ele>25.8</ele>
      </trkpt>
      <trkpt lat="-37.76229" lon="175.26331">
        <ele>26.0</ele>
      </trkpt>
      <trkpt lat="-37.76204" lon="175.26301">
        <ele>28.4</ele>
      </trkpt>
      <trkpt lat="-37.76189" lon="175.26276">
        <ele>29.4</ele>
      </trkpt>
      <trkpt lat="-37.7616" lon="175.26233">
        <ele>31.2</ele>
      </trkpt>
      <trkpt lat="-37.76131" lon="175.26205">
        <ele>34.5</ele>
      </trkpt>
      <trkpt lat="-37.76109" lon="175.26192">
        <ele>36.0</ele>
      </trkpt>
      <trkpt lat="-37.76071" lon="175.2618">
        <ele>37.2</ele>
      </trkpt>
      <trkpt lat="-37.76046" lon="175.26173">
        <ele>37.8</ele>
      </trkpt>
      <trkpt lat="-37.76013" lon="175.26173">
        <ele>37.5</ele>
      </trkpt>
      <trkpt lat="-37.75981" lon="175.26178">
        <ele>37.0</ele>
      </trkpt>
      <trkpt lat="-37.75937" lon="175.26193">
        <ele>35.0</ele>
      </trkpt>
      <trkpt lat="-37.75903" lon="175.26212">
        <ele>32.6</ele>
      </trkpt>
      <trkpt lat="-37.75871" lon="175.26227">
        <ele>32.4</ele>
      </trkpt>
      <trkpt lat="-37.7584" lon="175.26259">
        <ele>31.7</ele>
      </trkpt>
      <trkpt lat="-37.75808" lon="175.26291">
        <ele>31.4</ele>
      </trkpt>
      <trkpt lat="-37.75788" lon="175.26317">
        <ele>30.0</ele>
      </trkpt>
      <trkpt lat="-37.75761" lon="175.26341">
        <ele>29.0</ele>
      </trkpt>
      <trkpt lat="-37.75732" lon="175.26371">
        <ele>28.7</ele>
      </trkpt>
      <trkpt lat="-37.75701" lon="175.26384">
        <ele>30.0</ele>
      </trkpt>
      <trkpt lat="-37.75676" lon="175.26392">
        <ele>31.0</ele>
      </trkpt>
      <trkpt lat="-37.7564" lon="175.26429">
        <ele>25.8</ele>
      </trkpt>
      <trkpt lat="-37.75607" lon="175.26456">
        <ele>20.8</ele>
      </trkpt>
      <trkpt lat="-37.75607" lon="175.26456">
        <ele>20.8</ele>
      </trkpt>
      <trkpt lat="-37.75607" lon="175.26456">
        <ele>20.8</ele>
      </trkpt>
      <trkpt lat="-37.7556" lon="175.26493">
        <ele>17.6</ele>
      </trkpt>
      <trkpt lat="-37.75513" lon="175.26517">
        <ele>21.4</ele>
      </trkpt>
      <trkpt lat="-37.75484" lon="175.26536">
        <ele>22.9</ele>
      </trkpt>
      <trkpt lat="-37.75418" lon="175.26549">
        <ele>23.0</ele>
      </trkpt>
      <trkpt lat="-37.75372" lon="175.26559">
        <ele>23.2</ele>
      </trkpt>
      <trkpt lat="-37.75333" lon="175.26559">
        <ele>23.4</ele>
      </trkpt>
      <trkpt lat="-37.7528" lon="175.26548">
        <ele>22.4</ele>
      </trkpt>
      <trkpt lat="-37.75229" lon="175.26543">
        <ele>22.1</ele>
      </trkpt>
      <trkpt lat="-37.75163" lon="175.26518">
        <ele>24.1</ele>
      </trkpt>
      <trkpt lat="-37.75097" lon="175.26478">
        <ele>24.6</ele>
      </trkpt>
      <trkpt lat="-37.7506" lon="175.26448">
        <ele>25.0</ele>
      </trkpt>
      <trkpt lat="-37.75033" lon="175.26416">
        <ele>23.8</ele>
      </trkpt>
      <trkpt lat="-37.74997" lon="175.26392">
        <ele>23.1</ele>
      </trkpt>
      <trkpt lat="-37.74936" lon="175.26332">
        <ele>24.3</ele>
      </trkpt>
      <trkpt lat="-37.74905" lon="175.26289">
        <ele>27.6</ele>
      </trkpt>
      <trkpt lat="-37.74875" lon="175.26246">
        <ele>30.3</ele>
      </trkpt>
      <trkpt lat="-37.74839" lon="175.26199">
        <ele>26.0</ele>
      </trkpt>
      <trkpt lat="-37.7481" lon="175.26152">
        <ele>23.0</ele>
      </trkpt>
      <trkpt lat="-37.74778" lon="175.261">
        <ele>23.0</ele>
      </trkpt>
      <trkpt lat="-37.74771" lon="175.26083">
        <ele>23.0</ele>
      </trkpt>
      <trkpt lat="-37.74741" lon="175.26034">
        <ele>25.0</ele>
      </trkpt>
      <trkpt lat="-37.74711" lon="175.25985">
        <ele>24.4</ele>
      </trkpt>
      <trkpt lat="-37.74708" lon="175.25967">
        <ele>24.6</ele>
      </trkpt>
      <trkpt lat="-37.747" lon="175.25943">
        <ele>24.6</ele>
      </trkpt>
      <trkpt lat="-37.74677" lon="175.25901">
        <ele>24.8</ele>
      </trkpt>
      <trkpt lat="-37.74635" lon="175.25823">
        <ele>22.4</ele>
      </trkpt>
      <trkpt lat="-37.74629" lon="175.25807">
        <ele>22.2</ele>
      </trkpt>
      <trkpt lat="-37.74611" lon="175.25775">
        <ele>22.3</ele>
      </trkpt>
      <trkpt lat="-37.74581" lon="175.25724">
        <ele>23.6</ele>
      </trkpt>
      <trkpt lat="-37.74564" lon="175.25707">
        <ele>23.3</ele>
      </trkpt>
      <trkpt lat="-37.74558" lon="175.25701">
        <ele>23.0</ele>
      </trkpt>
      <trkpt lat="-37.74553" lon="175.25692">
        <ele>22.7</ele>
      </trkpt>
      <trkpt lat="-37.74542" lon="175.25662">
        <ele>21.7</ele>
      </trkpt>
      <trkpt lat="-37.74519" lon="175.25618">
        <ele>21.8</ele>
      </trkpt>
      <trkpt lat="-37.74508" lon="175.25599">
        <ele>22.3</ele>
      </trkpt>
      <trkpt lat="-37.74492" lon="175.25577">
        <ele>23.1</ele>
      </trkpt>
      <trkpt lat="-37.74474" lon="175.25548">
        <ele>22.9</ele>
      </trkpt>
      <trkpt lat="-37.74444" lon="175.25485">
        <ele>21.3</ele>
      </trkpt>
      <trkpt lat="-37.74436" lon="175.25471">
        <ele>21.6</ele>
      </trkpt>
      <trkpt lat="-37.74424" lon="175.25458">
        <ele>21.8</ele>
      </trkpt>
      <trkpt lat="-37.74414" lon="175.25451">
        <ele>21.8</ele>
      </trkpt>
      <trkpt lat="-37.744" lon="175.25446">
        <ele>21.5</ele>
      </trkpt>
      <trkpt lat="-37.74376" lon="175.25441">
        <ele>20.5</ele>
      </trkpt>
      <trkpt lat="-37.74371" lon="175.25439">
        <ele>20.4</ele>
      </trkpt>
      <trkpt lat="-37.74366" lon="175.25434">
        <ele>20.3</ele>
      </trkpt>
      <trkpt lat="-37.74316" lon="175.25367">
        <ele>21.3</ele>
      </trkpt>
      <trkpt lat="-37.74306" lon="175.25351">
        <ele>21.8</ele>
      </trkpt>
      <trkpt lat="-37.74279" lon="175.25315">
        <ele>22.4</ele>
      </trkpt>
      <trkpt lat="-37.74254" lon="175.25274">
        <ele>23.3</ele>
      </trkpt>
      <trkpt lat="-37.7423" lon="175.2523">
        <ele>23.6</ele>
      </trkpt>
      <trkpt lat="-37.74201" lon="175.25183">
        <ele>22.0</ele>
      </trkpt>
      <trkpt lat="-37.74155" lon="175.25096">
        <ele>22.8</ele>
      </trkpt>
      <trkpt lat="-37.74131" lon="175.25048">
        <ele>22.9</ele>
      </trkpt>
      <trkpt lat="-37.74127" lon="175.25038">
        <ele>22.7</ele>
      </trkpt>
      <trkpt lat="-37.74124" lon="175.25025">
        <ele>22.4</ele>
      </trkpt>
      <trkpt lat="-37.74125" lon="175.2501">
        <ele>22.2</ele>
      </trkpt>
      <trkpt lat="-37.74125" lon="175.25">
        <ele>22.0</ele>
      </trkpt>
      <trkpt lat="-37.74123" lon="175.24995">
        <ele>22.0</ele>
      </trkpt>
      <trkpt lat="-37.74119" lon="175.24989">
        <ele>22.0</ele>
      </trkpt>
      <trkpt lat="-37.74108" lon="175.24968">
        <ele>21.8</ele>
      </trkpt>
      <trkpt lat="-37.74078" lon="175.24892">
        <ele>22.2</ele>
      </trkpt>
      <trkpt lat="-37.74072" lon="175.24871">
        <ele>23.2</ele>
      </trkpt>
      <trkpt lat="-37.74065" lon="175.24853">
        <ele>23.8</ele>
      </trkpt>
      <trkpt lat="-37.74059" lon="175.2484">
        <ele>24.2</ele>
      </trkpt>
      <trkpt lat="-37.74053" lon="175.24831">
        <ele>24.5</ele>
      </trkpt>
      <trkpt lat="-37.74045" lon="175.24812">
        <ele>26.9</ele>
      </trkpt>
      <trkpt lat="-37.74041" lon="175.24807">
        <ele>27.4</ele>
      </trkpt>
      <trkpt lat="-37.7403" lon="175.24798">
        <ele>28.2</ele>
      </trkpt>
      <trkpt lat="-37.74019" lon="175.24785">
        <ele>29.5</ele>
      </trkpt>
      <trkpt lat="-37.74006" lon="175.24776">
        <ele>30.3</ele>
      </trkpt>
      <trkpt lat="-37.73991" lon="175.2477">
        <ele>29.9</ele>
      </trkpt>
      <trkpt lat="-37.73979" lon="175.24763">
        <ele>29.6</ele>
      </trkpt>
      <trkpt lat="-37.73965" lon="175.24759">
        <ele>28.4</ele>
      </trkpt>
      <trkpt lat="-37.7395" lon="175.24759">
        <ele>26.6</ele>
      </trkpt>
      <trkpt lat="-37.73936" lon="175.24753">
        <ele>25.3</ele>
      </trkpt>
      <trkpt lat="-37.7392" lon="175.2475">
        <ele>23.4</ele>
      </trkpt>
      <trkpt lat="-37.73907" lon="175.24746">
        <ele>23.2</ele>
      </trkpt>
      <trkpt lat="-37.73893" lon="175.24742">
        <ele>23.1</ele>
      </trkpt>
      <trkpt lat="-37.73879" lon="175.24736">
        <ele>23.3</ele>
      </trkpt>
      <trkpt lat="-37.73873" lon="175.24732">
        <ele>23.6</ele>
      </trkpt>
      <trkpt lat="-37.73833" lon="175.24697">
        <ele>25.7</ele>
      </trkpt>
      <trkpt lat="-37.73816" lon="175.24681">
        <ele>25.9</ele>
      </trkpt>
      <trkpt lat="-37.73809" lon="175.2467">
        <ele>25.9</ele>
      </trkpt>
      <trkpt lat="-37.73787" lon="175.24619">
        <ele>24.8</ele>
      </trkpt>
      <trkpt lat="-37.7378" lon="175.24599">
        <ele>24.5</ele>
      </trkpt>
      <trkpt lat="-37.73778" lon="175.24582">
        <ele>24.8</ele>
      </trkpt>
      <trkpt lat="-37.73777" lon="175.24574">
        <ele>25.0</ele>
      </trkpt>
      <trkpt lat="-37.7378" lon="175.24561">
        <ele>25.9</ele>
      </trkpt>
      <trkpt lat="-37.73784" lon="175.24552">
        <ele>26.8</ele>
      </trkpt>
      <trkpt lat="-37.73787" lon="175.24547">
        <ele>27.4</ele>
      </trkpt>
      <trkpt lat="-37.73788" lon="175.24522">
        <ele>28.6</ele>
      </trkpt>
      <trkpt lat="-37.73793" lon="175.24501">
        <ele>30.1</ele>
      </trkpt>
      <trkpt lat="-37.73798" lon="175.24481">
        <ele>30.9</ele>
      </trkpt>
      <trkpt lat="-37.73799" lon="175.24471">
        <ele>31.1</ele>
      </trkpt>
      <trkpt lat="-37.73798" lon="175.24434">
        <ele>31.3</ele>
      </trkpt>
      <trkpt lat="-37.738" lon="175.24416">
        <ele>31.8</ele>
      </trkpt>
      <trkpt lat="-37.73805" lon="175.24366">
        <ele>31.4</ele>
      </trkpt>
      <trkpt lat="-37.73811" lon="175.24336">
        <ele>31.4</ele>
      </trkpt>
      <trkpt lat="-37.73815" lon="175.24289">
        <ele>31.2</ele>
      </trkpt>
      <trkpt lat="-37.73813" lon="175.24271">
        <ele>30.8</ele>
      </trkpt>
      <trkpt lat="-37.73813" lon="175.24249">
        <ele>30.6</ele>
      </trkpt>
      <trkpt lat="-37.73818" lon="175.2421">
        <ele>31.9</ele>
      </trkpt>
      <trkpt lat="-37.73826" lon="175.24182">
        <ele>33.1</ele>
      </trkpt>
      <trkpt lat="-37.73844" lon="175.24132">
        <ele>35.6</ele>
      </trkpt>
      <trkpt lat="-37.73848" lon="175.24119">
        <ele>36.2</ele>
      </trkpt>
      <trkpt lat="-37.7385" lon="175.24105">
        <ele>36.8</ele>
      </trkpt>
      <trkpt lat="-37.73845" lon="175.24008">
        <ele>37.3</ele>
      </trkpt>
      <trkpt lat="-37.73842" lon="175.23941">
        <ele>38.5</ele>
      </trkpt>
      <trkpt lat="-37.73839" lon="175.23873">
        <ele>39.5</ele>
      </trkpt>
      <trkpt lat="-37.73841" lon="175.23852">
        <ele>39.7</ele>
      </trkpt>
      <trkpt lat="-37.73839" lon="175.23846">
        <ele>39.8</ele>
      </trkpt>
      <trkpt lat="-37.73801" lon="175.23833">
        <ele>38.4</ele>
      </trkpt>
      <trkpt lat="-37.73779" lon="175.23818">
        <ele>37.6</ele>
      </trkpt>
      <trkpt lat="-37.73738" lon="175.23786">
        <ele>37.4</ele>
      </trkpt>
      <trkpt lat="-37.73684" lon="175.23738">
        <ele>41.0</ele>
      </trkpt>
      <trkpt lat="-37.73637" lon="175.23679">
        <ele>37.5</ele>
      </trkpt>
      <trkpt lat="-37.7359" lon="175.2362">
        <ele>37.4</ele>
      </trkpt>
      <trkpt lat="-37.73572" lon="175.23601">
        <ele>37.0</ele>
      </trkpt>
      <trkpt lat="-37.73554" lon="175.23589">
        <ele>36.1</ele>
      </trkpt>
      <trkpt lat="-37.73531" lon="175.23577">
        <ele>35.0</ele>
      </trkpt>
      <trkpt lat="-37.7347" lon="175.23548">
        <ele>33.3</ele>
      </trkpt>
      <trkpt lat="-37.7341" lon="175.23519">
        <ele>32.7</ele>
      </trkpt>
      <trkpt lat="-37.73384" lon="175.2351">
        <ele>31.7</ele>
      </trkpt>
      <trkpt lat="-37.73378" lon="175.23511">
        <ele>31.2</ele>
      </trkpt>
      <trkpt lat="-37.73347" lon="175.23505">
        <ele>29.6</ele>
      </trkpt>
      <trkpt lat="-37.73267" lon="175.2348">
        <ele>24.5</ele>
      </trkpt>
      <trkpt lat="-37.73226" lon="175.23461">
        <ele>24.5</ele>
      </trkpt>
      <trkpt lat="-37.73211" lon="175.23451">
        <ele>25.1</ele>
      </trkpt>
      <trkpt lat="-37.73178" lon="175.23418">
        <ele>26.9</ele>
      </trkpt>
      <trkpt lat="-37.73171" lon="175.23409">
        <ele>27.3</ele>
      </trkpt>
      <trkpt lat="-37.73134" lon="175.23403">
        <ele>24.5</ele>
      </trkpt>
      <trkpt lat="-37.73103" lon="175.23399">
        <ele>21.8</ele>
      </trkpt>
      <trkpt lat="-37.73089" lon="175.23391">
        <ele>21.0</ele>
      </trkpt>
      <trkpt lat="-37.73059" lon="175.23355">
        <ele>21.4</ele>
      </trkpt>
      <trkpt lat="-37.73045" lon="175.2333">
        <ele>21.4</ele>
      </trkpt>
      <trkpt lat="-37.73024" lon="175.23312">
        <ele>20.8</ele>
      </trkpt>
      <trkpt lat="-37.73008" lon="175.2328">
        <ele>21.6</ele>
      </trkpt>
      <trkpt lat="-37.7297" lon="175.23281">
        <ele>20.5</ele>
      </trkpt>
      <trkpt lat="-37.72959" lon="175.23277">
        <ele>20.4</ele>
      </trkpt>
      <trkpt lat="-37.72946" lon="175.2324">
        <ele>20.4</ele>
      </trkpt>
      <trkpt lat="-37.72942" lon="175.23222">
        <ele>20.3</ele>
      </trkpt>
      <trkpt lat="-37.72921" lon="175.23185">
        <ele>19.2</ele>
      </trkpt>
      <trkpt lat="-37.72886" lon="175.23159">
        <ele>19.7</ele>
      </trkpt>
      <trkpt lat="-37.72869" lon="175.23151">
        <ele>20.1</ele>
      </trkpt>
      <trkpt lat="-37.72857" lon="175.23142">
        <ele>20.5</ele>
      </trkpt>
      <trkpt lat="-37.72853" lon="175.2314">
        <ele>20.6</ele>
      </trkpt>
      <trkpt lat="-37.72829" lon="175.23141">
        <ele>21.3</ele>
      </trkpt>
      <trkpt lat="-37.72787" lon="175.23113">
        <ele>22.6</ele>
      </trkpt>
      <trkpt lat="-37.72745" lon="175.23086">
        <ele>22.8</ele>
      </trkpt>
      <trkpt lat="-37.72728" lon="175.23082">
        <ele>22.2</ele>
      </trkpt>
      <trkpt lat="-37.72718" lon="175.2307">
        <ele>22.3</ele>
      </trkpt>
      <trkpt lat="-37.72718" lon="175.2307">
        <ele>22.3</ele>
      </trkpt>
      <trkpt lat="-37.72703" lon="175.23077">
        <ele>21.5</ele>
      </trkpt>
      <trkpt lat="-37.7269" lon="175.23075">
        <ele>21.2</ele>
      </trkpt>
      <trkpt lat="-37.72646" lon="175.23016">
        <ele>22.6</ele>
      </trkpt>
      <trkpt lat="-37.72602" lon="175.22957">
        <ele>22.3</ele>
      </trkpt>
      <trkpt lat="-37.72577" lon="175.22937">
        <ele>21.6</ele>
      </trkpt>
      <trkpt lat="-37.7256" lon="175.22913">
        <ele>21.1</ele>
      </trkpt>
      <trkpt lat="-37.72543" lon="175.229">
        <ele>20.5</ele>
      </trkpt>
      <trkpt lat="-37.72533" lon="175.2288">
        <ele>20.3</ele>
      </trkpt>
      <trkpt lat="-37.72527" lon="175.22872">
        <ele>20.2</ele>
      </trkpt>
      <trkpt lat="-37.72537" lon="175.22874">
        <ele>20.4</ele>
      </trkpt>
      <trkpt lat="-37.72542" lon="175.22867">
        <ele>20.5</ele>
      </trkpt>
      <trkpt lat="-37.72557" lon="175.228">
        <ele>20.9</ele>
      </trkpt>
      <trkpt lat="-37.72576" lon="175.22745">
        <ele>21.4</ele>
      </trkpt>
      <trkpt lat="-37.72584" lon="175.22727">
        <ele>22.7</ele>
      </trkpt>
      <trkpt lat="-37.72598" lon="175.22715">
        <ele>24.0</ele>
      </trkpt>
      <trkpt lat="-37.72614" lon="175.22711">
        <ele>24.9</ele>
      </trkpt>
      <trkpt lat="-37.72628" lon="175.22712">
        <ele>25.3</ele>
      </trkpt>
      <trkpt lat="-37.72637" lon="175.22717">
        <ele>25.2</ele>
      </trkpt>
      <trkpt lat="-37.72678" lon="175.22743">
        <ele>23.8</ele>
      </trkpt>
      <trkpt lat="-37.72719" lon="175.22769">
        <ele>23.5</ele>
      </trkpt>
      <trkpt lat="-37.72738" lon="175.22777">
        <ele>23.6</ele>
      </trkpt>
      <trkpt lat="-37.72757" lon="175.22776">
        <ele>24.2</ele>
      </trkpt>
      <trkpt lat="-37.72772" lon="175.2277">
        <ele>25.5</ele>
      </trkpt>
      <trkpt lat="-37.72739" lon="175.22718">
        <ele>26.6</ele>
      </trkpt>
      <trkpt lat="-37.72706" lon="175.22666">
        <ele>31.0</ele>
      </trkpt>
      <trkpt lat="-37.72716" lon="175.22654">
        <ele>31.4</ele>
      </trkpt>
      <trkpt lat="-37.72669" lon="175.22584">
        <ele>33.9</ele>
      </trkpt>
      <trkpt lat="-37.72623" lon="175.22514">
        <ele>33.6</ele>
      </trkpt>
      <trkpt lat="-37.72576" lon="175.22444">
        <ele>32.8</ele>
      </trkpt>
      <trkpt lat="-37.72565" lon="175.22421">
        <ele>32.7</ele>
      </trkpt>
      <trkpt lat="-37.7256" lon="175.22396">
        <ele>33.2</ele>
      </trkpt>
      <trkpt lat="-37.72545" lon="175.22295">
        <ele>34.6</ele>
      </trkpt>
      <trkpt lat="-37.72529" lon="175.22194">
        <ele>36.4</ele>
      </trkpt>
      <trkpt lat="-37.72514" lon="175.22092">
        <ele>36.7</ele>
      </trkpt>
      <trkpt lat="-37.72511" lon="175.22078">
        <ele>36.5</ele>
      </trkpt>
      <trkpt lat="-37.72506" lon="175.2208">
        <ele>36.7</ele>
      </trkpt>
      <trkpt lat="-37.72507" lon="175.22091">
        <ele>36.9</ele>
      </trkpt>
      <trkpt lat="-37.72419" lon="175.22107">
        <ele>34.8</ele>
      </trkpt>
      <trkpt lat="-37.72331" lon="175.22124">
        <ele>32.5</ele>
      </trkpt>
      <trkpt lat="-37.72243" lon="175.22141">
        <ele>31.7</ele>
      </trkpt>
      <trkpt lat="-37.72219" lon="175.22143">
        <ele>31.8</ele>
      </trkpt>
      <trkpt lat="-37.7219" lon="175.22141">
        <ele>32.1</ele>
      </trkpt>
      <trkpt lat="-37.72164" lon="175.22133">
        <ele>32.6</ele>
      </trkpt>
      <trkpt lat="-37.72136" lon="175.22114">
        <ele>32.6</ele>
      </trkpt>
      <trkpt lat="-37.72062" lon="175.22057">
        <ele>31.4</ele>
      </trkpt>
      <trkpt lat="-37.71988" lon="175.22001">
        <ele>32.8</ele>
      </trkpt>
      <trkpt lat="-37.71913" lon="175.21944">
        <ele>31.3</ele>
      </trkpt>
      <trkpt lat="-37.71839" lon="175.21888">
        <ele>30.1</ele>
      </trkpt>
      <trkpt lat="-37.71825" lon="175.21881">
        <ele>30.1</ele>
      </trkpt>
      <trkpt lat="-37.71813" lon="175.21883">
        <ele>30.2</ele>
      </trkpt>
      <trkpt lat="-37.71811" lon="175.21889">
        <ele>30.3</ele>
      </trkpt>
      <trkpt lat="-37.71781" lon="175.21934">
        <ele>30.5</ele>
      </trkpt>
      <trkpt lat="-37.71751" lon="175.2198">
        <ele>30.2</ele>
      </trkpt>
      <trkpt lat="-37.71745" lon="175.21993">
        <ele>30.0</ele>
      </trkpt>
      <trkpt lat="-37.71742" lon="175.22012">
        <ele>29.2</ele>
      </trkpt>
      <trkpt lat="-37.7174" lon="175.22023">
        <ele>28.5</ele>
      </trkpt>
      <trkpt lat="-37.71732" lon="175.22032">
        <ele>27.9</ele>
      </trkpt>
      <trkpt lat="-37.7172" lon="175.22039">
        <ele>27.3</ele>
      </trkpt>
      <trkpt lat="-37.7171" lon="175.22041">
        <ele>27.1</ele>
      </trkpt>
      <trkpt lat="-37.71674" lon="175.22035">
        <ele>27.0</ele>
      </trkpt>
      <trkpt lat="-37.71663" lon="175.22038">
        <ele>26.4</ele>
      </trkpt>
      <trkpt lat="-37.71652" lon="175.22043">
        <ele>25.3</ele>
      </trkpt>
      <trkpt lat="-37.71639" lon="175.22043">
        <ele>24.3</ele>
      </trkpt>
      <trkpt lat="-37.71629" lon="175.22036">
        <ele>23.8</ele>
      </trkpt>
      <trkpt lat="-37.71618" lon="175.22032">
        <ele>23.1</ele>
      </trkpt>
      <trkpt lat="-37.71603" lon="175.22029">
        <ele>21.9</ele>
      </trkpt>
      <trkpt lat="-37.71597" lon="175.22026">
        <ele>21.5</ele>
      </trkpt>
      <trkpt lat="-37.71586" lon="175.22015">
        <ele>20.9</ele>
      </trkpt>
      <trkpt lat="-37.7158" lon="175.22011">
        <ele>20.6</ele>
      </trkpt>
      <trkpt lat="-37.71557" lon="175.22002">
        <ele>19.7</ele>
      </trkpt>
      <trkpt lat="-37.71544" lon="175.21981">
        <ele>21.0</ele>
      </trkpt>
      <trkpt lat="-37.71537" lon="175.21974">
        <ele>21.2</ele>
      </trkpt>
      <trkpt lat="-37.71513" lon="175.21954">
        <ele>21.3</ele>
      </trkpt>
      <trkpt lat="-37.71499" lon="175.21945">
        <ele>21.0</ele>
      </trkpt>
      <trkpt lat="-37.71491" lon="175.21937">
        <ele>22.0</ele>
      </trkpt>
      <trkpt lat="-37.71481" lon="175.21921">
        <ele>23.6</ele>
      </trkpt>
      <trkpt lat="-37.71478" lon="175.21917">
        <ele>24.0</ele>
      </trkpt>
      <trkpt lat="-37.71471" lon="175.21913">
        <ele>24.5</ele>
      </trkpt>
      <trkpt lat="-37.71455" lon="175.21908">
        <ele>25.4</ele>
      </trkpt>
      <trkpt lat="-37.71446" lon="175.21903">
        <ele>25.9</ele>
      </trkpt>
      <trkpt lat="-37.71424" lon="175.21884">
        <ele>26.8</ele>
      </trkpt>
      <trkpt lat="-37.71403" lon="175.21875">
        <ele>26.2</ele>
      </trkpt>
      <trkpt lat="-37.71395" lon="175.21869">
        <ele>25.7</ele>
      </trkpt>
      <trkpt lat="-37.71384" lon="175.21847">
        <ele>25.0</ele>
      </trkpt>
      <trkpt lat="-37.71374" lon="175.21835">
        <ele>24.4</ele>
      </trkpt>
      <trkpt lat="-37.71336" lon="175.21802">
        <ele>22.5</ele>
      </trkpt>
      <trkpt lat="-37.71285" lon="175.21767">
        <ele>22.3</ele>
      </trkpt>
      <trkpt lat="-37.71271" lon="175.21756">
        <ele>22.2</ele>
      </trkpt>
      <trkpt lat="-37.71263" lon="175.21753">
        <ele>22.2</ele>
      </trkpt>
      <trkpt lat="-37.71242" lon="175.21748">
        <ele>22.1</ele>
      </trkpt>
      <trkpt lat="-37.71237" lon="175.21747">
        <ele>22.1</ele>
      </trkpt>
      <trkpt lat="-37.71227" lon="175.2174">
        <ele>22.0</ele>
      </trkpt>
      <trkpt lat="-37.71204" lon="175.21729">
        <ele>22.0</ele>
      </trkpt>
      <trkpt lat="-37.71182" lon="175.21721">
        <ele>22.4</ele>
      </trkpt>
      <trkpt lat="-37.71163" lon="175.21714">
        <ele>22.7</ele>
      </trkpt>
      <trkpt lat="-37.71148" lon="175.21712">
        <ele>22.9</ele>
      </trkpt>
      <trkpt lat="-37.7113" lon="175.21712">
        <ele>22.9</ele>
      </trkpt>
      <trkpt lat="-37.71115" lon="175.21706">
        <ele>23.5</ele>
      </trkpt>
      <trkpt lat="-37.711" lon="175.21705">
        <ele>23.7</ele>
      </trkpt>
      <trkpt lat="-37.71088" lon="175.21709">
        <ele>23.4</ele>
      </trkpt>
      <trkpt lat="-37.71063" lon="175.2171">
        <ele>23.3</ele>
      </trkpt>
      <trkpt lat="-37.71019" lon="175.21702">
        <ele>24.1</ele>
      </trkpt>
      <trkpt lat="-37.70997" lon="175.21696">
        <ele>24.4</ele>
      </trkpt>
      <trkpt lat="-37.70927" lon="175.21656">
        <ele>25.2</ele>
      </trkpt>
      <trkpt lat="-37.70892" lon="175.21641">
        <ele>25.7</ele>
      </trkpt>
      <trkpt lat="-37.70882" lon="175.21639">
        <ele>25.8</ele>
      </trkpt>
      <trkpt lat="-37.70868" lon="175.21632">
        <ele>26.0</ele>
      </trkpt>
      <trkpt lat="-37.70856" lon="175.21626">
        <ele>26.1</ele>
      </trkpt>
      <trkpt lat="-37.70828" lon="175.21617">
        <ele>26.5</ele>
      </trkpt>
      <trkpt lat="-37.70775" lon="175.21607">
        <ele>26.9</ele>
      </trkpt>
      <trkpt lat="-37.70701" lon="175.21606">
        <ele>24.7</ele>
      </trkpt>
      <trkpt lat="-37.70689" lon="175.21605">
        <ele>24.3</ele>
      </trkpt>
      <trkpt lat="-37.70629" lon="175.21584">
        <ele>25.9</ele>
      </trkpt>
      <trkpt lat="-37.70563" lon="175.21571">
        <ele>26.0</ele>
      </trkpt>
      <trkpt lat="-37.70527" lon="175.21562">
        <ele>26.0</ele>
      </trkpt>
      <trkpt lat="-37.70493" lon="175.21571">
        <ele>25.0</ele>
      </trkpt>
      <trkpt lat="-37.7046" lon="175.2157">
        <ele>24.9</ele>
      </trkpt>
      <trkpt lat="-37.70443" lon="175.21566">
        <ele>25.3</ele>
      </trkpt>
      <trkpt lat="-37.70431" lon="175.21559">
        <ele>26.2</ele>
      </trkpt>
      <trkpt lat="-37.70421" lon="175.21559">
        <ele>26.2</ele>
      </trkpt>
      <trkpt lat="-37.70414" lon="175.21556">
        <ele>26.5</ele>
      </trkpt>
      <trkpt lat="-37.70406" lon="175.21555">
        <ele>26.4</ele>
      </trkpt>
      <trkpt lat="-37.70382" lon="175.21542">
        <ele>27.0</ele>
      </trkpt>
      <trkpt lat="-37.70365" lon="175.21535">
        <ele>27.0</ele>
      </trkpt>
      <trkpt lat="-37.70357" lon="175.21532">
        <ele>26.9</ele>
      </trkpt>
      <trkpt lat="-37.7035" lon="175.21526">
        <ele>27.0</ele>
      </trkpt>
      <trkpt lat="-37.70332" lon="175.21519">
        <ele>26.5</ele>
      </trkpt>
      <trkpt lat="-37.70293" lon="175.21497">
        <ele>24.7</ele>
      </trkpt>
      <trkpt lat="-37.70256" lon="175.21471">
        <ele>23.1</ele>
      </trkpt>
      <trkpt lat="-37.70225" lon="175.21443">
        <ele>22.9</ele>
      </trkpt>
      <trkpt lat="-37.7022" lon="175.21435">
        <ele>23.0</ele>
      </trkpt>
      <trkpt lat="-37.70211" lon="175.21428">
        <ele>22.7</ele>
      </trkpt>
      <trkpt lat="-37.70199" lon="175.2141">
        <ele>22.4</ele>
      </trkpt>
      <trkpt lat="-37.70174" lon="175.21379">
        <ele>22.0</ele>
      </trkpt>
      <trkpt lat="-37.7016" lon="175.21354">
        <ele>22.7</ele>
      </trkpt>
      <trkpt lat="-37.70148" lon="175.21336">
        <ele>22.8</ele>
      </trkpt>
      <trkpt lat="-37.70141" lon="175.21328">
        <ele>22.2</ele>
      </trkpt>
      <trkpt lat="-37.70131" lon="175.2131">
        <ele>21.1</ele>
      </trkpt>
      <trkpt lat="-37.70117" lon="175.21294">
        <ele>20.1</ele>
      </trkpt>
      <trkpt lat="-37.70089" lon="175.21266">
        <ele>19.1</ele>
      </trkpt>
      <trkpt lat="-37.70079" lon="175.21247">
        <ele>19.0</ele>
      </trkpt>
      <trkpt lat="-37.70062" lon="175.21226">
        <ele>18.9</ele>
      </trkpt>
      <trkpt lat="-37.70053" lon="175.21212">
        <ele>19.0</ele>
      </trkpt>
      <trkpt lat="-37.70042" lon="175.21195">
        <ele>19.2</ele>
      </trkpt>
      <trkpt lat="-37.7002" lon="175.21167">
        <ele>19.8</ele>
      </trkpt>
      <trkpt lat="-37.70007" lon="175.21142">
        <ele>20.1</ele>
      </trkpt>
      <trkpt lat="-37.70001" lon="175.21135">
        <ele>20.4</ele>
      </trkpt>
      <trkpt lat="-37.69984" lon="175.21105">
        <ele>20.2</ele>
      </trkpt>
      <trkpt lat="-37.69976" lon="175.21088">
        <ele>20.1</ele>
      </trkpt>
      <trkpt lat="-37.69969" lon="175.2106">
        <ele>20.4</ele>
      </trkpt>
      <trkpt lat="-37.69965" lon="175.21047">
        <ele>20.5</ele>
      </trkpt>
      <trkpt lat="-37.69964" lon="175.21038">
        <ele>20.7</ele>
      </trkpt>
      <trkpt lat="-37.6996" lon="175.2103">
        <ele>20.8</ele>
      </trkpt>
      <trkpt lat="-37.69942" lon="175.21009">
        <ele>21.0</ele>
      </trkpt>
      <trkpt lat="-37.69938" lon="175.21001">
        <ele>21.2</ele>
      </trkpt>
      <trkpt lat="-37.69922" lon="175.20956">
        <ele>21.0</ele>
      </trkpt>
      <trkpt lat="-37.69915" lon="175.20939">
        <ele>20.9</ele>
      </trkpt>
      <trkpt lat="-37.69907" lon="175.20925">
        <ele>20.7</ele>
      </trkpt>
      <trkpt lat="-37.69903" lon="175.20914">
        <ele>20.5</ele>
      </trkpt>
      <trkpt lat="-37.69895" lon="175.20895">
        <ele>20.5</ele>
      </trkpt>
      <trkpt lat="-37.69889" lon="175.20875">
        <ele>20.5</ele>
      </trkpt>
      <trkpt lat="-37.69884" lon="175.20863">
        <ele>20.5</ele>
      </trkpt>
      <trkpt lat="-37.69883" lon="175.20851">
        <ele>20.5</ele>
      </trkpt>
      <trkpt lat="-37.69874" lon="175.20829">
        <ele>20.5</ele>
      </trkpt>
      <trkpt lat="-37.69866" lon="175.20795">
        <ele>20.4</ele>
      </trkpt>
      <trkpt lat="-37.69861" lon="175.20782">
        <ele>20.2</ele>
      </trkpt>
      <trkpt lat="-37.69857" lon="175.20773">
        <ele>20.1</ele>
      </trkpt>
      <trkpt lat="-37.69844" lon="175.20749">
        <ele>19.5</ele>
      </trkpt>
      <trkpt lat="-37.69839" lon="175.2074">
        <ele>19.5</ele>
      </trkpt>
      <trkpt lat="-37.69836" lon="175.20729">
        <ele>19.6</ele>
      </trkpt>
      <trkpt lat="-37.69835" lon="175.20709">
        <ele>20.0</ele>
      </trkpt>
      <trkpt lat="-37.69834" lon="175.20702">
        <ele>20.2</ele>
      </trkpt>
      <trkpt lat="-37.69832" lon="175.20697">
        <ele>20.3</ele>
      </trkpt>
      <trkpt lat="-37.69821" lon="175.20675">
        <ele>20.7</ele>
      </trkpt>
      <trkpt lat="-37.69817" lon="175.2067">
        <ele>20.7</ele>
      </trkpt>
      <trkpt lat="-37.69817" lon="175.20658">
        <ele>20.7</ele>
      </trkpt>
      <trkpt lat="-37.69823" lon="175.20651">
        <ele>20.7</ele>
      </trkpt>
      <trkpt lat="-37.6983" lon="175.20644">
        <ele>20.7</ele>
      </trkpt>
      <trkpt lat="-37.69826" lon="175.20633">
        <ele>20.7</ele>
      </trkpt>
      <trkpt lat="-37.69813" lon="175.20642">
        <ele>20.7</ele>
      </trkpt>
      <trkpt lat="-37.69772" lon="175.20672">
        <ele>20.9</ele>
      </trkpt>
      <trkpt lat="-37.69731" lon="175.20703">
        <ele>21.1</ele>
      </trkpt>
      <trkpt lat="-37.69711" lon="175.2072">
        <ele>21.2</ele>
      </trkpt>
      <trkpt lat="-37.69713" lon="175.20723">
        <ele>21.0</ele>
      </trkpt>
      <trkpt lat="-37.69716" lon="175.20723">
        <ele>20.8</ele>
      </trkpt>
      <trkpt lat="-37.69736" lon="175.20713">
        <ele>19.7</ele>
      </trkpt>
      <trkpt lat="-37.6974" lon="175.20714">
        <ele>19.5</ele>
      </trkpt>
      <trkpt lat="-37.69744" lon="175.2072">
        <ele>19.1</ele>
      </trkpt>
      <trkpt lat="-37.69747" lon="175.20725">
        <ele>18.8</ele>
      </trkpt>
      <trkpt lat="-37.69751" lon="175.20748">
        <ele>18.1</ele>
      </trkpt>
      <trkpt lat="-37.69752" lon="175.2075">
        <ele>18.0</ele>
      </trkpt>
      <trkpt lat="-37.69756" lon="175.20752">
        <ele>18.0</ele>
      </trkpt>
      <trkpt lat="-37.69759" lon="175.20751">
        <ele>18.1</ele>
      </trkpt>
      <trkpt lat="-37.69762" lon="175.20747">
        <ele>18.2</ele>
      </trkpt>
      <trkpt lat="-37.69761" lon="175.20742">
        <ele>18.3</ele>
      </trkpt>
      <trkpt lat="-37.69757" lon="175.20729">
        <ele>18.6</ele>
      </trkpt>
      <trkpt lat="-37.69756" lon="175.20713">
        <ele>19.0</ele>
      </trkpt>
      <trkpt lat="-37.69754" lon="175.20707">
        <ele>19.1</ele>
      </trkpt>
      <trkpt lat="-37.69738" lon="175.20673">
        <ele>20.4</ele>
      </trkpt>
      <trkpt lat="-37.69709" lon="175.20568">
        <ele>21.9</ele>
      </trkpt>
      <trkpt lat="-37.69704" lon="175.20558">
        <ele>21.7</ele>
      </trkpt>
      <trkpt lat="-37.69689" lon="175.20543">
        <ele>21.5</ele>
      </trkpt>
      <trkpt lat="-37.69683" lon="175.20531">
        <ele>21.1</ele>
      </trkpt>
      <trkpt lat="-37.69674" lon="175.20508">
        <ele>20.3</ele>
      </trkpt>
      <trkpt lat="-37.69631" lon="175.20438">
        <ele>19.3</ele>
      </trkpt>
      <trkpt lat="-37.69619" lon="175.20418">
        <ele>19.0</ele>
      </trkpt>
      <trkpt lat="-37.69584" lon="175.20346">
        <ele>18.2</ele>
      </trkpt>
      <trkpt lat="-37.69578" lon="175.20337">
        <ele>18.3</ele>
      </trkpt>
      <trkpt lat="-37.69574" lon="175.20331">
        <ele>18.5</ele>
      </trkpt>
      <trkpt lat="-37.69557" lon="175.20319">
        <ele>19.5</ele>
      </trkpt>
      <trkpt lat="-37.69554" lon="175.20317">
        <ele>19.7</ele>
      </trkpt>
      <trkpt lat="-37.69553" lon="175.20313">
        <ele>19.7</ele>
      </trkpt>
      <trkpt lat="-37.6955" lon="175.20302">
        <ele>20.0</ele>
      </trkpt>
      <trkpt lat="-37.69548" lon="175.20297">
        <ele>20.1</ele>
      </trkpt>
      <trkpt lat="-37.69489" lon="175.20221">
        <ele>20.1</ele>
      </trkpt>
      <trkpt lat="-37.69482" lon="175.20215">
        <ele>20.3</ele>
      </trkpt>
      <trkpt lat="-37.69473" lon="175.20211">
        <ele>20.5</ele>
      </trkpt>
      <trkpt lat="-37.6947" lon="175.20208">
        <ele>20.6</ele>
      </trkpt>
      <trkpt lat="-37.69468" lon="175.20204">
        <ele>20.6</ele>
      </trkpt>
      <trkpt lat="-37.69462" lon="175.20188">
        <ele>20.4</ele>
      </trkpt>
      <trkpt lat="-37.6945" lon="175.2017">
        <ele>20.3</ele>
      </trkpt>
      <trkpt lat="-37.69447" lon="175.20165">
        <ele>20.2</ele>
      </trkpt>
      <trkpt lat="-37.69445" lon="175.20159">
        <ele>20.0</ele>
      </trkpt>
      <trkpt lat="-37.69442" lon="175.20142">
        <ele>19.7</ele>
      </trkpt>
      <trkpt lat="-37.69438" lon="175.20122">
        <ele>19.2</ele>
      </trkpt>
      <trkpt lat="-37.69433" lon="175.20099">
        <ele>18.8</ele>
      </trkpt>
      <trkpt lat="-37.69436" lon="175.20087">
        <ele>18.6</ele>
      </trkpt>
      <trkpt lat="-37.69435" lon="175.20077">
        <ele>18.4</ele>
      </trkpt>
      <trkpt lat="-37.69437" lon="175.20043">
        <ele>18.5</ele>
      </trkpt>
      <trkpt lat="-37.69434" lon="175.20029">
        <ele>18.4</ele>
      </trkpt>
      <trkpt lat="-37.6943" lon="175.20004">
        <ele>18.3</ele>
      </trkpt>
      <trkpt lat="-37.694249" lon="175.19991">
        <ele>18.4</ele>
      </trkpt>
      <trkpt lat="-37.69414" lon="175.1998">
        <ele>18.6</ele>
      </trkpt>
      <trkpt lat="-37.69403" lon="175.199639">
        <ele>19.2</ele>
      </trkpt>
      <trkpt lat="-37.69392" lon="175.19941">
        <ele>19.8</ele>
      </trkpt>
      <trkpt lat="-37.69377" lon="175.19872">
        <ele>20.8</ele>
      </trkpt>
      <trkpt lat="-37.69382" lon="175.19834">
        <ele>21.6</ele>
      </trkpt>
      <trkpt lat="-37.69383" lon="175.19807">
        <ele>21.2</ele>
      </trkpt>
      <trkpt lat="-37.69397" lon="175.19766">
        <ele>20.8</ele>
      </trkpt>
      <trkpt lat="-37.69403" lon="175.19743">
        <ele>20.7</ele>
      </trkpt>
      <trkpt lat="-37.69404" lon="175.19726">
        <ele>20.7</ele>
      </trkpt>
      <trkpt lat="-37.69392" lon="175.19681">
        <ele>20.7</ele>
      </trkpt>
      <trkpt lat="-37.6938" lon="175.19626">
        <ele>20.2</ele>
      </trkpt>
      <trkpt lat="-37.69368" lon="175.195699">
        <ele>20.3</ele>
      </trkpt>
      <trkpt lat="-37.69346" lon="175.19484">
        <ele>21.7</ele>
      </trkpt>
      <trkpt lat="-37.69324" lon="175.19398">
        <ele>22.4</ele>
      </trkpt>
      <trkpt lat="-37.693219" lon="175.19381">
        <ele>22.5</ele>
      </trkpt>
      <trkpt lat="-37.6932" lon="175.19342">
        <ele>22.6</ele>
      </trkpt>
      <trkpt lat="-37.69317" lon="175.19314">
        <ele>22.7</ele>
      </trkpt>
      <trkpt lat="-37.69306" lon="175.192649">
        <ele>22.8</ele>
      </trkpt>
      <trkpt lat="-37.69292" lon="175.19218">
        <ele>23.6</ele>
      </trkpt>
      <trkpt lat="-37.6929" lon="175.19192">
        <ele>24.0</ele>
      </trkpt>
      <trkpt lat="-37.6928" lon="175.19136">
        <ele>22.7</ele>
      </trkpt>
      <trkpt lat="-37.69256" lon="175.19048">
        <ele>19.1</ele>
      </trkpt>
      <trkpt lat="-37.69247" lon="175.1902">
        <ele>19.2</ele>
      </trkpt>
      <trkpt lat="-37.6924" lon="175.18987">
        <ele>19.3</ele>
      </trkpt>
      <trkpt lat="-37.69227" lon="175.18945">
        <ele>19.3</ele>
      </trkpt>
      <trkpt lat="-37.6921" lon="175.18905">
        <ele>19.4</ele>
      </trkpt>
      <trkpt lat="-37.69173" lon="175.18844">
        <ele>20.0</ele>
      </trkpt>
      <trkpt lat="-37.69137" lon="175.18783">
        <ele>20.3</ele>
      </trkpt>
      <trkpt lat="-37.6912" lon="175.1876">
        <ele>20.0</ele>
      </trkpt>
      <trkpt lat="-37.69057" lon="175.18688">
        <ele>20.1</ele>
      </trkpt>
      <trkpt lat="-37.69041" lon="175.18659">
        <ele>20.0</ele>
      </trkpt>
      <trkpt lat="-37.69035" lon="175.18652">
        <ele>19.9</ele>
      </trkpt>
      <trkpt lat="-37.69004" lon="175.18618">
        <ele>20.2</ele>
      </trkpt>
      <trkpt lat="-37.68986" lon="175.18602">
        <ele>20.0</ele>
      </trkpt>
      <trkpt lat="-37.6897" lon="175.18589">
        <ele>19.7</ele>
      </trkpt>
      <trkpt lat="-37.68934" lon="175.18566">
        <ele>18.5</ele>
      </trkpt>
      <trkpt lat="-37.68912" lon="175.185489">
        <ele>17.9</ele>
      </trkpt>
      <trkpt lat="-37.68862" lon="175.18514">
        <ele>17.2</ele>
      </trkpt>
      <trkpt lat="-37.68844" lon="175.185039">
        <ele>17.4</ele>
      </trkpt>
      <trkpt lat="-37.688429" lon="175.18499">
        <ele>17.4</ele>
      </trkpt>
      <trkpt lat="-37.68878" lon="175.18433">
        <ele>18.2</ele>
      </trkpt>
      <trkpt lat="-37.68912" lon="175.18366">
        <ele>18.9</ele>
      </trkpt>
      <trkpt lat="-37.68912" lon="175.18363">
        <ele>19.0</ele>
      </trkpt>
      <trkpt lat="-37.68905" lon="175.18357">
        <ele>19.1</ele>
      </trkpt>
      <trkpt lat="-37.68854" lon="175.183069">
        <ele>19.9</ele>
      </trkpt>
      <trkpt lat="-37.68817" lon="175.18247">
        <ele>23.1</ele>
      </trkpt>
      <trkpt lat="-37.68769" lon="175.181999">
        <ele>25.0</ele>
      </trkpt>
      <trkpt lat="-37.6872" lon="175.18154">
        <ele>27.0</ele>
      </trkpt>
      <trkpt lat="-37.68687" lon="175.18111">
        <ele>29.5</ele>
      </trkpt>
      <trkpt lat="-37.68666" lon="175.18093">
        <ele>30.7</ele>
      </trkpt>
      <trkpt lat="-37.6864" lon="175.18086">
        <ele>27.3</ele>
      </trkpt>
      <trkpt lat="-37.68613" lon="175.18067">
        <ele>24.2</ele>
      </trkpt>
      <trkpt lat="-37.68602" lon="175.18055">
        <ele>23.7</ele>
      </trkpt>
      <trkpt lat="-37.68589" lon="175.18046">
        <ele>23.1</ele>
      </trkpt>
      <trkpt lat="-37.68562" lon="175.18037">
        <ele>23.4</ele>
      </trkpt>
      <trkpt lat="-37.68481" lon="175.17999">
        <ele>23.9</ele>
      </trkpt>
      <trkpt lat="-37.68464" lon="175.17984">
        <ele>23.4</ele>
      </trkpt>
      <trkpt lat="-37.68452" lon="175.17981">
        <ele>23.0</ele>
      </trkpt>
      <trkpt lat="-37.68432" lon="175.17988">
        <ele>21.7</ele>
      </trkpt>
      <trkpt lat="-37.68412" lon="175.17981">
        <ele>21.3</ele>
      </trkpt>
      <trkpt lat="-37.68382" lon="175.17963">
        <ele>21.5</ele>
      </trkpt>
      <trkpt lat="-37.68338" lon="175.17919">
        <ele>21.2</ele>
      </trkpt>
      <trkpt lat="-37.68324" lon="175.17894">
        <ele>21.4</ele>
      </trkpt>
      <trkpt lat="-37.68295" lon="175.17856">
        <ele>21.3</ele>
      </trkpt>
      <trkpt lat="-37.68267" lon="175.17816">
        <ele>21.6</ele>
      </trkpt>
      <trkpt lat="-37.68233" lon="175.17751">
        <ele>23.6</ele>
      </trkpt>
      <trkpt lat="-37.68217" lon="175.17733">
        <ele>23.0</ele>
      </trkpt>
      <trkpt lat="-37.68171" lon="175.17668">
        <ele>20.2</ele>
      </trkpt>
      <trkpt lat="-37.68152" lon="175.17628">
        <ele>19.8</ele>
      </trkpt>
      <trkpt lat="-37.68138" lon="175.175909">
        <ele>19.4</ele>
      </trkpt>
      <trkpt lat="-37.68123" lon="175.17527">
        <ele>18.6</ele>
      </trkpt>
      <trkpt lat="-37.68128" lon="175.17457">
        <ele>18.8</ele>
      </trkpt>
      <trkpt lat="-37.68118" lon="175.1736">
        <ele>19.5</ele>
      </trkpt>
      <trkpt lat="-37.681" lon="175.17264">
        <ele>19.9</ele>
      </trkpt>
      <trkpt lat="-37.68087" lon="175.17221">
        <ele>20.0</ele>
      </trkpt>
      <trkpt lat="-37.68077" lon="175.1715">
        <ele>20.0</ele>
      </trkpt>
      <trkpt lat="-37.68074" lon="175.17112">
        <ele>20.0</ele>
      </trkpt>
      <trkpt lat="-37.6807" lon="175.170089">
        <ele>21.9</ele>
      </trkpt>
      <trkpt lat="-37.68066" lon="175.16957">
        <ele>23.0</ele>
      </trkpt>
      <trkpt lat="-37.68059" lon="175.16924">
        <ele>23.6</ele>
      </trkpt>
      <trkpt lat="-37.68047" lon="175.16894">
        <ele>23.5</ele>
      </trkpt>
      <trkpt lat="-37.68022" lon="175.168389">
        <ele>21.7</ele>
      </trkpt>
      <trkpt lat="-37.67998" lon="175.16783">
        <ele>20.6</ele>
      </trkpt>
      <trkpt lat="-37.67974" lon="175.16738">
        <ele>20.8</ele>
      </trkpt>
      <trkpt lat="-37.67933" lon="175.16672">
        <ele>19.8</ele>
      </trkpt>
      <trkpt lat="-37.67929" lon="175.16659">
        <ele>19.7</ele>
      </trkpt>
      <trkpt lat="-37.67926" lon="175.16643">
        <ele>19.8</ele>
      </trkpt>
      <trkpt lat="-37.67927" lon="175.16617">
        <ele>20.2</ele>
      </trkpt>
      <trkpt lat="-37.67925" lon="175.16602">
        <ele>20.3</ele>
      </trkpt>
      <trkpt lat="-37.67916" lon="175.16583">
        <ele>20.0</ele>
      </trkpt>
      <trkpt lat="-37.67899" lon="175.16555">
        <ele>21.1</ele>
      </trkpt>
      <trkpt lat="-37.67873" lon="175.165159">
        <ele>22.7</ele>
      </trkpt>
      <trkpt lat="-37.67865" lon="175.16508">
        <ele>23.0</ele>
      </trkpt>
      <trkpt lat="-37.67844" lon="175.16492">
        <ele>23.3</ele>
      </trkpt>
      <trkpt lat="-37.67831" lon="175.16479">
        <ele>23.4</ele>
      </trkpt>
      <trkpt lat="-37.67788" lon="175.16446">
        <ele>22.7</ele>
      </trkpt>
      <trkpt lat="-37.67766" lon="175.16433">
        <ele>22.2</ele>
      </trkpt>
      <trkpt lat="-37.67736" lon="175.16419">
        <ele>21.6</ele>
      </trkpt>
      <trkpt lat="-37.67709" lon="175.16404">
        <ele>21.7</ele>
      </trkpt>
      <trkpt lat="-37.67689" lon="175.16383">
        <ele>22.3</ele>
      </trkpt>
      <trkpt lat="-37.676699" lon="175.163729">
        <ele>22.2</ele>
      </trkpt>
      <trkpt lat="-37.67651" lon="175.1636">
        <ele>22.1</ele>
      </trkpt>
      <trkpt lat="-37.67625" lon="175.16338">
        <ele>21.8</ele>
      </trkpt>
      <trkpt lat="-37.67575" lon="175.16322">
        <ele>20.5</ele>
      </trkpt>
      <trkpt lat="-37.67543" lon="175.16291">
        <ele>21.3</ele>
      </trkpt>
      <trkpt lat="-37.6751" lon="175.16255">
        <ele>21.3</ele>
      </trkpt>
      <trkpt lat="-37.67488" lon="175.16237">
        <ele>20.4</ele>
      </trkpt>
      <trkpt lat="-37.67451" lon="175.16193">
        <ele>19.0</ele>
      </trkpt>
      <trkpt lat="-37.67415" lon="175.16137">
        <ele>18.5</ele>
      </trkpt>
      <trkpt lat="-37.67384" lon="175.16076">
        <ele>17.4</ele>
      </trkpt>
      <trkpt lat="-37.67367" lon="175.1605">
        <ele>18.0</ele>
      </trkpt>
      <trkpt lat="-37.6735" lon="175.16003">
        <ele>21.3</ele>
      </trkpt>
      <trkpt lat="-37.67339" lon="175.15965">
        <ele>22.4</ele>
      </trkpt>
      <trkpt lat="-37.67326" lon="175.1593">
        <ele>23.1</ele>
      </trkpt>
      <trkpt lat="-37.67307" lon="175.1589">
        <ele>22.7</ele>
      </trkpt>
      <trkpt lat="-37.6728" lon="175.15817">
        <ele>22.1</ele>
      </trkpt>
      <trkpt lat="-37.67234" lon="175.15726">
        <ele>22.0</ele>
      </trkpt>
      <trkpt lat="-37.67188" lon="175.15636">
        <ele>21.5</ele>
      </trkpt>
      <trkpt lat="-37.67162" lon="175.15597">
        <ele>21.3</ele>
      </trkpt>
      <trkpt lat="-37.67155" lon="175.15582">
        <ele>21.5</ele>
      </trkpt>
      <trkpt lat="-37.67142" lon="175.15564">
        <ele>21.7</ele>
      </trkpt>
      <trkpt lat="-37.67132" lon="175.15555">
        <ele>21.7</ele>
      </trkpt>
      <trkpt lat="-37.67083" lon="175.15524">
        <ele>20.8</ele>
      </trkpt>
      <trkpt lat="-37.67067" lon="175.15511">
        <ele>20.8</ele>
      </trkpt>
      <trkpt lat="-37.67042" lon="175.15497">
        <ele>20.2</ele>
      </trkpt>
      <trkpt lat="-37.67025" lon="175.15483">
        <ele>20.1</ele>
      </trkpt>
      <trkpt lat="-37.6696" lon="175.1541">
        <ele>20.5</ele>
      </trkpt>
      <trkpt lat="-37.66896" lon="175.15337">
        <ele>21.5</ele>
      </trkpt>
      <trkpt lat="-37.66876" lon="175.15321">
        <ele>21.2</ele>
      </trkpt>
      <trkpt lat="-37.66867" lon="175.15309">
        <ele>21.5</ele>
      </trkpt>
      <trkpt lat="-37.66855" lon="175.15298">
        <ele>21.7</ele>
      </trkpt>
      <trkpt lat="-37.66833" lon="175.15296">
        <ele>21.1</ele>
      </trkpt>
      <trkpt lat="-37.66821" lon="175.15288">
        <ele>21.8</ele>
      </trkpt>
      <trkpt lat="-37.66763" lon="175.15261">
        <ele>22.8</ele>
      </trkpt>
      <trkpt lat="-37.66742" lon="175.15246">
        <ele>22.9</ele>
      </trkpt>
      <trkpt lat="-37.66702" lon="175.15222">
        <ele>22.7</ele>
      </trkpt>
      <trkpt lat="-37.6667" lon="175.152089">
        <ele>22.5</ele>
      </trkpt>
      <trkpt lat="-37.66636" lon="175.15184">
        <ele>22.3</ele>
      </trkpt>
      <trkpt lat="-37.66624" lon="175.15178">
        <ele>21.9</ele>
      </trkpt>
      <trkpt lat="-37.66608" lon="175.151729">
        <ele>21.2</ele>
      </trkpt>
      <trkpt lat="-37.66575" lon="175.15168">
        <ele>19.9</ele>
      </trkpt>
      <trkpt lat="-37.66564" lon="175.151639">
        <ele>19.8</ele>
      </trkpt>
      <trkpt lat="-37.66523" lon="175.15144">
        <ele>19.6</ele>
      </trkpt>
      <trkpt lat="-37.66477" lon="175.15128">
        <ele>18.6</ele>
      </trkpt>
      <trkpt lat="-37.66448" lon="175.15107">
        <ele>18.4</ele>
      </trkpt>
      <trkpt lat="-37.66413" lon="175.1507">
        <ele>19.2</ele>
      </trkpt>
      <trkpt lat="-37.66413" lon="175.1507">
        <ele>19.2</ele>
      </trkpt>
      <trkpt lat="-37.66411" lon="175.15067">
        <ele>19.2</ele>
      </trkpt>
      <trkpt lat="-37.66366" lon="175.15036">
        <ele>20.3</ele>
      </trkpt>
      <trkpt lat="-37.66357" lon="175.15026">
        <ele>20.7</ele>
      </trkpt>
      <trkpt lat="-37.66349" lon="175.1501">
        <ele>21.3</ele>
      </trkpt>
      <trkpt lat="-37.66347" lon="175.15002">
        <ele>21.6</ele>
      </trkpt>
      <trkpt lat="-37.66345" lon="175.14983">
        <ele>21.5</ele>
      </trkpt>
      <trkpt lat="-37.66342" lon="175.14971">
        <ele>21.5</ele>
      </trkpt>
      <trkpt lat="-37.66337" lon="175.14959">
        <ele>21.4</ele>
      </trkpt>
      <trkpt lat="-37.66331" lon="175.14949">
        <ele>21.2</ele>
      </trkpt>
      <trkpt lat="-37.66308" lon="175.14919">
        <ele>18.9</ele>
      </trkpt>
      <trkpt lat="-37.66303" lon="175.14911">
        <ele>18.3</ele>
      </trkpt>
      <trkpt lat="-37.66297" lon="175.14896">
        <ele>17.2</ele>
      </trkpt>
      <trkpt lat="-37.66287" lon="175.14867">
        <ele>15.3</ele>
      </trkpt>
      <trkpt lat="-37.66285" lon="175.14857">
        <ele>14.7</ele>
      </trkpt>
      <trkpt lat="-37.66285" lon="175.14849">
        <ele>14.4</ele>
      </trkpt>
      <trkpt lat="-37.66289" lon="175.14843">
        <ele>14.6</ele>
      </trkpt>
      <trkpt lat="-37.66295" lon="175.14811">
        <ele>15.4</ele>
      </trkpt>
      <trkpt lat="-37.66295" lon="175.14801">
        <ele>15.6</ele>
      </trkpt>
      <trkpt lat="-37.66293" lon="175.14791">
        <ele>15.6</ele>
      </trkpt>
      <trkpt lat="-37.66277" lon="175.14722">
        <ele>16.6</ele>
      </trkpt>
      <trkpt lat="-37.6626" lon="175.14653">
        <ele>18.3</ele>
      </trkpt>
      <trkpt lat="-37.66264" lon="175.14643">
        <ele>18.3</ele>
      </trkpt>
      <trkpt lat="-37.66268" lon="175.14637">
        <ele>18.4</ele>
      </trkpt>
      <trkpt lat="-37.66276" lon="175.1463">
        <ele>18.7</ele>
      </trkpt>
      <trkpt lat="-37.66283" lon="175.14627">
        <ele>18.9</ele>
      </trkpt>
      <trkpt lat="-37.6629" lon="175.14625">
        <ele>19.2</ele>
      </trkpt>
      <trkpt lat="-37.66308" lon="175.14627">
        <ele>20.0</ele>
      </trkpt>
      <trkpt lat="-37.66333" lon="175.14637">
        <ele>21.3</ele>
      </trkpt>
      <trkpt lat="-37.66341" lon="175.1464">
        <ele>21.4</ele>
      </trkpt>
      <trkpt lat="-37.66377" lon="175.14663">
        <ele>21.9</ele>
      </trkpt>
      <trkpt lat="-37.66397" lon="175.14673">
        <ele>22.0</ele>
      </trkpt>
      <trkpt lat="-37.6643" lon="175.14694">
        <ele>22.8</ele>
      </trkpt>
      <trkpt lat="-37.66454" lon="175.14703">
        <ele>23.8</ele>
      </trkpt>
      <trkpt lat="-37.6646" lon="175.14703">
        <ele>24.0</ele>
      </trkpt>
      <trkpt lat="-37.6646" lon="175.14697">
        <ele>23.9</ele>
      </trkpt>
      <trkpt lat="-37.66462" lon="175.14692">
        <ele>23.9</ele>
      </trkpt>
      <trkpt lat="-37.66466" lon="175.14683">
        <ele>24.0</ele>
      </trkpt>
      <trkpt lat="-37.66469" lon="175.14679">
        <ele>24.0</ele>
      </trkpt>
      <trkpt lat="-37.66473" lon="175.14675">
        <ele>24.1</ele>
      </trkpt>
      <trkpt lat="-37.66479" lon="175.14672">
        <ele>24.3</ele>
      </trkpt>
      <trkpt lat="-37.66501" lon="175.1466">
        <ele>24.8</ele>
      </trkpt>
      <trkpt lat="-37.66509" lon="175.14654">
        <ele>24.5</ele>
      </trkpt>
      <trkpt lat="-37.66515" lon="175.14644">
        <ele>24.2</ele>
      </trkpt>
      <trkpt lat="-37.66517" lon="175.14638">
        <ele>24.1</ele>
      </trkpt>
      <trkpt lat="-37.66517" lon="175.14627">
        <ele>23.9</ele>
      </trkpt>
      <trkpt lat="-37.66516" lon="175.14621">
        <ele>23.8</ele>
      </trkpt>
      <trkpt lat="-37.66507" lon="175.14588">
        <ele>23.2</ele>
      </trkpt>
      <trkpt lat="-37.66506" lon="175.14581">
        <ele>22.9</ele>
      </trkpt>
      <trkpt lat="-37.66505" lon="175.1457">
        <ele>22.3</ele>
      </trkpt>
      <trkpt lat="-37.66511" lon="175.14549">
        <ele>21.3</ele>
      </trkpt>
      <trkpt lat="-37.66502" lon="175.14544">
        <ele>20.7</ele>
      </trkpt>
      <trkpt lat="-37.66502" lon="175.14544">
        <ele>20.7</ele>
      </trkpt>
      <trkpt lat="-37.66494" lon="175.14536">
        <ele>19.9</ele>
      </trkpt>
      <trkpt lat="-37.6649" lon="175.14528">
        <ele>19.8</ele>
      </trkpt>
      <trkpt lat="-37.66485" lon="175.14513">
        <ele>19.7</ele>
      </trkpt>
      <trkpt lat="-37.66468" lon="175.14453">
        <ele>19.2</ele>
      </trkpt>
      <trkpt lat="-37.66451" lon="175.14393">
        <ele>18.8</ele>
      </trkpt>
      <trkpt lat="-37.66443" lon="175.1436">
        <ele>18.6</ele>
      </trkpt>
      <trkpt lat="-37.6644" lon="175.14348">
        <ele>19.3</ele>
      </trkpt>
      <trkpt lat="-37.66439" lon="175.14326">
        <ele>20.1</ele>
      </trkpt>
      <trkpt lat="-37.6644" lon="175.14315">
        <ele>20.2</ele>
      </trkpt>
      <trkpt lat="-37.66443" lon="175.143">
        <ele>20.4</ele>
      </trkpt>
      <trkpt lat="-37.66446" lon="175.14292">
        <ele>20.5</ele>
      </trkpt>
      <trkpt lat="-37.66456" lon="175.14277">
        <ele>21.0</ele>
      </trkpt>
      <trkpt lat="-37.66465" lon="175.14267">
        <ele>21.4</ele>
      </trkpt>
      <trkpt lat="-37.66472" lon="175.14263">
        <ele>21.7</ele>
      </trkpt>
      <trkpt lat="-37.6653" lon="175.14233">
        <ele>21.8</ele>
      </trkpt>
      <trkpt lat="-37.66588" lon="175.14202">
        <ele>21.1</ele>
      </trkpt>
      <trkpt lat="-37.66646" lon="175.14172">
        <ele>21.1</ele>
      </trkpt>
      <trkpt lat="-37.66722" lon="175.14134">
        <ele>20.6</ele>
      </trkpt>
      <trkpt lat="-37.66797" lon="175.14096">
        <ele>20.9</ele>
      </trkpt>
      <trkpt lat="-37.66837" lon="175.14072">
        <ele>21.2</ele>
      </trkpt>
      <trkpt lat="-37.66905" lon="175.14023">
        <ele>21.6</ele>
      </trkpt>
      <trkpt lat="-37.66919" lon="175.14014">
        <ele>21.5</ele>
      </trkpt>
      <trkpt lat="-37.66948" lon="175.13999">
        <ele>20.2</ele>
      </trkpt>
      <trkpt lat="-37.66989" lon="175.13983">
        <ele>18.6</ele>
      </trkpt>
      <trkpt lat="-37.67037" lon="175.1397">
        <ele>18.4</ele>
      </trkpt>
      <trkpt lat="-37.67085" lon="175.13957">
        <ele>18.6</ele>
      </trkpt>
      <trkpt lat="-37.67141" lon="175.13941">
        <ele>19.9</ele>
      </trkpt>
      <trkpt lat="-37.67197" lon="175.13924">
        <ele>20.4</ele>
      </trkpt>
      <trkpt lat="-37.67243" lon="175.13907">
        <ele>20.2</ele>
      </trkpt>
      <trkpt lat="-37.67268" lon="175.13893">
        <ele>20.4</ele>
      </trkpt>
      <trkpt lat="-37.67324" lon="175.13845">
        <ele>20.2</ele>
      </trkpt>
      <trkpt lat="-37.6738" lon="175.13796">
        <ele>21.4</ele>
      </trkpt>
      <trkpt lat="-37.67436" lon="175.13748">
        <ele>21.9</ele>
      </trkpt>
      <trkpt lat="-37.67471" lon="175.13722">
        <ele>20.9</ele>
      </trkpt>
      <trkpt lat="-37.67516" lon="175.13697">
        <ele>20.6</ele>
      </trkpt>
      <trkpt lat="-37.67601" lon="175.13671">
        <ele>21.3</ele>
      </trkpt>
      <trkpt lat="-37.67687" lon="175.13644">
        <ele>23.2</ele>
      </trkpt>
      <trkpt lat="-37.67758" lon="175.13625">
        <ele>21.6</ele>
      </trkpt>
      <trkpt lat="-37.67829" lon="175.13605">
        <ele>21.3</ele>
      </trkpt>
      <trkpt lat="-37.67852" lon="175.13599">
        <ele>21.3</ele>
      </trkpt>
      <trkpt lat="-37.67895" lon="175.13587">
        <ele>21.2</ele>
      </trkpt>
      <trkpt lat="-37.67928" lon="175.13574">
        <ele>21.6</ele>
      </trkpt>
      <trkpt lat="-37.67955" lon="175.1356">
        <ele>21.0</ele>
      </trkpt>
      <trkpt lat="-37.68012" lon="175.13519">
        <ele>19.9</ele>
      </trkpt>
      <trkpt lat="-37.68064" lon="175.13479">
        <ele>20.4</ele>
      </trkpt>
      <trkpt lat="-37.68083" lon="175.13457">
        <ele>21.0</ele>
      </trkpt>
      <trkpt lat="-37.68093" lon="175.1344">
        <ele>21.2</ele>
      </trkpt>
      <trkpt lat="-37.681" lon="175.1342">
        <ele>21.4</ele>
      </trkpt>
      <trkpt lat="-37.68105" lon="175.134">
        <ele>21.3</ele>
      </trkpt>
      <trkpt lat="-37.68109" lon="175.13379">
        <ele>21.2</ele>
      </trkpt>
      <trkpt lat="-37.68111" lon="175.13363">
        <ele>21.0</ele>
      </trkpt>
      <trkpt lat="-37.68112" lon="175.13347">
        <ele>20.9</ele>
      </trkpt>
      <trkpt lat="-37.68109" lon="175.13283">
        <ele>24.1</ele>
      </trkpt>
      <trkpt lat="-37.68106" lon="175.13219">
        <ele>26.4</ele>
      </trkpt>
      <trkpt lat="-37.68107" lon="175.13199">
        <ele>26.6</ele>
      </trkpt>
      <trkpt lat="-37.68111" lon="175.13176">
        <ele>27.2</ele>
      </trkpt>
      <trkpt lat="-37.68117" lon="175.13157">
        <ele>28.0</ele>
      </trkpt>
      <trkpt lat="-37.68127" lon="175.13137">
        <ele>28.6</ele>
      </trkpt>
      <trkpt lat="-37.68138" lon="175.1312">
        <ele>28.4</ele>
      </trkpt>
      <trkpt lat="-37.68153" lon="175.13103">
        <ele>27.4</ele>
      </trkpt>
      <trkpt lat="-37.68169" lon="175.13092">
        <ele>26.1</ele>
      </trkpt>
      <trkpt lat="-37.68211" lon="175.13068">
        <ele>27.0</ele>
      </trkpt>
      <trkpt lat="-37.68229" lon="175.13055">
        <ele>26.7</ele>
      </trkpt>
      <trkpt lat="-37.68255" lon="175.13028">
        <ele>24.1</ele>
      </trkpt>
      <trkpt lat="-37.68264" lon="175.13015">
        <ele>22.9</ele>
      </trkpt>
      <trkpt lat="-37.68276" lon="175.12992">
        <ele>21.9</ele>
      </trkpt>
      <trkpt lat="-37.68285" lon="175.12968">
        <ele>22.7</ele>
      </trkpt>
      <trkpt lat="-37.68289" lon="175.12942">
        <ele>23.4</ele>
      </trkpt>
      <trkpt lat="-37.6829" lon="175.12918">
        <ele>24.0</ele>
      </trkpt>
      <trkpt lat="-37.68286" lon="175.12852">
        <ele>26.0</ele>
      </trkpt>
      <trkpt lat="-37.68285" lon="175.12811">
        <ele>26.6</ele>
      </trkpt>
      <trkpt lat="-37.68285" lon="175.1277">
        <ele>26.6</ele>
      </trkpt>
      <trkpt lat="-37.68289" lon="175.12743">
        <ele>26.9</ele>
      </trkpt>
      <trkpt lat="-37.68295" lon="175.12721">
        <ele>26.8</ele>
      </trkpt>
      <trkpt lat="-37.68303" lon="175.12703">
        <ele>26.7</ele>
      </trkpt>
      <trkpt lat="-37.6831" lon="175.12689">
        <ele>26.4</ele>
      </trkpt>
      <trkpt lat="-37.68325" lon="175.12669">
        <ele>25.9</ele>
      </trkpt>
      <trkpt lat="-37.68344" lon="175.12652">
        <ele>26.7</ele>
      </trkpt>
      <trkpt lat="-37.6836" lon="175.1264">
        <ele>27.7</ele>
      </trkpt>
      <trkpt lat="-37.68419" lon="175.12604">
        <ele>27.0</ele>
      </trkpt>
      <trkpt lat="-37.68449" lon="175.12573">
        <ele>28.3</ele>
      </trkpt>
      <trkpt lat="-37.68462" lon="175.12556">
        <ele>30.1</ele>
      </trkpt>
      <trkpt lat="-37.68485" lon="175.12519">
        <ele>32.1</ele>
      </trkpt>
      <trkpt lat="-37.68491" lon="175.12504">
        <ele>32.2</ele>
      </trkpt>
      <trkpt lat="-37.68497" lon="175.12487">
        <ele>31.7</ele>
      </trkpt>
      <trkpt lat="-37.68507" lon="175.12454">
        <ele>29.5</ele>
      </trkpt>
      <trkpt lat="-37.68525" lon="175.12388">
        <ele>28.7</ele>
      </trkpt>
      <trkpt lat="-37.68546" lon="175.12303">
        <ele>31.9</ele>
      </trkpt>
      <trkpt lat="-37.68567" lon="175.12217">
        <ele>34.3</ele>
      </trkpt>
      <trkpt lat="-37.68583" lon="175.12142">
        <ele>35.6</ele>
      </trkpt>
      <trkpt lat="-37.68584" lon="175.12116">
        <ele>36.3</ele>
      </trkpt>
      <trkpt lat="-37.68577" lon="175.12049">
        <ele>37.1</ele>
      </trkpt>
      <trkpt lat="-37.6856" lon="175.11949">
        <ele>35.2</ele>
      </trkpt>
      <trkpt lat="-37.68542" lon="175.1185">
        <ele>30.7</ele>
      </trkpt>
      <trkpt lat="-37.68534" lon="175.11816">
        <ele>30.8</ele>
      </trkpt>
      <trkpt lat="-37.68503" lon="175.11723">
        <ele>30.2</ele>
      </trkpt>
      <trkpt lat="-37.68498" lon="175.117">
        <ele>30.3</ele>
      </trkpt>
      <trkpt lat="-37.68495" lon="175.11675">
        <ele>31.0</ele>
      </trkpt>
      <trkpt lat="-37.68494" lon="175.11628">
        <ele>29.4</ele>
      </trkpt>
      <trkpt lat="-37.68496" lon="175.11603">
        <ele>28.1</ele>
      </trkpt>
      <trkpt lat="-37.68508" lon="175.11549">
        <ele>27.7</ele>
      </trkpt>
      <trkpt lat="-37.68528" lon="175.11479">
        <ele>29.4</ele>
      </trkpt>
      <trkpt lat="-37.68548" lon="175.11409">
        <ele>31.3</ele>
      </trkpt>
      <trkpt lat="-37.68567" lon="175.11337">
        <ele>34.7</ele>
      </trkpt>
      <trkpt lat="-37.68586" lon="175.11265">
        <ele>33.7</ele>
      </trkpt>
      <trkpt lat="-37.68587" lon="175.11243">
        <ele>33.9</ele>
      </trkpt>
      <trkpt lat="-37.68584" lon="175.11222">
        <ele>34.1</ele>
      </trkpt>
      <trkpt lat="-37.6857" lon="175.11183">
        <ele>35.9</ele>
      </trkpt>
      <trkpt lat="-37.68553" lon="175.11146">
        <ele>39.0</ele>
      </trkpt>
      <trkpt lat="-37.68539" lon="175.11122">
        <ele>40.5</ele>
      </trkpt>
      <trkpt lat="-37.68523" lon="175.11101">
        <ele>39.5</ele>
      </trkpt>
      <trkpt lat="-37.68469" lon="175.11051">
        <ele>41.2</ele>
      </trkpt>
      <trkpt lat="-37.68416" lon="175.11">
        <ele>38.1</ele>
      </trkpt>
      <trkpt lat="-37.68402" lon="175.10981">
        <ele>41.0</ele>
      </trkpt>
      <trkpt lat="-37.68397" lon="175.10968">
        <ele>42.4</ele>
      </trkpt>
      <trkpt lat="-37.68393" lon="175.10955">
        <ele>43.6</ele>
      </trkpt>
      <trkpt lat="-37.6839" lon="175.10942">
        <ele>44.6</ele>
      </trkpt>
      <trkpt lat="-37.68389" lon="175.10928">
        <ele>45.6</ele>
      </trkpt>
      <trkpt lat="-37.68405" lon="175.10817">
        <ele>51.7</ele>
      </trkpt>
      <trkpt lat="-37.6841" lon="175.10779">
        <ele>51.8</ele>
      </trkpt>
      <trkpt lat="-37.68412" lon="175.10757">
        <ele>52.0</ele>
      </trkpt>
      <trkpt lat="-37.68411" lon="175.10736">
        <ele>53.9</ele>
      </trkpt>
      <trkpt lat="-37.68406" lon="175.10715">
        <ele>56.5</ele>
      </trkpt>
      <trkpt lat="-37.68397" lon="175.10696">
        <ele>58.2</ele>
      </trkpt>
      <trkpt lat="-37.68386" lon="175.10681">
        <ele>58.6</ele>
      </trkpt>
      <trkpt lat="-37.6834" lon="175.10637">
        <ele>56.5</ele>
      </trkpt>
      <trkpt lat="-37.68334" lon="175.1063">
        <ele>56.2</ele>
      </trkpt>
      <trkpt lat="-37.68328" lon="175.10622">
        <ele>57.5</ele>
      </trkpt>
      <trkpt lat="-37.68324" lon="175.10611">
        <ele>58.7</ele>
      </trkpt>
      <trkpt lat="-37.68316" lon="175.10585">
        <ele>60.8</ele>
      </trkpt>
      <trkpt lat="-37.68313" lon="175.10554">
        <ele>59.0</ele>
      </trkpt>
      <trkpt lat="-37.6831" lon="175.10494">
        <ele>55.4</ele>
      </trkpt>
      <trkpt lat="-37.68307" lon="175.10473">
        <ele>54.7</ele>
      </trkpt>
      <trkpt lat="-37.68302" lon="175.10455">
        <ele>54.2</ele>
      </trkpt>
      <trkpt lat="-37.68296" lon="175.10442">
        <ele>53.7</ele>
      </trkpt>
      <trkpt lat="-37.6829" lon="175.10433">
        <ele>53.4</ele>
      </trkpt>
      <trkpt lat="-37.68275" lon="175.10412">
        <ele>53.0</ele>
      </trkpt>
      <trkpt lat="-37.68218" lon="175.10346">
        <ele>55.9</ele>
      </trkpt>
      <trkpt lat="-37.68161" lon="175.1028">
        <ele>52.6</ele>
      </trkpt>
      <trkpt lat="-37.68151" lon="175.10271">
        <ele>52.3</ele>
      </trkpt>
      <trkpt lat="-37.68134" lon="175.10259">
        <ele>50.8</ele>
      </trkpt>
      <trkpt lat="-37.68124" lon="175.10255">
        <ele>49.6</ele>
      </trkpt>
      <trkpt lat="-37.68111" lon="175.10252">
        <ele>47.8</ele>
      </trkpt>
      <trkpt lat="-37.68059" lon="175.10248">
        <ele>44.4</ele>
      </trkpt>
      <trkpt lat="-37.68049" lon="175.10246">
        <ele>44.7</ele>
      </trkpt>
      <trkpt lat="-37.68042" lon="175.10242">
        <ele>45.1</ele>
      </trkpt>
      <trkpt lat="-37.67984" lon="175.10197">
        <ele>48.4</ele>
      </trkpt>
      <trkpt lat="-37.67976" lon="175.10192">
        <ele>48.6</ele>
      </trkpt>
      <trkpt lat="-37.67915" lon="175.1016">
        <ele>49.1</ele>
      </trkpt>
      <trkpt lat="-37.67889" lon="175.10147">
        <ele>51.4</ele>
      </trkpt>
      <trkpt lat="-37.67874" lon="175.10138">
        <ele>53.0</ele>
      </trkpt>
      <trkpt lat="-37.67864" lon="175.10129">
        <ele>54.6</ele>
      </trkpt>
      <trkpt lat="-37.67832" lon="175.10096">
        <ele>60.6</ele>
      </trkpt>
      <trkpt lat="-37.67819" lon="175.10087">
        <ele>61.1</ele>
      </trkpt>
      <trkpt lat="-37.67811" lon="175.10083">
        <ele>60.9</ele>
      </trkpt>
      <trkpt lat="-37.67802" lon="175.1008">
        <ele>60.5</ele>
      </trkpt>
      <trkpt lat="-37.67787" lon="175.10079">
        <ele>59.2</ele>
      </trkpt>
      <trkpt lat="-37.67761" lon="175.1008">
        <ele>56.5</ele>
      </trkpt>
      <trkpt lat="-37.67731" lon="175.10083">
        <ele>53.7</ele>
      </trkpt>
      <trkpt lat="-37.67678" lon="175.10093">
        <ele>50.0</ele>
      </trkpt>
      <trkpt lat="-37.67668" lon="175.10094">
        <ele>49.2</ele>
      </trkpt>
      <trkpt lat="-37.67659" lon="175.10093">
        <ele>49.4</ele>
      </trkpt>
      <trkpt lat="-37.67651" lon="175.1009">
        <ele>50.0</ele>
      </trkpt>
      <trkpt lat="-37.67639" lon="175.10082">
        <ele>50.9</ele>
      </trkpt>
      <trkpt lat="-37.67628" lon="175.1007">
        <ele>52.0</ele>
      </trkpt>
      <trkpt lat="-37.6762" lon="175.10052">
        <ele>53.2</ele>
      </trkpt>
      <trkpt lat="-37.67616" lon="175.10028">
        <ele>54.6</ele>
      </trkpt>
      <trkpt lat="-37.67616" lon="175.10018">
        <ele>55.2</ele>
      </trkpt>
      <trkpt lat="-37.67618" lon="175.10003">
        <ele>55.9</ele>
      </trkpt>
      <trkpt lat="-37.67628" lon="175.09978">
        <ele>58.7</ele>
      </trkpt>
      <trkpt lat="-37.67642" lon="175.09956">
        <ele>60.0</ele>
      </trkpt>
      <trkpt lat="-37.67656" lon="175.09927">
        <ele>61.1</ele>
      </trkpt>
      <trkpt lat="-37.67668" lon="175.09896">
        <ele>61.3</ele>
      </trkpt>
      <trkpt lat="-37.67673" lon="175.09878">
        <ele>62.8</ele>
      </trkpt>
      <trkpt lat="-37.67674" lon="175.0986">
        <ele>63.9</ele>
      </trkpt>
      <trkpt lat="-37.67671" lon="175.09827">
        <ele>65.5</ele>
      </trkpt>
      <trkpt lat="-37.67659" lon="175.0981">
        <ele>67.4</ele>
      </trkpt>
      <trkpt lat="-37.67625" lon="175.09776">
        <ele>71.5</ele>
      </trkpt>
      <trkpt lat="-37.67573" lon="175.09735">
        <ele>73.1</ele>
      </trkpt>
      <trkpt lat="-37.67558" lon="175.09698">
        <ele>75.2</ele>
      </trkpt>
      <trkpt lat="-37.67555" lon="175.09675">
        <ele>74.5</ele>
      </trkpt>
      <trkpt lat="-37.6756" lon="175.09654">
        <ele>72.9</ele>
      </trkpt>
      <trkpt lat="-37.67583" lon="175.09597">
        <ele>68.3</ele>
      </trkpt>
      <trkpt lat="-37.67587" lon="175.09567">
        <ele>70.0</ele>
      </trkpt>
      <trkpt lat="-37.67584" lon="175.09537">
        <ele>69.2</ele>
      </trkpt>
      <trkpt lat="-37.67572" lon="175.09502">
        <ele>72.7</ele>
      </trkpt>
      <trkpt lat="-37.67542" lon="175.09461">
        <ele>77.5</ele>
      </trkpt>
      <trkpt lat="-37.67535" lon="175.09441">
        <ele>76.2</ele>
      </trkpt>
      <trkpt lat="-37.67533" lon="175.09416">
        <ele>72.9</ele>
      </trkpt>
      <trkpt lat="-37.67543" lon="175.09382">
        <ele>73.9</ele>
      </trkpt>
      <trkpt lat="-37.67552" lon="175.0936">
        <ele>73.2</ele>
      </trkpt>
      <trkpt lat="-37.67558" lon="175.09337">
        <ele>72.6</ele>
      </trkpt>
      <trkpt lat="-37.67559" lon="175.09282">
        <ele>75.2</ele>
      </trkpt>
      <trkpt lat="-37.67558" lon="175.09243">
        <ele>78.1</ele>
      </trkpt>
      <trkpt lat="-37.6756" lon="175.0921">
        <ele>81.0</ele>
      </trkpt>
      <trkpt lat="-37.67572" lon="175.09159">
        <ele>81.6</ele>
      </trkpt>
      <trkpt lat="-37.67576" lon="175.09135">
        <ele>82.4</ele>
      </trkpt>
      <trkpt lat="-37.67575" lon="175.09111">
        <ele>85.4</ele>
      </trkpt>
      <trkpt lat="-37.6758" lon="175.09064">
        <ele>86.3</ele>
      </trkpt>
      <trkpt lat="-37.67585" lon="175.09048">
        <ele>85.1</ele>
      </trkpt>
      <trkpt lat="-37.67606" lon="175.08996">
        <ele>84.4</ele>
      </trkpt>
      <trkpt lat="-37.67609" lon="175.08974">
        <ele>83.3</ele>
      </trkpt>
      <trkpt lat="-37.67601" lon="175.08943">
        <ele>82.4</ele>
      </trkpt>
      <trkpt lat="-37.67585" lon="175.08918">
        <ele>81.1</ele>
      </trkpt>
      <trkpt lat="-37.67566" lon="175.08898">
        <ele>86.2</ele>
      </trkpt>
      <trkpt lat="-37.67527" lon="175.08876">
        <ele>90.8</ele>
      </trkpt>
      <trkpt lat="-37.67497" lon="175.08867">
        <ele>92.0</ele>
      </trkpt>
      <trkpt lat="-37.67433" lon="175.08859">
        <ele>102.6</ele>
      </trkpt>
      <trkpt lat="-37.67416" lon="175.08837">
        <ele>101.9</ele>
      </trkpt>
      <trkpt lat="-37.67406" lon="175.08792">
        <ele>102.3</ele>
      </trkpt>
      <trkpt lat="-37.67405" lon="175.08709">
        <ele>99.8</ele>
      </trkpt>
      <trkpt lat="-37.67404" lon="175.08684">
        <ele>100.2</ele>
      </trkpt>
      <trkpt lat="-37.674" lon="175.08639">
        <ele>102.7</ele>
      </trkpt>
      <trkpt lat="-37.674" lon="175.08615">
        <ele>103.4</ele>
      </trkpt>
      <trkpt lat="-37.67402" lon="175.08595">
        <ele>103.3</ele>
      </trkpt>
      <trkpt lat="-37.67411" lon="175.08528">
        <ele>98.4</ele>
      </trkpt>
      <trkpt lat="-37.67415" lon="175.08506">
        <ele>96.6</ele>
      </trkpt>
      <trkpt lat="-37.67421" lon="175.08459">
        <ele>95.9</ele>
      </trkpt>
      <trkpt lat="-37.67421" lon="175.08445">
        <ele>95.7</ele>
      </trkpt>
      <trkpt lat="-37.67421" lon="175.08417">
        <ele>95.4</ele>
      </trkpt>
      <trkpt lat="-37.67418" lon="175.08395">
        <ele>95.6</ele>
      </trkpt>
      <trkpt lat="-37.67409" lon="175.08363">
        <ele>96.7</ele>
      </trkpt>
      <trkpt lat="-37.67401" lon="175.08343">
        <ele>97.3</ele>
      </trkpt>
      <trkpt lat="-37.67391" lon="175.08324">
        <ele>97.6</ele>
      </trkpt>
      <trkpt lat="-37.67371" lon="175.0829">
        <ele>98.7</ele>
      </trkpt>
      <trkpt lat="-37.67337" lon="175.0824">
        <ele>102.3</ele>
      </trkpt>
      <trkpt lat="-37.67304" lon="175.08189">
        <ele>104.9</ele>
      </trkpt>
      <trkpt lat="-37.67292" lon="175.08169">
        <ele>104.1</ele>
      </trkpt>
      <trkpt lat="-37.67282" lon="175.08146">
        <ele>103.9</ele>
      </trkpt>
      <trkpt lat="-37.67278" lon="175.08125">
        <ele>104.3</ele>
      </trkpt>
      <trkpt lat="-37.67277" lon="175.08104">
        <ele>105.0</ele>
      </trkpt>
      <trkpt lat="-37.67287" lon="175.08022">
        <ele>103.2</ele>
      </trkpt>
      <trkpt lat="-37.67287" lon="175.08001">
        <ele>102.3</ele>
      </trkpt>
      <trkpt lat="-37.67286" lon="175.07978">
        <ele>102.0</ele>
      </trkpt>
      <trkpt lat="-37.67283" lon="175.07967">
        <ele>101.8</ele>
      </trkpt>
      <trkpt lat="-37.67279" lon="175.07954">
        <ele>101.7</ele>
      </trkpt>
      <trkpt lat="-37.67276" lon="175.07946">
        <ele>101.6</ele>
      </trkpt>
      <trkpt lat="-37.67266" lon="175.07928">
        <ele>101.7</ele>
      </trkpt>
      <trkpt lat="-37.67205" lon="175.07853">
        <ele>106.7</ele>
      </trkpt>
      <trkpt lat="-37.67197" lon="175.07839">
        <ele>107.4</ele>
      </trkpt>
      <trkpt lat="-37.67193" lon="175.07827">
        <ele>107.5</ele>
      </trkpt>
      <trkpt lat="-37.67191" lon="175.07817">
        <ele>107.3</ele>
      </trkpt>
      <trkpt lat="-37.6719" lon="175.07805">
        <ele>107.1</ele>
      </trkpt>
      <trkpt lat="-37.67192" lon="175.07793">
        <ele>107.3</ele>
      </trkpt>
      <trkpt lat="-37.67195" lon="175.07783">
        <ele>107.5</ele>
      </trkpt>
      <trkpt lat="-37.672" lon="175.07772">
        <ele>107.9</ele>
      </trkpt>
      <trkpt lat="-37.67206" lon="175.07762">
        <ele>108.4</ele>
      </trkpt>
      <trkpt lat="-37.67213" lon="175.07753">
        <ele>108.9</ele>
      </trkpt>
      <trkpt lat="-37.67226" lon="175.07741">
        <ele>109.9</ele>
      </trkpt>
      <trkpt lat="-37.67257" lon="175.07714">
        <ele>112.0</ele>
      </trkpt>
      <trkpt lat="-37.67262" lon="175.07707">
        <ele>112.3</ele>
      </trkpt>
      <trkpt lat="-37.67268" lon="175.07698">
        <ele>112.6</ele>
      </trkpt>
      <trkpt lat="-37.6727" lon="175.07693">
        <ele>112.8</ele>
      </trkpt>
      <trkpt lat="-37.67272" lon="175.07687">
        <ele>112.9</ele>
      </trkpt>
      <trkpt lat="-37.67273" lon="175.07676">
        <ele>113.0</ele>
      </trkpt>
      <trkpt lat="-37.67273" lon="175.07664">
        <ele>113.0</ele>
      </trkpt>
      <trkpt lat="-37.67265" lon="175.07563">
        <ele>115.0</ele>
      </trkpt>
      <trkpt lat="-37.67257" lon="175.07462">
        <ele>110.2</ele>
      </trkpt>
      <trkpt lat="-37.67249" lon="175.07361">
        <ele>105.7</ele>
      </trkpt>
      <trkpt lat="-37.67247" lon="175.07349">
        <ele>105.5</ele>
      </trkpt>
      <trkpt lat="-37.67243" lon="175.07337">
        <ele>105.3</ele>
      </trkpt>
      <trkpt lat="-37.67237" lon="175.07327">
        <ele>105.8</ele>
      </trkpt>
      <trkpt lat="-37.67231" lon="175.07321">
        <ele>106.4</ele>
      </trkpt>
      <trkpt lat="-37.67222" lon="175.07314">
        <ele>107.2</ele>
      </trkpt>
      <trkpt lat="-37.672" lon="175.07304">
        <ele>108.8</ele>
      </trkpt>
      <trkpt lat="-37.6716" lon="175.07292">
        <ele>111.9</ele>
      </trkpt>
      <trkpt lat="-37.67142" lon="175.07288">
        <ele>113.4</ele>
      </trkpt>
      <trkpt lat="-37.67108" lon="175.07284">
        <ele>115.7</ele>
      </trkpt>
      <trkpt lat="-37.67081" lon="175.07277">
        <ele>117.3</ele>
      </trkpt>
      <trkpt lat="-37.67055" lon="175.07266">
        <ele>117.2</ele>
      </trkpt>
      <trkpt lat="-37.67014" lon="175.07245">
        <ele>115.8</ele>
      </trkpt>
      <trkpt lat="-37.66998" lon="175.07234">
        <ele>116.1</ele>
      </trkpt>
      <trkpt lat="-37.66991" lon="175.07228">
        <ele>117.2</ele>
      </trkpt>
      <trkpt lat="-37.6697" lon="175.07206">
        <ele>119.3</ele>
      </trkpt>
      <trkpt lat="-37.66931" lon="175.07159">
        <ele>117.9</ele>
      </trkpt>
      <trkpt lat="-37.66918" lon="175.07145">
        <ele>118.6</ele>
      </trkpt>
      <trkpt lat="-37.66902" lon="175.07132">
        <ele>119.7</ele>
      </trkpt>
      <trkpt lat="-37.66886" lon="175.07122">
        <ele>120.3</ele>
      </trkpt>
      <trkpt lat="-37.66853" lon="175.07108">
        <ele>120.8</ele>
      </trkpt>
      <trkpt lat="-37.66837" lon="175.07101">
        <ele>120.8</ele>
      </trkpt>
      <trkpt lat="-37.66821" lon="175.07091">
        <ele>122.4</ele>
      </trkpt>
      <trkpt lat="-37.66806" lon="175.07077">
        <ele>124.4</ele>
      </trkpt>
      <trkpt lat="-37.6678" lon="175.07049">
        <ele>126.6</ele>
      </trkpt>
      <trkpt lat="-37.66773" lon="175.07042">
        <ele>126.8</ele>
      </trkpt>
      <trkpt lat="-37.66764" lon="175.07036">
        <ele>127.0</ele>
      </trkpt>
      <trkpt lat="-37.66757" lon="175.07031">
        <ele>127.0</ele>
      </trkpt>
      <trkpt lat="-37.66749" lon="175.07028">
        <ele>127.1</ele>
      </trkpt>
      <trkpt lat="-37.6673" lon="175.07025">
        <ele>128.3</ele>
      </trkpt>
      <trkpt lat="-37.66703" lon="175.07028">
        <ele>130.8</ele>
      </trkpt>
      <trkpt lat="-37.66676" lon="175.07032">
        <ele>133.6</ele>
      </trkpt>
      <trkpt lat="-37.66651" lon="175.07038">
        <ele>135.4</ele>
      </trkpt>
      <trkpt lat="-37.66634" lon="175.07045">
        <ele>136.5</ele>
      </trkpt>
      <trkpt lat="-37.66626" lon="175.07049">
        <ele>137.1</ele>
      </trkpt>
      <trkpt lat="-37.66618" lon="175.07057">
        <ele>138.1</ele>
      </trkpt>
      <trkpt lat="-37.66583" lon="175.07107">
        <ele>144.1</ele>
      </trkpt>
      <trkpt lat="-37.6657" lon="175.07123">
        <ele>147.0</ele>
      </trkpt>
      <trkpt lat="-37.66563" lon="175.07128">
        <ele>147.9</ele>
      </trkpt>
      <trkpt lat="-37.66555" lon="175.07132">
        <ele>148.8</ele>
      </trkpt>
      <trkpt lat="-37.66546" lon="175.07135">
        <ele>149.5</ele>
      </trkpt>
      <trkpt lat="-37.66538" lon="175.07136">
        <ele>149.9</ele>
      </trkpt>
      <trkpt lat="-37.66528" lon="175.07135">
        <ele>150.3</ele>
      </trkpt>
      <trkpt lat="-37.6652" lon="175.07132">
        <ele>150.4</ele>
      </trkpt>
      <trkpt lat="-37.66511" lon="175.07128">
        <ele>150.6</ele>
      </trkpt>
      <trkpt lat="-37.66498" lon="175.07117">
        <ele>151.0</ele>
      </trkpt>
      <trkpt lat="-37.66478" lon="175.07096">
        <ele>153.5</ele>
      </trkpt>
      <trkpt lat="-37.66463" lon="175.07087">
        <ele>155.5</ele>
      </trkpt>
      <trkpt lat="-37.66453" lon="175.07084">
        <ele>156.9</ele>
      </trkpt>
      <trkpt lat="-37.6644" lon="175.07081">
        <ele>158.8</ele>
      </trkpt>
      <trkpt lat="-37.66384" lon="175.07075">
        <ele>164.8</ele>
      </trkpt>
      <trkpt lat="-37.66372" lon="175.07071">
        <ele>165.7</ele>
      </trkpt>
      <trkpt lat="-37.66362" lon="175.07065">
        <ele>166.5</ele>
      </trkpt>
      <trkpt lat="-37.66354" lon="175.07059">
        <ele>167.4</ele>
      </trkpt>
      <trkpt lat="-37.66349" lon="175.0705">
        <ele>168.0</ele>
      </trkpt>
      <trkpt lat="-37.66344" lon="175.07038">
        <ele>168.9</ele>
      </trkpt>
      <trkpt lat="-37.6634" lon="175.07025">
        <ele>169.8</ele>
      </trkpt>
      <trkpt lat="-37.66333" lon="175.06988">
        <ele>171.5</ele>
      </trkpt>
      <trkpt lat="-37.66328" lon="175.06971">
        <ele>171.4</ele>
      </trkpt>
      <trkpt lat="-37.66321" lon="175.06954">
        <ele>171.6</ele>
      </trkpt>
      <trkpt lat="-37.66305" lon="175.06934">
        <ele>172.7</ele>
      </trkpt>
      <trkpt lat="-37.66295" lon="175.06925">
        <ele>173.6</ele>
      </trkpt>
      <trkpt lat="-37.66264" lon="175.06907">
        <ele>176.3</ele>
      </trkpt>
      <trkpt lat="-37.6625" lon="175.06896">
        <ele>177.5</ele>
      </trkpt>
      <trkpt lat="-37.66241" lon="175.06888">
        <ele>178.0</ele>
      </trkpt>
      <trkpt lat="-37.66233" lon="175.06878">
        <ele>178.3</ele>
      </trkpt>
      <trkpt lat="-37.66223" lon="175.06857">
        <ele>178.3</ele>
      </trkpt>
      <trkpt lat="-37.66219" lon="175.06844">
        <ele>178.1</ele>
      </trkpt>
      <trkpt lat="-37.6621" lon="175.06793">
        <ele>176.6</ele>
      </trkpt>
      <trkpt lat="-37.66204" lon="175.06772">
        <ele>176.4</ele>
      </trkpt>
      <trkpt lat="-37.66197" lon="175.06751">
        <ele>176.6</ele>
      </trkpt>
      <trkpt lat="-37.66187" lon="175.06731">
        <ele>178.4</ele>
      </trkpt>
      <trkpt lat="-37.66177" lon="175.06714">
        <ele>180.0</ele>
      </trkpt>
      <trkpt lat="-37.66138" lon="175.06652">
        <ele>181.6</ele>
      </trkpt>
      <trkpt lat="-37.66098" lon="175.06589">
        <ele>186.9</ele>
      </trkpt>
      <trkpt lat="-37.66057" lon="175.06529">
        <ele>189.6</ele>
      </trkpt>
      <trkpt lat="-37.66045" lon="175.06514">
        <ele>189.9</ele>
      </trkpt>
      <trkpt lat="-37.66029" lon="175.06497">
        <ele>189.4</ele>
      </trkpt>
      <trkpt lat="-37.66016" lon="175.06488">
        <ele>187.2</ele>
      </trkpt>
      <trkpt lat="-37.65999" lon="175.06481">
        <ele>185.0</ele>
      </trkpt>
      <trkpt lat="-37.65966" lon="175.06471">
        <ele>184.0</ele>
      </trkpt>
      <trkpt lat="-37.65947" lon="175.06466">
        <ele>183.4</ele>
      </trkpt>
      <trkpt lat="-37.65894" lon="175.06456">
        <ele>182.7</ele>
      </trkpt>
      <trkpt lat="-37.65878" lon="175.0645">
        <ele>182.2</ele>
      </trkpt>
      <trkpt lat="-37.6586" lon="175.06441">
        <ele>181.3</ele>
      </trkpt>
      <trkpt lat="-37.65846" lon="175.06431">
        <ele>180.0</ele>
      </trkpt>
      <trkpt lat="-37.65832" lon="175.06416">
        <ele>177.9</ele>
      </trkpt>
      <trkpt lat="-37.6582" lon="175.06399">
        <ele>175.5</ele>
      </trkpt>
      <trkpt lat="-37.65765" lon="175.06315">
        <ele>164.5</ele>
      </trkpt>
      <trkpt lat="-37.6571" lon="175.06231">
        <ele>158.3</ele>
      </trkpt>
      <trkpt lat="-37.65656" lon="175.06147">
        <ele>153.7</ele>
      </trkpt>
      <trkpt lat="-37.65601" lon="175.06063">
        <ele>145.7</ele>
      </trkpt>
      <trkpt lat="-37.65547" lon="175.05979">
        <ele>138.0</ele>
      </trkpt>
      <trkpt lat="-37.65532" lon="175.05958">
        <ele>136.5</ele>
      </trkpt>
      <trkpt lat="-37.65506" lon="175.05925">
        <ele>134.4</ele>
      </trkpt>
      <trkpt lat="-37.65492" lon="175.05909">
        <ele>133.5</ele>
      </trkpt>
      <trkpt lat="-37.65479" lon="175.05896">
        <ele>132.8</ele>
      </trkpt>
      <trkpt lat="-37.65449" lon="175.05871">
        <ele>132.0</ele>
      </trkpt>
      <trkpt lat="-37.65386" lon="175.05824">
        <ele>131.8</ele>
      </trkpt>
      <trkpt lat="-37.65322" lon="175.05778">
        <ele>130.6</ele>
      </trkpt>
      <trkpt lat="-37.65258" lon="175.05731">
        <ele>130.3</ele>
      </trkpt>
      <trkpt lat="-37.65194" lon="175.05685">
        <ele>129.0</ele>
      </trkpt>
      <trkpt lat="-37.65178" lon="175.05672">
        <ele>127.8</ele>
      </trkpt>
      <trkpt lat="-37.65149" lon="175.05645">
        <ele>128.5</ele>
      </trkpt>
      <trkpt lat="-37.65081" lon="175.05577">
        <ele>123.3</ele>
      </trkpt>
      <trkpt lat="-37.65014" lon="175.05509">
        <ele>123.2</ele>
      </trkpt>
      <trkpt lat="-37.64999" lon="175.05496">
        <ele>122.2</ele>
      </trkpt>
      <trkpt lat="-37.64984" lon="175.05486">
        <ele>123.6</ele>
      </trkpt>
      <trkpt lat="-37.64966" lon="175.05476">
        <ele>125.1</ele>
      </trkpt>
      <trkpt lat="-37.64894" lon="175.05444">
        <ele>127.6</ele>
      </trkpt>
      <trkpt lat="-37.64822" lon="175.05413">
        <ele>123.1</ele>
      </trkpt>
      <trkpt lat="-37.6477" lon="175.05398">
        <ele>119.0</ele>
      </trkpt>
      <trkpt lat="-37.64752" lon="175.05394">
        <ele>117.5</ele>
      </trkpt>
      <trkpt lat="-37.64733" lon="175.05393">
        <ele>116.5</ele>
      </trkpt>
      <trkpt lat="-37.64715" lon="175.05393">
        <ele>115.4</ele>
      </trkpt>
      <trkpt lat="-37.64698" lon="175.05396">
        <ele>114.3</ele>
      </trkpt>
      <trkpt lat="-37.64634" lon="175.05408">
        <ele>111.0</ele>
      </trkpt>
      <trkpt lat="-37.6458" lon="175.05413">
        <ele>109.4</ele>
      </trkpt>
      <trkpt lat="-37.64543" lon="175.05413">
        <ele>109.4</ele>
      </trkpt>
      <trkpt lat="-37.64525" lon="175.05411">
        <ele>109.6</ele>
      </trkpt>
      <trkpt lat="-37.64509" lon="175.05408">
        <ele>109.9</ele>
      </trkpt>
      <trkpt lat="-37.6449" lon="175.05402">
        <ele>110.7</ele>
      </trkpt>
      <trkpt lat="-37.64473" lon="175.05394">
        <ele>111.7</ele>
      </trkpt>
      <trkpt lat="-37.64458" lon="175.05384">
        <ele>112.7</ele>
      </trkpt>
      <trkpt lat="-37.64441" lon="175.05368">
        <ele>114.0</ele>
      </trkpt>
      <trkpt lat="-37.6443" lon="175.05353">
        <ele>115.0</ele>
      </trkpt>
      <trkpt lat="-37.64419" lon="175.05337">
        <ele>115.8</ele>
      </trkpt>
      <trkpt lat="-37.6441" lon="175.05317">
        <ele>115.5</ele>
      </trkpt>
      <trkpt lat="-37.64402" lon="175.05296">
        <ele>114.7</ele>
      </trkpt>
      <trkpt lat="-37.64397" lon="175.05278">
        <ele>114.0</ele>
      </trkpt>
      <trkpt lat="-37.64391" lon="175.05252">
        <ele>112.9</ele>
      </trkpt>
      <trkpt lat="-37.64374" lon="175.05167">
        <ele>105.9</ele>
      </trkpt>
      <trkpt lat="-37.64357" lon="175.05082">
        <ele>100.6</ele>
      </trkpt>
      <trkpt lat="-37.6434" lon="175.04996">
        <ele>95.3</ele>
      </trkpt>
      <trkpt lat="-37.64324" lon="175.04929">
        <ele>93.9</ele>
      </trkpt>
      <trkpt lat="-37.64308" lon="175.04872">
        <ele>93.8</ele>
      </trkpt>
      <trkpt lat="-37.64296" lon="175.04839">
        <ele>93.6</ele>
      </trkpt>
      <trkpt lat="-37.64273" lon="175.04799">
        <ele>93.7</ele>
      </trkpt>
      <trkpt lat="-37.64237" lon="175.04749">
        <ele>93.1</ele>
      </trkpt>
      <trkpt lat="-37.64201" lon="175.04699">
        <ele>93.8</ele>
      </trkpt>
      <trkpt lat="-37.64145" lon="175.04629">
        <ele>93.9</ele>
      </trkpt>
      <trkpt lat="-37.64089" lon="175.04559">
        <ele>93.0</ele>
      </trkpt>
      <trkpt lat="-37.64036" lon="175.04506">
        <ele>90.0</ele>
      </trkpt>
      <trkpt lat="-37.63983" lon="175.04454">
        <ele>89.5</ele>
      </trkpt>
      <trkpt lat="-37.63931" lon="175.04402">
        <ele>88.4</ele>
      </trkpt>
      <trkpt lat="-37.6388" lon="175.0435">
        <ele>88.8</ele>
      </trkpt>
      <trkpt lat="-37.63862" lon="175.0433">
        <ele>89.3</ele>
      </trkpt>
      <trkpt lat="-37.63856" lon="175.04316">
        <ele>89.3</ele>
      </trkpt>
      <trkpt lat="-37.6385" lon="175.04289">
        <ele>89.1</ele>
      </trkpt>
      <trkpt lat="-37.63849" lon="175.04267">
        <ele>88.8</ele>
      </trkpt>
      <trkpt lat="-37.63853" lon="175.04243">
        <ele>88.2</ele>
      </trkpt>
      <trkpt lat="-37.63863" lon="175.04218">
        <ele>86.5</ele>
      </trkpt>
      <trkpt lat="-37.63874" lon="175.04203">
        <ele>85.5</ele>
      </trkpt>
      <trkpt lat="-37.63889" lon="175.04189">
        <ele>84.6</ele>
      </trkpt>
      <trkpt lat="-37.63906" lon="175.04179">
        <ele>84.0</ele>
      </trkpt>
      <trkpt lat="-37.63979" lon="175.0415">
        <ele>84.5</ele>
      </trkpt>
      <trkpt lat="-37.64016" lon="175.04139">
        <ele>84.4</ele>
      </trkpt>
      <trkpt lat="-37.64064" lon="175.04133">
        <ele>84.2</ele>
      </trkpt>
      <trkpt lat="-37.64083" lon="175.04128">
        <ele>83.8</ele>
      </trkpt>
      <trkpt lat="-37.64097" lon="175.04121">
        <ele>84.3</ele>
      </trkpt>
      <trkpt lat="-37.6411" lon="175.0411">
        <ele>84.1</ele>
      </trkpt>
      <trkpt lat="-37.64152" lon="175.04063">
        <ele>83.4</ele>
      </trkpt>
      <trkpt lat="-37.64165" lon="175.0405">
        <ele>83.8</ele>
      </trkpt>
      <trkpt lat="-37.64178" lon="175.04041">
        <ele>84.5</ele>
      </trkpt>
      <trkpt lat="-37.64227" lon="175.04014">
        <ele>84.2</ele>
      </trkpt>
      <trkpt lat="-37.64273" lon="175.03983">
        <ele>85.0</ele>
      </trkpt>
      <trkpt lat="-37.64293" lon="175.03963">
        <ele>86.2</ele>
      </trkpt>
      <trkpt lat="-37.64306" lon="175.03942">
        <ele>85.7</ele>
      </trkpt>
      <trkpt lat="-37.64323" lon="175.039">
        <ele>83.7</ele>
      </trkpt>
      <trkpt lat="-37.64331" lon="175.0387">
        <ele>83.4</ele>
      </trkpt>
      <trkpt lat="-37.64332" lon="175.03839">
        <ele>84.0</ele>
      </trkpt>
      <trkpt lat="-37.64329" lon="175.03811">
        <ele>84.5</ele>
      </trkpt>
      <trkpt lat="-37.64319" lon="175.03786">
        <ele>85.2</ele>
      </trkpt>
      <trkpt lat="-37.64284" lon="175.03731">
        <ele>86.7</ele>
      </trkpt>
      <trkpt lat="-37.64269" lon="175.03692">
        <ele>86.1</ele>
      </trkpt>
      <trkpt lat="-37.64244" lon="175.03598">
        <ele>84.3</ele>
      </trkpt>
      <trkpt lat="-37.64241" lon="175.03574">
        <ele>84.8</ele>
      </trkpt>
      <trkpt lat="-37.64241" lon="175.03547">
        <ele>84.8</ele>
      </trkpt>
      <trkpt lat="-37.64245" lon="175.03522">
        <ele>84.1</ele>
      </trkpt>
      <trkpt lat="-37.64252" lon="175.03498">
        <ele>83.3</ele>
      </trkpt>
      <trkpt lat="-37.64271" lon="175.03447">
        <ele>85.2</ele>
      </trkpt>
      <trkpt lat="-37.64274" lon="175.03423">
        <ele>85.1</ele>
      </trkpt>
      <trkpt lat="-37.64273" lon="175.03399">
        <ele>84.2</ele>
      </trkpt>
      <trkpt lat="-37.64267" lon="175.03372">
        <ele>82.5</ele>
      </trkpt>
      <trkpt lat="-37.64259" lon="175.03355">
        <ele>81.1</ele>
      </trkpt>
      <trkpt lat="-37.64228" lon="175.03305">
        <ele>79.9</ele>
      </trkpt>
      <trkpt lat="-37.64215" lon="175.03277">
        <ele>79.3</ele>
      </trkpt>
      <trkpt lat="-37.64209" lon="175.03251">
        <ele>78.5</ele>
      </trkpt>
      <trkpt lat="-37.64209" lon="175.03224">
        <ele>78.3</ele>
      </trkpt>
      <trkpt lat="-37.64213" lon="175.03201">
        <ele>78.2</ele>
      </trkpt>
      <trkpt lat="-37.64224" lon="175.03167">
        <ele>77.6</ele>
      </trkpt>
      <trkpt lat="-37.64245" lon="175.03107">
        <ele>77.9</ele>
      </trkpt>
      <trkpt lat="-37.64267" lon="175.03047">
        <ele>79.1</ele>
      </trkpt>
      <trkpt lat="-37.64288" lon="175.02967">
        <ele>80.6</ele>
      </trkpt>
      <trkpt lat="-37.64304" lon="175.02891">
        <ele>81.1</ele>
      </trkpt>
      <trkpt lat="-37.64307" lon="175.02854">
        <ele>83.3</ele>
      </trkpt>
      <trkpt lat="-37.64307" lon="175.02825">
        <ele>84.8</ele>
      </trkpt>
      <trkpt lat="-37.64307" lon="175.02825">
        <ele>84.8</ele>
      </trkpt>
      <trkpt lat="-37.64306" lon="175.0278">
        <ele>85.4</ele>
      </trkpt>
      <trkpt lat="-37.64301" lon="175.02749">
        <ele>85.5</ele>
      </trkpt>
      <trkpt lat="-37.64283" lon="175.02699">
        <ele>79.1</ele>
      </trkpt>
      <trkpt lat="-37.6428" lon="175.0269">
        <ele>77.8</ele>
      </trkpt>
      <trkpt lat="-37.64278" lon="175.0268">
        <ele>76.4</ele>
      </trkpt>
      <trkpt lat="-37.64278" lon="175.02671">
        <ele>75.2</ele>
      </trkpt>
      <trkpt lat="-37.6428" lon="175.02653">
        <ele>73.9</ele>
      </trkpt>
      <trkpt lat="-37.64284" lon="175.02643">
        <ele>73.4</ele>
      </trkpt>
      <trkpt lat="-37.64289" lon="175.02632">
        <ele>72.7</ele>
      </trkpt>
      <trkpt lat="-37.64305" lon="175.02605">
        <ele>70.7</ele>
      </trkpt>
      <trkpt lat="-37.64312" lon="175.02595">
        <ele>69.6</ele>
      </trkpt>
      <trkpt lat="-37.6432" lon="175.02587">
        <ele>68.6</ele>
      </trkpt>
      <trkpt lat="-37.64338" lon="175.02572">
        <ele>68.2</ele>
      </trkpt>
      <trkpt lat="-37.6441" lon="175.02529">
        <ele>68.4</ele>
      </trkpt>
      <trkpt lat="-37.64482" lon="175.02486">
        <ele>70.4</ele>
      </trkpt>
      <trkpt lat="-37.64511" lon="175.02468">
        <ele>70.4</ele>
      </trkpt>
      <trkpt lat="-37.64521" lon="175.0246">
        <ele>70.3</ele>
      </trkpt>
      <trkpt lat="-37.64531" lon="175.02449">
        <ele>70.1</ele>
      </trkpt>
      <trkpt lat="-37.64538" lon="175.02435">
        <ele>69.7</ele>
      </trkpt>
      <trkpt lat="-37.64543" lon="175.02422">
        <ele>69.3</ele>
      </trkpt>
      <trkpt lat="-37.64545" lon="175.0241">
        <ele>69.3</ele>
      </trkpt>
      <trkpt lat="-37.64545" lon="175.02394">
        <ele>69.7</ele>
      </trkpt>
      <trkpt lat="-37.64542" lon="175.02378">
        <ele>69.9</ele>
      </trkpt>
      <trkpt lat="-37.64526" lon="175.02318">
        <ele>70.5</ele>
      </trkpt>
      <trkpt lat="-37.64525" lon="175.02303">
        <ele>70.7</ele>
      </trkpt>
      <trkpt lat="-37.64526" lon="175.0229">
        <ele>70.9</ele>
      </trkpt>
      <trkpt lat="-37.6453" lon="175.02278">
        <ele>70.9</ele>
      </trkpt>
      <trkpt lat="-37.64536" lon="175.02266">
        <ele>70.8</ele>
      </trkpt>
      <trkpt lat="-37.64554" lon="175.02244">
        <ele>70.1</ele>
      </trkpt>
      <trkpt lat="-37.64595" lon="175.02213">
        <ele>68.1</ele>
      </trkpt>
      <trkpt lat="-37.64645" lon="175.02183">
        <ele>69.7</ele>
      </trkpt>
      <trkpt lat="-37.6472" lon="175.02153">
        <ele>69.6</ele>
      </trkpt>
      <trkpt lat="-37.6474" lon="175.02144">
        <ele>69.0</ele>
      </trkpt>
      <trkpt lat="-37.64758" lon="175.0213">
        <ele>68.3</ele>
      </trkpt>
      <trkpt lat="-37.64783" lon="175.02107">
        <ele>68.1</ele>
      </trkpt>
      <trkpt lat="-37.64829" lon="175.02045">
        <ele>68.9</ele>
      </trkpt>
      <trkpt lat="-37.64875" lon="175.01982">
        <ele>67.8</ele>
      </trkpt>
      <trkpt lat="-37.64907" lon="175.01939">
        <ele>66.2</ele>
      </trkpt>
      <trkpt lat="-37.6494" lon="175.01895">
        <ele>65.2</ele>
      </trkpt>
      <trkpt lat="-37.6496" lon="175.01861">
        <ele>65.5</ele>
      </trkpt>
      <trkpt lat="-37.6497" lon="175.01838">
        <ele>65.9</ele>
      </trkpt>
      <trkpt lat="-37.64982" lon="175.01805">
        <ele>65.3</ele>
      </trkpt>
      <trkpt lat="-37.64987" lon="175.01779">
        <ele>64.3</ele>
      </trkpt>
      <trkpt lat="-37.65001" lon="175.01749">
        <ele>63.0</ele>
      </trkpt>
      <trkpt lat="-37.65013" lon="175.01736">
        <ele>63.0</ele>
      </trkpt>
      <trkpt lat="-37.65031" lon="175.01723">
        <ele>63.0</ele>
      </trkpt>
      <trkpt lat="-37.65045" lon="175.01719">
        <ele>63.0</ele>
      </trkpt>
      <trkpt lat="-37.65074" lon="175.01716">
        <ele>63.0</ele>
      </trkpt>
      <trkpt lat="-37.651" lon="175.01717">
        <ele>63.4</ele>
      </trkpt>
      <trkpt lat="-37.6514" lon="175.01728">
        <ele>64.2</ele>
      </trkpt>
      <trkpt lat="-37.65219" lon="175.01736">
        <ele>67.5</ele>
      </trkpt>
      <trkpt lat="-37.65242" lon="175.01737">
        <ele>68.9</ele>
      </trkpt>
      <trkpt lat="-37.65268" lon="175.01724">
        <ele>69.0</ele>
      </trkpt>
      <trkpt lat="-37.65285" lon="175.01707">
        <ele>67.9</ele>
      </trkpt>
      <trkpt lat="-37.65308" lon="175.01677">
        <ele>64.9</ele>
      </trkpt>
      <trkpt lat="-37.65325" lon="175.01649">
        <ele>64.4</ele>
      </trkpt>
      <trkpt lat="-37.6534" lon="175.01632">
        <ele>64.7</ele>
      </trkpt>
      <trkpt lat="-37.65359" lon="175.0162">
        <ele>65.2</ele>
      </trkpt>
      <trkpt lat="-37.65376" lon="175.01617">
        <ele>65.3</ele>
      </trkpt>
      <trkpt lat="-37.65393" lon="175.01621">
        <ele>65.1</ele>
      </trkpt>
      <trkpt lat="-37.65408" lon="175.01628">
        <ele>64.9</ele>
      </trkpt>
      <trkpt lat="-37.65434" lon="175.01656">
        <ele>63.9</ele>
      </trkpt>
      <trkpt lat="-37.65461" lon="175.0168">
        <ele>64.6</ele>
      </trkpt>
      <trkpt lat="-37.65477" lon="175.01686">
        <ele>64.9</ele>
      </trkpt>
      <trkpt lat="-37.65492" lon="175.01688">
        <ele>64.8</ele>
      </trkpt>
      <trkpt lat="-37.6551" lon="175.01686">
        <ele>65.3</ele>
      </trkpt>
      <trkpt lat="-37.65526" lon="175.01675">
        <ele>65.9</ele>
      </trkpt>
      <trkpt lat="-37.6554" lon="175.01663">
        <ele>66.7</ele>
      </trkpt>
      <trkpt lat="-37.65555" lon="175.01643">
        <ele>67.8</ele>
      </trkpt>
      <trkpt lat="-37.65568" lon="175.01623">
        <ele>67.9</ele>
      </trkpt>
      <trkpt lat="-37.65574" lon="175.01607">
        <ele>67.3</ele>
      </trkpt>
      <trkpt lat="-37.6558" lon="175.01583">
        <ele>66.0</ele>
      </trkpt>
      <trkpt lat="-37.65588" lon="175.01535">
        <ele>65.3</ele>
      </trkpt>
      <trkpt lat="-37.65595" lon="175.01512">
        <ele>65.1</ele>
      </trkpt>
      <trkpt lat="-37.65607" lon="175.01493">
        <ele>65.3</ele>
      </trkpt>
      <trkpt lat="-37.65621" lon="175.01484">
        <ele>65.7</ele>
      </trkpt>
      <trkpt lat="-37.65645" lon="175.01476">
        <ele>66.2</ele>
      </trkpt>
      <trkpt lat="-37.65726" lon="175.01461">
        <ele>63.9</ele>
      </trkpt>
      <trkpt lat="-37.65807" lon="175.01447">
        <ele>63.0</ele>
      </trkpt>
      <trkpt lat="-37.65824" lon="175.01445">
        <ele>63.0</ele>
      </trkpt>
      <trkpt lat="-37.65843" lon="175.01453">
        <ele>64.3</ele>
      </trkpt>
      <trkpt lat="-37.65872" lon="175.01462">
        <ele>66.8</ele>
      </trkpt>
      <trkpt lat="-37.65888" lon="175.01471">
        <ele>68.4</ele>
      </trkpt>
      <trkpt lat="-37.65917" lon="175.0148">
        <ele>70.8</ele>
      </trkpt>
      <trkpt lat="-37.65959" lon="175.01485">
        <ele>72.7</ele>
      </trkpt>
      <trkpt lat="-37.66007" lon="175.01484">
        <ele>74.7</ele>
      </trkpt>
      <trkpt lat="-37.66054" lon="175.01484">
        <ele>78.6</ele>
      </trkpt>
      <trkpt lat="-37.6608" lon="175.01477">
        <ele>80.3</ele>
      </trkpt>
      <trkpt lat="-37.66099" lon="175.0147">
        <ele>80.8</ele>
      </trkpt>
      <trkpt lat="-37.66112" lon="175.01464">
        <ele>81.1</ele>
      </trkpt>
      <trkpt lat="-37.66125" lon="175.01454">
        <ele>81.3</ele>
      </trkpt>
      <trkpt lat="-37.66137" lon="175.0144">
        <ele>81.5</ele>
      </trkpt>
      <trkpt lat="-37.66157" lon="175.01413">
        <ele>82.5</ele>
      </trkpt>
      <trkpt lat="-37.66205" lon="175.01339">
        <ele>84.3</ele>
      </trkpt>
      <trkpt lat="-37.66254" lon="175.01266">
        <ele>76.3</ele>
      </trkpt>
      <trkpt lat="-37.66303" lon="175.01192">
        <ele>69.1</ele>
      </trkpt>
      <trkpt lat="-37.66316" lon="175.01177">
        <ele>66.9</ele>
      </trkpt>
      <trkpt lat="-37.66332" lon="175.01162">
        <ele>64.4</ele>
      </trkpt>
      <trkpt lat="-37.66349" lon="175.01155">
        <ele>62.3</ele>
      </trkpt>
      <trkpt lat="-37.66372" lon="175.01151">
        <ele>60.1</ele>
      </trkpt>
      <trkpt lat="-37.66389" lon="175.0115">
        <ele>58.8</ele>
      </trkpt>
      <trkpt lat="-37.66439" lon="175.01148">
        <ele>55.6</ele>
      </trkpt>
      <trkpt lat="-37.66489" lon="175.01146">
        <ele>53.3</ele>
      </trkpt>
      <trkpt lat="-37.66512" lon="175.01143">
        <ele>53.5</ele>
      </trkpt>
      <trkpt lat="-37.66528" lon="175.01138">
        <ele>54.4</ele>
      </trkpt>
      <trkpt lat="-37.66545" lon="175.01129">
        <ele>54.6</ele>
      </trkpt>
      <trkpt lat="-37.66556" lon="175.01115">
        <ele>53.6</ele>
      </trkpt>
      <trkpt lat="-37.66563" lon="175.01094">
        <ele>51.2</ele>
      </trkpt>
      <trkpt lat="-37.66581" lon="175.01021">
        <ele>49.3</ele>
      </trkpt>
      <trkpt lat="-37.66593" lon="175.01001">
        <ele>49.4</ele>
      </trkpt>
      <trkpt lat="-37.66612" lon="175.00982">
        <ele>51.1</ele>
      </trkpt>
      <trkpt lat="-37.66654" lon="175.00951">
        <ele>52.7</ele>
      </trkpt>
      <trkpt lat="-37.66696" lon="175.00919">
        <ele>54.8</ele>
      </trkpt>
      <trkpt lat="-37.66769" lon="175.00862">
        <ele>53.9</ele>
      </trkpt>
      <trkpt lat="-37.66831" lon="175.00808">
        <ele>54.7</ele>
      </trkpt>
      <trkpt lat="-37.66863" lon="175.00779">
        <ele>53.9</ele>
      </trkpt>
      <trkpt lat="-37.66915" lon="175.00726">
        <ele>50.6</ele>
      </trkpt>
      <trkpt lat="-37.66968" lon="175.00672">
        <ele>52.8</ele>
      </trkpt>
      <trkpt lat="-37.67001" lon="175.0063">
        <ele>52.5</ele>
      </trkpt>
      <trkpt lat="-37.67014" lon="175.00612">
        <ele>52.5</ele>
      </trkpt>
      <trkpt lat="-37.67028" lon="175.00598">
        <ele>52.0</ele>
      </trkpt>
      <trkpt lat="-37.67037" lon="175.00591">
        <ele>51.5</ele>
      </trkpt>
      <trkpt lat="-37.67097" lon="175.0057">
        <ele>50.1</ele>
      </trkpt>
      <trkpt lat="-37.67148" lon="175.00556">
        <ele>48.7</ele>
      </trkpt>
      <trkpt lat="-37.672" lon="175.00547">
        <ele>50.5</ele>
      </trkpt>
      <trkpt lat="-37.67242" lon="175.00538">
        <ele>54.3</ele>
      </trkpt>
      <trkpt lat="-37.67284" lon="175.00511">
        <ele>55.4</ele>
      </trkpt>
      <trkpt lat="-37.67335" lon="175.00468">
        <ele>52.0</ele>
      </trkpt>
      <trkpt lat="-37.6739" lon="175.00417">
        <ele>48.4</ele>
      </trkpt>
      <trkpt lat="-37.67446" lon="175.00365">
        <ele>50.0</ele>
      </trkpt>
      <trkpt lat="-37.67469" lon="175.0035">
        <ele>49.4</ele>
      </trkpt>
      <trkpt lat="-37.67494" lon="175.00343">
        <ele>48.5</ele>
      </trkpt>
      <trkpt lat="-37.67524" lon="175.00339">
        <ele>48.2</ele>
      </trkpt>
      <trkpt lat="-37.67551" lon="175.0034">
        <ele>48.7</ele>
      </trkpt>
      <trkpt lat="-37.67577" lon="175.00336">
        <ele>48.4</ele>
      </trkpt>
      <trkpt lat="-37.67621" lon="175.00322">
        <ele>49.6</ele>
      </trkpt>
      <trkpt lat="-37.67666" lon="175.00308">
        <ele>49.9</ele>
      </trkpt>
      <trkpt lat="-37.67702" lon="175.00313">
        <ele>48.9</ele>
      </trkpt>
      <trkpt lat="-37.67733" lon="175.00329">
        <ele>48.7</ele>
      </trkpt>
      <trkpt lat="-37.67753" lon="175.00342">
        <ele>49.1</ele>
      </trkpt>
      <trkpt lat="-37.6778" lon="175.00357">
        <ele>49.8</ele>
      </trkpt>
      <trkpt lat="-37.678" lon="175.00364">
        <ele>49.5</ele>
      </trkpt>
      <trkpt lat="-37.67822" lon="175.00363">
        <ele>48.1</ele>
      </trkpt>
      <trkpt lat="-37.67841" lon="175.00357">
        <ele>47.5</ele>
      </trkpt>
      <trkpt lat="-37.67872" lon="175.00332">
        <ele>47.2</ele>
      </trkpt>
      <trkpt lat="-37.67915" lon="175.00268">
        <ele>43.7</ele>
      </trkpt>
      <trkpt lat="-37.67931" lon="175.00247">
        <ele>42.9</ele>
      </trkpt>
      <trkpt lat="-37.67955" lon="175.00234">
        <ele>44.2</ele>
      </trkpt>
      <trkpt lat="-37.67974" lon="175.00232">
        <ele>44.6</ele>
      </trkpt>
      <trkpt lat="-37.68003" lon="175.00243">
        <ele>45.6</ele>
      </trkpt>
      <trkpt lat="-37.68023" lon="175.00264">
        <ele>48.4</ele>
      </trkpt>
      <trkpt lat="-37.68042" lon="175.00276">
        <ele>51.2</ele>
      </trkpt>
      <trkpt lat="-37.68069" lon="175.00278">
        <ele>51.7</ele>
      </trkpt>
      <trkpt lat="-37.68114" lon="175.00263">
        <ele>45.6</ele>
      </trkpt>
      <trkpt lat="-37.68143" lon="175.00247">
        <ele>40.9</ele>
      </trkpt>
      <trkpt lat="-37.68171" lon="175.00245">
        <ele>40.2</ele>
      </trkpt>
      <trkpt lat="-37.68231" lon="175.00266">
        <ele>42.7</ele>
      </trkpt>
      <trkpt lat="-37.68291" lon="175.00287">
        <ele>45.1</ele>
      </trkpt>
      <trkpt lat="-37.68316" lon="175.00295">
        <ele>47.0</ele>
      </trkpt>
      <trkpt lat="-37.68338" lon="175.00296">
        <ele>48.2</ele>
      </trkpt>
      <trkpt lat="-37.68356" lon="175.00287">
        <ele>48.5</ele>
      </trkpt>
      <trkpt lat="-37.68409" lon="175.00241">
        <ele>45.0</ele>
      </trkpt>
      <trkpt lat="-37.68462" lon="175.00195">
        <ele>49.6</ele>
      </trkpt>
      <trkpt lat="-37.68496" lon="175.00179">
        <ele>54.0</ele>
      </trkpt>
      <trkpt lat="-37.68527" lon="175.00176">
        <ele>52.2</ele>
      </trkpt>
      <trkpt lat="-37.68596" lon="175.00178">
        <ele>46.1</ele>
      </trkpt>
      <trkpt lat="-37.68666" lon="175.0018">
        <ele>38.4</ele>
      </trkpt>
      <trkpt lat="-37.68696" lon="175.0019">
        <ele>39.3</ele>
      </trkpt>
      <trkpt lat="-37.68764" lon="175.00209">
        <ele>42.0</ele>
      </trkpt>
      <trkpt lat="-37.68799" lon="175.00207">
        <ele>42.9</ele>
      </trkpt>
      <trkpt lat="-37.68844" lon="175.00196">
        <ele>44.3</ele>
      </trkpt>
      <trkpt lat="-37.68889" lon="175.00175">
        <ele>45.7</ele>
      </trkpt>
      <trkpt lat="-37.68951" lon="175.00131">
        <ele>44.4</ele>
      </trkpt>
      <trkpt lat="-37.69014" lon="175.00088">
        <ele>40.4</ele>
      </trkpt>
      <trkpt lat="-37.69058" lon="175.00049">
        <ele>38.3</ele>
      </trkpt>
      <trkpt lat="-37.69075" lon="175.00031">
        <ele>36.5</ele>
      </trkpt>
      <trkpt lat="-37.69088" lon="175.00014">
        <ele>34.8</ele>
      </trkpt>
      <trkpt lat="-37.69095" lon="175.0">
        <ele>34.0</ele>
      </trkpt>
      <trkpt lat="-37.69107" lon="174.99964">
        <ele>33.0</ele>
      </trkpt>
      <trkpt lat="-37.69113" lon="174.99949">
        <ele>33.0</ele>
      </trkpt>
      <trkpt lat="-37.69124" lon="174.99937">
        <ele>33.0</ele>
      </trkpt>
      <trkpt lat="-37.69139" lon="174.99931">
        <ele>35.0</ele>
      </trkpt>
      <trkpt lat="-37.69176" lon="174.99929">
        <ele>35.0</ele>
      </trkpt>
      <trkpt lat="-37.69204" lon="174.99922">
        <ele>35.0</ele>
      </trkpt>
      <trkpt lat="-37.69225" lon="174.99911">
        <ele>39.5</ele>
      </trkpt>
      <trkpt lat="-37.69265" lon="174.99885">
        <ele>41.3</ele>
      </trkpt>
      <trkpt lat="-37.69276" lon="174.99875">
        <ele>42.1</ele>
      </trkpt>
      <trkpt lat="-37.69285" lon="174.99865">
        <ele>42.6</ele>
      </trkpt>
      <trkpt lat="-37.69293" lon="174.99853">
        <ele>42.9</ele>
      </trkpt>
      <trkpt lat="-37.69302" lon="174.99837">
        <ele>43.0</ele>
      </trkpt>
      <trkpt lat="-37.69308" lon="174.99819">
        <ele>42.1</ele>
      </trkpt>
      <trkpt lat="-37.69313" lon="174.9979">
        <ele>39.2</ele>
      </trkpt>
      <trkpt lat="-37.69319" lon="174.99753">
        <ele>34.9</ele>
      </trkpt>
      <trkpt lat="-37.69327" lon="174.9968">
        <ele>40.2</ele>
      </trkpt>
      <trkpt lat="-37.69331" lon="174.99647">
        <ele>41.3</ele>
      </trkpt>
      <trkpt lat="-37.69339" lon="174.99611">
        <ele>41.3</ele>
      </trkpt>
      <trkpt lat="-37.69349" lon="174.99576">
        <ele>41.1</ele>
      </trkpt>
      <trkpt lat="-37.69359" lon="174.99547">
        <ele>40.7</ele>
      </trkpt>
      <trkpt lat="-37.69369" lon="174.99522">
        <ele>40.7</ele>
      </trkpt>
      <trkpt lat="-37.69381" lon="174.99497">
        <ele>41.2</ele>
      </trkpt>
      <trkpt lat="-37.69394" lon="174.99477">
        <ele>41.7</ele>
      </trkpt>
      <trkpt lat="-37.69408" lon="174.9946">
        <ele>42.2</ele>
      </trkpt>
      <trkpt lat="-37.69425" lon="174.99442">
        <ele>42.3</ele>
      </trkpt>
      <trkpt lat="-37.69466" lon="174.99404">
        <ele>40.8</ele>
      </trkpt>
      <trkpt lat="-37.69506" lon="174.99365">
        <ele>38.5</ele>
      </trkpt>
      <trkpt lat="-37.69527" lon="174.99342">
        <ele>38.1</ele>
      </trkpt>
      <trkpt lat="-37.69548" lon="174.99314">
        <ele>38.5</ele>
      </trkpt>
      <trkpt lat="-37.69566" lon="174.99294">
        <ele>38.0</ele>
      </trkpt>
      <trkpt lat="-37.69576" lon="174.99284">
        <ele>37.3</ele>
      </trkpt>
      <trkpt lat="-37.69587" lon="174.99277">
        <ele>36.6</ele>
      </trkpt>
      <trkpt lat="-37.69597" lon="174.99274">
        <ele>36.4</ele>
      </trkpt>
      <trkpt lat="-37.69607" lon="174.99273">
        <ele>36.4</ele>
      </trkpt>
      <trkpt lat="-37.69616" lon="174.99275">
        <ele>36.7</ele>
      </trkpt>
      <trkpt lat="-37.69625" lon="174.99279">
        <ele>37.3</ele>
      </trkpt>
      <trkpt lat="-37.69636" lon="174.99287">
        <ele>38.6</ele>
      </trkpt>
      <trkpt lat="-37.69666" lon="174.99315">
        <ele>43.9</ele>
      </trkpt>
      <trkpt lat="-37.69683" lon="174.99326">
        <ele>48.4</ele>
      </trkpt>
      <trkpt lat="-37.69692" lon="174.99329">
        <ele>50.5</ele>
      </trkpt>
      <trkpt lat="-37.69702" lon="174.9933">
        <ele>52.3</ele>
      </trkpt>
      <trkpt lat="-37.69712" lon="174.99329">
        <ele>53.7</ele>
      </trkpt>
      <trkpt lat="-37.69723" lon="174.99325">
        <ele>54.7</ele>
      </trkpt>
      <trkpt lat="-37.69732" lon="174.99319">
        <ele>54.9</ele>
      </trkpt>
      <trkpt lat="-37.6974" lon="174.9931">
        <ele>54.2</ele>
      </trkpt>
      <trkpt lat="-37.69747" lon="174.993">
        <ele>53.0</ele>
      </trkpt>
      <trkpt lat="-37.69752" lon="174.99288">
        <ele>50.9</ele>
      </trkpt>
      <trkpt lat="-37.69767" lon="174.99249">
        <ele>44.2</ele>
      </trkpt>
      <trkpt lat="-37.69778" lon="174.99219">
        <ele>42.3</ele>
      </trkpt>
      <trkpt lat="-37.6978" lon="174.99209">
        <ele>41.4</ele>
      </trkpt>
      <trkpt lat="-37.69781" lon="174.99188">
        <ele>39.1</ele>
      </trkpt>
      <trkpt lat="-37.6978" lon="174.99175">
        <ele>37.6</ele>
      </trkpt>
      <trkpt lat="-37.69778" lon="174.99166">
        <ele>36.6</ele>
      </trkpt>
      <trkpt lat="-37.69781" lon="174.99164">
        <ele>36.5</ele>
      </trkpt>
      <trkpt lat="-37.6979" lon="174.99162">
        <ele>36.2</ele>
      </trkpt>
      <trkpt lat="-37.69798" lon="174.99162">
        <ele>36.1</ele>
      </trkpt>
      <trkpt lat="-37.69805" lon="174.99163">
        <ele>36.1</ele>
      </trkpt>
      <trkpt lat="-37.69844" lon="174.99176">
        <ele>38.1</ele>
      </trkpt>
      <trkpt lat="-37.69863" lon="174.99175">
        <ele>38.2</ele>
      </trkpt>
      <trkpt lat="-37.69888" lon="174.99165">
        <ele>36.5</ele>
      </trkpt>
      <trkpt lat="-37.69933" lon="174.99129">
        <ele>34.1</ele>
      </trkpt>
      <trkpt lat="-37.69965" lon="174.99119">
        <ele>35.2</ele>
      </trkpt>
      <trkpt lat="-37.70031" lon="174.99101">
        <ele>35.4</ele>
      </trkpt>
      <trkpt lat="-37.70097" lon="174.99082">
        <ele>33.2</ele>
      </trkpt>
      <trkpt lat="-37.7017" lon="174.99036">
        <ele>32.1</ele>
      </trkpt>
      <trkpt lat="-37.70191" lon="174.99034">
        <ele>31.6</ele>
      </trkpt>
      <trkpt lat="-37.70215" lon="174.99037">
        <ele>31.5</ele>
      </trkpt>
      <trkpt lat="-37.70261" lon="174.9905">
        <ele>32.0</ele>
      </trkpt>
      <trkpt lat="-37.70301" lon="174.99071">
        <ele>32.5</ele>
      </trkpt>
      <trkpt lat="-37.70357" lon="174.99112">
        <ele>34.7</ele>
      </trkpt>
      <trkpt lat="-37.70411" lon="174.99166">
        <ele>31.9</ele>
      </trkpt>
      <trkpt lat="-37.70437" lon="174.99179">
        <ele>29.5</ele>
      </trkpt>
      <trkpt lat="-37.70465" lon="174.9918">
        <ele>27.2</ele>
      </trkpt>
      <trkpt lat="-37.70547" lon="174.99162">
        <ele>25.6</ele>
      </trkpt>
      <trkpt lat="-37.70628" lon="174.99144">
        <ele>30.7</ele>
      </trkpt>
      <trkpt lat="-37.70651" lon="174.99137">
        <ele>32.3</ele>
      </trkpt>
      <trkpt lat="-37.70662" lon="174.99127">
        <ele>32.3</ele>
      </trkpt>
      <trkpt lat="-37.70674" lon="174.99102">
        <ele>31.2</ele>
      </trkpt>
      <trkpt lat="-37.70683" lon="174.99041">
        <ele>30.2</ele>
      </trkpt>
      <trkpt lat="-37.7069" lon="174.99009">
        <ele>30.8</ele>
      </trkpt>
      <trkpt lat="-37.70737" lon="174.98947">
        <ele>30.2</ele>
      </trkpt>
      <trkpt lat="-37.70768" lon="174.98931">
        <ele>28.7</ele>
      </trkpt>
      <trkpt lat="-37.70815" lon="174.98933">
        <ele>29.7</ele>
      </trkpt>
      <trkpt lat="-37.70853" lon="174.98924">
        <ele>29.1</ele>
      </trkpt>
      <trkpt lat="-37.70868" lon="174.98927">
        <ele>29.6</ele>
      </trkpt>
      <trkpt lat="-37.70919" lon="174.98965">
        <ele>33.4</ele>
      </trkpt>
      <trkpt lat="-37.7097" lon="174.99003">
        <ele>32.4</ele>
      </trkpt>
      <trkpt lat="-37.71027" lon="174.99026">
        <ele>31.2</ele>
      </trkpt>
      <trkpt lat="-37.71049" lon="174.99044">
        <ele>30.8</ele>
      </trkpt>
      <trkpt lat="-37.71075" lon="174.99076">
        <ele>29.2</ele>
      </trkpt>
      <trkpt lat="-37.71093" lon="174.99085">
        <ele>28.1</ele>
      </trkpt>
      <trkpt lat="-37.71109" lon="174.99084">
        <ele>28.3</ele>
      </trkpt>
      <trkpt lat="-37.71127" lon="174.99069">
        <ele>27.9</ele>
      </trkpt>
      <trkpt lat="-37.7119" lon="174.9899">
        <ele>26.3</ele>
      </trkpt>
      <trkpt lat="-37.71242" lon="174.98943">
        <ele>25.4</ele>
      </trkpt>
      <trkpt lat="-37.71295" lon="174.98896">
        <ele>25.5</ele>
      </trkpt>
      <trkpt lat="-37.7134" lon="174.98836">
        <ele>27.6</ele>
      </trkpt>
      <trkpt lat="-37.71386" lon="174.98776">
        <ele>29.2</ele>
      </trkpt>
      <trkpt lat="-37.71401" lon="174.98764">
        <ele>29.3</ele>
      </trkpt>
      <trkpt lat="-37.71433" lon="174.98754">
        <ele>31.2</ele>
      </trkpt>
      <trkpt lat="-37.71449" lon="174.98745">
        <ele>32.3</ele>
      </trkpt>
      <trkpt lat="-37.71464" lon="174.98731">
        <ele>32.3</ele>
      </trkpt>
      <trkpt lat="-37.71487" lon="174.98703">
        <ele>30.6</ele>
      </trkpt>
      <trkpt lat="-37.71507" lon="174.98688">
        <ele>29.3</ele>
      </trkpt>
      <trkpt lat="-37.71529" lon="174.98682">
        <ele>28.1</ele>
      </trkpt>
      <trkpt lat="-37.71592" lon="174.98686">
        <ele>28.5</ele>
      </trkpt>
      <trkpt lat="-37.71605" lon="174.98685">
        <ele>28.7</ele>
      </trkpt>
      <trkpt lat="-37.71616" lon="174.98679">
        <ele>28.1</ele>
      </trkpt>
      <trkpt lat="-37.71631" lon="174.98664">
        <ele>26.6</ele>
      </trkpt>
      <trkpt lat="-37.71643" lon="174.98646">
        <ele>26.5</ele>
      </trkpt>
      <trkpt lat="-37.71675" lon="174.98585">
        <ele>25.3</ele>
      </trkpt>
      <trkpt lat="-37.71708" lon="174.98525">
        <ele>25.6</ele>
      </trkpt>
      <trkpt lat="-37.7174" lon="174.98461">
        <ele>27.0</ele>
      </trkpt>
      <trkpt lat="-37.71754" lon="174.98414">
        <ele>26.1</ele>
      </trkpt>
      <trkpt lat="-37.71762" lon="174.98399">
        <ele>25.7</ele>
      </trkpt>
      <trkpt lat="-37.71791" lon="174.98379">
        <ele>25.7</ele>
      </trkpt>
      <trkpt lat="-37.71827" lon="174.98358">
        <ele>25.6</ele>
      </trkpt>
      <trkpt lat="-37.71857" lon="174.98356">
        <ele>26.6</ele>
      </trkpt>
      <trkpt lat="-37.71902" lon="174.98377">
        <ele>27.3</ele>
      </trkpt>
      <trkpt lat="-37.71919" lon="174.98384">
        <ele>26.9</ele>
      </trkpt>
      <trkpt lat="-37.71944" lon="174.98382">
        <ele>29.2</ele>
      </trkpt>
      <trkpt lat="-37.71992" lon="174.98372">
        <ele>34.1</ele>
      </trkpt>
      <trkpt lat="-37.72041" lon="174.98363">
        <ele>34.3</ele>
      </trkpt>
      <trkpt lat="-37.7208" lon="174.98359">
        <ele>32.8</ele>
      </trkpt>
      <trkpt lat="-37.72098" lon="174.98352">
        <ele>31.8</ele>
      </trkpt>
      <trkpt lat="-37.72111" lon="174.9834">
        <ele>30.5</ele>
      </trkpt>
      <trkpt lat="-37.72119" lon="174.98322">
        <ele>29.6</ele>
      </trkpt>
      <trkpt lat="-37.72129" lon="174.98269">
        <ele>28.8</ele>
      </trkpt>
      <trkpt lat="-37.72148" lon="174.98208">
        <ele>25.4</ele>
      </trkpt>
      <trkpt lat="-37.72152" lon="174.98186">
        <ele>24.2</ele>
      </trkpt>
      <trkpt lat="-37.72165" lon="174.98091">
        <ele>19.3</ele>
      </trkpt>
      <trkpt lat="-37.72199" lon="174.98004">
        <ele>21.5</ele>
      </trkpt>
      <trkpt lat="-37.72212" lon="174.97986">
        <ele>21.7</ele>
      </trkpt>
      <trkpt lat="-37.72229" lon="174.97973">
        <ele>21.9</ele>
      </trkpt>
      <trkpt lat="-37.72242" lon="174.97971">
        <ele>22.3</ele>
      </trkpt>
      <trkpt lat="-37.72257" lon="174.97972">
        <ele>22.4</ele>
      </trkpt>
      <trkpt lat="-37.72328" lon="174.97991">
        <ele>20.9</ele>
      </trkpt>
      <trkpt lat="-37.72366" lon="174.98003">
        <ele>20.9</ele>
      </trkpt>
      <trkpt lat="-37.72385" lon="174.98004">
        <ele>20.8</ele>
      </trkpt>
      <trkpt lat="-37.72407" lon="174.97995">
        <ele>19.9</ele>
      </trkpt>
      <trkpt lat="-37.72424" lon="174.9798">
        <ele>19.5</ele>
      </trkpt>
      <trkpt lat="-37.72436" lon="174.9795">
        <ele>19.5</ele>
      </trkpt>
      <trkpt lat="-37.72454" lon="174.9788">
        <ele>21.7</ele>
      </trkpt>
      <trkpt lat="-37.72473" lon="174.97809">
        <ele>23.3</ele>
      </trkpt>
      <trkpt lat="-37.72509" lon="174.97732">
        <ele>20.2</ele>
      </trkpt>
      <trkpt lat="-37.72525" lon="174.97711">
        <ele>18.9</ele>
      </trkpt>
      <trkpt lat="-37.72539" lon="174.97701">
        <ele>18.0</ele>
      </trkpt>
      <trkpt lat="-37.72554" lon="174.97698">
        <ele>17.5</ele>
      </trkpt>
      <trkpt lat="-37.72571" lon="174.97702">
        <ele>17.6</ele>
      </trkpt>
      <trkpt lat="-37.72615" lon="174.97715">
        <ele>18.5</ele>
      </trkpt>
      <trkpt lat="-37.72659" lon="174.97728">
        <ele>19.0</ele>
      </trkpt>
      <trkpt lat="-37.72678" lon="174.97725">
        <ele>19.9</ele>
      </trkpt>
      <trkpt lat="-37.72699" lon="174.97719">
        <ele>21.4</ele>
      </trkpt>
      <trkpt lat="-37.72715" lon="174.97706">
        <ele>21.5</ele>
      </trkpt>
      <trkpt lat="-37.72728" lon="174.97691">
        <ele>20.9</ele>
      </trkpt>
      <trkpt lat="-37.72739" lon="174.97669">
        <ele>18.9</ele>
      </trkpt>
      <trkpt lat="-37.72746" lon="174.97645">
        <ele>18.6</ele>
      </trkpt>
      <trkpt lat="-37.72748" lon="174.97576">
        <ele>18.2</ele>
      </trkpt>
      <trkpt lat="-37.7275" lon="174.97507">
        <ele>19.8</ele>
      </trkpt>
      <trkpt lat="-37.72753" lon="174.97465">
        <ele>20.6</ele>
      </trkpt>
      <trkpt lat="-37.72771" lon="174.97432">
        <ele>20.7</ele>
      </trkpt>
      <trkpt lat="-37.72788" lon="174.97415">
        <ele>19.8</ele>
      </trkpt>
      <trkpt lat="-37.72814" lon="174.97407">
        <ele>19.6</ele>
      </trkpt>
      <trkpt lat="-37.72874" lon="174.97409">
        <ele>20.1</ele>
      </trkpt>
      <trkpt lat="-37.72892" lon="174.97407">
        <ele>20.7</ele>
      </trkpt>
      <trkpt lat="-37.72904" lon="174.97399">
        <ele>21.0</ele>
      </trkpt>
      <trkpt lat="-37.72911" lon="174.97388">
        <ele>20.9</ele>
      </trkpt>
      <trkpt lat="-37.72927" lon="174.97301">
        <ele>18.5</ele>
      </trkpt>
      <trkpt lat="-37.72944" lon="174.97213">
        <ele>20.4</ele>
      </trkpt>
      <trkpt lat="-37.72955" lon="174.97185">
        <ele>22.6</ele>
      </trkpt>
      <trkpt lat="-37.73001" lon="174.97108">
        <ele>21.1</ele>
      </trkpt>
      <trkpt lat="-37.7304" lon="174.97048">
        <ele>19.5</ele>
      </trkpt>
      <trkpt lat="-37.73079" lon="174.96989">
        <ele>18.8</ele>
      </trkpt>
      <trkpt lat="-37.73133" lon="174.96912">
        <ele>18.6</ele>
      </trkpt>
      <trkpt lat="-37.73142" lon="174.96901">
        <ele>18.7</ele>
      </trkpt>
      <trkpt lat="-37.73155" lon="174.96892">
        <ele>18.9</ele>
      </trkpt>
      <trkpt lat="-37.73172" lon="174.96884">
        <ele>18.7</ele>
      </trkpt>
      <trkpt lat="-37.73229" lon="174.96884">
        <ele>18.8</ele>
      </trkpt>
      <trkpt lat="-37.73286" lon="174.96883">
        <ele>17.8</ele>
      </trkpt>
      <trkpt lat="-37.73315" lon="174.96884">
        <ele>17.1</ele>
      </trkpt>
      <trkpt lat="-37.7334" lon="174.96887">
        <ele>16.6</ele>
      </trkpt>
      <trkpt lat="-37.73375" lon="174.96902">
        <ele>15.9</ele>
      </trkpt>
      <trkpt lat="-37.73395" lon="174.96913">
        <ele>15.2</ele>
      </trkpt>
      <trkpt lat="-37.73418" lon="174.96933">
        <ele>15.4</ele>
      </trkpt>
      <trkpt lat="-37.73471" lon="174.96996">
        <ele>18.3</ele>
      </trkpt>
      <trkpt lat="-37.73524" lon="174.97059">
        <ele>18.4</ele>
      </trkpt>
      <trkpt lat="-37.73577" lon="174.97122">
        <ele>21.6</ele>
      </trkpt>
      <trkpt lat="-37.73607" lon="174.9714">
        <ele>22.3</ele>
      </trkpt>
      <trkpt lat="-37.73661" lon="174.97164">
        <ele>21.3</ele>
      </trkpt>
      <trkpt lat="-37.73675" lon="174.97173">
        <ele>21.9</ele>
      </trkpt>
      <trkpt lat="-37.73688" lon="174.97183">
        <ele>23.0</ele>
      </trkpt>
      <trkpt lat="-37.73702" lon="174.97197">
        <ele>24.0</ele>
      </trkpt>
      <trkpt lat="-37.73759" lon="174.97263">
        <ele>25.5</ele>
      </trkpt>
      <trkpt lat="-37.73792" lon="174.97286">
        <ele>28.4</ele>
      </trkpt>
      <trkpt lat="-37.73849" lon="174.9731">
        <ele>28.2</ele>
      </trkpt>
      <trkpt lat="-37.73907" lon="174.97334">
        <ele>27.3</ele>
      </trkpt>
      <trkpt lat="-37.73965" lon="174.97358">
        <ele>29.0</ele>
      </trkpt>
      <trkpt lat="-37.74022" lon="174.97368">
        <ele>32.1</ele>
      </trkpt>
      <trkpt lat="-37.74078" lon="174.97373">
        <ele>36.9</ele>
      </trkpt>
      <trkpt lat="-37.74133" lon="174.97379">
        <ele>40.7</ele>
      </trkpt>
      <trkpt lat="-37.74155" lon="174.97385">
        <ele>42.9</ele>
      </trkpt>
      <trkpt lat="-37.74197" lon="174.97412">
        <ele>47.9</ele>
      </trkpt>
      <trkpt lat="-37.74233" lon="174.97424">
        <ele>49.7</ele>
      </trkpt>
      <trkpt lat="-37.74282" lon="174.97435">
        <ele>54.4</ele>
      </trkpt>
      <trkpt lat="-37.74331" lon="174.97445">
        <ele>60.6</ele>
      </trkpt>
      <trkpt lat="-37.74386" lon="174.97438">
        <ele>60.7</ele>
      </trkpt>
      <trkpt lat="-37.74415" lon="174.97445">
        <ele>63.4</ele>
      </trkpt>
      <trkpt lat="-37.74452" lon="174.97459">
        <ele>71.2</ele>
      </trkpt>
      <trkpt lat="-37.7447" lon="174.97458">
        <ele>73.0</ele>
      </trkpt>
      <trkpt lat="-37.74516" lon="174.97432">
        <ele>72.6</ele>
      </trkpt>
      <trkpt lat="-37.74562" lon="174.97407">
        <ele>75.6</ele>
      </trkpt>
      <trkpt lat="-37.74578" lon="174.974">
        <ele>76.7</ele>
      </trkpt>
      <trkpt lat="-37.74612" lon="174.97406">
        <ele>82.6</ele>
      </trkpt>
      <trkpt lat="-37.74636" lon="174.97408">
        <ele>85.9</ele>
      </trkpt>
      <trkpt lat="-37.74681" lon="174.97384">
        <ele>86.0</ele>
      </trkpt>
      <trkpt lat="-37.74697" lon="174.97385">
        <ele>86.7</ele>
      </trkpt>
      <trkpt lat="-37.7474" lon="174.97397">
        <ele>89.9</ele>
      </trkpt>
      <trkpt lat="-37.74775" lon="174.97394">
        <ele>90.2</ele>
      </trkpt>
      <trkpt lat="-37.74806" lon="174.97386">
        <ele>90.1</ele>
      </trkpt>
      <trkpt lat="-37.74835" lon="174.97365">
        <ele>89.2</ele>
      </trkpt>
      <trkpt lat="-37.74865" lon="174.97292">
        <ele>88.4</ele>
      </trkpt>
      <trkpt lat="-37.74883" lon="174.97264">
        <ele>90.1</ele>
      </trkpt>
      <trkpt lat="-37.74905" lon="174.97251">
        <ele>91.5</ele>
      </trkpt>
      <trkpt lat="-37.7492" lon="174.97247">
        <ele>92.5</ele>
      </trkpt>
      <trkpt lat="-37.74965" lon="174.97251">
        <ele>94.8</ele>
      </trkpt>
      <trkpt lat="-37.74992" lon="174.97265">
        <ele>95.1</ele>
      </trkpt>
      <trkpt lat="-37.75011" lon="174.97277">
        <ele>95.2</ele>
      </trkpt>
      <trkpt lat="-37.75024" lon="174.97281">
        <ele>95.6</ele>
      </trkpt>
      <trkpt lat="-37.75059" lon="174.97279">
        <ele>98.4</ele>
      </trkpt>
      <trkpt lat="-37.75076" lon="174.97281">
        <ele>99.2</ele>
      </trkpt>
      <trkpt lat="-37.75092" lon="174.97294">
        <ele>98.7</ele>
      </trkpt>
      <trkpt lat="-37.75107" lon="174.97313">
        <ele>97.6</ele>
      </trkpt>
      <trkpt lat="-37.75135" lon="174.97371">
        <ele>93.2</ele>
      </trkpt>
      <trkpt lat="-37.75149" lon="174.97384">
        <ele>93.0</ele>
      </trkpt>
      <trkpt lat="-37.75207" lon="174.9739">
        <ele>101.3</ele>
      </trkpt>
      <trkpt lat="-37.7523" lon="174.97403">
        <ele>102.3</ele>
      </trkpt>
      <trkpt lat="-37.75247" lon="174.97428">
        <ele>100.5</ele>
      </trkpt>
      <trkpt lat="-37.75277" lon="174.97478">
        <ele>97.6</ele>
      </trkpt>
      <trkpt lat="-37.75293" lon="174.97484">
        <ele>97.2</ele>
      </trkpt>
      <trkpt lat="-37.75346" lon="174.97484">
        <ele>97.9</ele>
      </trkpt>
      <trkpt lat="-37.75391" lon="174.97496">
        <ele>91.6</ele>
      </trkpt>
      <trkpt lat="-37.75407" lon="174.97494">
        <ele>91.1</ele>
      </trkpt>
      <trkpt lat="-37.75432" lon="174.97482">
        <ele>91.4</ele>
      </trkpt>
      <trkpt lat="-37.75453" lon="174.97464">
        <ele>93.4</ele>
      </trkpt>
      <trkpt lat="-37.75472" lon="174.97458">
        <ele>92.8</ele>
      </trkpt>
      <trkpt lat="-37.75502" lon="174.97457">
        <ele>89.5</ele>
      </trkpt>
      <trkpt lat="-37.75531" lon="174.97462">
        <ele>83.4</ele>
      </trkpt>
      <trkpt lat="-37.75549" lon="174.9746">
        <ele>80.9</ele>
      </trkpt>
      <trkpt lat="-37.75564" lon="174.9745">
        <ele>80.3</ele>
      </trkpt>
      <trkpt lat="-37.75613" lon="174.97385">
        <ele>82.2</ele>
      </trkpt>
      <trkpt lat="-37.75665" lon="174.97364">
        <ele>73.4</ele>
      </trkpt>
      <trkpt lat="-37.75725" lon="174.97353">
        <ele>66.0</ele>
      </trkpt>
      <trkpt lat="-37.75754" lon="174.9736">
        <ele>61.4</ele>
      </trkpt>
      <trkpt lat="-37.75784" lon="174.97365">
        <ele>58.6</ele>
      </trkpt>
      <trkpt lat="-37.75812" lon="174.97357">
        <ele>57.0</ele>
      </trkpt>
      <trkpt lat="-37.75858" lon="174.97325">
        <ele>55.3</ele>
      </trkpt>
      <trkpt lat="-37.75904" lon="174.97294">
        <ele>53.1</ele>
      </trkpt>
      <trkpt lat="-37.75923" lon="174.9729">
        <ele>51.6</ele>
      </trkpt>
      <trkpt lat="-37.75941" lon="174.97289">
        <ele>51.4</ele>
      </trkpt>
      <trkpt lat="-37.75966" lon="174.97298">
        <ele>49.8</ele>
      </trkpt>
      <trkpt lat="-37.7599" lon="174.97316">
        <ele>46.8</ele>
      </trkpt>
      <trkpt lat="-37.76006" lon="174.97335">
        <ele>43.8</ele>
      </trkpt>
      <trkpt lat="-37.76035" lon="174.97391">
        <ele>38.6</ele>
      </trkpt>
      <trkpt lat="-37.7606" lon="174.97413">
        <ele>35.5</ele>
      </trkpt>
      <trkpt lat="-37.76082" lon="174.97417">
        <ele>34.0</ele>
      </trkpt>
      <trkpt lat="-37.76161" lon="174.97405">
        <ele>27.7</ele>
      </trkpt>
      <trkpt lat="-37.76168" lon="174.97403">
        <ele>27.1</ele>
      </trkpt>
      <trkpt lat="-37.76176" lon="174.974">
        <ele>26.1</ele>
      </trkpt>
      <trkpt lat="-37.76183" lon="174.97395">
        <ele>25.5</ele>
      </trkpt>
      <trkpt lat="-37.76191" lon="174.97389">
        <ele>24.7</ele>
      </trkpt>
      <trkpt lat="-37.76202" lon="174.97373">
        <ele>24.0</ele>
      </trkpt>
      <trkpt lat="-37.7621" lon="174.97353">
        <ele>23.9</ele>
      </trkpt>
      <trkpt lat="-37.76216" lon="174.9733">
        <ele>24.1</ele>
      </trkpt>
      <trkpt lat="-37.7622" lon="174.97321">
        <ele>23.8</ele>
      </trkpt>
      <trkpt lat="-37.76225" lon="174.97312">
        <ele>23.3</ele>
      </trkpt>
      <trkpt lat="-37.76232" lon="174.97305">
        <ele>22.3</ele>
      </trkpt>
      <trkpt lat="-37.7624" lon="174.97298">
        <ele>21.1</ele>
      </trkpt>
      <trkpt lat="-37.7625" lon="174.97292">
        <ele>19.5</ele>
      </trkpt>
      <trkpt lat="-37.76259" lon="174.97289">
        <ele>18.8</ele>
      </trkpt>
      <trkpt lat="-37.76268" lon="174.97288">
        <ele>17.9</ele>
      </trkpt>
      <trkpt lat="-37.76276" lon="174.97289">
        <ele>17.1</ele>
      </trkpt>
      <trkpt lat="-37.76285" lon="174.97291">
        <ele>16.2</ele>
      </trkpt>
      <trkpt lat="-37.76298" lon="174.97297">
        <ele>15.3</ele>
      </trkpt>
      <trkpt lat="-37.76304" lon="174.97303">
        <ele>14.8</ele>
      </trkpt>
      <trkpt lat="-37.76316" lon="174.97316">
        <ele>13.9</ele>
      </trkpt>
      <trkpt lat="-37.76325" lon="174.97325">
        <ele>13.2</ele>
      </trkpt>
      <trkpt lat="-37.76337" lon="174.97333">
        <ele>12.4</ele>
      </trkpt>
      <trkpt lat="-37.76346" lon="174.97337">
        <ele>13.5</ele>
      </trkpt>
      <trkpt lat="-37.76355" lon="174.97339">
        <ele>14.6</ele>
      </trkpt>
      <trkpt lat="-37.76364" lon="174.97338">
        <ele>15.6</ele>
      </trkpt>
      <trkpt lat="-37.76372" lon="174.97337">
        <ele>16.4</ele>
      </trkpt>
      <trkpt lat="-37.76382" lon="174.97334">
        <ele>17.3</ele>
      </trkpt>
      <trkpt lat="-37.76393" lon="174.97327">
        <ele>18.0</ele>
      </trkpt>
      <trkpt lat="-37.76407" lon="174.97317">
        <ele>18.7</ele>
      </trkpt>
      <trkpt lat="-37.76462" lon="174.97273">
        <ele>19.7</ele>
      </trkpt>
      <trkpt lat="-37.76509" lon="174.97219">
        <ele>18.0</ele>
      </trkpt>
      <trkpt lat="-37.76541" lon="174.97199">
        <ele>15.2</ele>
      </trkpt>
      <trkpt lat="-37.76579" lon="174.97192">
        <ele>13.4</ele>
      </trkpt>
      <trkpt lat="-37.76619" lon="174.97188">
        <ele>13.1</ele>
      </trkpt>
      <trkpt lat="-37.76681" lon="174.97195">
        <ele>15.0</ele>
      </trkpt>
      <trkpt lat="-37.76713" lon="174.97185">
        <ele>16.0</ele>
      </trkpt>
      <trkpt lat="-37.76779" lon="174.97153">
        <ele>15.6</ele>
      </trkpt>
      <trkpt lat="-37.76789" lon="174.97149">
        <ele>15.5</ele>
      </trkpt>
      <trkpt lat="-37.76806" lon="174.97146">
        <ele>15.4</ele>
      </trkpt>
      <trkpt lat="-37.76815" lon="174.97146">
        <ele>15.5</ele>
      </trkpt>
      <trkpt lat="-37.76833" lon="174.9715">
        <ele>16.2</ele>
      </trkpt>
      <trkpt lat="-37.7685" lon="174.97157">
        <ele>16.3</ele>
      </trkpt>
      <trkpt lat="-37.76912" lon="174.97184">
        <ele>18.5</ele>
      </trkpt>
      <trkpt lat="-37.76927" lon="174.9719">
        <ele>19.5</ele>
      </trkpt>
      <trkpt lat="-37.76947" lon="174.97196">
        <ele>20.2</ele>
      </trkpt>
      <trkpt lat="-37.76974" lon="174.97199">
        <ele>19.7</ele>
      </trkpt>
      <trkpt lat="-37.76983" lon="174.972">
        <ele>19.5</ele>
      </trkpt>
      <trkpt lat="-37.76991" lon="174.97204">
        <ele>20.0</ele>
      </trkpt>
      <trkpt lat="-37.77009" lon="174.97213">
        <ele>20.4</ele>
      </trkpt>
      <trkpt lat="-37.77016" lon="174.97219">
        <ele>20.6</ele>
      </trkpt>
      <trkpt lat="-37.77023" lon="174.97227">
        <ele>21.0</ele>
      </trkpt>
      <trkpt lat="-37.77031" lon="174.97237">
        <ele>21.4</ele>
      </trkpt>
      <trkpt lat="-37.7704" lon="174.97255">
        <ele>22.3</ele>
      </trkpt>
      <trkpt lat="-37.77047" lon="174.97271">
        <ele>22.6</ele>
      </trkpt>
      <trkpt lat="-37.77075" lon="174.9734">
        <ele>22.4</ele>
      </trkpt>
      <trkpt lat="-37.7709" lon="174.97364">
        <ele>20.8</ele>
      </trkpt>
      <trkpt lat="-37.7713" lon="174.97408">
        <ele>16.8</ele>
      </trkpt>
      <trkpt lat="-37.77171" lon="174.97451">
        <ele>11.7</ele>
      </trkpt>
      <trkpt lat="-37.77191" lon="174.97487">
        <ele>12.4</ele>
      </trkpt>
      <trkpt lat="-37.77232" lon="174.9758">
        <ele>17.8</ele>
      </trkpt>
      <trkpt lat="-37.77258" lon="174.97621">
        <ele>18.3</ele>
      </trkpt>
      <trkpt lat="-37.77304" lon="174.97656">
        <ele>20.4</ele>
      </trkpt>
      <trkpt lat="-37.77355" lon="174.9769">
        <ele>22.4</ele>
      </trkpt>
      <trkpt lat="-37.77405" lon="174.97725">
        <ele>23.4</ele>
      </trkpt>
      <trkpt lat="-37.77432" lon="174.97756">
        <ele>25.2</ele>
      </trkpt>
      <trkpt lat="-37.77447" lon="174.97776">
        <ele>26.4</ele>
      </trkpt>
      <trkpt lat="-37.77469" lon="174.9779">
        <ele>27.5</ele>
      </trkpt>
      <trkpt lat="-37.77519" lon="174.97818">
        <ele>28.1</ele>
      </trkpt>
      <trkpt lat="-37.7753" lon="174.97829">
        <ele>27.5</ele>
      </trkpt>
      <trkpt lat="-37.77547" lon="174.97848">
        <ele>27.7</ele>
      </trkpt>
      <trkpt lat="-37.77567" lon="174.97875">
        <ele>27.2</ele>
      </trkpt>
      <trkpt lat="-37.77585" lon="174.9789">
        <ele>26.6</ele>
      </trkpt>
      <trkpt lat="-37.7763" lon="174.97911">
        <ele>24.7</ele>
      </trkpt>
      <trkpt lat="-37.77661" lon="174.97917">
        <ele>24.0</ele>
      </trkpt>
      <trkpt lat="-37.77692" lon="174.97911">
        <ele>24.8</ele>
      </trkpt>
      <trkpt lat="-37.77763" lon="174.9789">
        <ele>26.7</ele>
      </trkpt>
      <trkpt lat="-37.77834" lon="174.97868">
        <ele>26.2</ele>
      </trkpt>
      <trkpt lat="-37.77849" lon="174.97866">
        <ele>26.8</ele>
      </trkpt>
      <trkpt lat="-37.77865" lon="174.97867">
        <ele>27.4</ele>
      </trkpt>
      <trkpt lat="-37.77896" lon="174.97874">
        <ele>28.3</ele>
      </trkpt>
      <trkpt lat="-37.77924" lon="174.97898">
        <ele>28.6</ele>
      </trkpt>
      <trkpt lat="-37.77958" lon="174.97924">
        <ele>29.8</ele>
      </trkpt>
      <trkpt lat="-37.77979" lon="174.97932">
        <ele>31.4</ele>
      </trkpt>
      <trkpt lat="-37.78002" lon="174.97929">
        <ele>32.6</ele>
      </trkpt>
      <trkpt lat="-37.78038" lon="174.97918">
        <ele>34.7</ele>
      </trkpt>
      <trkpt lat="-37.78091" lon="174.97914">
        <ele>39.1</ele>
      </trkpt>
      <trkpt lat="-37.78143" lon="174.97916">
        <ele>40.3</ele>
      </trkpt>
      <trkpt lat="-37.78181" lon="174.97914">
        <ele>43.6</ele>
      </trkpt>
      <trkpt lat="-37.78217" lon="174.97928">
        <ele>45.9</ele>
      </trkpt>
      <trkpt lat="-37.78247" lon="174.97935">
        <ele>47.9</ele>
      </trkpt>
      <trkpt lat="-37.78275" lon="174.97938">
        <ele>49.6</ele>
      </trkpt>
      <trkpt lat="-37.78312" lon="174.9793">
        <ele>53.7</ele>
      </trkpt>
      <trkpt lat="-37.78327" lon="174.97924">
        <ele>55.6</ele>
      </trkpt>
      <trkpt lat="-37.7835" lon="174.97908">
        <ele>58.6</ele>
      </trkpt>
      <trkpt lat="-37.78374" lon="174.97883">
        <ele>64.1</ele>
      </trkpt>
      <trkpt lat="-37.78444" lon="174.97851">
        <ele>69.0</ele>
      </trkpt>
      <trkpt lat="-37.78515" lon="174.9782">
        <ele>64.6</ele>
      </trkpt>
      <trkpt lat="-37.78544" lon="174.97803">
        <ele>63.1</ele>
      </trkpt>
      <trkpt lat="-37.78572" lon="174.97782">
        <ele>61.6</ele>
      </trkpt>
      <trkpt lat="-37.78589" lon="174.97761">
        <ele>60.5</ele>
      </trkpt>
      <trkpt lat="-37.78598" lon="174.97737">
        <ele>59.1</ele>
      </trkpt>
      <trkpt lat="-37.78605" lon="174.9771">
        <ele>57.2</ele>
      </trkpt>
      <trkpt lat="-37.78619" lon="174.97669">
        <ele>53.4</ele>
      </trkpt>
      <trkpt lat="-37.7865" lon="174.97639">
        <ele>46.7</ele>
      </trkpt>
      <trkpt lat="-37.78671" lon="174.97574">
        <ele>41.3</ele>
      </trkpt>
      <trkpt lat="-37.78692" lon="174.97509">
        <ele>36.7</ele>
      </trkpt>
      <trkpt lat="-37.78698" lon="174.9748">
        <ele>34.4</ele>
      </trkpt>
      <trkpt lat="-37.78694" lon="174.97442">
        <ele>33.1</ele>
      </trkpt>
      <trkpt lat="-37.78694" lon="174.97408">
        <ele>31.4</ele>
      </trkpt>
      <trkpt lat="-37.78701" lon="174.97374">
        <ele>29.1</ele>
      </trkpt>
      <trkpt lat="-37.78727" lon="174.97303">
        <ele>24.4</ele>
      </trkpt>
      <trkpt lat="-37.78753" lon="174.97232">
        <ele>21.9</ele>
      </trkpt>
      <trkpt lat="-37.78779" lon="174.97161">
        <ele>19.8</ele>
      </trkpt>
      <trkpt lat="-37.78797" lon="174.97108">
        <ele>18.0</ele>
      </trkpt>
      <trkpt lat="-37.78815" lon="174.97055">
        <ele>16.8</ele>
      </trkpt>
      <trkpt lat="-37.78829" lon="174.97028">
        <ele>16.2</ele>
      </trkpt>
      <trkpt lat="-37.78849" lon="174.97002">
        <ele>17.3</ele>
      </trkpt>
      <trkpt lat="-37.7889" lon="174.96976">
        <ele>19.9</ele>
      </trkpt>
      <trkpt lat="-37.78941" lon="174.96972">
        <ele>19.5</ele>
      </trkpt>
      <trkpt lat="-37.78963" lon="174.96983">
        <ele>18.4</ele>
      </trkpt>
      <trkpt lat="-37.78993" lon="174.96986">
        <ele>16.4</ele>
      </trkpt>
      <trkpt lat="-37.79036" lon="174.96989">
        <ele>15.9</ele>
      </trkpt>
      <trkpt lat="-37.79084" lon="174.96997">
        <ele>15.8</ele>
      </trkpt>
      <trkpt lat="-37.79132" lon="174.97005">
        <ele>16.4</ele>
      </trkpt>
      <trkpt lat="-37.79159" lon="174.97019">
        <ele>17.1</ele>
      </trkpt>
      <trkpt lat="-37.79175" lon="174.97037">
        <ele>17.8</ele>
      </trkpt>
      <trkpt lat="-37.79208" lon="174.97083">
        <ele>18.0</ele>
      </trkpt>
      <trkpt lat="-37.79231" lon="174.97109">
        <ele>17.9</ele>
      </trkpt>
      <trkpt lat="-37.79251" lon="174.9712">
        <ele>16.5</ele>
      </trkpt>
      <trkpt lat="-37.7929" lon="174.97134">
        <ele>18.5</ele>
      </trkpt>
      <trkpt lat="-37.79302" lon="174.9714">
        <ele>18.9</ele>
      </trkpt>
      <trkpt lat="-37.79316" lon="174.97148">
        <ele>19.2</ele>
      </trkpt>
      <trkpt lat="-37.79327" lon="174.97158">
        <ele>19.2</ele>
      </trkpt>
      <trkpt lat="-37.79388" lon="174.9722">
        <ele>22.5</ele>
      </trkpt>
      <trkpt lat="-37.79399" lon="174.97229">
        <ele>23.4</ele>
      </trkpt>
      <trkpt lat="-37.79412" lon="174.97238">
        <ele>24.5</ele>
      </trkpt>
      <trkpt lat="-37.7944" lon="174.97252">
        <ele>23.7</ele>
      </trkpt>
      <trkpt lat="-37.79451" lon="174.9726">
        <ele>23.5</ele>
      </trkpt>
      <trkpt lat="-37.79461" lon="174.97268">
        <ele>23.5</ele>
      </trkpt>
      <trkpt lat="-37.79478" lon="174.97291">
        <ele>24.5</ele>
      </trkpt>
      <trkpt lat="-37.79503" lon="174.97333">
        <ele>27.6</ele>
      </trkpt>
      <trkpt lat="-37.79512" lon="174.97349">
        <ele>27.7</ele>
      </trkpt>
      <trkpt lat="-37.79518" lon="174.97365">
        <ele>28.0</ele>
      </trkpt>
      <trkpt lat="-37.79523" lon="174.97381">
        <ele>28.5</ele>
      </trkpt>
      <trkpt lat="-37.79533" lon="174.97416">
        <ele>29.6</ele>
      </trkpt>
      <trkpt lat="-37.79537" lon="174.97429">
        <ele>29.7</ele>
      </trkpt>
      <trkpt lat="-37.79544" lon="174.97444">
        <ele>29.5</ele>
      </trkpt>
      <trkpt lat="-37.79554" lon="174.97464">
        <ele>29.0</ele>
      </trkpt>
      <trkpt lat="-37.79566" lon="174.97479">
        <ele>27.8</ele>
      </trkpt>
      <trkpt lat="-37.79576" lon="174.9749">
        <ele>26.8</ele>
      </trkpt>
      <trkpt lat="-37.79589" lon="174.97501">
        <ele>25.9</ele>
      </trkpt>
      <trkpt lat="-37.79601" lon="174.97509">
        <ele>26.3</ele>
      </trkpt>
      <trkpt lat="-37.79617" lon="174.97516">
        <ele>26.3</ele>
      </trkpt>
      <trkpt lat="-37.79669" lon="174.97529">
        <ele>24.9</ele>
      </trkpt>
      <trkpt lat="-37.79682" lon="174.97536">
        <ele>24.1</ele>
      </trkpt>
      <trkpt lat="-37.79693" lon="174.97545">
        <ele>23.7</ele>
      </trkpt>
      <trkpt lat="-37.7973" lon="174.9759">
        <ele>22.4</ele>
      </trkpt>
      <trkpt lat="-37.79767" lon="174.97634">
        <ele>20.2</ele>
      </trkpt>
      <trkpt lat="-37.79777" lon="174.97644">
        <ele>19.8</ele>
      </trkpt>
      <trkpt lat="-37.7979" lon="174.97653">
        <ele>19.1</ele>
      </trkpt>
      <trkpt lat="-37.79803" lon="174.97657">
        <ele>18.2</ele>
      </trkpt>
      <trkpt lat="-37.79816" lon="174.97659">
        <ele>17.2</ele>
      </trkpt>
      <trkpt lat="-37.79842" lon="174.97656">
        <ele>15.7</ele>
      </trkpt>
      <trkpt lat="-37.79904" lon="174.97636">
        <ele>15.0</ele>
      </trkpt>
      <trkpt lat="-37.79928" lon="174.97631">
        <ele>14.5</ele>
      </trkpt>
      <trkpt lat="-37.79949" lon="174.97628">
        <ele>13.9</ele>
      </trkpt>
      <trkpt lat="-37.79987" lon="174.97624">
        <ele>13.3</ele>
      </trkpt>
      <trkpt lat="-37.80003" lon="174.97622">
        <ele>13.1</ele>
      </trkpt>
      <trkpt lat="-37.80084" lon="174.97616">
        <ele>12.1</ele>
      </trkpt>
      <trkpt lat="-37.80105" lon="174.97615">
        <ele>11.7</ele>
      </trkpt>
      <trkpt lat="-37.80122" lon="174.97617">
        <ele>11.7</ele>
      </trkpt>
      <trkpt lat="-37.80141" lon="174.97622">
        <ele>12.0</ele>
      </trkpt>
      <trkpt lat="-37.80164" lon="174.97632">
        <ele>12.9</ele>
      </trkpt>
      <trkpt lat="-37.80213" lon="174.97655">
        <ele>13.1</ele>
      </trkpt>
      <trkpt lat="-37.80262" lon="174.97678">
        <ele>13.0</ele>
      </trkpt>
      <trkpt lat="-37.80283" lon="174.97686">
        <ele>13.3</ele>
      </trkpt>
      <trkpt lat="-37.80298" lon="174.97689">
        <ele>13.3</ele>
      </trkpt>
      <trkpt lat="-37.80314" lon="174.9769">
        <ele>12.9</ele>
      </trkpt>
      <trkpt lat="-37.80331" lon="174.97689">
        <ele>12.3</ele>
      </trkpt>
      <trkpt lat="-37.80348" lon="174.97685">
        <ele>12.5</ele>
      </trkpt>
      <trkpt lat="-37.80362" lon="174.97679">
        <ele>12.6</ele>
      </trkpt>
      <trkpt lat="-37.80379" lon="174.9767">
        <ele>12.7</ele>
      </trkpt>
      <trkpt lat="-37.80422" lon="174.9764">
        <ele>12.2</ele>
      </trkpt>
      <trkpt lat="-37.80436" lon="174.97633">
        <ele>11.5</ele>
      </trkpt>
      <trkpt lat="-37.80449" lon="174.9763">
        <ele>11.3</ele>
      </trkpt>
      <trkpt lat="-37.80464" lon="174.9763">
        <ele>11.4</ele>
      </trkpt>
      <trkpt lat="-37.80509" lon="174.97635">
        <ele>11.8</ele>
      </trkpt>
      <trkpt lat="-37.80554" lon="174.9764">
        <ele>10.2</ele>
      </trkpt>
      <trkpt lat="-37.80565" lon="174.97643">
        <ele>9.9</ele>
      </trkpt>
      <trkpt lat="-37.80575" lon="174.97649">
        <ele>10.0</ele>
      </trkpt>
      <trkpt lat="-37.80575" lon="174.97649">
        <ele>10.0</ele>
      </trkpt>
      <trkpt lat="-37.80583" lon="174.97657">
        <ele>10.2</ele>
      </trkpt>
      <trkpt lat="-37.80593" lon="174.97669">
        <ele>10.7</ele>
      </trkpt>
      <trkpt lat="-37.80607" lon="174.97692">
        <ele>12.7</ele>
      </trkpt>
      <trkpt lat="-37.80616" lon="174.97703">
        <ele>13.7</ele>
      </trkpt>
      <trkpt lat="-37.80626" lon="174.97711">
        <ele>14.3</ele>
      </trkpt>
      <trkpt lat="-37.80635" lon="174.97716">
        <ele>14.7</ele>
      </trkpt>
      <trkpt lat="-37.80646" lon="174.9772">
        <ele>14.9</ele>
      </trkpt>
      <trkpt lat="-37.80679" lon="174.97726">
        <ele>15.5</ele>
      </trkpt>
      <trkpt lat="-37.80728" lon="174.9773">
        <ele>16.6</ele>
      </trkpt>
      <trkpt lat="-37.80811" lon="174.9773">
        <ele>17.3</ele>
      </trkpt>
      <trkpt lat="-37.80821" lon="174.97732">
        <ele>17.5</ele>
      </trkpt>
      <trkpt lat="-37.80831" lon="174.97734">
        <ele>17.6</ele>
      </trkpt>
      <trkpt lat="-37.80846" lon="174.97744">
        <ele>17.1</ele>
      </trkpt>
      <trkpt lat="-37.80858" lon="174.97757">
        <ele>16.7</ele>
      </trkpt>
      <trkpt lat="-37.80867" lon="174.97764">
        <ele>16.4</ele>
      </trkpt>
      <trkpt lat="-37.80875" lon="174.97767">
        <ele>16.0</ele>
      </trkpt>
      <trkpt lat="-37.80882" lon="174.97768">
        <ele>15.7</ele>
      </trkpt>
      <trkpt lat="-37.8089" lon="174.97768">
        <ele>15.3</ele>
      </trkpt>
      <trkpt lat="-37.80898" lon="174.97765">
        <ele>14.7</ele>
      </trkpt>
      <trkpt lat="-37.80905" lon="174.97761">
        <ele>14.2</ele>
      </trkpt>
      <trkpt lat="-37.80913" lon="174.97753">
        <ele>13.4</ele>
      </trkpt>
      <trkpt lat="-37.80922" lon="174.97738">
        <ele>12.9</ele>
      </trkpt>
      <trkpt lat="-37.80939" lon="174.97706">
        <ele>12.7</ele>
      </trkpt>
      <trkpt lat="-37.80944" lon="174.97691">
        <ele>12.6</ele>
      </trkpt>
      <trkpt lat="-37.80949" lon="174.97673">
        <ele>12.5</ele>
      </trkpt>
      <trkpt lat="-37.80953" lon="174.97635">
        <ele>10.5</ele>
      </trkpt>
      <trkpt lat="-37.80956" lon="174.97613">
        <ele>9.2</ele>
      </trkpt>
      <trkpt lat="-37.80961" lon="174.97597">
        <ele>8.4</ele>
      </trkpt>
      <trkpt lat="-37.80967" lon="174.97584">
        <ele>7.9</ele>
      </trkpt>
      <trkpt lat="-37.80973" lon="174.97574">
        <ele>8.2</ele>
      </trkpt>
      <trkpt lat="-37.80981" lon="174.97564">
        <ele>8.5</ele>
      </trkpt>
      <trkpt lat="-37.80991" lon="174.97555">
        <ele>8.8</ele>
      </trkpt>
      <trkpt lat="-37.81001" lon="174.97549">
        <ele>9.2</ele>
      </trkpt>
      <trkpt lat="-37.81016" lon="174.97543">
        <ele>11.4</ele>
      </trkpt>
      <trkpt lat="-37.81034" lon="174.97538">
        <ele>13.6</ele>
      </trkpt>
      <trkpt lat="-37.81076" lon="174.97529">
        <ele>17.7</ele>
      </trkpt>
      <trkpt lat="-37.81102" lon="174.97522">
        <ele>19.0</ele>
      </trkpt>
      <trkpt lat="-37.81154" lon="174.97505">
        <ele>20.7</ele>
      </trkpt>
      <trkpt lat="-37.81206" lon="174.97488">
        <ele>21.5</ele>
      </trkpt>
      <trkpt lat="-37.81219" lon="174.97485">
        <ele>21.5</ele>
      </trkpt>
      <trkpt lat="-37.8123" lon="174.97485">
        <ele>21.6</ele>
      </trkpt>
      <trkpt lat="-37.81239" lon="174.97486">
        <ele>21.6</ele>
      </trkpt>
      <trkpt lat="-37.81267" lon="174.97491">
        <ele>20.8</ele>
      </trkpt>
      <trkpt lat="-37.81284" lon="174.97496">
        <ele>19.7</ele>
      </trkpt>
      <trkpt lat="-37.813" lon="174.97502">
        <ele>18.6</ele>
      </trkpt>
      <trkpt lat="-37.81309" lon="174.97507">
        <ele>18.4</ele>
      </trkpt>
      <trkpt lat="-37.81315" lon="174.97514">
        <ele>18.6</ele>
      </trkpt>
      <trkpt lat="-37.81321" lon="174.97521">
        <ele>18.8</ele>
      </trkpt>
      <trkpt lat="-37.81325" lon="174.97531">
        <ele>19.3</ele>
      </trkpt>
      <trkpt lat="-37.81328" lon="174.97543">
        <ele>20.1</ele>
      </trkpt>
      <trkpt lat="-37.81335" lon="174.9758">
        <ele>22.5</ele>
      </trkpt>
      <trkpt lat="-37.81338" lon="174.9759">
        <ele>23.0</ele>
      </trkpt>
      <trkpt lat="-37.81342" lon="174.97597">
        <ele>23.2</ele>
      </trkpt>
      <trkpt lat="-37.81347" lon="174.97604">
        <ele>23.3</ele>
      </trkpt>
      <trkpt lat="-37.81354" lon="174.9761">
        <ele>23.1</ele>
      </trkpt>
      <trkpt lat="-37.81364" lon="174.97615">
        <ele>22.5</ele>
      </trkpt>
      <trkpt lat="-37.81388" lon="174.97627">
        <ele>21.5</ele>
      </trkpt>
      <trkpt lat="-37.81429" lon="174.97645">
        <ele>20.2</ele>
      </trkpt>
      <trkpt lat="-37.81461" lon="174.97655">
        <ele>18.7</ele>
      </trkpt>
      <trkpt lat="-37.81486" lon="174.9766">
        <ele>16.9</ele>
      </trkpt>
      <trkpt lat="-37.8151" lon="174.97664">
        <ele>16.0</ele>
      </trkpt>
      <trkpt lat="-37.81535" lon="174.97665">
        <ele>16.3</ele>
      </trkpt>
      <trkpt lat="-37.81585" lon="174.9766">
        <ele>16.7</ele>
      </trkpt>
      <trkpt lat="-37.81622" lon="174.97654">
        <ele>17.9</ele>
      </trkpt>
      <trkpt lat="-37.81653" lon="174.97644">
        <ele>18.3</ele>
      </trkpt>
      <trkpt lat="-37.81674" lon="174.97636">
        <ele>17.9</ele>
      </trkpt>
      <trkpt lat="-37.81741" lon="174.97599">
        <ele>14.2</ele>
      </trkpt>
      <trkpt lat="-37.81766" lon="174.97587">
        <ele>13.5</ele>
      </trkpt>
      <trkpt lat="-37.81788" lon="174.97578">
        <ele>12.9</ele>
      </trkpt>
      <trkpt lat="-37.81814" lon="174.97569">
        <ele>12.3</ele>
      </trkpt>
      <trkpt lat="-37.81845" lon="174.97564">
        <ele>12.3</ele>
      </trkpt>
      <trkpt lat="-37.81907" lon="174.97557">
        <ele>12.9</ele>
      </trkpt>
      <trkpt lat="-37.81969" lon="174.9755">
        <ele>14.0</ele>
      </trkpt>
      <trkpt lat="-37.81996" lon="174.97546">
        <ele>14.5</ele>
      </trkpt>
      <trkpt lat="-37.82015" lon="174.97542">
        <ele>14.7</ele>
      </trkpt>
      <trkpt lat="-37.82032" lon="174.97537">
        <ele>14.9</ele>
      </trkpt>
      <trkpt lat="-37.82069" lon="174.97522">
        <ele>15.5</ele>
      </trkpt>
      <trkpt lat="-37.82151" lon="174.97485">
        <ele>16.0</ele>
      </trkpt>
      <trkpt lat="-37.82169" lon="174.97482">
        <ele>16.3</ele>
      </trkpt>
      <trkpt lat="-37.82187" lon="174.97482">
        <ele>18.4</ele>
      </trkpt>
      <trkpt lat="-37.82196" lon="174.97485">
        <ele>19.2</ele>
      </trkpt>
      <trkpt lat="-37.82205" lon="174.97489">
        <ele>19.9</ele>
      </trkpt>
      <trkpt lat="-37.82237" lon="174.97506">
        <ele>22.5</ele>
      </trkpt>
      <trkpt lat="-37.82246" lon="174.97509">
        <ele>23.4</ele>
      </trkpt>
      <trkpt lat="-37.82255" lon="174.9751">
        <ele>24.0</ele>
      </trkpt>
      <trkpt lat="-37.82265" lon="174.97509">
        <ele>24.5</ele>
      </trkpt>
      <trkpt lat="-37.82282" lon="174.97501">
        <ele>25.5</ele>
      </trkpt>
      <trkpt lat="-37.82289" lon="174.97495">
        <ele>26.2</ele>
      </trkpt>
      <trkpt lat="-37.82317" lon="174.97464">
        <ele>28.8</ele>
      </trkpt>
      <trkpt lat="-37.82333" lon="174.97438">
        <ele>30.2</ele>
      </trkpt>
      <trkpt lat="-37.82337" lon="174.97426">
        <ele>30.8</ele>
      </trkpt>
      <trkpt lat="-37.82347" lon="174.97385">
        <ele>31.1</ele>
      </trkpt>
      <trkpt lat="-37.82352" lon="174.97372">
        <ele>30.8</ele>
      </trkpt>
      <trkpt lat="-37.82356" lon="174.97363">
        <ele>30.6</ele>
      </trkpt>
      <trkpt lat="-37.82364" lon="174.97354">
        <ele>30.2</ele>
      </trkpt>
      <trkpt lat="-37.8237" lon="174.97348">
        <ele>29.8</ele>
      </trkpt>
      <trkpt lat="-37.8236" lon="174.97324">
        <ele>29.5</ele>
      </trkpt>
      <trkpt lat="-37.8235" lon="174.97287">
        <ele>29.0</ele>
      </trkpt>
      <trkpt lat="-37.82347" lon="174.97264">
        <ele>28.5</ele>
      </trkpt>
      <trkpt lat="-37.82345" lon="174.97236">
        <ele>27.9</ele>
      </trkpt>
      <trkpt lat="-37.8234" lon="174.97147">
        <ele>25.4</ele>
      </trkpt>
      <trkpt lat="-37.82336" lon="174.97059">
        <ele>20.5</ele>
      </trkpt>
      <trkpt lat="-37.82331" lon="174.9697">
        <ele>19.3</ele>
      </trkpt>
      <trkpt lat="-37.8233" lon="174.9695">
        <ele>19.1</ele>
      </trkpt>
      <trkpt lat="-37.82329" lon="174.96918">
        <ele>18.7</ele>
      </trkpt>
      <trkpt lat="-37.82329" lon="174.96884">
        <ele>20.6</ele>
      </trkpt>
      <trkpt lat="-37.82334" lon="174.96852">
        <ele>22.9</ele>
      </trkpt>
      <trkpt lat="-37.82338" lon="174.9683">
        <ele>24.2</ele>
      </trkpt>
      <trkpt lat="-37.82346" lon="174.96809">
        <ele>24.8</ele>
      </trkpt>
      <trkpt lat="-37.82355" lon="174.96791">
        <ele>25.6</ele>
      </trkpt>
      <trkpt lat="-37.82365" lon="174.96775">
        <ele>26.4</ele>
      </trkpt>
      <trkpt lat="-37.82387" lon="174.96743">
        <ele>28.3</ele>
      </trkpt>
      <trkpt lat="-37.82442" lon="174.96679">
        <ele>31.2</ele>
      </trkpt>
      <trkpt lat="-37.82498" lon="174.96616">
        <ele>31.6</ele>
      </trkpt>
      <trkpt lat="-37.82553" lon="174.96552">
        <ele>31.3</ele>
      </trkpt>
      <trkpt lat="-37.82608" lon="174.96488">
        <ele>32.7</ele>
      </trkpt>
      <trkpt lat="-37.8263" lon="174.9646">
        <ele>33.3</ele>
      </trkpt>
      <trkpt lat="-37.82649" lon="174.9643">
        <ele>34.0</ele>
      </trkpt>
      <trkpt lat="-37.82668" lon="174.9639">
        <ele>34.4</ele>
      </trkpt>
      <trkpt lat="-37.8269" lon="174.96335">
        <ele>33.1</ele>
      </trkpt>
      <trkpt lat="-37.82728" lon="174.96238">
        <ele>32.1</ele>
      </trkpt>
      <trkpt lat="-37.82766" lon="174.96141">
        <ele>33.4</ele>
      </trkpt>
      <trkpt lat="-37.82804" lon="174.96044">
        <ele>33.3</ele>
      </trkpt>
      <trkpt lat="-37.82826" lon="174.95987">
        <ele>33.8</ele>
      </trkpt>
      <trkpt lat="-37.82852" lon="174.95895">
        <ele>33.2</ele>
      </trkpt>
      <trkpt lat="-37.82878" lon="174.95807">
        <ele>34.2</ele>
      </trkpt>
      <trkpt lat="-37.82905" lon="174.95719">
        <ele>35.4</ele>
      </trkpt>
      <trkpt lat="-37.8291" lon="174.95692">
        <ele>35.2</ele>
      </trkpt>
      <trkpt lat="-37.82916" lon="174.95663">
        <ele>34.9</ele>
      </trkpt>
      <trkpt lat="-37.8292" lon="174.9564">
        <ele>34.0</ele>
      </trkpt>
      <trkpt lat="-37.82922" lon="174.95614">
        <ele>33.1</ele>
      </trkpt>
      <trkpt lat="-37.82923" lon="174.95581">
        <ele>32.0</ele>
      </trkpt>
      <trkpt lat="-37.82922" lon="174.95516">
        <ele>30.7</ele>
      </trkpt>
      <trkpt lat="-37.82922" lon="174.95452">
        <ele>33.4</ele>
      </trkpt>
      <trkpt lat="-37.82924" lon="174.95377">
        <ele>36.2</ele>
      </trkpt>
      <trkpt lat="-37.82926" lon="174.95303">
        <ele>35.7</ele>
      </trkpt>
      <trkpt lat="-37.82931" lon="174.95193">
        <ele>31.7</ele>
      </trkpt>
      <trkpt lat="-37.82937" lon="174.95082">
        <ele>31.6</ele>
      </trkpt>
      <trkpt lat="-37.82941" lon="174.95006">
        <ele>35.2</ele>
      </trkpt>
      <trkpt lat="-37.82944" lon="174.9493">
        <ele>36.8</ele>
      </trkpt>
      <trkpt lat="-37.82948" lon="174.94854">
        <ele>37.5</ele>
      </trkpt>
      <trkpt lat="-37.82952" lon="174.94812">
        <ele>38.6</ele>
      </trkpt>
      <trkpt lat="-37.82961" lon="174.94769">
        <ele>40.3</ele>
      </trkpt>
      <trkpt lat="-37.82978" lon="174.94716">
        <ele>42.9</ele>
      </trkpt>
      <trkpt lat="-37.82994" lon="174.9468">
        <ele>44.5</ele>
      </trkpt>
      <trkpt lat="-37.83012" lon="174.94643">
        <ele>46.3</ele>
      </trkpt>
      <trkpt lat="-37.83038" lon="174.94599">
        <ele>48.2</ele>
      </trkpt>
      <trkpt lat="-37.83062" lon="174.94557">
        <ele>50.5</ele>
      </trkpt>
      <trkpt lat="-37.83089" lon="174.94514">
        <ele>53.4</ele>
      </trkpt>
      <trkpt lat="-37.83133" lon="174.94438">
        <ele>59.6</ele>
      </trkpt>
      <trkpt lat="-37.83178" lon="174.94363">
        <ele>62.7</ele>
      </trkpt>
      <trkpt lat="-37.83222" lon="174.94287">
        <ele>62.2</ele>
      </trkpt>
      <trkpt lat="-37.83267" lon="174.94212">
        <ele>64.3</ele>
      </trkpt>
      <trkpt lat="-37.83292" lon="174.94174">
        <ele>65.3</ele>
      </trkpt>
      <trkpt lat="-37.83321" lon="174.94138">
        <ele>66.4</ele>
      </trkpt>
      <trkpt lat="-37.83378" lon="174.94082">
        <ele>68.9</ele>
      </trkpt>
      <trkpt lat="-37.83435" lon="174.94026">
        <ele>67.2</ele>
      </trkpt>
      <trkpt lat="-37.83476" lon="174.9398">
        <ele>66.4</ele>
      </trkpt>
      <trkpt lat="-37.83498" lon="174.93949">
        <ele>66.1</ele>
      </trkpt>
      <trkpt lat="-37.83512" lon="174.93928">
        <ele>66.0</ele>
      </trkpt>
      <trkpt lat="-37.83522" lon="174.93907">
        <ele>65.9</ele>
      </trkpt>
      <trkpt lat="-37.83527" lon="174.93894">
        <ele>65.8</ele>
      </trkpt>
      <trkpt lat="-37.83532" lon="174.93877">
        <ele>65.7</ele>
      </trkpt>
      <trkpt lat="-37.83541" lon="174.93832">
        <ele>65.0</ele>
      </trkpt>
      <trkpt lat="-37.83545" lon="174.93787">
        <ele>64.4</ele>
      </trkpt>
      <trkpt lat="-37.83552" lon="174.93696">
        <ele>69.3</ele>
      </trkpt>
      <trkpt lat="-37.83557" lon="174.93673">
        <ele>71.7</ele>
      </trkpt>
      <trkpt lat="-37.83571" lon="174.93636">
        <ele>73.5</ele>
      </trkpt>
      <trkpt lat="-37.83587" lon="174.93606">
        <ele>74.1</ele>
      </trkpt>
      <trkpt lat="-37.83609" lon="174.93574">
        <ele>71.8</ele>
      </trkpt>
      <trkpt lat="-37.83644" lon="174.93538">
        <ele>68.2</ele>
      </trkpt>
      <trkpt lat="-37.83676" lon="174.93503">
        <ele>68.0</ele>
      </trkpt>
      <trkpt lat="-37.83724" lon="174.93455">
        <ele>68.3</ele>
      </trkpt>
      <trkpt lat="-37.83752" lon="174.9341">
        <ele>67.2</ele>
      </trkpt>
      <trkpt lat="-37.83762" lon="174.93387">
        <ele>67.9</ele>
      </trkpt>
      <trkpt lat="-37.83769" lon="174.93364">
        <ele>68.7</ele>
      </trkpt>
      <trkpt lat="-37.83775" lon="174.93331">
        <ele>69.9</ele>
      </trkpt>
      <trkpt lat="-37.83775" lon="174.93287">
        <ele>71.3</ele>
      </trkpt>
      <trkpt lat="-37.83771" lon="174.93249">
        <ele>72.3</ele>
      </trkpt>
      <trkpt lat="-37.83762" lon="174.9321">
        <ele>73.0</ele>
      </trkpt>
      <trkpt lat="-37.83731" lon="174.93115">
        <ele>72.9</ele>
      </trkpt>
      <trkpt lat="-37.837" lon="174.93021">
        <ele>70.7</ele>
      </trkpt>
      <trkpt lat="-37.83669" lon="174.92926">
        <ele>69.0</ele>
      </trkpt>
      <trkpt lat="-37.83638" lon="174.92831">
        <ele>66.0</ele>
      </trkpt>
      <trkpt lat="-37.83606" lon="174.92737">
        <ele>65.2</ele>
      </trkpt>
      <trkpt lat="-37.83579" lon="174.92658">
        <ele>62.7</ele>
      </trkpt>
      <trkpt lat="-37.83552" lon="174.9258">
        <ele>60.2</ele>
      </trkpt>
      <trkpt lat="-37.83525" lon="174.92502">
        <ele>59.3</ele>
      </trkpt>
      <trkpt lat="-37.83505" lon="174.9244">
        <ele>57.6</ele>
      </trkpt>
      <trkpt lat="-37.83484" lon="174.92377">
        <ele>55.8</ele>
      </trkpt>
      <trkpt lat="-37.83463" lon="174.92314">
        <ele>54.0</ele>
      </trkpt>
      <trkpt lat="-37.83443" lon="174.9225">
        <ele>53.1</ele>
      </trkpt>
      <trkpt lat="-37.83433" lon="174.92215">
        <ele>52.8</ele>
      </trkpt>
      <trkpt lat="-37.83427" lon="174.9218">
        <ele>52.3</ele>
      </trkpt>
      <trkpt lat="-37.83426" lon="174.9216">
        <ele>52.2</ele>
      </trkpt>
      <trkpt lat="-37.83426" lon="174.92102">
        <ele>54.0</ele>
      </trkpt>
      <trkpt lat="-37.8343" lon="174.92028">
        <ele>56.7</ele>
      </trkpt>
      <trkpt lat="-37.83432" lon="174.91993">
        <ele>58.0</ele>
      </trkpt>
      <trkpt lat="-37.83435" lon="174.91953">
        <ele>59.6</ele>
      </trkpt>
      <trkpt lat="-37.83436" lon="174.91919">
        <ele>61.6</ele>
      </trkpt>
      <trkpt lat="-37.83435" lon="174.91895">
        <ele>63.0</ele>
      </trkpt>
      <trkpt lat="-37.83432" lon="174.91874">
        <ele>64.5</ele>
      </trkpt>
      <trkpt lat="-37.83428" lon="174.91854">
        <ele>66.1</ele>
      </trkpt>
      <trkpt lat="-37.83423" lon="174.91833">
        <ele>68.2</ele>
      </trkpt>
      <trkpt lat="-37.83415" lon="174.91811">
        <ele>69.0</ele>
      </trkpt>
      <trkpt lat="-37.83406" lon="174.91793">
        <ele>69.9</ele>
      </trkpt>
      <trkpt lat="-37.83396" lon="174.91775">
        <ele>70.6</ele>
      </trkpt>
      <trkpt lat="-37.83375" lon="174.91749">
        <ele>71.6</ele>
      </trkpt>
      <trkpt lat="-37.83364" lon="174.91736">
        <ele>73.3</ele>
      </trkpt>
      <trkpt lat="-37.83351" lon="174.91726">
        <ele>75.0</ele>
      </trkpt>
      <trkpt lat="-37.83339" lon="174.91718">
        <ele>76.5</ele>
      </trkpt>
      <trkpt lat="-37.83291" lon="174.91695">
        <ele>78.7</ele>
      </trkpt>
      <trkpt lat="-37.83243" lon="174.91672">
        <ele>76.8</ele>
      </trkpt>
      <trkpt lat="-37.83215" lon="174.91655">
        <ele>74.3</ele>
      </trkpt>
      <trkpt lat="-37.83196" lon="174.91642">
        <ele>72.8</ele>
      </trkpt>
      <trkpt lat="-37.83159" lon="174.91612">
        <ele>70.0</ele>
      </trkpt>
      <trkpt lat="-37.83111" lon="174.91568">
        <ele>71.0</ele>
      </trkpt>
      <trkpt lat="-37.83063" lon="174.91523">
        <ele>75.4</ele>
      </trkpt>
      <trkpt lat="-37.83013" lon="174.91476">
        <ele>82.3</ele>
      </trkpt>
      <trkpt lat="-37.82978" lon="174.91435">
        <ele>85.5</ele>
      </trkpt>
      <trkpt lat="-37.82943" lon="174.91394">
        <ele>88.2</ele>
      </trkpt>
      <trkpt lat="-37.82906" lon="174.91356">
        <ele>88.4</ele>
      </trkpt>
      <trkpt lat="-37.82864" lon="174.91305">
        <ele>90.9</ele>
      </trkpt>
      <trkpt lat="-37.82823" lon="174.91255">
        <ele>89.5</ele>
      </trkpt>
      <trkpt lat="-37.82797" lon="174.91207">
        <ele>85.2</ele>
      </trkpt>
      <trkpt lat="-37.82775" lon="174.91152">
        <ele>83.0</ele>
      </trkpt>
      <trkpt lat="-37.82752" lon="174.91097">
        <ele>82.8</ele>
      </trkpt>
      <trkpt lat="-37.82731" lon="174.9105">
        <ele>83.0</ele>
      </trkpt>
      <trkpt lat="-37.82706" lon="174.91">
        <ele>83.3</ele>
      </trkpt>
      <trkpt lat="-37.82658" lon="174.90919">
        <ele>75.7</ele>
      </trkpt>
      <trkpt lat="-37.8261" lon="174.90838">
        <ele>69.2</ele>
      </trkpt>
      <trkpt lat="-37.82574" lon="174.90776">
        <ele>65.7</ele>
      </trkpt>
      <trkpt lat="-37.82538" lon="174.90714">
        <ele>59.2</ele>
      </trkpt>
      <trkpt lat="-37.82515" lon="174.90676">
        <ele>56.2</ele>
      </trkpt>
      <trkpt lat="-37.82489" lon="174.9064">
        <ele>53.3</ele>
      </trkpt>
      <trkpt lat="-37.82451" lon="174.90601">
        <ele>51.2</ele>
      </trkpt>
      <trkpt lat="-37.8241" lon="174.90563">
        <ele>49.0</ele>
      </trkpt>
      <trkpt lat="-37.8237" lon="174.90525">
        <ele>45.3</ele>
      </trkpt>
      <trkpt lat="-37.82329" lon="174.90485">
        <ele>42.8</ele>
      </trkpt>
      <trkpt lat="-37.82285" lon="174.90446">
        <ele>39.7</ele>
      </trkpt>
      <trkpt lat="-37.82237" lon="174.90399">
        <ele>36.5</ele>
      </trkpt>
      <trkpt lat="-37.82189" lon="174.90353">
        <ele>34.2</ele>
      </trkpt>
      <trkpt lat="-37.8214" lon="174.90306">
        <ele>35.5</ele>
      </trkpt>
      <trkpt lat="-37.82108" lon="174.90273">
        <ele>36.2</ele>
      </trkpt>
      <trkpt lat="-37.82094" lon="174.90254">
        <ele>36.0</ele>
      </trkpt>
      <trkpt lat="-37.82072" lon="174.90217">
        <ele>36.6</ele>
      </trkpt>
      <trkpt lat="-37.82058" lon="174.90167">
        <ele>35.1</ele>
      </trkpt>
      <trkpt lat="-37.82047" lon="174.90119">
        <ele>30.6</ele>
      </trkpt>
      <trkpt lat="-37.82035" lon="174.90057">
        <ele>25.9</ele>
      </trkpt>
      <trkpt lat="-37.82023" lon="174.89996">
        <ele>23.9</ele>
      </trkpt>
      <trkpt lat="-37.82018" lon="174.89955">
        <ele>23.7</ele>
      </trkpt>
      <trkpt lat="-37.82017" lon="174.89928">
        <ele>23.7</ele>
      </trkpt>
      <trkpt lat="-37.8202" lon="174.8989">
        <ele>25.2</ele>
      </trkpt>
      <trkpt lat="-37.82028" lon="174.89842">
        <ele>27.2</ele>
      </trkpt>
      <trkpt lat="-37.82039" lon="174.89812">
        <ele>29.3</ele>
      </trkpt>
      <trkpt lat="-37.82052" lon="174.89785">
        <ele>31.0</ele>
      </trkpt>
      <trkpt lat="-37.82095" lon="174.89701">
        <ele>33.1</ele>
      </trkpt>
      <trkpt lat="-37.82138" lon="174.89618">
        <ele>40.0</ele>
      </trkpt>
      <trkpt lat="-37.82182" lon="174.89534">
        <ele>44.3</ele>
      </trkpt>
      <trkpt lat="-37.82225" lon="174.89451">
        <ele>50.4</ele>
      </trkpt>
      <trkpt lat="-37.82268" lon="174.89368">
        <ele>53.5</ele>
      </trkpt>
      <trkpt lat="-37.82311" lon="174.89284">
        <ele>55.7</ele>
      </trkpt>
      <trkpt lat="-37.82321" lon="174.8926">
        <ele>56.3</ele>
      </trkpt>
      <trkpt lat="-37.82329" lon="174.89236">
        <ele>56.8</ele>
      </trkpt>
      <trkpt lat="-37.82335" lon="174.89214">
        <ele>57.3</ele>
      </trkpt>
      <trkpt lat="-37.82339" lon="174.89189">
        <ele>58.1</ele>
      </trkpt>
      <trkpt lat="-37.82341" lon="174.89167">
        <ele>58.9</ele>
      </trkpt>
      <trkpt lat="-37.82341" lon="174.89139">
        <ele>61.1</ele>
      </trkpt>
      <trkpt lat="-37.82339" lon="174.89116">
        <ele>62.8</ele>
      </trkpt>
      <trkpt lat="-37.82335" lon="174.89096">
        <ele>64.2</ele>
      </trkpt>
      <trkpt lat="-37.8233" lon="174.89076">
        <ele>66.0</ele>
      </trkpt>
      <trkpt lat="-37.82325" lon="174.89059">
        <ele>67.7</ele>
      </trkpt>
      <trkpt lat="-37.82316" lon="174.89034">
        <ele>70.0</ele>
      </trkpt>
      <trkpt lat="-37.82308" lon="174.89018">
        <ele>71.5</ele>
      </trkpt>
      <trkpt lat="-37.823" lon="174.89003">
        <ele>72.7</ele>
      </trkpt>
      <trkpt lat="-37.8229" lon="174.88989">
        <ele>72.0</ele>
      </trkpt>
      <trkpt lat="-37.82269" lon="174.88967">
        <ele>70.3</ele>
      </trkpt>
      <trkpt lat="-37.8225" lon="174.8895">
        <ele>69.2</ele>
      </trkpt>
      <trkpt lat="-37.82227" lon="174.88934">
        <ele>66.7</ele>
      </trkpt>
      <trkpt lat="-37.82197" lon="174.88917">
        <ele>64.7</ele>
      </trkpt>
      <trkpt lat="-37.82119" lon="174.8888">
        <ele>61.4</ele>
      </trkpt>
      <trkpt lat="-37.82041" lon="174.88844">
        <ele>61.0</ele>
      </trkpt>
      <trkpt lat="-37.82001" lon="174.88828">
        <ele>58.4</ele>
      </trkpt>
      <trkpt lat="-37.81975" lon="174.8882">
        <ele>57.4</ele>
      </trkpt>
      <trkpt lat="-37.81959" lon="174.88816">
        <ele>57.0</ele>
      </trkpt>
      <trkpt lat="-37.8194" lon="174.88814">
        <ele>56.3</ele>
      </trkpt>
      <trkpt lat="-37.8192" lon="174.88816">
        <ele>55.1</ele>
      </trkpt>
      <trkpt lat="-37.81903" lon="174.88819">
        <ele>57.4</ele>
      </trkpt>
      <trkpt lat="-37.81888" lon="174.88825">
        <ele>59.3</ele>
      </trkpt>
      <trkpt lat="-37.8187" lon="174.88834">
        <ele>60.8</ele>
      </trkpt>
      <trkpt lat="-37.81847" lon="174.88851">
        <ele>61.1</ele>
      </trkpt>
      <trkpt lat="-37.81786" lon="174.88899">
        <ele>56.5</ele>
      </trkpt>
      <trkpt lat="-37.81726" lon="174.88949">
        <ele>54.5</ele>
      </trkpt>
      <trkpt lat="-37.81701" lon="174.88967">
        <ele>54.7</ele>
      </trkpt>
      <trkpt lat="-37.81672" lon="174.88986">
        <ele>55.1</ele>
      </trkpt>
      <trkpt lat="-37.81643" lon="174.88999">
        <ele>55.5</ele>
      </trkpt>
      <trkpt lat="-37.81619" lon="174.89009">
        <ele>56.8</ele>
      </trkpt>
      <trkpt lat="-37.81566" lon="174.89028">
        <ele>60.8</ele>
      </trkpt>
      <trkpt lat="-37.81512" lon="174.89046">
        <ele>63.4</ele>
      </trkpt>
      <trkpt lat="-37.81487" lon="174.89058">
        <ele>65.9</ele>
      </trkpt>
      <trkpt lat="-37.81462" lon="174.8907">
        <ele>67.9</ele>
      </trkpt>
      <trkpt lat="-37.81406" lon="174.89106">
        <ele>69.1</ele>
      </trkpt>
      <trkpt lat="-37.81338" lon="174.89154">
        <ele>68.3</ele>
      </trkpt>
      <trkpt lat="-37.8127" lon="174.89203">
        <ele>66.5</ele>
      </trkpt>
      <trkpt lat="-37.81202" lon="174.89251">
        <ele>66.5</ele>
      </trkpt>
      <trkpt lat="-37.81164" lon="174.89274">
        <ele>68.9</ele>
      </trkpt>
      <trkpt lat="-37.81142" lon="174.89284">
        <ele>66.8</ele>
      </trkpt>
      <trkpt lat="-37.81121" lon="174.89292">
        <ele>64.6</ele>
      </trkpt>
      <trkpt lat="-37.81105" lon="174.89295">
        <ele>63.1</ele>
      </trkpt>
      <trkpt lat="-37.81087" lon="174.89297">
        <ele>61.4</ele>
      </trkpt>
      <trkpt lat="-37.81068" lon="174.89297">
        <ele>60.0</ele>
      </trkpt>
      <trkpt lat="-37.81048" lon="174.89294">
        <ele>58.8</ele>
      </trkpt>
      <trkpt lat="-37.81032" lon="174.89288">
        <ele>58.1</ele>
      </trkpt>
      <trkpt lat="-37.81018" lon="174.89282">
        <ele>57.4</ele>
      </trkpt>
      <trkpt lat="-37.81005" lon="174.89274">
        <ele>56.9</ele>
      </trkpt>
      <trkpt lat="-37.80987" lon="174.89261">
        <ele>56.3</ele>
      </trkpt>
      <trkpt lat="-37.80971" lon="174.89246">
        <ele>55.4</ele>
      </trkpt>
      <trkpt lat="-37.80952" lon="174.89226">
        <ele>52.9</ele>
      </trkpt>
      <trkpt lat="-37.80916" lon="174.89182">
        <ele>46.0</ele>
      </trkpt>
      <trkpt lat="-37.80865" lon="174.89117">
        <ele>41.7</ele>
      </trkpt>
      <trkpt lat="-37.80813" lon="174.89053">
        <ele>47.1</ele>
      </trkpt>
      <trkpt lat="-37.8077" lon="174.88998">
        <ele>47.2</ele>
      </trkpt>
      <trkpt lat="-37.80733" lon="174.88951">
        <ele>43.3</ele>
      </trkpt>
      <trkpt lat="-37.80709" lon="174.88917">
        <ele>42.0</ele>
      </trkpt>
      <trkpt lat="-37.80658" lon="174.88841">
        <ele>35.3</ele>
      </trkpt>
      <trkpt lat="-37.80608" lon="174.88764">
        <ele>33.8</ele>
      </trkpt>
      <trkpt lat="-37.80557" lon="174.88687">
        <ele>33.2</ele>
      </trkpt>
      <trkpt lat="-37.8051" lon="174.8861">
        <ele>31.5</ele>
      </trkpt>
      <trkpt lat="-37.80499" lon="174.88589">
        <ele>30.4</ele>
      </trkpt>
      <trkpt lat="-37.80495" lon="174.8858">
        <ele>30.0</ele>
      </trkpt>
      <trkpt lat="-37.80484" lon="174.88549">
        <ele>28.8</ele>
      </trkpt>
      <trkpt lat="-37.80478" lon="174.88526">
        <ele>28.0</ele>
      </trkpt>
      <trkpt lat="-37.80474" lon="174.88504">
        <ele>27.1</ele>
      </trkpt>
      <trkpt lat="-37.80472" lon="174.88481">
        <ele>25.6</ele>
      </trkpt>
      <trkpt lat="-37.80472" lon="174.88459">
        <ele>24.1</ele>
      </trkpt>
      <trkpt lat="-37.80473" lon="174.88436">
        <ele>22.4</ele>
      </trkpt>
      <trkpt lat="-37.80479" lon="174.88392">
        <ele>21.2</ele>
      </trkpt>
      <trkpt lat="-37.80496" lon="174.88292">
        <ele>23.2</ele>
      </trkpt>
      <trkpt lat="-37.80501" lon="174.88247">
        <ele>25.0</ele>
      </trkpt>
      <trkpt lat="-37.80503" lon="174.88227">
        <ele>25.2</ele>
      </trkpt>
      <trkpt lat="-37.80503" lon="174.88204">
        <ele>25.4</ele>
      </trkpt>
      <trkpt lat="-37.80501" lon="174.88182">
        <ele>25.8</ele>
      </trkpt>
      <trkpt lat="-37.80498" lon="174.8816">
        <ele>26.1</ele>
      </trkpt>
      <trkpt lat="-37.80492" lon="174.88138">
        <ele>26.3</ele>
      </trkpt>
      <trkpt lat="-37.80484" lon="174.88118">
        <ele>26.9</ele>
      </trkpt>
      <trkpt lat="-37.80475" lon="174.88098">
        <ele>27.7</ele>
      </trkpt>
      <trkpt lat="-37.8043" lon="174.88016">
        <ele>31.8</ele>
      </trkpt>
      <trkpt lat="-37.80424" lon="174.88003">
        <ele>32.2</ele>
      </trkpt>
      <trkpt lat="-37.80419" lon="174.8799">
        <ele>32.7</ele>
      </trkpt>
      <trkpt lat="-37.80414" lon="174.87969">
        <ele>33.0</ele>
      </trkpt>
      <trkpt lat="-37.80413" lon="174.87959">
        <ele>32.9</ele>
      </trkpt>
      <trkpt lat="-37.80412" lon="174.87935">
        <ele>32.7</ele>
      </trkpt>
      <trkpt lat="-37.80414" lon="174.87913">
        <ele>32.9</ele>
      </trkpt>
      <trkpt lat="-37.80426" lon="174.87841">
        <ele>34.2</ele>
      </trkpt>
      <trkpt lat="-37.80429" lon="174.87805">
        <ele>34.9</ele>
      </trkpt>
      <trkpt lat="-37.80429" lon="174.87779">
        <ele>35.6</ele>
      </trkpt>
      <trkpt lat="-37.80427" lon="174.87758">
        <ele>36.2</ele>
      </trkpt>
      <trkpt lat="-37.80425" lon="174.87746">
        <ele>36.4</ele>
      </trkpt>
      <trkpt lat="-37.80419" lon="174.87725">
        <ele>36.6</ele>
      </trkpt>
      <trkpt lat="-37.80413" lon="174.87708">
        <ele>36.4</ele>
      </trkpt>
      <trkpt lat="-37.80375" lon="174.87607">
        <ele>35.5</ele>
      </trkpt>
      <trkpt lat="-37.80364" lon="174.8757">
        <ele>35.5</ele>
      </trkpt>
      <trkpt lat="-37.80344" lon="174.87477">
        <ele>35.9</ele>
      </trkpt>
      <trkpt lat="-37.80324" lon="174.87384">
        <ele>39.3</ele>
      </trkpt>
      <trkpt lat="-37.8032" lon="174.87366">
        <ele>40.2</ele>
      </trkpt>
      <trkpt lat="-37.80313" lon="174.87344">
        <ele>41.3</ele>
      </trkpt>
      <trkpt lat="-37.80321" lon="174.87335">
        <ele>42.3</ele>
      </trkpt>
      <trkpt lat="-37.80325" lon="174.8733">
        <ele>42.6</ele>
      </trkpt>
      <trkpt lat="-37.80349" lon="174.87284">
        <ele>42.6</ele>
      </trkpt>
      <trkpt lat="-37.80376" lon="174.87236">
        <ele>41.8</ele>
      </trkpt>
      <trkpt lat="-37.80404" lon="174.87189">
        <ele>40.6</ele>
      </trkpt>
      <trkpt lat="-37.80395" lon="174.87176">
        <ele>39.9</ele>
      </trkpt>
      <trkpt lat="-37.80363" lon="174.87118">
        <ele>32.6</ele>
      </trkpt>
      <trkpt lat="-37.80352" lon="174.871">
        <ele>29.7</ele>
      </trkpt>
      <trkpt lat="-37.80342" lon="174.87084">
        <ele>26.9</ele>
      </trkpt>
      <trkpt lat="-37.80324" lon="174.8706">
        <ele>23.8</ele>
      </trkpt>
      <trkpt lat="-37.80324" lon="174.8706">
        <ele>23.8</ele>
      </trkpt>
      <trkpt lat="-37.80267" lon="174.86984">
        <ele>15.5</ele>
      </trkpt>
      <trkpt lat="-37.80233" lon="174.86941">
        <ele>12.3</ele>
      </trkpt>
      <trkpt lat="-37.802" lon="174.86899">
        <ele>10.2</ele>
      </trkpt>
      <trkpt lat="-37.80186" lon="174.86877">
        <ele>9.0</ele>
      </trkpt>
      <trkpt lat="-37.80185" lon="174.8687">
        <ele>8.8</ele>
      </trkpt>
      <trkpt lat="-37.80242" lon="174.86861">
        <ele>9.8</ele>
      </trkpt>
      <trkpt lat="-37.80299" lon="174.86852">
        <ele>12.7</ele>
      </trkpt>
      <trkpt lat="-37.80356" lon="174.86829">
        <ele>16.6</ele>
      </trkpt>
      <trkpt lat="-37.80419" lon="174.86809">
        <ele>23.1</ele>
      </trkpt>
      <trkpt lat="-37.80467" lon="174.86788">
        <ele>21.4</ele>
      </trkpt>
      <trkpt lat="-37.80486" lon="174.86777">
        <ele>20.3</ele>
      </trkpt>
      <trkpt lat="-37.80495" lon="174.86769">
        <ele>19.4</ele>
      </trkpt>
      <trkpt lat="-37.80507" lon="174.86756">
        <ele>18.1</ele>
      </trkpt>
      <trkpt lat="-37.80561" lon="174.8669">
        <ele>14.5</ele>
      </trkpt>
      <trkpt lat="-37.80577" lon="174.86667">
        <ele>13.6</ele>
      </trkpt>
      <trkpt lat="-37.80592" lon="174.86636">
        <ele>12.9</ele>
      </trkpt>
      <trkpt lat="-37.80599" lon="174.86617">
        <ele>12.4</ele>
      </trkpt>
      <trkpt lat="-37.80605" lon="174.86607">
        <ele>12.4</ele>
      </trkpt>
      <trkpt lat="-37.80653" lon="174.86533">
        <ele>11.3</ele>
      </trkpt>
      <trkpt lat="-37.80683" lon="174.86479">
        <ele>7.5</ele>
      </trkpt>
      <trkpt lat="-37.80687" lon="174.86471">
        <ele>6.5</ele>
      </trkpt>
      <trkpt lat="-37.80699" lon="174.86433">
        <ele>5.1</ele>
      </trkpt>
      <trkpt lat="-37.80722" lon="174.86341">
        <ele>1.8</ele>
      </trkpt>
      <trkpt lat="-37.80726" lon="174.86318">
        <ele>1.0</ele>
      </trkpt>
      <trkpt lat="-37.80747" lon="174.86236">
        <ele>8.4</ele>
      </trkpt>
      <trkpt lat="-37.80755" lon="174.86206">
        <ele>10.0</ele>
      </trkpt>
      <trkpt lat="-37.80766" lon="174.86174">
        <ele>11.4</ele>
      </trkpt>
      <trkpt lat="-37.80777" lon="174.86153">
        <ele>12.4</ele>
      </trkpt>
      <trkpt lat="-37.80795" lon="174.86128">
        <ele>13.8</ele>
      </trkpt>
      <trkpt lat="-37.80802" lon="174.86121">
        <ele>14.3</ele>
      </trkpt>
      <trkpt lat="-37.80816" lon="174.86107">
        <ele>15.2</ele>
      </trkpt>
      <trkpt lat="-37.80859" lon="174.86076">
        <ele>17.4</ele>
      </trkpt>
      <trkpt lat="-37.80868" lon="174.86068">
        <ele>17.7</ele>
      </trkpt>
      <trkpt lat="-37.80888" lon="174.86046">
        <ele>18.4</ele>
      </trkpt>
      <trkpt lat="-37.8094" lon="174.85984">
        <ele>19.1</ele>
      </trkpt>
      <trkpt lat="-37.80992" lon="174.85922">
        <ele>18.0</ele>
      </trkpt>
      <trkpt lat="-37.80998" lon="174.85912">
        <ele>18.1</ele>
      </trkpt>
      <trkpt lat="-37.81006" lon="174.85895">
        <ele>18.2</ele>
      </trkpt>
      <trkpt lat="-37.81008" lon="174.85884">
        <ele>18.3</ele>
      </trkpt>
      <trkpt lat="-37.81028" lon="174.85867">
        <ele>18.5</ele>
      </trkpt>
      <trkpt lat="-37.81039" lon="174.85864">
        <ele>18.6</ele>
      </trkpt>
      <trkpt lat="-37.81044" lon="174.85861">
        <ele>18.7</ele>
      </trkpt>
      <trkpt lat="-37.81069" lon="174.85835">
        <ele>19.8</ele>
      </trkpt>
      <trkpt lat="-37.81077" lon="174.85829">
        <ele>19.8</ele>
      </trkpt>
      <trkpt lat="-37.81085" lon="174.85825">
        <ele>19.8</ele>
      </trkpt>
      <trkpt lat="-37.81102" lon="174.85821">
        <ele>20.2</ele>
      </trkpt>
      <trkpt lat="-37.81111" lon="174.8582">
        <ele>20.4</ele>
      </trkpt>
      <trkpt lat="-37.8112" lon="174.85821">
        <ele>20.6</ele>
      </trkpt>
      <trkpt lat="-37.81129" lon="174.85823">
        <ele>20.9</ele>
      </trkpt>
      <trkpt lat="-37.81137" lon="174.85826">
        <ele>21.2</ele>
      </trkpt>
      <trkpt lat="-37.81145" lon="174.85831">
        <ele>21.4</ele>
      </trkpt>
      <trkpt lat="-37.81183" lon="174.85861">
        <ele>19.5</ele>
      </trkpt>
      <trkpt lat="-37.81198" lon="174.8587">
        <ele>18.5</ele>
      </trkpt>
      <trkpt lat="-37.81207" lon="174.85873">
        <ele>18.0</ele>
      </trkpt>
      <trkpt lat="-37.81215" lon="174.85875">
        <ele>17.6</ele>
      </trkpt>
      <trkpt lat="-37.81224" lon="174.85875">
        <ele>17.5</ele>
      </trkpt>
      <trkpt lat="-37.81234" lon="174.85873">
        <ele>17.6</ele>
      </trkpt>
      <trkpt lat="-37.81251" lon="174.85867">
        <ele>18.1</ele>
      </trkpt>
      <trkpt lat="-37.81269" lon="174.85862">
        <ele>17.7</ele>
      </trkpt>
      <trkpt lat="-37.81287" lon="174.85862">
        <ele>16.5</ele>
      </trkpt>
      <trkpt lat="-37.81305" lon="174.85865">
        <ele>15.2</ele>
      </trkpt>
      <trkpt lat="-37.81322" lon="174.85866">
        <ele>14.1</ele>
      </trkpt>
      <trkpt lat="-37.81331" lon="174.85864">
        <ele>13.7</ele>
      </trkpt>
      <trkpt lat="-37.81363" lon="174.85847">
        <ele>13.4</ele>
      </trkpt>
      <trkpt lat="-37.81372" lon="174.85844">
        <ele>13.1</ele>
      </trkpt>
      <trkpt lat="-37.81381" lon="174.85841">
        <ele>12.8</ele>
      </trkpt>
      <trkpt lat="-37.81401" lon="174.8584">
        <ele>12.0</ele>
      </trkpt>
      <trkpt lat="-37.81445" lon="174.85843">
        <ele>13.2</ele>
      </trkpt>
      <trkpt lat="-37.81462" lon="174.85843">
        <ele>14.2</ele>
      </trkpt>
      <trkpt lat="-37.8148" lon="174.8584">
        <ele>15.1</ele>
      </trkpt>
      <trkpt lat="-37.81496" lon="174.85833">
        <ele>15.8</ele>
      </trkpt>
      <trkpt lat="-37.81538" lon="174.85813">
        <ele>17.0</ele>
      </trkpt>
      <trkpt lat="-37.81556" lon="174.85807">
        <ele>17.5</ele>
      </trkpt>
      <trkpt lat="-37.81573" lon="174.85803">
        <ele>17.9</ele>
      </trkpt>
      <trkpt lat="-37.81599" lon="174.85798">
        <ele>19.1</ele>
      </trkpt>
      <trkpt lat="-37.81618" lon="174.85795">
        <ele>20.2</ele>
      </trkpt>
      <trkpt lat="-37.81635" lon="174.85795">
        <ele>21.2</ele>
      </trkpt>
      <trkpt lat="-37.81652" lon="174.85799">
        <ele>22.3</ele>
      </trkpt>
      <trkpt lat="-37.81665" lon="174.85801">
        <ele>23.1</ele>
      </trkpt>
      <trkpt lat="-37.81673" lon="174.858">
        <ele>24.1</ele>
      </trkpt>
      <trkpt lat="-37.81677" lon="174.85797">
        <ele>24.6</ele>
      </trkpt>
      <trkpt lat="-37.81685" lon="174.8579">
        <ele>25.6</ele>
      </trkpt>
      <trkpt lat="-37.81691" lon="174.85782">
        <ele>26.5</ele>
      </trkpt>
      <trkpt lat="-37.81695" lon="174.85773">
        <ele>27.1</ele>
      </trkpt>
      <trkpt lat="-37.81698" lon="174.85762">
        <ele>27.6</ele>
      </trkpt>
      <trkpt lat="-37.817" lon="174.85752">
        <ele>28.0</ele>
      </trkpt>
      <trkpt lat="-37.81702" lon="174.85719">
        <ele>26.8</ele>
      </trkpt>
      <trkpt lat="-37.81708" lon="174.85697">
        <ele>26.6</ele>
      </trkpt>
      <trkpt lat="-37.81712" lon="174.85686">
        <ele>26.6</ele>
      </trkpt>
      <trkpt lat="-37.81737" lon="174.85641">
        <ele>28.3</ele>
      </trkpt>
      <trkpt lat="-37.81742" lon="174.8563">
        <ele>28.7</ele>
      </trkpt>
      <trkpt lat="-37.81752" lon="174.856">
        <ele>28.7</ele>
      </trkpt>
      <trkpt lat="-37.81762" lon="174.85581">
        <ele>28.7</ele>
      </trkpt>
      <trkpt lat="-37.81769" lon="174.85573">
        <ele>29.0</ele>
      </trkpt>
      <trkpt lat="-37.81776" lon="174.85568">
        <ele>29.4</ele>
      </trkpt>
      <trkpt lat="-37.81785" lon="174.85563">
        <ele>30.0</ele>
      </trkpt>
      <trkpt lat="-37.81802" lon="174.85559">
        <ele>31.3</ele>
      </trkpt>
      <trkpt lat="-37.81855" lon="174.85552">
        <ele>34.0</ele>
      </trkpt>
      <trkpt lat="-37.81864" lon="174.85549">
        <ele>34.3</ele>
      </trkpt>
      <trkpt lat="-37.81872" lon="174.85545">
        <ele>34.7</ele>
      </trkpt>
      <trkpt lat="-37.81879" lon="174.85539">
        <ele>35.3</ele>
      </trkpt>
      <trkpt lat="-37.81891" lon="174.85524">
        <ele>37.0</ele>
      </trkpt>
      <trkpt lat="-37.81903" lon="174.85506">
        <ele>39.4</ele>
      </trkpt>
      <trkpt lat="-37.81915" lon="174.85491">
        <ele>41.2</ele>
      </trkpt>
      <trkpt lat="-37.8193" lon="174.85476">
        <ele>42.3</ele>
      </trkpt>
      <trkpt lat="-37.81945" lon="174.85464">
        <ele>43.4</ele>
      </trkpt>
      <trkpt lat="-37.8196" lon="174.8545">
        <ele>44.8</ele>
      </trkpt>
      <trkpt lat="-37.82006" lon="174.854">
        <ele>49.8</ele>
      </trkpt>
      <trkpt lat="-37.8202" lon="174.85385">
        <ele>51.2</ele>
      </trkpt>
      <trkpt lat="-37.82035" lon="174.85373">
        <ele>52.8</ele>
      </trkpt>
      <trkpt lat="-37.82049" lon="174.85367">
        <ele>54.3</ele>
      </trkpt>
      <trkpt lat="-37.82061" lon="174.85365">
        <ele>55.4</ele>
      </trkpt>
      <trkpt lat="-37.82089" lon="174.8537">
        <ele>57.2</ele>
      </trkpt>
      <trkpt lat="-37.82132" lon="174.85381">
        <ele>58.2</ele>
      </trkpt>
      <trkpt lat="-37.82148" lon="174.85384">
        <ele>58.5</ele>
      </trkpt>
      <trkpt lat="-37.82158" lon="174.85384">
        <ele>58.9</ele>
      </trkpt>
      <trkpt lat="-37.82175" lon="174.8538">
        <ele>59.5</ele>
      </trkpt>
      <trkpt lat="-37.82183" lon="174.85377">
        <ele>59.7</ele>
      </trkpt>
      <trkpt lat="-37.82211" lon="174.85362">
        <ele>60.5</ele>
      </trkpt>
      <trkpt lat="-37.82224" lon="174.85357">
        <ele>60.5</ele>
      </trkpt>
      <trkpt lat="-37.82234" lon="174.85354">
        <ele>60.4</ele>
      </trkpt>
      <trkpt lat="-37.82252" lon="174.85353">
        <ele>59.9</ele>
      </trkpt>
      <trkpt lat="-37.82268" lon="174.85354">
        <ele>60.1</ele>
      </trkpt>
      <trkpt lat="-37.82305" lon="174.85358">
        <ele>60.5</ele>
      </trkpt>
      <trkpt lat="-37.82323" lon="174.85362">
        <ele>60.7</ele>
      </trkpt>
      <trkpt lat="-37.82332" lon="174.85367">
        <ele>60.7</ele>
      </trkpt>
      <trkpt lat="-37.8234" lon="174.85372">
        <ele>60.8</ele>
      </trkpt>
      <trkpt lat="-37.82368" lon="174.85399">
        <ele>60.9</ele>
      </trkpt>
      <trkpt lat="-37.82384" lon="174.85408">
        <ele>61.5</ele>
      </trkpt>
      <trkpt lat="-37.82401" lon="174.85412">
        <ele>62.2</ele>
      </trkpt>
      <trkpt lat="-37.8241" lon="174.85412">
        <ele>62.6</ele>
      </trkpt>
      <trkpt lat="-37.8242" lon="174.85411">
        <ele>63.5</ele>
      </trkpt>
      <trkpt lat="-37.82428" lon="174.85409">
        <ele>64.7</ele>
      </trkpt>
      <trkpt lat="-37.82453" lon="174.85399">
        <ele>68.1</ele>
      </trkpt>
      <trkpt lat="-37.82484" lon="174.85385">
        <ele>71.2</ele>
      </trkpt>
      <trkpt lat="-37.82532" lon="174.85351">
        <ele>76.6</ele>
      </trkpt>
      <trkpt lat="-37.82579" lon="174.85317">
        <ele>83.5</ele>
      </trkpt>
      <trkpt lat="-37.82589" lon="174.85307">
        <ele>83.1</ele>
      </trkpt>
      <trkpt lat="-37.82598" lon="174.85295">
        <ele>81.8</ele>
      </trkpt>
      <trkpt lat="-37.8263" lon="174.8525">
        <ele>79.6</ele>
      </trkpt>
      <trkpt lat="-37.8264" lon="174.85241">
        <ele>79.8</ele>
      </trkpt>
      <trkpt lat="-37.827" lon="174.85226">
        <ele>84.6</ele>
      </trkpt>
      <trkpt lat="-37.82744" lon="174.85225">
        <ele>88.7</ele>
      </trkpt>
      <trkpt lat="-37.8279" lon="174.85249">
        <ele>92.9</ele>
      </trkpt>
      <trkpt lat="-37.82807" lon="174.8525">
        <ele>94.5</ele>
      </trkpt>
      <trkpt lat="-37.82824" lon="174.85235">
        <ele>99.0</ele>
      </trkpt>
      <trkpt lat="-37.82839" lon="174.85213">
        <ele>106.5</ele>
      </trkpt>
      <trkpt lat="-37.82855" lon="174.85207">
        <ele>112.5</ele>
      </trkpt>
      <trkpt lat="-37.82876" lon="174.85213">
        <ele>116.5</ele>
      </trkpt>
      <trkpt lat="-37.82912" lon="174.8525">
        <ele>111.2</ele>
      </trkpt>
      <trkpt lat="-37.82979" lon="174.85265">
        <ele>120.4</ele>
      </trkpt>
      <trkpt lat="-37.83014" lon="174.85287">
        <ele>118.9</ele>
      </trkpt>
      <trkpt lat="-37.83063" lon="174.85355">
        <ele>111.5</ele>
      </trkpt>
      <trkpt lat="-37.83068" lon="174.85366">
        <ele>110.6</ele>
      </trkpt>
      <trkpt lat="-37.83075" lon="174.85389">
        <ele>108.3</ele>
      </trkpt>
      <trkpt lat="-37.83082" lon="174.85404">
        <ele>107.7</ele>
      </trkpt>
      <trkpt lat="-37.83089" lon="174.85403">
        <ele>109.0</ele>
      </trkpt>
      <trkpt lat="-37.83094" lon="174.85395">
        <ele>111.0</ele>
      </trkpt>
      <trkpt lat="-37.83089" lon="174.85378">
        <ele>113.2</ele>
      </trkpt>
      <trkpt lat="-37.83074" lon="174.85285">
        <ele>124.9</ele>
      </trkpt>
      <trkpt lat="-37.83059" lon="174.85193">
        <ele>139.1</ele>
      </trkpt>
      <trkpt lat="-37.83059" lon="174.85167">
        <ele>143.3</ele>
      </trkpt>
      <trkpt lat="-37.83081" lon="174.85092">
        <ele>149.5</ele>
      </trkpt>
      <trkpt lat="-37.83086" lon="174.85083">
        <ele>150.4</ele>
      </trkpt>
      <trkpt lat="-37.83098" lon="174.85079">
        <ele>152.9</ele>
      </trkpt>
      <trkpt lat="-37.83111" lon="174.85085">
        <ele>153.8</ele>
      </trkpt>
      <trkpt lat="-37.83128" lon="174.85128">
        <ele>151.3</ele>
      </trkpt>
      <trkpt lat="-37.83149" lon="174.85196">
        <ele>147.2</ele>
      </trkpt>
      <trkpt lat="-37.83165" lon="174.85221">
        <ele>147.8</ele>
      </trkpt>
      <trkpt lat="-37.83186" lon="174.85233">
        <ele>150.2</ele>
      </trkpt>
      <trkpt lat="-37.83222" lon="174.85275">
        <ele>152.3</ele>
      </trkpt>
      <trkpt lat="-37.83234" lon="174.85325">
        <ele>151.0</ele>
      </trkpt>
      <trkpt lat="-37.83244" lon="174.85339">
        <ele>152.6</ele>
      </trkpt>
      <trkpt lat="-37.83291" lon="174.85365">
        <ele>154.0</ele>
      </trkpt>
      <trkpt lat="-37.83339" lon="174.8539">
        <ele>155.4</ele>
      </trkpt>
      <trkpt lat="-37.83359" lon="174.85394">
        <ele>153.1</ele>
      </trkpt>
      <trkpt lat="-37.83374" lon="174.85392">
        <ele>151.6</ele>
      </trkpt>
      <trkpt lat="-37.8338" lon="174.85389">
        <ele>151.0</ele>
      </trkpt>
      <trkpt lat="-37.83384" lon="174.85383">
        <ele>150.6</ele>
      </trkpt>
      <trkpt lat="-37.83391" lon="174.85373">
        <ele>149.9</ele>
      </trkpt>
      <trkpt lat="-37.83413" lon="174.85313">
        <ele>148.2</ele>
      </trkpt>
      <trkpt lat="-37.83419" lon="174.85303">
        <ele>147.8</ele>
      </trkpt>
      <trkpt lat="-37.83424" lon="174.85296">
        <ele>147.5</ele>
      </trkpt>
      <trkpt lat="-37.83437" lon="174.85286">
        <ele>146.5</ele>
      </trkpt>
      <trkpt lat="-37.83472" lon="174.85266">
        <ele>143.9</ele>
      </trkpt>
      <trkpt lat="-37.83483" lon="174.85263">
        <ele>142.9</ele>
      </trkpt>
      <trkpt lat="-37.83494" lon="174.85265">
        <ele>141.7</ele>
      </trkpt>
      <trkpt lat="-37.83508" lon="174.85278">
        <ele>139.1</ele>
      </trkpt>
      <trkpt lat="-37.83527" lon="174.85314">
        <ele>134.6</ele>
      </trkpt>
      <trkpt lat="-37.83538" lon="174.85344">
        <ele>131.9</ele>
      </trkpt>
      <trkpt lat="-37.83548" lon="174.85355">
        <ele>130.1</ele>
      </trkpt>
      <trkpt lat="-37.83557" lon="174.85362">
        <ele>128.5</ele>
      </trkpt>
      <trkpt lat="-37.83569" lon="174.85353">
        <ele>127.6</ele>
      </trkpt>
      <trkpt lat="-37.8358" lon="174.85332">
        <ele>127.4</ele>
      </trkpt>
      <trkpt lat="-37.83585" lon="174.85312">
        <ele>126.9</ele>
      </trkpt>
      <trkpt lat="-37.83583" lon="174.85201">
        <ele>128.1</ele>
      </trkpt>
      <trkpt lat="-37.83587" lon="174.85159">
        <ele>127.3</ele>
      </trkpt>
      <trkpt lat="-37.83595" lon="174.85133">
        <ele>126.1</ele>
      </trkpt>
      <trkpt lat="-37.83611" lon="174.85102">
        <ele>123.4</ele>
      </trkpt>
      <trkpt lat="-37.83611" lon="174.85102">
        <ele>123.4</ele>
      </trkpt>
      <trkpt lat="-37.83617" lon="174.8509">
        <ele>122.4</ele>
      </trkpt>
      <trkpt lat="-37.83645" lon="174.84987">
        <ele>118.5</ele>
      </trkpt>
      <trkpt lat="-37.83651" lon="174.84946">
        <ele>116.7</ele>
      </trkpt>
      <trkpt lat="-37.83645" lon="174.84892">
        <ele>116.9</ele>
      </trkpt>
      <trkpt lat="-37.83644" lon="174.84861">
        <ele>116.2</ele>
      </trkpt>
      <trkpt lat="-37.83645" lon="174.8484">
        <ele>115.4</ele>
      </trkpt>
      <trkpt lat="-37.8365" lon="174.84826">
        <ele>114.2</ele>
      </trkpt>
      <trkpt lat="-37.83656" lon="174.84813">
        <ele>113.2</ele>
      </trkpt>
      <trkpt lat="-37.83665" lon="174.84802">
        <ele>111.7</ele>
      </trkpt>
      <trkpt lat="-37.83682" lon="174.84791">
        <ele>112.8</ele>
      </trkpt>
      <trkpt lat="-37.83707" lon="174.84764">
        <ele>114.3</ele>
      </trkpt>
      <trkpt lat="-37.83717" lon="174.84756">
        <ele>114.6</ele>
      </trkpt>
      <trkpt lat="-37.83728" lon="174.84753">
        <ele>115.1</ele>
      </trkpt>
      <trkpt lat="-37.83767" lon="174.84751">
        <ele>118.5</ele>
      </trkpt>
      <trkpt lat="-37.83782" lon="174.84748">
        <ele>120.6</ele>
      </trkpt>
      <trkpt lat="-37.83795" lon="174.84742">
        <ele>122.4</ele>
      </trkpt>
      <trkpt lat="-37.83808" lon="174.84733">
        <ele>124.1</ele>
      </trkpt>
      <trkpt lat="-37.8384" lon="174.84686">
        <ele>127.3</ele>
      </trkpt>
      <trkpt lat="-37.83872" lon="174.84639">
        <ele>130.6</ele>
      </trkpt>
      <trkpt lat="-37.83882" lon="174.84619">
        <ele>131.1</ele>
      </trkpt>
      <trkpt lat="-37.83877" lon="174.84568">
        <ele>130.2</ele>
      </trkpt>
      <trkpt lat="-37.83876" lon="174.8454">
        <ele>129.5</ele>
      </trkpt>
      <trkpt lat="-37.83893" lon="174.84503">
        <ele>129.2</ele>
      </trkpt>
      <trkpt lat="-37.83927" lon="174.84471">
        <ele>129.8</ele>
      </trkpt>
      <trkpt lat="-37.83931" lon="174.84456">
        <ele>129.9</ele>
      </trkpt>
      <trkpt lat="-37.8394" lon="174.84424">
        <ele>130.2</ele>
      </trkpt>
      <trkpt lat="-37.83961" lon="174.84402">
        <ele>129.0</ele>
      </trkpt>
      <trkpt lat="-37.8401" lon="174.84368">
        <ele>126.4</ele>
      </trkpt>
      <trkpt lat="-37.8402" lon="174.84349">
        <ele>126.3</ele>
      </trkpt>
      <trkpt lat="-37.84027" lon="174.8431">
        <ele>126.9</ele>
      </trkpt>
      <trkpt lat="-37.84029" lon="174.84261">
        <ele>128.1</ele>
      </trkpt>
      <trkpt lat="-37.84039" lon="174.84237">
        <ele>127.5</ele>
      </trkpt>
      <trkpt lat="-37.84067" lon="174.84204">
        <ele>124.8</ele>
      </trkpt>
      <trkpt lat="-37.84122" lon="174.8417">
        <ele>123.5</ele>
      </trkpt>
      <trkpt lat="-37.84191" lon="174.84122">
        <ele>123.7</ele>
      </trkpt>
      <trkpt lat="-37.84259" lon="174.84074">
        <ele>127.2</ele>
      </trkpt>
      <trkpt lat="-37.84272" lon="174.84071">
        <ele>128.3</ele>
      </trkpt>
      <trkpt lat="-37.84313" lon="174.84079">
        <ele>133.4</ele>
      </trkpt>
      <trkpt lat="-37.84336" lon="174.84059">
        <ele>134.5</ele>
      </trkpt>
      <trkpt lat="-37.84362" lon="174.84017">
        <ele>137.0</ele>
      </trkpt>
      <trkpt lat="-37.8437" lon="174.83994">
        <ele>137.2</ele>
      </trkpt>
      <trkpt lat="-37.84373" lon="174.83959">
        <ele>134.4</ele>
      </trkpt>
      <trkpt lat="-37.84384" lon="174.83941">
        <ele>134.8</ele>
      </trkpt>
      <trkpt lat="-37.84405" lon="174.8393">
        <ele>137.5</ele>
      </trkpt>
      <trkpt lat="-37.84428" lon="174.83932">
        <ele>141.0</ele>
      </trkpt>
      <trkpt lat="-37.84474" lon="174.83928">
        <ele>144.6</ele>
      </trkpt>
      <trkpt lat="-37.84555" lon="174.8389">
        <ele>152.2</ele>
      </trkpt>
      <trkpt lat="-37.84579" lon="174.83858">
        <ele>153.1</ele>
      </trkpt>
      <trkpt lat="-37.84596" lon="174.83813">
        <ele>153.6</ele>
      </trkpt>
      <trkpt lat="-37.84614" lon="174.83782">
        <ele>155.1</ele>
      </trkpt>
      <trkpt lat="-37.84634" lon="174.83757">
        <ele>156.0</ele>
      </trkpt>
      <trkpt lat="-37.84663" lon="174.83742">
        <ele>156.5</ele>
      </trkpt>
      <trkpt lat="-37.84684" lon="174.83741">
        <ele>158.3</ele>
      </trkpt>
      <trkpt lat="-37.84702" lon="174.8375">
        <ele>161.0</ele>
      </trkpt>
      <trkpt lat="-37.84734" lon="174.83776">
        <ele>165.0</ele>
      </trkpt>
      <trkpt lat="-37.84771" lon="174.83785">
        <ele>168.5</ele>
      </trkpt>
      <trkpt lat="-37.84792" lon="174.83781">
        <ele>170.1</ele>
      </trkpt>
      <trkpt lat="-37.84811" lon="174.83771">
        <ele>171.5</ele>
      </trkpt>
      <trkpt lat="-37.8482" lon="174.83757">
        <ele>171.9</ele>
      </trkpt>
      <trkpt lat="-37.84823" lon="174.83741">
        <ele>171.9</ele>
      </trkpt>
      <trkpt lat="-37.84815" lon="174.83733">
        <ele>170.9</ele>
      </trkpt>
      <trkpt lat="-37.84803" lon="174.8373">
        <ele>169.6</ele>
      </trkpt>
      <trkpt lat="-37.84771" lon="174.83731">
        <ele>166.3</ele>
      </trkpt>
      <trkpt lat="-37.84754" lon="174.83723">
        <ele>164.1</ele>
      </trkpt>
      <trkpt lat="-37.84749" lon="174.83709">
        <ele>162.9</ele>
      </trkpt>
      <trkpt lat="-37.8475" lon="174.83687">
        <ele>162.0</ele>
      </trkpt>
      <trkpt lat="-37.84757" lon="174.83673">
        <ele>162.2</ele>
      </trkpt>
      <trkpt lat="-37.8477" lon="174.83664">
        <ele>163.3</ele>
      </trkpt>
      <trkpt lat="-37.84794" lon="174.8366">
        <ele>165.8</ele>
      </trkpt>
      <trkpt lat="-37.84829" lon="174.83668">
        <ele>171.4</ele>
      </trkpt>
      <trkpt lat="-37.84848" lon="174.83663">
        <ele>173.1</ele>
      </trkpt>
      <trkpt lat="-37.84861" lon="174.83652">
        <ele>172.9</ele>
      </trkpt>
      <trkpt lat="-37.84874" lon="174.83631">
        <ele>171.5</ele>
      </trkpt>
      <trkpt lat="-37.84891" lon="174.83628">
        <ele>173.0</ele>
      </trkpt>
      <trkpt lat="-37.84918" lon="174.83641">
        <ele>177.7</ele>
      </trkpt>
      <trkpt lat="-37.84956" lon="174.83654">
        <ele>182.2</ele>
      </trkpt>
      <trkpt lat="-37.84982" lon="174.83656">
        <ele>184.3</ele>
      </trkpt>
      <trkpt lat="-37.85021" lon="174.83642">
        <ele>186.9</ele>
      </trkpt>
      <trkpt lat="-37.85068" lon="174.83634">
        <ele>193.4</ele>
      </trkpt>
      <trkpt lat="-37.85088" lon="174.8361">
        <ele>195.2</ele>
      </trkpt>
      <trkpt lat="-37.85099" lon="174.8358">
        <ele>194.7</ele>
      </trkpt>
      <trkpt lat="-37.85115" lon="174.83548">
        <ele>193.6</ele>
      </trkpt>
      <trkpt lat="-37.85157" lon="174.83496">
        <ele>194.9</ele>
      </trkpt>
      <trkpt lat="-37.85199" lon="174.83443">
        <ele>196.1</ele>
      </trkpt>
      <trkpt lat="-37.8523" lon="174.83415">
        <ele>198.4</ele>
      </trkpt>
      <trkpt lat="-37.85248" lon="174.83413">
        <ele>199.1</ele>
      </trkpt>
      <trkpt lat="-37.85265" lon="174.83408">
        <ele>200.0</ele>
      </trkpt>
      <trkpt lat="-37.85299" lon="174.83383">
        <ele>202.3</ele>
      </trkpt>
      <trkpt lat="-37.85312" lon="174.83379">
        <ele>202.8</ele>
      </trkpt>
      <trkpt lat="-37.85326" lon="174.83392">
        <ele>202.7</ele>
      </trkpt>
      <trkpt lat="-37.85331" lon="174.83411">
        <ele>202.1</ele>
      </trkpt>
      <trkpt lat="-37.8533" lon="174.83445">
        <ele>201.8</ele>
      </trkpt>
      <trkpt lat="-37.85328" lon="174.83464">
        <ele>201.5</ele>
      </trkpt>
      <trkpt lat="-37.85335" lon="174.8348">
        <ele>202.1</ele>
      </trkpt>
      <trkpt lat="-37.85398" lon="174.83514">
        <ele>202.3</ele>
      </trkpt>
      <trkpt lat="-37.85408" lon="174.83513">
        <ele>202.6</ele>
      </trkpt>
      <trkpt lat="-37.85419" lon="174.83505">
        <ele>203.1</ele>
      </trkpt>
      <trkpt lat="-37.85448" lon="174.83451">
        <ele>201.2</ele>
      </trkpt>
      <trkpt lat="-37.85469" lon="174.8342">
        <ele>199.9</ele>
      </trkpt>
      <trkpt lat="-37.85484" lon="174.83379">
        <ele>199.9</ele>
      </trkpt>
      <trkpt lat="-37.85497" lon="174.83364">
        <ele>198.9</ele>
      </trkpt>
      <trkpt lat="-37.85511" lon="174.8336">
        <ele>200.0</ele>
      </trkpt>
      <trkpt lat="-37.85522" lon="174.83366">
        <ele>201.0</ele>
      </trkpt>
      <trkpt lat="-37.85534" lon="174.83385">
        <ele>201.7</ele>
      </trkpt>
      <trkpt lat="-37.85544" lon="174.83406">
        <ele>202.2</ele>
      </trkpt>
      <trkpt lat="-37.8555" lon="174.8345">
        <ele>201.2</ele>
      </trkpt>
      <trkpt lat="-37.85557" lon="174.83484">
        <ele>200.9</ele>
      </trkpt>
      <trkpt lat="-37.8558" lon="174.83527">
        <ele>201.8</ele>
      </trkpt>
      <trkpt lat="-37.85624" lon="174.83577">
        <ele>197.1</ele>
      </trkpt>
      <trkpt lat="-37.85641" lon="174.83583">
        <ele>196.3</ele>
      </trkpt>
      <trkpt lat="-37.85651" lon="174.83581">
        <ele>196.4</ele>
      </trkpt>
      <trkpt lat="-37.85679" lon="174.8355">
        <ele>197.6</ele>
      </trkpt>
      <trkpt lat="-37.85694" lon="174.83548">
        <ele>195.8</ele>
      </trkpt>
      <trkpt lat="-37.8572" lon="174.83556">
        <ele>191.8</ele>
      </trkpt>
      <trkpt lat="-37.85729" lon="174.83554">
        <ele>190.8</ele>
      </trkpt>
      <trkpt lat="-37.8575" lon="174.83533">
        <ele>189.6</ele>
      </trkpt>
      <trkpt lat="-37.85772" lon="174.83516">
        <ele>188.7</ele>
      </trkpt>
      <trkpt lat="-37.8582" lon="174.83497">
        <ele>185.5</ele>
      </trkpt>
      <trkpt lat="-37.85868" lon="174.83477">
        <ele>185.3</ele>
      </trkpt>
      <trkpt lat="-37.85886" lon="174.83458">
        <ele>186.4</ele>
      </trkpt>
      <trkpt lat="-37.85908" lon="174.83417">
        <ele>189.3</ele>
      </trkpt>
      <trkpt lat="-37.85922" lon="174.83408">
        <ele>189.9</ele>
      </trkpt>
      <trkpt lat="-37.85936" lon="174.83414">
        <ele>189.9</ele>
      </trkpt>
      <trkpt lat="-37.85941" lon="174.83424">
        <ele>189.3</ele>
      </trkpt>
      <trkpt lat="-37.85939" lon="174.8344">
        <ele>188.0</ele>
      </trkpt>
      <trkpt lat="-37.85932" lon="174.8345">
        <ele>186.9</ele>
      </trkpt>
      <trkpt lat="-37.8593" lon="174.83467">
        <ele>185.4</ele>
      </trkpt>
      <trkpt lat="-37.85945" lon="174.83507">
        <ele>183.5</ele>
      </trkpt>
      <trkpt lat="-37.85956" lon="174.83521">
        <ele>183.6</ele>
      </trkpt>
      <trkpt lat="-37.85988" lon="174.83528">
        <ele>184.8</ele>
      </trkpt>
      <trkpt lat="-37.86003" lon="174.83515">
        <ele>186.2</ele>
      </trkpt>
      <trkpt lat="-37.86026" lon="174.83487">
        <ele>187.6</ele>
      </trkpt>
      <trkpt lat="-37.86057" lon="174.83467">
        <ele>187.9</ele>
      </trkpt>
      <trkpt lat="-37.86069" lon="174.83451">
        <ele>188.0</ele>
      </trkpt>
      <trkpt lat="-37.86075" lon="174.83425">
        <ele>188.3</ele>
      </trkpt>
      <trkpt lat="-37.86079" lon="174.83396">
        <ele>189.1</ele>
      </trkpt>
      <trkpt lat="-37.86085" lon="174.8338">
        <ele>189.9</ele>
      </trkpt>
      <trkpt lat="-37.86102" lon="174.8336">
        <ele>191.7</ele>
      </trkpt>
      <trkpt lat="-37.86123" lon="174.83359">
        <ele>192.8</ele>
      </trkpt>
      <trkpt lat="-37.86144" lon="174.83357">
        <ele>193.9</ele>
      </trkpt>
      <trkpt lat="-37.86155" lon="174.8335">
        <ele>194.5</ele>
      </trkpt>
      <trkpt lat="-37.86165" lon="174.8332">
        <ele>195.6</ele>
      </trkpt>
      <trkpt lat="-37.86174" lon="174.83312">
        <ele>197.1</ele>
      </trkpt>
      <trkpt lat="-37.86187" lon="174.83311">
        <ele>199.1</ele>
      </trkpt>
      <trkpt lat="-37.86195" lon="174.8332">
        <ele>199.8</ele>
      </trkpt>
      <trkpt lat="-37.86198" lon="174.83341">
        <ele>199.6</ele>
      </trkpt>
      <trkpt lat="-37.86188" lon="174.83371">
        <ele>198.4</ele>
      </trkpt>
      <trkpt lat="-37.86187" lon="174.83456">
        <ele>200.2</ele>
      </trkpt>
      <trkpt lat="-37.86193" lon="174.83479">
        <ele>201.6</ele>
      </trkpt>
      <trkpt lat="-37.86204" lon="174.83501">
        <ele>202.7</ele>
      </trkpt>
      <trkpt lat="-37.86217" lon="174.83509">
        <ele>202.8</ele>
      </trkpt>
      <trkpt lat="-37.86245" lon="174.83516">
        <ele>203.1</ele>
      </trkpt>
      <trkpt lat="-37.86323" lon="174.835">
        <ele>207.6</ele>
      </trkpt>
      <trkpt lat="-37.86366" lon="174.8348">
        <ele>211.0</ele>
      </trkpt>
      <trkpt lat="-37.86379" lon="174.83469">
        <ele>211.9</ele>
      </trkpt>
      <trkpt lat="-37.86395" lon="174.83452">
        <ele>212.7</ele>
      </trkpt>
      <trkpt lat="-37.86401" lon="174.83443">
        <ele>213.0</ele>
      </trkpt>
      <trkpt lat="-37.86412" lon="174.83437">
        <ele>212.7</ele>
      </trkpt>
      <trkpt lat="-37.86418" lon="174.83439">
        <ele>212.5</ele>
      </trkpt>
      <trkpt lat="-37.86424" lon="174.83445">
        <ele>212.6</ele>
      </trkpt>
      <trkpt lat="-37.86429" lon="174.83453">
        <ele>212.6</ele>
      </trkpt>
      <trkpt lat="-37.86436" lon="174.83476">
        <ele>212.4</ele>
      </trkpt>
      <trkpt lat="-37.86441" lon="174.83499">
        <ele>212.2</ele>
      </trkpt>
      <trkpt lat="-37.86441" lon="174.83507">
        <ele>211.9</ele>
      </trkpt>
      <trkpt lat="-37.86439" lon="174.83521">
        <ele>211.5</ele>
      </trkpt>
      <trkpt lat="-37.86433" lon="174.83555">
        <ele>210.6</ele>
      </trkpt>
      <trkpt lat="-37.86422" lon="174.83582">
        <ele>210.7</ele>
      </trkpt>
      <trkpt lat="-37.86411" lon="174.83599">
        <ele>209.4</ele>
      </trkpt>
      <trkpt lat="-37.86393" lon="174.83622">
        <ele>207.6</ele>
      </trkpt>
      <trkpt lat="-37.86385" lon="174.8364">
        <ele>207.1</ele>
      </trkpt>
      <trkpt lat="-37.86376" lon="174.83693">
        <ele>206.0</ele>
      </trkpt>
      <trkpt lat="-37.86356" lon="174.83757">
        <ele>206.1</ele>
      </trkpt>
      <trkpt lat="-37.86355" lon="174.83781">
        <ele>204.2</ele>
      </trkpt>
      <trkpt lat="-37.86364" lon="174.83805">
        <ele>201.0</ele>
      </trkpt>
      <trkpt lat="-37.86356" lon="174.83864">
        <ele>197.3</ele>
      </trkpt>
      <trkpt lat="-37.86348" lon="174.83923">
        <ele>194.1</ele>
      </trkpt>
      <trkpt lat="-37.8633" lon="174.83993">
        <ele>192.5</ele>
      </trkpt>
      <trkpt lat="-37.8633" lon="174.84019">
        <ele>191.3</ele>
      </trkpt>
      <trkpt lat="-37.8634" lon="174.84051">
        <ele>188.6</ele>
      </trkpt>
      <trkpt lat="-37.86346" lon="174.84081">
        <ele>186.1</ele>
      </trkpt>
      <trkpt lat="-37.86342" lon="174.84101">
        <ele>185.3</ele>
      </trkpt>
      <trkpt lat="-37.8633" lon="174.84109">
        <ele>186.3</ele>
      </trkpt>
      <trkpt lat="-37.86325" lon="174.84129">
        <ele>185.4</ele>
      </trkpt>
      <trkpt lat="-37.8634" lon="174.8416">
        <ele>180.9</ele>
      </trkpt>
      <trkpt lat="-37.86341" lon="174.84174">
        <ele>179.4</ele>
      </trkpt>
      <trkpt lat="-37.86337" lon="174.84188">
        <ele>177.9</ele>
      </trkpt>
      <trkpt lat="-37.86295" lon="174.8426">
        <ele>176.4</ele>
      </trkpt>
      <trkpt lat="-37.86289" lon="174.84295">
        <ele>174.1</ele>
      </trkpt>
      <trkpt lat="-37.86293" lon="174.84321">
        <ele>171.0</ele>
      </trkpt>
      <trkpt lat="-37.86307" lon="174.84355">
        <ele>167.0</ele>
      </trkpt>
      <trkpt lat="-37.86313" lon="174.84393">
        <ele>165.0</ele>
      </trkpt>
      <trkpt lat="-37.86322" lon="174.84429">
        <ele>162.9</ele>
      </trkpt>
      <trkpt lat="-37.8632" lon="174.84453">
        <ele>161.4</ele>
      </trkpt>
      <trkpt lat="-37.86293" lon="174.84481">
        <ele>160.4</ele>
      </trkpt>
      <trkpt lat="-37.86286" lon="174.84511">
        <ele>158.7</ele>
      </trkpt>
      <trkpt lat="-37.86284" lon="174.84549">
        <ele>157.3</ele>
      </trkpt>
      <trkpt lat="-37.863" lon="174.84581">
        <ele>156.1</ele>
      </trkpt>
      <trkpt lat="-37.86317" lon="174.84611">
        <ele>155.7</ele>
      </trkpt>
      <trkpt lat="-37.86328" lon="174.84642">
        <ele>155.3</ele>
      </trkpt>
      <trkpt lat="-37.86327" lon="174.84658">
        <ele>155.2</ele>
      </trkpt>
      <trkpt lat="-37.86336" lon="174.84678">
        <ele>154.6</ele>
      </trkpt>
      <trkpt lat="-37.86381" lon="174.84688">
        <ele>158.9</ele>
      </trkpt>
      <trkpt lat="-37.86398" lon="174.84717">
        <ele>159.0</ele>
      </trkpt>
      <trkpt lat="-37.86418" lon="174.84772">
        <ele>156.7</ele>
      </trkpt>
      <trkpt lat="-37.8646" lon="174.84798">
        <ele>158.0</ele>
      </trkpt>
      <trkpt lat="-37.86493" lon="174.8481">
        <ele>159.8</ele>
      </trkpt>
      <trkpt lat="-37.86502" lon="174.84816">
        <ele>160.0</ele>
      </trkpt>
      <trkpt lat="-37.86504" lon="174.84835">
        <ele>158.6</ele>
      </trkpt>
      <trkpt lat="-37.86496" lon="174.8485">
        <ele>159.0</ele>
      </trkpt>
      <trkpt lat="-37.86469" lon="174.84896">
        <ele>160.8</ele>
      </trkpt>
      <trkpt lat="-37.86441" lon="174.84942">
        <ele>162.2</ele>
      </trkpt>
      <trkpt lat="-37.86413" lon="174.85021">
        <ele>163.8</ele>
      </trkpt>
      <trkpt lat="-37.86401" lon="174.85081">
        <ele>159.3</ele>
      </trkpt>
      <trkpt lat="-37.86377" lon="174.85152">
        <ele>157.4</ele>
      </trkpt>
      <trkpt lat="-37.86359" lon="174.85234">
        <ele>151.0</ele>
      </trkpt>
      <trkpt lat="-37.86341" lon="174.85269">
        <ele>147.9</ele>
      </trkpt>
      <trkpt lat="-37.86323" lon="174.8529">
        <ele>147.2</ele>
      </trkpt>
      <trkpt lat="-37.86306" lon="174.85317">
        <ele>147.3</ele>
      </trkpt>
      <trkpt lat="-37.86297" lon="174.85377">
        <ele>145.7</ele>
      </trkpt>
      <trkpt lat="-37.863" lon="174.85415">
        <ele>143.7</ele>
      </trkpt>
      <trkpt lat="-37.86308" lon="174.8544">
        <ele>142.4</ele>
      </trkpt>
      <trkpt lat="-37.86323" lon="174.85454">
        <ele>140.1</ele>
      </trkpt>
      <trkpt lat="-37.86331" lon="174.85468">
        <ele>139.0</ele>
      </trkpt>
      <trkpt lat="-37.8633" lon="174.85481">
        <ele>139.3</ele>
      </trkpt>
      <trkpt lat="-37.86315" lon="174.85526">
        <ele>141.8</ele>
      </trkpt>
      <trkpt lat="-37.86308" lon="174.85573">
        <ele>142.5</ele>
      </trkpt>
      <trkpt lat="-37.86306" lon="174.85609">
        <ele>142.9</ele>
      </trkpt>
      <trkpt lat="-37.86291" lon="174.85664">
        <ele>143.0</ele>
      </trkpt>
      <trkpt lat="-37.86283" lon="174.85716">
        <ele>140.5</ele>
      </trkpt>
      <trkpt lat="-37.86288" lon="174.85747">
        <ele>139.1</ele>
      </trkpt>
      <trkpt lat="-37.86288" lon="174.85781">
        <ele>138.1</ele>
      </trkpt>
      <trkpt lat="-37.86281" lon="174.85805">
        <ele>137.6</ele>
      </trkpt>
      <trkpt lat="-37.86281" lon="174.85822">
        <ele>137.2</ele>
      </trkpt>
      <trkpt lat="-37.86295" lon="174.85841">
        <ele>136.2</ele>
      </trkpt>
      <trkpt lat="-37.86323" lon="174.85841">
        <ele>135.1</ele>
      </trkpt>
      <trkpt lat="-37.86337" lon="174.85822">
        <ele>134.8</ele>
      </trkpt>
      <trkpt lat="-37.8635" lon="174.85774">
        <ele>134.7</ele>
      </trkpt>
      <trkpt lat="-37.86369" lon="174.85755">
        <ele>132.3</ele>
      </trkpt>
      <trkpt lat="-37.86421" lon="174.85719">
        <ele>128.0</ele>
      </trkpt>
      <trkpt lat="-37.86467" lon="174.85675">
        <ele>125.1</ele>
      </trkpt>
      <trkpt lat="-37.86496" lon="174.85633">
        <ele>126.2</ele>
      </trkpt>
      <trkpt lat="-37.86518" lon="174.85633">
        <ele>123.6</ele>
      </trkpt>
      <trkpt lat="-37.86541" lon="174.85643">
        <ele>119.3</ele>
      </trkpt>
      <trkpt lat="-37.86621" lon="174.85637">
        <ele>115.7</ele>
      </trkpt>
      <trkpt lat="-37.86645" lon="174.8564">
        <ele>115.0</ele>
      </trkpt>
      <trkpt lat="-37.86662" lon="174.85652">
        <ele>112.7</ele>
      </trkpt>
      <trkpt lat="-37.86681" lon="174.85676">
        <ele>110.2</ele>
      </trkpt>
      <trkpt lat="-37.86684" lon="174.85712">
        <ele>109.4</ele>
      </trkpt>
      <trkpt lat="-37.8668" lon="174.85785">
        <ele>109.0</ele>
      </trkpt>
      <trkpt lat="-37.86677" lon="174.85823">
        <ele>110.0</ele>
      </trkpt>
      <trkpt lat="-37.86669" lon="174.85884">
        <ele>111.6</ele>
      </trkpt>
      <trkpt lat="-37.86667" lon="174.85914">
        <ele>112.9</ele>
      </trkpt>
      <trkpt lat="-37.8669" lon="174.85982">
        <ele>113.1</ele>
      </trkpt>
      <trkpt lat="-37.86698" lon="174.85991">
        <ele>113.2</ele>
      </trkpt>
      <trkpt lat="-37.86713" lon="174.85985">
        <ele>113.8</ele>
      </trkpt>
      <trkpt lat="-37.8673" lon="174.85958">
        <ele>114.8</ele>
      </trkpt>
      <trkpt lat="-37.86743" lon="174.85946">
        <ele>115.4</ele>
      </trkpt>
      <trkpt lat="-37.86753" lon="174.85946">
        <ele>116.0</ele>
      </trkpt>
      <trkpt lat="-37.86759" lon="174.85955">
        <ele>116.7</ele>
      </trkpt>
      <trkpt lat="-37.86762" lon="174.85971">
        <ele>117.2</ele>
      </trkpt>
      <trkpt lat="-37.86754" lon="174.86029">
        <ele>117.3</ele>
      </trkpt>
      <trkpt lat="-37.86739" lon="174.86101">
        <ele>119.5</ele>
      </trkpt>
      <trkpt lat="-37.86718" lon="174.86173">
        <ele>121.9</ele>
      </trkpt>
      <trkpt lat="-37.86704" lon="174.86232">
        <ele>124.1</ele>
      </trkpt>
      <trkpt lat="-37.86676" lon="174.86294">
        <ele>122.5</ele>
      </trkpt>
      <trkpt lat="-37.86675" lon="174.86309">
        <ele>122.4</ele>
      </trkpt>
      <trkpt lat="-37.86689" lon="174.86323">
        <ele>122.7</ele>
      </trkpt>
      <trkpt lat="-37.86715" lon="174.86335">
        <ele>123.0</ele>
      </trkpt>
      <trkpt lat="-37.86743" lon="174.86337">
        <ele>123.6</ele>
      </trkpt>
      <trkpt lat="-37.8676" lon="174.86327">
        <ele>124.8</ele>
      </trkpt>
      <trkpt lat="-37.86786" lon="174.863">
        <ele>127.5</ele>
      </trkpt>
      <trkpt lat="-37.86798" lon="174.86285">
        <ele>128.9</ele>
      </trkpt>
      <trkpt lat="-37.86807" lon="174.86283">
        <ele>129.3</ele>
      </trkpt>
      <trkpt lat="-37.86817" lon="174.8629">
        <ele>129.1</ele>
      </trkpt>
      <trkpt lat="-37.8682" lon="174.86302">
        <ele>128.5</ele>
      </trkpt>
      <trkpt lat="-37.86826" lon="174.86352">
        <ele>126.6</ele>
      </trkpt>
      <trkpt lat="-37.86848" lon="174.86395">
        <ele>126.6</ele>
      </trkpt>
      <trkpt lat="-37.86854" lon="174.86425">
        <ele>126.1</ele>
      </trkpt>
      <trkpt lat="-37.8685" lon="174.86445">
        <ele>125.9</ele>
      </trkpt>
      <trkpt lat="-37.86848" lon="174.86484">
        <ele>125.4</ele>
      </trkpt>
      <trkpt lat="-37.86862" lon="174.8651">
        <ele>123.7</ele>
      </trkpt>
      <trkpt lat="-37.86898" lon="174.86554">
        <ele>120.2</ele>
      </trkpt>
      <trkpt lat="-37.86933" lon="174.86598">
        <ele>116.1</ele>
      </trkpt>
      <trkpt lat="-37.86951" lon="174.86608">
        <ele>114.5</ele>
      </trkpt>
      <trkpt lat="-37.86967" lon="174.86602">
        <ele>115.4</ele>
      </trkpt>
      <trkpt lat="-37.86989" lon="174.86588">
        <ele>116.8</ele>
      </trkpt>
      <trkpt lat="-37.87005" lon="174.86588">
        <ele>116.8</ele>
      </trkpt>
      <trkpt lat="-37.87015" lon="174.86591">
        <ele>116.9</ele>
      </trkpt>
      <trkpt lat="-37.87024" lon="174.86606">
        <ele>116.5</ele>
      </trkpt>
      <trkpt lat="-37.87028" lon="174.86625">
        <ele>116.0</ele>
      </trkpt>
      <trkpt lat="-37.87028" lon="174.86721">
        <ele>119.1</ele>
      </trkpt>
      <trkpt lat="-37.8704" lon="174.86755">
        <ele>122.6</ele>
      </trkpt>
      <trkpt lat="-37.87078" lon="174.86791">
        <ele>122.8</ele>
      </trkpt>
      <trkpt lat="-37.87133" lon="174.86819">
        <ele>121.4</ele>
      </trkpt>
      <trkpt lat="-37.87155" lon="174.86843">
        <ele>120.4</ele>
      </trkpt>
      <trkpt lat="-37.87182" lon="174.86859">
        <ele>119.6</ele>
      </trkpt>
      <trkpt lat="-37.87248" lon="174.86864">
        <ele>118.6</ele>
      </trkpt>
      <trkpt lat="-37.87315" lon="174.86869">
        <ele>121.2</ele>
      </trkpt>
      <trkpt lat="-37.87345" lon="174.86862">
        <ele>122.6</ele>
      </trkpt>
      <trkpt lat="-37.87398" lon="174.86841">
        <ele>124.4</ele>
      </trkpt>
      <trkpt lat="-37.87451" lon="174.8682">
        <ele>127.4</ele>
      </trkpt>
      <trkpt lat="-37.87457" lon="174.8682">
        <ele>127.3</ele>
      </trkpt>
      <trkpt lat="-37.87467" lon="174.86823">
        <ele>126.8</ele>
      </trkpt>
      <trkpt lat="-37.87481" lon="174.86834">
        <ele>124.9</ele>
      </trkpt>
      <trkpt lat="-37.87487" lon="174.86826">
        <ele>126.2</ele>
      </trkpt>
      <trkpt lat="-37.87503" lon="174.8681">
        <ele>128.5</ele>
      </trkpt>
      <trkpt lat="-37.87512" lon="174.86803">
        <ele>129.2</ele>
      </trkpt>
      <trkpt lat="-37.87555" lon="174.86779">
        <ele>130.8</ele>
      </trkpt>
      <trkpt lat="-37.87609" lon="174.86754">
        <ele>131.0</ele>
      </trkpt>
      <trkpt lat="-37.87663" lon="174.86728">
        <ele>128.5</ele>
      </trkpt>
      <trkpt lat="-37.8768" lon="174.86722">
        <ele>128.1</ele>
      </trkpt>
      <trkpt lat="-37.8769" lon="174.8672">
        <ele>127.9</ele>
      </trkpt>
      <trkpt lat="-37.87706" lon="174.86719">
        <ele>127.3</ele>
      </trkpt>
      <trkpt lat="-37.87715" lon="174.8672">
        <ele>126.8</ele>
      </trkpt>
      <trkpt lat="-37.87759" lon="174.86728">
        <ele>124.2</ele>
      </trkpt>
      <trkpt lat="-37.87795" lon="174.86737">
        <ele>123.0</ele>
      </trkpt>
      <trkpt lat="-37.87835" lon="174.86751">
        <ele>121.0</ele>
      </trkpt>
      <trkpt lat="-37.87848" lon="174.86754">
        <ele>120.8</ele>
      </trkpt>
      <trkpt lat="-37.87863" lon="174.86757">
        <ele>120.7</ele>
      </trkpt>
      <trkpt lat="-37.87878" lon="174.86757">
        <ele>120.7</ele>
      </trkpt>
      <trkpt lat="-37.87925" lon="174.86755">
        <ele>120.6</ele>
      </trkpt>
      <trkpt lat="-37.87972" lon="174.86753">
        <ele>119.6</ele>
      </trkpt>
      <trkpt lat="-37.88037" lon="174.86752">
        <ele>120.3</ele>
      </trkpt>
      <trkpt lat="-37.88102" lon="174.8675">
        <ele>122.4</ele>
      </trkpt>
      <trkpt lat="-37.88127" lon="174.86753">
        <ele>122.9</ele>
      </trkpt>
      <trkpt lat="-37.88135" lon="174.86754">
        <ele>123.1</ele>
      </trkpt>
      <trkpt lat="-37.88143" lon="174.86757">
        <ele>123.1</ele>
      </trkpt>
      <trkpt lat="-37.88183" lon="174.86776">
        <ele>122.9</ele>
      </trkpt>
      <trkpt lat="-37.88242" lon="174.86805">
        <ele>122.3</ele>
      </trkpt>
      <trkpt lat="-37.88301" lon="174.86834">
        <ele>123.4</ele>
      </trkpt>
      <trkpt lat="-37.8836" lon="174.86863">
        <ele>124.0</ele>
      </trkpt>
      <trkpt lat="-37.88373" lon="174.86868">
        <ele>123.9</ele>
      </trkpt>
      <trkpt lat="-37.88399" lon="174.86873">
        <ele>123.9</ele>
      </trkpt>
      <trkpt lat="-37.88474" lon="174.86879">
        <ele>126.0</ele>
      </trkpt>
      <trkpt lat="-37.88522" lon="174.86884">
        <ele>126.8</ele>
      </trkpt>
      <trkpt lat="-37.8857" lon="174.86889">
        <ele>127.3</ele>
      </trkpt>
      <trkpt lat="-37.88586" lon="174.8689">
        <ele>127.4</ele>
      </trkpt>
      <trkpt lat="-37.88601" lon="174.86887">
        <ele>127.2</ele>
      </trkpt>
      <trkpt lat="-37.88611" lon="174.86884">
        <ele>127.2</ele>
      </trkpt>
      <trkpt lat="-37.88685" lon="174.86856">
        <ele>127.8</ele>
      </trkpt>
      <trkpt lat="-37.88759" lon="174.86828">
        <ele>128.2</ele>
      </trkpt>
      <trkpt lat="-37.88833" lon="174.86801">
        <ele>134.2</ele>
      </trkpt>
      <trkpt lat="-37.88847" lon="174.86797">
        <ele>134.2</ele>
      </trkpt>
      <trkpt lat="-37.88907" lon="174.86792">
        <ele>134.4</ele>
      </trkpt>
      <trkpt lat="-37.88967" lon="174.86787">
        <ele>130.5</ele>
      </trkpt>
      <trkpt lat="-37.8899" lon="174.86789">
        <ele>128.5</ele>
      </trkpt>
      <trkpt lat="-37.89063" lon="174.86806">
        <ele>125.8</ele>
      </trkpt>
      <trkpt lat="-37.89136" lon="174.86822">
        <ele>125.0</ele>
      </trkpt>
      <trkpt lat="-37.89209" lon="174.86839">
        <ele>127.3</ele>
      </trkpt>
      <trkpt lat="-37.89223" lon="174.86843">
        <ele>128.2</ele>
      </trkpt>
      <trkpt lat="-37.89249" lon="174.86855">
        <ele>130.5</ele>
      </trkpt>
      <trkpt lat="-37.89269" lon="174.86865">
        <ele>132.2</ele>
      </trkpt>
      <trkpt lat="-37.89323" lon="174.86899">
        <ele>137.2</ele>
      </trkpt>
      <trkpt lat="-37.89386" lon="174.86941">
        <ele>138.2</ele>
      </trkpt>
      <trkpt lat="-37.89397" lon="174.86948">
        <ele>138.3</ele>
      </trkpt>
      <trkpt lat="-37.89415" lon="174.86956">
        <ele>138.5</ele>
      </trkpt>
      <trkpt lat="-37.8944" lon="174.86964">
        <ele>141.4</ele>
      </trkpt>
      <trkpt lat="-37.89498" lon="174.86978">
        <ele>149.4</ele>
      </trkpt>
      <trkpt lat="-37.89521" lon="174.86981">
        <ele>153.9</ele>
      </trkpt>
      <trkpt lat="-37.89529" lon="174.86981">
        <ele>155.5</ele>
      </trkpt>
      <trkpt lat="-37.8953" lon="174.86987">
        <ele>156.0</ele>
      </trkpt>
      <trkpt lat="-37.8953" lon="174.87012">
        <ele>156.7</ele>
      </trkpt>
      <trkpt lat="-37.89529" lon="174.87021">
        <ele>156.5</ele>
      </trkpt>
      <trkpt lat="-37.89527" lon="174.8703">
        <ele>156.1</ele>
      </trkpt>
      <trkpt lat="-37.89523" lon="174.8704">
        <ele>155.4</ele>
      </trkpt>
      <trkpt lat="-37.89505" lon="174.87071">
        <ele>152.6</ele>
      </trkpt>
      <trkpt lat="-37.895" lon="174.87081">
        <ele>152.0</ele>
      </trkpt>
      <trkpt lat="-37.89498" lon="174.87091">
        <ele>151.1</ele>
      </trkpt>
      <trkpt lat="-37.89495" lon="174.87104">
        <ele>149.8</ele>
      </trkpt>
      <trkpt lat="-37.89491" lon="174.87138">
        <ele>147.1</ele>
      </trkpt>
      <trkpt lat="-37.8949" lon="174.87152">
        <ele>146.2</ele>
      </trkpt>
      <trkpt lat="-37.89491" lon="174.87172">
        <ele>145.3</ele>
      </trkpt>
      <trkpt lat="-37.89498" lon="174.87196">
        <ele>144.6</ele>
      </trkpt>
      <trkpt lat="-37.89537" lon="174.8729">
        <ele>142.6</ele>
      </trkpt>
      <trkpt lat="-37.89575" lon="174.87384">
        <ele>145.4</ele>
      </trkpt>
      <trkpt lat="-37.89581" lon="174.87404">
        <ele>146.4</ele>
      </trkpt>
      <trkpt lat="-37.89582" lon="174.87411">
        <ele>146.7</ele>
      </trkpt>
      <trkpt lat="-37.89582" lon="174.87423">
        <ele>147.7</ele>
      </trkpt>
      <trkpt lat="-37.89581" lon="174.87446">
        <ele>150.1</ele>
      </trkpt>
      <trkpt lat="-37.8957" lon="174.87514">
        <ele>155.4</ele>
      </trkpt>
      <trkpt lat="-37.89565" lon="174.87571">
        <ele>160.2</ele>
      </trkpt>
      <trkpt lat="-37.89563" lon="174.87587">
        <ele>161.3</ele>
      </trkpt>
      <trkpt lat="-37.89557" lon="174.87617">
        <ele>163.3</ele>
      </trkpt>
      <trkpt lat="-37.89542" lon="174.87653">
        <ele>163.9</ele>
      </trkpt>
      <trkpt lat="-37.89532" lon="174.87671">
        <ele>163.8</ele>
      </trkpt>
      <trkpt lat="-37.89511" lon="174.87705">
        <ele>164.4</ele>
      </trkpt>
      <trkpt lat="-37.89505" lon="174.87716">
        <ele>165.5</ele>
      </trkpt>
      <trkpt lat="-37.895" lon="174.87727">
        <ele>166.9</ele>
      </trkpt>
      <trkpt lat="-37.89496" lon="174.87741">
        <ele>167.9</ele>
      </trkpt>
      <trkpt lat="-37.89493" lon="174.87755">
        <ele>168.8</ele>
      </trkpt>
      <trkpt lat="-37.89492" lon="174.87773">
        <ele>170.5</ele>
      </trkpt>
      <trkpt lat="-37.89483" lon="174.87882">
        <ele>173.0</ele>
      </trkpt>
      <trkpt lat="-37.89484" lon="174.87891">
        <ele>173.4</ele>
      </trkpt>
      <trkpt lat="-37.89484" lon="174.87899">
        <ele>173.3</ele>
      </trkpt>
      <trkpt lat="-37.89488" lon="174.87907">
        <ele>174.8</ele>
      </trkpt>
      <trkpt lat="-37.89512" lon="174.87939">
        <ele>175.1</ele>
      </trkpt>
      <trkpt lat="-37.89524" lon="174.87965">
        <ele>171.7</ele>
      </trkpt>
      <trkpt lat="-37.89532" lon="174.87987">
        <ele>169.5</ele>
      </trkpt>
      <trkpt lat="-37.89543" lon="174.8804">
        <ele>170.0</ele>
      </trkpt>
      <trkpt lat="-37.89549" lon="174.88053">
        <ele>171.2</ele>
      </trkpt>
      <trkpt lat="-37.89555" lon="174.88065">
        <ele>172.5</ele>
      </trkpt>
      <trkpt lat="-37.89564" lon="174.88077">
        <ele>174.5</ele>
      </trkpt>
      <trkpt lat="-37.89612" lon="174.8813">
        <ele>179.2</ele>
      </trkpt>
      <trkpt lat="-37.89622" lon="174.88142">
        <ele>179.7</ele>
      </trkpt>
      <trkpt lat="-37.89627" lon="174.88152">
        <ele>180.4</ele>
      </trkpt>
      <trkpt lat="-37.89632" lon="174.88162">
        <ele>181.2</ele>
      </trkpt>
      <trkpt lat="-37.89638" lon="174.88177">
        <ele>182.2</ele>
      </trkpt>
      <trkpt lat="-37.89652" lon="174.88222">
        <ele>186.5</ele>
      </trkpt>
      <trkpt lat="-37.89658" lon="174.88235">
        <ele>188.3</ele>
      </trkpt>
      <trkpt lat="-37.89664" lon="174.88246">
        <ele>190.2</ele>
      </trkpt>
      <trkpt lat="-37.89686" lon="174.88278">
        <ele>191.8</ele>
      </trkpt>
      <trkpt lat="-37.89703" lon="174.88314">
        <ele>194.6</ele>
      </trkpt>
      <trkpt lat="-37.8971" lon="174.88324">
        <ele>195.7</ele>
      </trkpt>
      <trkpt lat="-37.89718" lon="174.88333">
        <ele>197.0</ele>
      </trkpt>
      <trkpt lat="-37.89727" lon="174.8834">
        <ele>197.5</ele>
      </trkpt>
      <trkpt lat="-37.89758" lon="174.88358">
        <ele>198.0</ele>
      </trkpt>
      <trkpt lat="-37.89768" lon="174.88366">
        <ele>197.6</ele>
      </trkpt>
      <trkpt lat="-37.89777" lon="174.88376">
        <ele>197.4</ele>
      </trkpt>
      <trkpt lat="-37.89797" lon="174.88403">
        <ele>198.1</ele>
      </trkpt>
      <trkpt lat="-37.89804" lon="174.88416">
        <ele>198.9</ele>
      </trkpt>
      <trkpt lat="-37.89811" lon="174.88431">
        <ele>197.6</ele>
      </trkpt>
      <trkpt lat="-37.89823" lon="174.88461">
        <ele>195.3</ele>
      </trkpt>
      <trkpt lat="-37.89829" lon="174.88474">
        <ele>194.7</ele>
      </trkpt>
      <trkpt lat="-37.89836" lon="174.88486">
        <ele>193.8</ele>
      </trkpt>
      <trkpt lat="-37.89846" lon="174.88499">
        <ele>191.5</ele>
      </trkpt>
      <trkpt lat="-37.89884" lon="174.88537">
        <ele>185.9</ele>
      </trkpt>
      <trkpt lat="-37.89908" lon="174.88566">
        <ele>187.1</ele>
      </trkpt>
      <trkpt lat="-37.89922" lon="174.88588">
        <ele>188.9</ele>
      </trkpt>
      <trkpt lat="-37.89926" lon="174.88598">
        <ele>189.0</ele>
      </trkpt>
      <trkpt lat="-37.89929" lon="174.8861">
        <ele>189.3</ele>
      </trkpt>
      <trkpt lat="-37.89935" lon="174.88656">
        <ele>190.7</ele>
      </trkpt>
      <trkpt lat="-37.8995" lon="174.88714">
        <ele>190.3</ele>
      </trkpt>
      <trkpt lat="-37.89957" lon="174.88732">
        <ele>190.7</ele>
      </trkpt>
      <trkpt lat="-37.89964" lon="174.8875">
        <ele>191.5</ele>
      </trkpt>
      <trkpt lat="-37.90012" lon="174.88836">
        <ele>198.8</ele>
      </trkpt>
      <trkpt lat="-37.9006" lon="174.88923">
        <ele>204.6</ele>
      </trkpt>
      <trkpt lat="-37.90065" lon="174.88937">
        <ele>207.6</ele>
      </trkpt>
      <trkpt lat="-37.90067" lon="174.88946">
        <ele>209.5</ele>
      </trkpt>
      <trkpt lat="-37.90068" lon="174.88956">
        <ele>211.4</ele>
      </trkpt>
      <trkpt lat="-37.90069" lon="174.88967">
        <ele>213.5</ele>
      </trkpt>
      <trkpt lat="-37.90066" lon="174.88978">
        <ele>215.0</ele>
      </trkpt>
      <trkpt lat="-37.90063" lon="174.88988">
        <ele>216.2</ele>
      </trkpt>
      <trkpt lat="-37.90059" lon="174.88998">
        <ele>217.3</ele>
      </trkpt>
      <trkpt lat="-37.90049" lon="174.89014">
        <ele>216.2</ele>
      </trkpt>
      <trkpt lat="-37.90043" lon="174.89025">
        <ele>215.6</ele>
      </trkpt>
      <trkpt lat="-37.90042" lon="174.89032">
        <ele>215.7</ele>
      </trkpt>
      <trkpt lat="-37.90043" lon="174.89041">
        <ele>216.2</ele>
      </trkpt>
      <trkpt lat="-37.90044" lon="174.89047">
        <ele>216.5</ele>
      </trkpt>
      <trkpt lat="-37.90047" lon="174.89052">
        <ele>217.0</ele>
      </trkpt>
      <trkpt lat="-37.90052" lon="174.89057">
        <ele>217.7</ele>
      </trkpt>
      <trkpt lat="-37.9006" lon="174.8906">
        <ele>218.7</ele>
      </trkpt>
      <trkpt lat="-37.90069" lon="174.89062">
        <ele>219.7</ele>
      </trkpt>
      <trkpt lat="-37.90095" lon="174.8906">
        <ele>222.6</ele>
      </trkpt>
      <trkpt lat="-37.90105" lon="174.8906">
        <ele>223.7</ele>
      </trkpt>
      <trkpt lat="-37.90126" lon="174.89064">
        <ele>226.1</ele>
      </trkpt>
      <trkpt lat="-37.90158" lon="174.89081">
        <ele>229.9</ele>
      </trkpt>
      <trkpt lat="-37.90202" lon="174.89098">
        <ele>234.5</ele>
      </trkpt>
      <trkpt lat="-37.90255" lon="174.89114">
        <ele>240.7</ele>
      </trkpt>
      <trkpt lat="-37.90287" lon="174.89127">
        <ele>243.9</ele>
      </trkpt>
      <trkpt lat="-37.90327" lon="174.89145">
        <ele>249.3</ele>
      </trkpt>
      <trkpt lat="-37.90338" lon="174.89153">
        <ele>251.6</ele>
      </trkpt>
      <trkpt lat="-37.90345" lon="174.89162">
        <ele>253.9</ele>
      </trkpt>
      <trkpt lat="-37.90351" lon="174.89172">
        <ele>256.4</ele>
      </trkpt>
      <trkpt lat="-37.90356" lon="174.89187">
        <ele>259.3</ele>
      </trkpt>
      <trkpt lat="-37.90363" lon="174.89208">
        <ele>263.3</ele>
      </trkpt>
      <trkpt lat="-37.90365" lon="174.89221">
        <ele>265.2</ele>
      </trkpt>
      <trkpt lat="-37.90365" lon="174.89235">
        <ele>266.6</ele>
      </trkpt>
      <trkpt lat="-37.90363" lon="174.89246">
        <ele>267.1</ele>
      </trkpt>
      <trkpt lat="-37.9036" lon="174.89255">
        <ele>267.1</ele>
      </trkpt>
      <trkpt lat="-37.90355" lon="174.89262">
        <ele>266.4</ele>
      </trkpt>
      <trkpt lat="-37.90348" lon="174.89269">
        <ele>265.3</ele>
      </trkpt>
      <trkpt lat="-37.9033" lon="174.89283">
        <ele>262.9</ele>
      </trkpt>
      <trkpt lat="-37.90323" lon="174.89289">
        <ele>262.9</ele>
      </trkpt>
      <trkpt lat="-37.90318" lon="174.89296">
        <ele>263.3</ele>
      </trkpt>
      <trkpt lat="-37.90315" lon="174.89304">
        <ele>264.0</ele>
      </trkpt>
      <trkpt lat="-37.90313" lon="174.89315">
        <ele>265.3</ele>
      </trkpt>
      <trkpt lat="-37.90312" lon="174.89326">
        <ele>266.7</ele>
      </trkpt>
      <trkpt lat="-37.90313" lon="174.8935">
        <ele>267.0</ele>
      </trkpt>
      <trkpt lat="-37.90315" lon="174.89362">
        <ele>266.6</ele>
      </trkpt>
      <trkpt lat="-37.90318" lon="174.89374">
        <ele>266.2</ele>
      </trkpt>
      <trkpt lat="-37.90323" lon="174.89382">
        <ele>266.0</ele>
      </trkpt>
      <trkpt lat="-37.90335" lon="174.89393">
        <ele>265.9</ele>
      </trkpt>
      <trkpt lat="-37.90343" lon="174.89399">
        <ele>266.5</ele>
      </trkpt>
      <trkpt lat="-37.90352" lon="174.89404">
        <ele>267.3</ele>
      </trkpt>
      <trkpt lat="-37.90361" lon="174.89407">
        <ele>268.2</ele>
      </trkpt>
      <trkpt lat="-37.90384" lon="174.89412">
        <ele>270.5</ele>
      </trkpt>
      <trkpt lat="-37.9039" lon="174.89415">
        <ele>271.0</ele>
      </trkpt>
      <trkpt lat="-37.90395" lon="174.89419">
        <ele>271.3</ele>
      </trkpt>
      <trkpt lat="-37.90398" lon="174.89425">
        <ele>271.5</ele>
      </trkpt>
      <trkpt lat="-37.90401" lon="174.89432">
        <ele>271.8</ele>
      </trkpt>
      <trkpt lat="-37.90403" lon="174.89441">
        <ele>271.8</ele>
      </trkpt>
      <trkpt lat="-37.90406" lon="174.89484">
        <ele>271.4</ele>
      </trkpt>
      <trkpt lat="-37.90406" lon="174.89495">
        <ele>271.2</ele>
      </trkpt>
      <trkpt lat="-37.90406" lon="174.89505">
        <ele>270.6</ele>
      </trkpt>
      <trkpt lat="-37.90403" lon="174.89518">
        <ele>269.0</ele>
      </trkpt>
      <trkpt lat="-37.90391" lon="174.89554">
        <ele>264.7</ele>
      </trkpt>
      <trkpt lat="-37.90386" lon="174.8957">
        <ele>263.3</ele>
      </trkpt>
      <trkpt lat="-37.90382" lon="174.89588">
        <ele>262.4</ele>
      </trkpt>
      <trkpt lat="-37.90379" lon="174.89609">
        <ele>262.7</ele>
      </trkpt>
      <trkpt lat="-37.90377" lon="174.89631">
        <ele>263.3</ele>
      </trkpt>
      <trkpt lat="-37.90376" lon="174.89649">
        <ele>263.9</ele>
      </trkpt>
      <trkpt lat="-37.90377" lon="174.8966">
        <ele>264.1</ele>
      </trkpt>
      <trkpt lat="-37.90378" lon="174.89671">
        <ele>264.3</ele>
      </trkpt>
      <trkpt lat="-37.90382" lon="174.89691">
        <ele>265.0</ele>
      </trkpt>
      <trkpt lat="-37.90386" lon="174.89701">
        <ele>265.2</ele>
      </trkpt>
      <trkpt lat="-37.90392" lon="174.89709">
        <ele>265.1</ele>
      </trkpt>
      <trkpt lat="-37.90399" lon="174.89715">
        <ele>264.8</ele>
      </trkpt>
      <trkpt lat="-37.90408" lon="174.8972">
        <ele>264.3</ele>
      </trkpt>
      <trkpt lat="-37.90417" lon="174.89723">
        <ele>263.7</ele>
      </trkpt>
      <trkpt lat="-37.90433" lon="174.89725">
        <ele>260.7</ele>
      </trkpt>
      <trkpt lat="-37.90451" lon="174.89731">
        <ele>257.5</ele>
      </trkpt>
      <trkpt lat="-37.90458" lon="174.89735">
        <ele>256.3</ele>
      </trkpt>
      <trkpt lat="-37.90475" lon="174.89749">
        <ele>253.4</ele>
      </trkpt>
      <trkpt lat="-37.9052" lon="174.89808">
        <ele>245.4</ele>
      </trkpt>
      <trkpt lat="-37.90525" lon="174.89817">
        <ele>244.6</ele>
      </trkpt>
      <trkpt lat="-37.90529" lon="174.89825">
        <ele>244.0</ele>
      </trkpt>
      <trkpt lat="-37.9053" lon="174.89831">
        <ele>244.1</ele>
      </trkpt>
      <trkpt lat="-37.90532" lon="174.8984">
        <ele>243.4</ele>
      </trkpt>
      <trkpt lat="-37.90534" lon="174.89864">
        <ele>242.0</ele>
      </trkpt>
      <trkpt lat="-37.90537" lon="174.89874">
        <ele>241.2</ele>
      </trkpt>
      <trkpt lat="-37.90541" lon="174.89883">
        <ele>240.4</ele>
      </trkpt>
      <trkpt lat="-37.90551" lon="174.89895">
        <ele>239.2</ele>
      </trkpt>
      <trkpt lat="-37.90558" lon="174.899">
        <ele>238.7</ele>
      </trkpt>
      <trkpt lat="-37.90577" lon="174.89908">
        <ele>237.7</ele>
      </trkpt>
      <trkpt lat="-37.90585" lon="174.89913">
        <ele>237.6</ele>
      </trkpt>
      <trkpt lat="-37.90592" lon="174.89918">
        <ele>237.0</ele>
      </trkpt>
      <trkpt lat="-37.90598" lon="174.89926">
        <ele>236.1</ele>
      </trkpt>
      <trkpt lat="-37.90622" lon="174.89965">
        <ele>233.1</ele>
      </trkpt>
      <trkpt lat="-37.90627" lon="174.89983">
        <ele>232.6</ele>
      </trkpt>
      <trkpt lat="-37.90628" lon="174.89995">
        <ele>232.4</ele>
      </trkpt>
      <trkpt lat="-37.90627" lon="174.90007">
        <ele>231.4</ele>
      </trkpt>
      <trkpt lat="-37.90625" lon="174.90018">
        <ele>229.9</ele>
      </trkpt>
      <trkpt lat="-37.9062" lon="174.90027">
        <ele>228.8</ele>
      </trkpt>
      <trkpt lat="-37.90614" lon="174.90035">
        <ele>227.9</ele>
      </trkpt>
      <trkpt lat="-37.90606" lon="174.90042">
        <ele>227.1</ele>
      </trkpt>
      <trkpt lat="-37.90587" lon="174.90056">
        <ele>225.8</ele>
      </trkpt>
      <trkpt lat="-37.90568" lon="174.90074">
        <ele>223.4</ele>
      </trkpt>
      <trkpt lat="-37.9056" lon="174.9008">
        <ele>222.7</ele>
      </trkpt>
      <trkpt lat="-37.90554" lon="174.90083">
        <ele>222.4</ele>
      </trkpt>
      <trkpt lat="-37.90548" lon="174.90085">
        <ele>222.2</ele>
      </trkpt>
      <trkpt lat="-37.90541" lon="174.90085">
        <ele>222.2</ele>
      </trkpt>
      <trkpt lat="-37.90517" lon="174.90082">
        <ele>222.9</ele>
      </trkpt>
      <trkpt lat="-37.90512" lon="174.90083">
        <ele>222.9</ele>
      </trkpt>
      <trkpt lat="-37.90507" lon="174.90085">
        <ele>222.6</ele>
      </trkpt>
      <trkpt lat="-37.90501" lon="174.90089">
        <ele>222.0</ele>
      </trkpt>
      <trkpt lat="-37.90497" lon="174.90094">
        <ele>221.3</ele>
      </trkpt>
      <trkpt lat="-37.90495" lon="174.901">
        <ele>220.4</ele>
      </trkpt>
      <trkpt lat="-37.90493" lon="174.90106">
        <ele>219.5</ele>
      </trkpt>
      <trkpt lat="-37.90492" lon="174.90113">
        <ele>218.4</ele>
      </trkpt>
      <trkpt lat="-37.90493" lon="174.9012">
        <ele>217.2</ele>
      </trkpt>
      <trkpt lat="-37.90495" lon="174.90125">
        <ele>216.2</ele>
      </trkpt>
      <trkpt lat="-37.90498" lon="174.9013">
        <ele>215.3</ele>
      </trkpt>
      <trkpt lat="-37.90503" lon="174.90135">
        <ele>214.3</ele>
      </trkpt>
      <trkpt lat="-37.90512" lon="174.90139">
        <ele>213.7</ele>
      </trkpt>
      <trkpt lat="-37.90522" lon="174.90142">
        <ele>213.2</ele>
      </trkpt>
      <trkpt lat="-37.90533" lon="174.90144">
        <ele>213.0</ele>
      </trkpt>
      <trkpt lat="-37.90543" lon="174.90144">
        <ele>213.0</ele>
      </trkpt>
      <trkpt lat="-37.90573" lon="174.9014">
        <ele>213.8</ele>
      </trkpt>
      <trkpt lat="-37.90592" lon="174.90135">
        <ele>214.3</ele>
      </trkpt>
      <trkpt lat="-37.9062" lon="174.9013">
        <ele>214.2</ele>
      </trkpt>
      <trkpt lat="-37.90649" lon="174.90126">
        <ele>213.9</ele>
      </trkpt>
      <trkpt lat="-37.90674" lon="174.90121">
        <ele>213.7</ele>
      </trkpt>
      <trkpt lat="-37.90725" lon="174.90107">
        <ele>211.6</ele>
      </trkpt>
      <trkpt lat="-37.90775" lon="174.90093">
        <ele>207.5</ele>
      </trkpt>
      <trkpt lat="-37.908" lon="174.90089">
        <ele>206.0</ele>
      </trkpt>
      <trkpt lat="-37.90809" lon="174.9009">
        <ele>205.6</ele>
      </trkpt>
      <trkpt lat="-37.90818" lon="174.90093">
        <ele>205.4</ele>
      </trkpt>
      <trkpt lat="-37.90828" lon="174.90097">
        <ele>205.2</ele>
      </trkpt>
      <trkpt lat="-37.90835" lon="174.90104">
        <ele>205.6</ele>
      </trkpt>
      <trkpt lat="-37.90841" lon="174.90111">
        <ele>206.2</ele>
      </trkpt>
      <trkpt lat="-37.90846" lon="174.90119">
        <ele>206.8</ele>
      </trkpt>
      <trkpt lat="-37.90853" lon="174.90133">
        <ele>207.4</ele>
      </trkpt>
      <trkpt lat="-37.90865" lon="174.90164">
        <ele>207.7</ele>
      </trkpt>
      <trkpt lat="-37.90873" lon="174.90194">
        <ele>209.0</ele>
      </trkpt>
      <trkpt lat="-37.90883" lon="174.90218">
        <ele>209.3</ele>
      </trkpt>
      <trkpt lat="-37.90901" lon="174.90243">
        <ele>207.6</ele>
      </trkpt>
      <trkpt lat="-37.90906" lon="174.90254">
        <ele>206.8</ele>
      </trkpt>
      <trkpt lat="-37.90911" lon="174.90265">
        <ele>205.7</ele>
      </trkpt>
      <trkpt lat="-37.90914" lon="174.90279">
        <ele>204.8</ele>
      </trkpt>
      <trkpt lat="-37.90924" lon="174.90381">
        <ele>204.8</ele>
      </trkpt>
      <trkpt lat="-37.90933" lon="174.90484">
        <ele>209.2</ele>
      </trkpt>
      <trkpt lat="-37.90934" lon="174.905">
        <ele>210.0</ele>
      </trkpt>
      <trkpt lat="-37.90932" lon="174.90517">
        <ele>209.8</ele>
      </trkpt>
      <trkpt lat="-37.9093" lon="174.90537">
        <ele>209.8</ele>
      </trkpt>
      <trkpt lat="-37.9093" lon="174.90548">
        <ele>210.0</ele>
      </trkpt>
      <trkpt lat="-37.9093" lon="174.90558">
        <ele>210.2</ele>
      </trkpt>
      <trkpt lat="-37.90933" lon="174.90567">
        <ele>211.2</ele>
      </trkpt>
      <trkpt lat="-37.90946" lon="174.90593">
        <ele>215.4</ele>
      </trkpt>
      <trkpt lat="-37.90949" lon="174.90604">
        <ele>216.5</ele>
      </trkpt>
      <trkpt lat="-37.9095" lon="174.90612">
        <ele>217.0</ele>
      </trkpt>
      <trkpt lat="-37.90948" lon="174.90621">
        <ele>216.8</ele>
      </trkpt>
      <trkpt lat="-37.90945" lon="174.90629">
        <ele>216.4</ele>
      </trkpt>
      <trkpt lat="-37.90937" lon="174.90637">
        <ele>215.1</ele>
      </trkpt>
      <trkpt lat="-37.90922" lon="174.90649">
        <ele>212.7</ele>
      </trkpt>
      <trkpt lat="-37.90916" lon="174.90656">
        <ele>212.2</ele>
      </trkpt>
      <trkpt lat="-37.90911" lon="174.90664">
        <ele>212.1</ele>
      </trkpt>
      <trkpt lat="-37.90907" lon="174.90675">
        <ele>211.3</ele>
      </trkpt>
      <trkpt lat="-37.90904" lon="174.90687">
        <ele>210.3</ele>
      </trkpt>
      <trkpt lat="-37.90903" lon="174.90699">
        <ele>209.5</ele>
      </trkpt>
      <trkpt lat="-37.90904" lon="174.90709">
        <ele>209.0</ele>
      </trkpt>
      <trkpt lat="-37.90906" lon="174.90716">
        <ele>208.8</ele>
      </trkpt>
      <trkpt lat="-37.90911" lon="174.90727">
        <ele>208.7</ele>
      </trkpt>
      <trkpt lat="-37.90918" lon="174.90738">
        <ele>208.8</ele>
      </trkpt>
      <trkpt lat="-37.90933" lon="174.90758">
        <ele>208.1</ele>
      </trkpt>
      <trkpt lat="-37.90941" lon="174.90764">
        <ele>207.9</ele>
      </trkpt>
      <trkpt lat="-37.90949" lon="174.90769">
        <ele>207.8</ele>
      </trkpt>
      <trkpt lat="-37.91005" lon="174.90787">
        <ele>208.1</ele>
      </trkpt>
      <trkpt lat="-37.91025" lon="174.90795">
        <ele>208.8</ele>
      </trkpt>
      <trkpt lat="-37.91041" lon="174.90802">
        <ele>209.1</ele>
      </trkpt>
      <trkpt lat="-37.9108" lon="174.90827">
        <ele>208.7</ele>
      </trkpt>
      <trkpt lat="-37.91092" lon="174.90834">
        <ele>208.0</ele>
      </trkpt>
      <trkpt lat="-37.91103" lon="174.90836">
        <ele>207.9</ele>
      </trkpt>
      <trkpt lat="-37.91138" lon="174.90838">
        <ele>207.9</ele>
      </trkpt>
      <trkpt lat="-37.91167" lon="174.90838">
        <ele>208.0</ele>
      </trkpt>
      <trkpt lat="-37.91215" lon="174.90846">
        <ele>205.4</ele>
      </trkpt>
      <trkpt lat="-37.91228" lon="174.90846">
        <ele>204.7</ele>
      </trkpt>
      <trkpt lat="-37.91239" lon="174.90845">
        <ele>204.0</ele>
      </trkpt>
      <trkpt lat="-37.91255" lon="174.90842">
        <ele>203.8</ele>
      </trkpt>
      <trkpt lat="-37.91304" lon="174.90827">
        <ele>208.8</ele>
      </trkpt>
      <trkpt lat="-37.91322" lon="174.90823">
        <ele>210.4</ele>
      </trkpt>
      <trkpt lat="-37.91335" lon="174.90821">
        <ele>211.4</ele>
      </trkpt>
      <trkpt lat="-37.91352" lon="174.90819">
        <ele>212.4</ele>
      </trkpt>
      <trkpt lat="-37.91385" lon="174.90814">
        <ele>214.1</ele>
      </trkpt>
      <trkpt lat="-37.91404" lon="174.90817">
        <ele>215.6</ele>
      </trkpt>
      <trkpt lat="-37.91417" lon="174.90824">
        <ele>217.1</ele>
      </trkpt>
      <trkpt lat="-37.91427" lon="174.90832">
        <ele>217.9</ele>
      </trkpt>
      <trkpt lat="-37.91443" lon="174.90846">
        <ele>219.2</ele>
      </trkpt>
      <trkpt lat="-37.91452" lon="174.90858">
        <ele>220.4</ele>
      </trkpt>
      <trkpt lat="-37.91474" lon="174.90893">
        <ele>223.7</ele>
      </trkpt>
      <trkpt lat="-37.91491" lon="174.90925">
        <ele>225.3</ele>
      </trkpt>
      <trkpt lat="-37.91493" lon="174.90932">
        <ele>224.8</ele>
      </trkpt>
      <trkpt lat="-37.91493" lon="174.90948">
        <ele>223.5</ele>
      </trkpt>
      <trkpt lat="-37.9149" lon="174.90975">
        <ele>221.1</ele>
      </trkpt>
      <trkpt lat="-37.9149" lon="174.90984">
        <ele>220.4</ele>
      </trkpt>
      <trkpt lat="-37.9149" lon="174.90991">
        <ele>219.8</ele>
      </trkpt>
      <trkpt lat="-37.91492" lon="174.90998">
        <ele>219.4</ele>
      </trkpt>
      <trkpt lat="-37.91496" lon="174.91004">
        <ele>219.1</ele>
      </trkpt>
      <trkpt lat="-37.915" lon="174.91009">
        <ele>218.9</ele>
      </trkpt>
      <trkpt lat="-37.91507" lon="174.91012">
        <ele>218.7</ele>
      </trkpt>
      <trkpt lat="-37.91513" lon="174.91013">
        <ele>218.8</ele>
      </trkpt>
      <trkpt lat="-37.9152" lon="174.91013">
        <ele>218.9</ele>
      </trkpt>
      <trkpt lat="-37.91543" lon="174.91007">
        <ele>220.0</ele>
      </trkpt>
      <trkpt lat="-37.91552" lon="174.91007">
        <ele>220.1</ele>
      </trkpt>
      <trkpt lat="-37.9156" lon="174.91009">
        <ele>220.2</ele>
      </trkpt>
      <trkpt lat="-37.91574" lon="174.91016">
        <ele>220.2</ele>
      </trkpt>
      <trkpt lat="-37.91582" lon="174.91022">
        <ele>220.2</ele>
      </trkpt>
      <trkpt lat="-37.91589" lon="174.9103">
        <ele>219.3</ele>
      </trkpt>
      <trkpt lat="-37.9161" lon="174.91056">
        <ele>217.7</ele>
      </trkpt>
      <trkpt lat="-37.91618" lon="174.91064">
        <ele>217.7</ele>
      </trkpt>
      <trkpt lat="-37.91625" lon="174.9107">
        <ele>217.8</ele>
      </trkpt>
      <trkpt lat="-37.91631" lon="174.91073">
        <ele>217.9</ele>
      </trkpt>
      <trkpt lat="-37.9164" lon="174.91076">
        <ele>218.0</ele>
      </trkpt>
      <trkpt lat="-37.91668" lon="174.9108">
        <ele>218.4</ele>
      </trkpt>
      <trkpt lat="-37.91675" lon="174.91082">
        <ele>218.0</ele>
      </trkpt>
      <trkpt lat="-37.9168" lon="174.91085">
        <ele>217.9</ele>
      </trkpt>
      <trkpt lat="-37.91685" lon="174.9109">
        <ele>217.9</ele>
      </trkpt>
      <trkpt lat="-37.91688" lon="174.91097">
        <ele>218.3</ele>
      </trkpt>
      <trkpt lat="-37.91694" lon="174.91136">
        <ele>222.0</ele>
      </trkpt>
      <trkpt lat="-37.91699" lon="174.91155">
        <ele>224.1</ele>
      </trkpt>
      <trkpt lat="-37.91702" lon="174.91162">
        <ele>224.9</ele>
      </trkpt>
      <trkpt lat="-37.91708" lon="174.91171">
        <ele>225.9</ele>
      </trkpt>
      <trkpt lat="-37.91714" lon="174.91178">
        <ele>226.7</ele>
      </trkpt>
      <trkpt lat="-37.91721" lon="174.91184">
        <ele>227.7</ele>
      </trkpt>
      <trkpt lat="-37.91728" lon="174.91189">
        <ele>228.8</ele>
      </trkpt>
      <trkpt lat="-37.9177" lon="174.91208">
        <ele>234.5</ele>
      </trkpt>
      <trkpt lat="-37.91783" lon="174.91215">
        <ele>236.6</ele>
      </trkpt>
      <trkpt lat="-37.91789" lon="174.91219">
        <ele>237.9</ele>
      </trkpt>
      <trkpt lat="-37.91792" lon="174.91225">
        <ele>239.6</ele>
      </trkpt>
      <trkpt lat="-37.91799" lon="174.91239">
        <ele>243.7</ele>
      </trkpt>
      <trkpt lat="-37.91804" lon="174.91248">
        <ele>246.6</ele>
      </trkpt>
      <trkpt lat="-37.9181" lon="174.91253">
        <ele>247.9</ele>
      </trkpt>
      <trkpt lat="-37.91815" lon="174.91256">
        <ele>248.5</ele>
      </trkpt>
      <trkpt lat="-37.91822" lon="174.91255">
        <ele>249.2</ele>
      </trkpt>
      <trkpt lat="-37.91826" lon="174.91252">
        <ele>249.4</ele>
      </trkpt>
      <trkpt lat="-37.91831" lon="174.91247">
        <ele>248.8</ele>
      </trkpt>
      <trkpt lat="-37.9184" lon="174.91231">
        <ele>243.7</ele>
      </trkpt>
      <trkpt lat="-37.91844" lon="174.91227">
        <ele>242.3</ele>
      </trkpt>
      <trkpt lat="-37.91848" lon="174.91225">
        <ele>241.6</ele>
      </trkpt>
      <trkpt lat="-37.91854" lon="174.91227">
        <ele>242.2</ele>
      </trkpt>
      <trkpt lat="-37.91868" lon="174.91234">
        <ele>244.0</ele>
      </trkpt>
      <trkpt lat="-37.91878" lon="174.91244">
        <ele>246.6</ele>
      </trkpt>
      <trkpt lat="-37.91903" lon="174.91271">
        <ele>250.3</ele>
      </trkpt>
      <trkpt lat="-37.91909" lon="174.91279">
        <ele>251.3</ele>
      </trkpt>
      <trkpt lat="-37.91913" lon="174.9129">
        <ele>252.8</ele>
      </trkpt>
      <trkpt lat="-37.91919" lon="174.91322">
        <ele>257.1</ele>
      </trkpt>
      <trkpt lat="-37.91922" lon="174.91329">
        <ele>257.7</ele>
      </trkpt>
      <trkpt lat="-37.91926" lon="174.91334">
        <ele>257.9</ele>
      </trkpt>
      <trkpt lat="-37.91932" lon="174.91339">
        <ele>257.1</ele>
      </trkpt>
      <trkpt lat="-37.91952" lon="174.91345">
        <ele>254.8</ele>
      </trkpt>
      <trkpt lat="-37.9197" lon="174.91355">
        <ele>253.2</ele>
      </trkpt>
      <trkpt lat="-37.91986" lon="174.9136">
        <ele>251.9</ele>
      </trkpt>
      <trkpt lat="-37.92003" lon="174.91358">
        <ele>250.2</ele>
      </trkpt>
      <trkpt lat="-37.92018" lon="174.91354">
        <ele>248.5</ele>
      </trkpt>
      <trkpt lat="-37.92026" lon="174.91353">
        <ele>247.7</ele>
      </trkpt>
      <trkpt lat="-37.92032" lon="174.91355">
        <ele>247.2</ele>
      </trkpt>
      <trkpt lat="-37.92037" lon="174.91358">
        <ele>246.8</ele>
      </trkpt>
      <trkpt lat="-37.92042" lon="174.91363">
        <ele>246.5</ele>
      </trkpt>
      <trkpt lat="-37.92045" lon="174.9137">
        <ele>246.5</ele>
      </trkpt>
      <trkpt lat="-37.92048" lon="174.91377">
        <ele>246.4</ele>
      </trkpt>
      <trkpt lat="-37.92048" lon="174.91384">
        <ele>246.6</ele>
      </trkpt>
      <trkpt lat="-37.92046" lon="174.91391">
        <ele>247.1</ele>
      </trkpt>
      <trkpt lat="-37.92043" lon="174.91399">
        <ele>247.7</ele>
      </trkpt>
      <trkpt lat="-37.92036" lon="174.91408">
        <ele>248.9</ele>
      </trkpt>
      <trkpt lat="-37.92017" lon="174.9144">
        <ele>249.6</ele>
      </trkpt>
      <trkpt lat="-37.92005" lon="174.91464">
        <ele>248.5</ele>
      </trkpt>
      <trkpt lat="-37.92001" lon="174.91476">
        <ele>247.5</ele>
      </trkpt>
      <trkpt lat="-37.91996" lon="174.91497">
        <ele>245.3</ele>
      </trkpt>
      <trkpt lat="-37.91995" lon="174.91505">
        <ele>245.0</ele>
      </trkpt>
      <trkpt lat="-37.91996" lon="174.91515">
        <ele>245.0</ele>
      </trkpt>
      <trkpt lat="-37.91998" lon="174.91523">
        <ele>245.0</ele>
      </trkpt>
      <trkpt lat="-37.92001" lon="174.9153">
        <ele>245.0</ele>
      </trkpt>
      <trkpt lat="-37.92005" lon="174.91535">
        <ele>244.9</ele>
      </trkpt>
      <trkpt lat="-37.9201" lon="174.91539">
        <ele>244.8</ele>
      </trkpt>
      <trkpt lat="-37.92016" lon="174.91543">
        <ele>244.7</ele>
      </trkpt>
      <trkpt lat="-37.9203" lon="174.91545">
        <ele>244.5</ele>
      </trkpt>
      <trkpt lat="-37.92072" lon="174.91544">
        <ele>243.8</ele>
      </trkpt>
      <trkpt lat="-37.92081" lon="174.91545">
        <ele>243.7</ele>
      </trkpt>
      <trkpt lat="-37.9209" lon="174.91548">
        <ele>244.3</ele>
      </trkpt>
      <trkpt lat="-37.92097" lon="174.91551">
        <ele>244.9</ele>
      </trkpt>
      <trkpt lat="-37.92102" lon="174.91555">
        <ele>245.4</ele>
      </trkpt>
      <trkpt lat="-37.92122" lon="174.91573">
        <ele>247.1</ele>
      </trkpt>
      <trkpt lat="-37.92134" lon="174.9158">
        <ele>247.8</ele>
      </trkpt>
      <trkpt lat="-37.92141" lon="174.91581">
        <ele>248.1</ele>
      </trkpt>
      <trkpt lat="-37.92148" lon="174.9158">
        <ele>248.3</ele>
      </trkpt>
      <trkpt lat="-37.92177" lon="174.91575">
        <ele>249.9</ele>
      </trkpt>
      <trkpt lat="-37.92202" lon="174.91577">
        <ele>251.8</ele>
      </trkpt>
      <trkpt lat="-37.92224" lon="174.9158">
        <ele>253.3</ele>
      </trkpt>
      <trkpt lat="-37.92233" lon="174.9158">
        <ele>254.0</ele>
      </trkpt>
      <trkpt lat="-37.9224" lon="174.91579">
        <ele>254.6</ele>
      </trkpt>
      <trkpt lat="-37.92252" lon="174.91574">
        <ele>255.4</ele>
      </trkpt>
      <trkpt lat="-37.92262" lon="174.91565">
        <ele>254.6</ele>
      </trkpt>
      <trkpt lat="-37.92268" lon="174.91559">
        <ele>254.3</ele>
      </trkpt>
      <trkpt lat="-37.92273" lon="174.91548">
        <ele>255.0</ele>
      </trkpt>
      <trkpt lat="-37.92281" lon="174.91527">
        <ele>257.2</ele>
      </trkpt>
      <trkpt lat="-37.92292" lon="174.91513">
        <ele>258.7</ele>
      </trkpt>
      <trkpt lat="-37.92297" lon="174.91508">
        <ele>259.4</ele>
      </trkpt>
      <trkpt lat="-37.92316" lon="174.91499">
        <ele>260.3</ele>
      </trkpt>
      <trkpt lat="-37.92323" lon="174.91494">
        <ele>259.8</ele>
      </trkpt>
      <trkpt lat="-37.92365" lon="174.91459">
        <ele>257.4</ele>
      </trkpt>
      <trkpt lat="-37.92372" lon="174.91454">
        <ele>257.5</ele>
      </trkpt>
      <trkpt lat="-37.92379" lon="174.91451">
        <ele>257.7</ele>
      </trkpt>
      <trkpt lat="-37.92396" lon="174.91446">
        <ele>258.4</ele>
      </trkpt>
      <trkpt lat="-37.92404" lon="174.91442">
        <ele>259.0</ele>
      </trkpt>
      <trkpt lat="-37.92411" lon="174.91435">
        <ele>259.9</ele>
      </trkpt>
      <trkpt lat="-37.92417" lon="174.91427">
        <ele>261.0</ele>
      </trkpt>
      <trkpt lat="-37.92443" lon="174.9139">
        <ele>259.4</ele>
      </trkpt>
      <trkpt lat="-37.92475" lon="174.91342">
        <ele>259.6</ele>
      </trkpt>
      <trkpt lat="-37.92492" lon="174.91321">
        <ele>260.9</ele>
      </trkpt>
      <trkpt lat="-37.92506" lon="174.91307">
        <ele>261.8</ele>
      </trkpt>
      <trkpt lat="-37.92513" lon="174.91302">
        <ele>261.7</ele>
      </trkpt>
      <trkpt lat="-37.92522" lon="174.91297">
        <ele>261.4</ele>
      </trkpt>
      <trkpt lat="-37.92567" lon="174.91278">
        <ele>258.8</ele>
      </trkpt>
      <trkpt lat="-37.92591" lon="174.91264">
        <ele>258.0</ele>
      </trkpt>
      <trkpt lat="-37.92636" lon="174.91233">
        <ele>260.0</ele>
      </trkpt>
      <trkpt lat="-37.92644" lon="174.9123">
        <ele>260.4</ele>
      </trkpt>
      <trkpt lat="-37.92652" lon="174.91228">
        <ele>260.7</ele>
      </trkpt>
      <trkpt lat="-37.92668" lon="174.91229">
        <ele>261.6</ele>
      </trkpt>
      <trkpt lat="-37.9268" lon="174.91232">
        <ele>262.1</ele>
      </trkpt>
      <trkpt lat="-37.92694" lon="174.91237">
        <ele>262.9</ele>
      </trkpt>
      <trkpt lat="-37.92747" lon="174.91261">
        <ele>265.4</ele>
      </trkpt>
      <trkpt lat="-37.92762" lon="174.9127">
        <ele>265.0</ele>
      </trkpt>
      <trkpt lat="-37.92769" lon="174.91275">
        <ele>264.5</ele>
      </trkpt>
      <trkpt lat="-37.92784" lon="174.91281">
        <ele>263.5</ele>
      </trkpt>
      <trkpt lat="-37.92791" lon="174.91282">
        <ele>263.1</ele>
      </trkpt>
      <trkpt lat="-37.92799" lon="174.91282">
        <ele>262.8</ele>
      </trkpt>
      <trkpt lat="-37.92808" lon="174.91281">
        <ele>262.6</ele>
      </trkpt>
      <trkpt lat="-37.92834" lon="174.91272">
        <ele>262.8</ele>
      </trkpt>
      <trkpt lat="-37.92849" lon="174.91263">
        <ele>263.8</ele>
      </trkpt>
      <trkpt lat="-37.92855" lon="174.91258">
        <ele>264.4</ele>
      </trkpt>
      <trkpt lat="-37.92869" lon="174.91245">
        <ele>265.7</ele>
      </trkpt>
      <trkpt lat="-37.92881" lon="174.91237">
        <ele>266.4</ele>
      </trkpt>
      <trkpt lat="-37.92888" lon="174.91236">
        <ele>266.4</ele>
      </trkpt>
      <trkpt lat="-37.92895" lon="174.91235">
        <ele>266.4</ele>
      </trkpt>
      <trkpt lat="-37.92903" lon="174.91236">
        <ele>266.1</ele>
      </trkpt>
      <trkpt lat="-37.92916" lon="174.91243">
        <ele>264.9</ele>
      </trkpt>
      <trkpt lat="-37.92926" lon="174.91256">
        <ele>263.8</ele>
      </trkpt>
      <trkpt lat="-37.92935" lon="174.91273">
        <ele>262.8</ele>
      </trkpt>
      <trkpt lat="-37.92938" lon="174.91283">
        <ele>262.1</ele>
      </trkpt>
      <trkpt lat="-37.92939" lon="174.91293">
        <ele>261.3</ele>
      </trkpt>
      <trkpt lat="-37.92939" lon="174.91303">
        <ele>260.4</ele>
      </trkpt>
      <trkpt lat="-37.92934" lon="174.91332">
        <ele>257.2</ele>
      </trkpt>
      <trkpt lat="-37.92926" lon="174.91363">
        <ele>256.0</ele>
      </trkpt>
      <trkpt lat="-37.92923" lon="174.91373">
        <ele>255.7</ele>
      </trkpt>
      <trkpt lat="-37.92902" lon="174.9141">
        <ele>253.4</ele>
      </trkpt>
      <trkpt lat="-37.92894" lon="174.91428">
        <ele>252.1</ele>
      </trkpt>
      <trkpt lat="-37.92891" lon="174.91437">
        <ele>251.6</ele>
      </trkpt>
      <trkpt lat="-37.92889" lon="174.91448">
        <ele>251.1</ele>
      </trkpt>
      <trkpt lat="-37.92888" lon="174.91458">
        <ele>250.7</ele>
      </trkpt>
      <trkpt lat="-37.92887" lon="174.91467">
        <ele>250.3</ele>
      </trkpt>
      <trkpt lat="-37.92888" lon="174.91481">
        <ele>250.2</ele>
      </trkpt>
      <trkpt lat="-37.92887" lon="174.91505">
        <ele>249.4</ele>
      </trkpt>
      <trkpt lat="-37.92885" lon="174.91517">
        <ele>248.7</ele>
      </trkpt>
      <trkpt lat="-37.92883" lon="174.91526">
        <ele>248.0</ele>
      </trkpt>
      <trkpt lat="-37.92873" lon="174.91545">
        <ele>245.5</ele>
      </trkpt>
      <trkpt lat="-37.92867" lon="174.91552">
        <ele>244.2</ele>
      </trkpt>
      <trkpt lat="-37.92861" lon="174.91559">
        <ele>243.0</ele>
      </trkpt>
      <trkpt lat="-37.92808" lon="174.91594">
        <ele>233.6</ele>
      </trkpt>
      <trkpt lat="-37.92755" lon="174.91629">
        <ele>227.5</ele>
      </trkpt>
      <trkpt lat="-37.92749" lon="174.91634">
        <ele>227.0</ele>
      </trkpt>
      <trkpt lat="-37.92744" lon="174.91641">
        <ele>226.3</ele>
      </trkpt>
      <trkpt lat="-37.9274" lon="174.91649">
        <ele>225.7</ele>
      </trkpt>
      <trkpt lat="-37.92737" lon="174.91658">
        <ele>225.4</ele>
      </trkpt>
      <trkpt lat="-37.92735" lon="174.91682">
        <ele>225.8</ele>
      </trkpt>
      <trkpt lat="-37.92735" lon="174.9172">
        <ele>227.4</ele>
      </trkpt>
      <trkpt lat="-37.92739" lon="174.91741">
        <ele>229.6</ele>
      </trkpt>
      <trkpt lat="-37.92743" lon="174.91756">
        <ele>231.6</ele>
      </trkpt>
      <trkpt lat="-37.92765" lon="174.91804">
        <ele>234.6</ele>
      </trkpt>
      <trkpt lat="-37.92775" lon="174.91827">
        <ele>234.7</ele>
      </trkpt>
      <trkpt lat="-37.92784" lon="174.91853">
        <ele>234.0</ele>
      </trkpt>
      <trkpt lat="-37.92793" lon="174.91881">
        <ele>233.0</ele>
      </trkpt>
      <trkpt lat="-37.92799" lon="174.91897">
        <ele>232.4</ele>
      </trkpt>
      <trkpt lat="-37.92806" lon="174.9191">
        <ele>231.9</ele>
      </trkpt>
      <trkpt lat="-37.92814" lon="174.91917">
        <ele>231.5</ele>
      </trkpt>
      <trkpt lat="-37.92848" lon="174.91939">
        <ele>229.7</ele>
      </trkpt>
      <trkpt lat="-37.92853" lon="174.91944">
        <ele>229.2</ele>
      </trkpt>
      <trkpt lat="-37.92856" lon="174.91948">
        <ele>228.9</ele>
      </trkpt>
      <trkpt lat="-37.92859" lon="174.91955">
        <ele>228.6</ele>
      </trkpt>
      <trkpt lat="-37.9286" lon="174.91963">
        <ele>228.4</ele>
      </trkpt>
      <trkpt lat="-37.92859" lon="174.91997">
        <ele>228.3</ele>
      </trkpt>
      <trkpt lat="-37.92861" lon="174.92005">
        <ele>228.3</ele>
      </trkpt>
      <trkpt lat="-37.92864" lon="174.92014">
        <ele>228.4</ele>
      </trkpt>
      <trkpt lat="-37.92868" lon="174.92021">
        <ele>228.4</ele>
      </trkpt>
      <trkpt lat="-37.92874" lon="174.92026">
        <ele>228.1</ele>
      </trkpt>
      <trkpt lat="-37.92883" lon="174.92031">
        <ele>227.7</ele>
      </trkpt>
      <trkpt lat="-37.92903" lon="174.92038">
        <ele>226.7</ele>
      </trkpt>
      <trkpt lat="-37.92912" lon="174.92039">
        <ele>226.1</ele>
      </trkpt>
      <trkpt lat="-37.92919" lon="174.92039">
        <ele>225.5</ele>
      </trkpt>
      <trkpt lat="-37.92926" lon="174.92037">
        <ele>224.5</ele>
      </trkpt>
      <trkpt lat="-37.92944" lon="174.92026">
        <ele>221.1</ele>
      </trkpt>
      <trkpt lat="-37.92953" lon="174.92022">
        <ele>219.5</ele>
      </trkpt>
      <trkpt lat="-37.92967" lon="174.92021">
        <ele>217.5</ele>
      </trkpt>
      <trkpt lat="-37.92986" lon="174.92026">
        <ele>215.8</ele>
      </trkpt>
      <trkpt lat="-37.92996" lon="174.9203">
        <ele>215.2</ele>
      </trkpt>
      <trkpt lat="-37.93024" lon="174.92052">
        <ele>212.8</ele>
      </trkpt>
      <trkpt lat="-37.93033" lon="174.92058">
        <ele>211.6</ele>
      </trkpt>
      <trkpt lat="-37.93048" lon="174.92065">
        <ele>209.3</ele>
      </trkpt>
      <trkpt lat="-37.93052" lon="174.92069">
        <ele>209.0</ele>
      </trkpt>
      <trkpt lat="-37.93053" lon="174.92073">
        <ele>209.4</ele>
      </trkpt>
      <trkpt lat="-37.93054" lon="174.92078">
        <ele>209.9</ele>
      </trkpt>
      <trkpt lat="-37.93052" lon="174.92084">
        <ele>211.1</ele>
      </trkpt>
      <trkpt lat="-37.93049" lon="174.92091">
        <ele>211.0</ele>
      </trkpt>
      <trkpt lat="-37.93046" lon="174.92096">
        <ele>211.0</ele>
      </trkpt>
      <trkpt lat="-37.93028" lon="174.92108">
        <ele>213.4</ele>
      </trkpt>
      <trkpt lat="-37.92999" lon="174.9213">
        <ele>215.8</ele>
      </trkpt>
      <trkpt lat="-37.92978" lon="174.92151">
        <ele>214.3</ele>
      </trkpt>
      <trkpt lat="-37.92969" lon="174.92157">
        <ele>214.1</ele>
      </trkpt>
      <trkpt lat="-37.9296" lon="174.92161">
        <ele>214.2</ele>
      </trkpt>
      <trkpt lat="-37.92952" lon="174.92163">
        <ele>214.6</ele>
      </trkpt>
      <trkpt lat="-37.92946" lon="174.92163">
        <ele>215.1</ele>
      </trkpt>
      <trkpt lat="-37.92934" lon="174.92159">
        <ele>216.7</ele>
      </trkpt>
      <trkpt lat="-37.92927" lon="174.92159">
        <ele>217.3</ele>
      </trkpt>
      <trkpt lat="-37.92922" lon="174.9216">
        <ele>217.6</ele>
      </trkpt>
      <trkpt lat="-37.92916" lon="174.92164">
        <ele>217.5</ele>
      </trkpt>
      <trkpt lat="-37.92912" lon="174.9217">
        <ele>216.6</ele>
      </trkpt>
      <trkpt lat="-37.92903" lon="174.9218">
        <ele>215.2</ele>
      </trkpt>
      <trkpt lat="-37.92895" lon="174.92184">
        <ele>215.0</ele>
      </trkpt>
      <trkpt lat="-37.92878" lon="174.92189">
        <ele>215.3</ele>
      </trkpt>
      <trkpt lat="-37.92868" lon="174.92193">
        <ele>215.3</ele>
      </trkpt>
      <trkpt lat="-37.92858" lon="174.922">
        <ele>214.8</ele>
      </trkpt>
      <trkpt lat="-37.92839" lon="174.92218">
        <ele>213.5</ele>
      </trkpt>
      <trkpt lat="-37.92832" lon="174.92228">
        <ele>212.7</ele>
      </trkpt>
      <trkpt lat="-37.92827" lon="174.92238">
        <ele>212.1</ele>
      </trkpt>
      <trkpt lat="-37.92822" lon="174.92253">
        <ele>211.3</ele>
      </trkpt>
      <trkpt lat="-37.92819" lon="174.92268">
        <ele>212.0</ele>
      </trkpt>
      <trkpt lat="-37.92819" lon="174.92279">
        <ele>212.1</ele>
      </trkpt>
      <trkpt lat="-37.92821" lon="174.92289">
        <ele>211.8</ele>
      </trkpt>
      <trkpt lat="-37.92832" lon="174.9231">
        <ele>210.0</ele>
      </trkpt>
      <trkpt lat="-37.92846" lon="174.92328">
        <ele>208.3</ele>
      </trkpt>
      <trkpt lat="-37.92856" lon="174.92334">
        <ele>207.1</ele>
      </trkpt>
      <trkpt lat="-37.92864" lon="174.92337">
        <ele>206.4</ele>
      </trkpt>
      <trkpt lat="-37.92891" lon="174.92341">
        <ele>203.2</ele>
      </trkpt>
      <trkpt lat="-37.92898" lon="174.92345">
        <ele>202.6</ele>
      </trkpt>
      <trkpt lat="-37.92904" lon="174.92352">
        <ele>202.4</ele>
      </trkpt>
      <trkpt lat="-37.92911" lon="174.92363">
        <ele>202.4</ele>
      </trkpt>
      <trkpt lat="-37.92919" lon="174.92382">
        <ele>202.7</ele>
      </trkpt>
      <trkpt lat="-37.9293" lon="174.92394">
        <ele>202.1</ele>
      </trkpt>
      <trkpt lat="-37.92945" lon="174.92401">
        <ele>200.5</ele>
      </trkpt>
      <trkpt lat="-37.92953" lon="174.92402">
        <ele>199.5</ele>
      </trkpt>
      <trkpt lat="-37.93034" lon="174.92402">
        <ele>196.4</ele>
      </trkpt>
      <trkpt lat="-37.9304" lon="174.92402">
        <ele>197.1</ele>
      </trkpt>
      <trkpt lat="-37.93045" lon="174.92399">
        <ele>197.2</ele>
      </trkpt>
      <trkpt lat="-37.9305" lon="174.92395">
        <ele>197.3</ele>
      </trkpt>
      <trkpt lat="-37.93052" lon="174.92391">
        <ele>197.0</ele>
      </trkpt>
      <trkpt lat="-37.93053" lon="174.92386">
        <ele>196.5</ele>
      </trkpt>
      <trkpt lat="-37.93053" lon="174.92379">
        <ele>195.6</ele>
      </trkpt>
      <trkpt lat="-37.93046" lon="174.9236">
        <ele>192.6</ele>
      </trkpt>
      <trkpt lat="-37.93041" lon="174.92349">
        <ele>190.8</ele>
      </trkpt>
      <trkpt lat="-37.93029" lon="174.92333">
        <ele>188.1</ele>
      </trkpt>
      <trkpt lat="-37.93027" lon="174.92325">
        <ele>188.0</ele>
      </trkpt>
      <trkpt lat="-37.93027" lon="174.92319">
        <ele>188.1</ele>
      </trkpt>
      <trkpt lat="-37.93028" lon="174.92313">
        <ele>188.2</ele>
      </trkpt>
      <trkpt lat="-37.9303" lon="174.92309">
        <ele>188.3</ele>
      </trkpt>
      <trkpt lat="-37.93034" lon="174.92306">
        <ele>188.3</ele>
      </trkpt>
      <trkpt lat="-37.93053" lon="174.92296">
        <ele>188.4</ele>
      </trkpt>
      <trkpt lat="-37.93061" lon="174.92293">
        <ele>188.2</ele>
      </trkpt>
      <trkpt lat="-37.9307" lon="174.92292">
        <ele>188.1</ele>
      </trkpt>
      <trkpt lat="-37.9308" lon="174.92294">
        <ele>188.2</ele>
      </trkpt>
      <trkpt lat="-37.93092" lon="174.92301">
        <ele>189.0</ele>
      </trkpt>
      <trkpt lat="-37.93099" lon="174.92303">
        <ele>189.2</ele>
      </trkpt>
      <trkpt lat="-37.93105" lon="174.92303">
        <ele>189.3</ele>
      </trkpt>
      <trkpt lat="-37.93111" lon="174.923">
        <ele>188.9</ele>
      </trkpt>
      <trkpt lat="-37.93118" lon="174.92293">
        <ele>188.0</ele>
      </trkpt>
      <trkpt lat="-37.93131" lon="174.92256">
        <ele>182.1</ele>
      </trkpt>
      <trkpt lat="-37.93136" lon="174.92248">
        <ele>180.9</ele>
      </trkpt>
      <trkpt lat="-37.9314" lon="174.92243">
        <ele>180.7</ele>
      </trkpt>
      <trkpt lat="-37.93146" lon="174.92238">
        <ele>180.3</ele>
      </trkpt>
      <trkpt lat="-37.93161" lon="174.9223">
        <ele>178.7</ele>
      </trkpt>
      <trkpt lat="-37.93166" lon="174.92224">
        <ele>177.8</ele>
      </trkpt>
      <trkpt lat="-37.93175" lon="174.9221">
        <ele>179.4</ele>
      </trkpt>
      <trkpt lat="-37.93182" lon="174.92191">
        <ele>180.0</ele>
      </trkpt>
      <trkpt lat="-37.93194" lon="174.92152">
        <ele>180.1</ele>
      </trkpt>
      <trkpt lat="-37.93197" lon="174.92132">
        <ele>179.4</ele>
      </trkpt>
      <trkpt lat="-37.93195" lon="174.9211">
        <ele>177.9</ele>
      </trkpt>
      <trkpt lat="-37.93192" lon="174.92087">
        <ele>176.4</ele>
      </trkpt>
      <trkpt lat="-37.93192" lon="174.92077">
        <ele>175.8</ele>
      </trkpt>
      <trkpt lat="-37.93195" lon="174.92055">
        <ele>174.2</ele>
      </trkpt>
      <trkpt lat="-37.93198" lon="174.92044">
        <ele>173.3</ele>
      </trkpt>
      <trkpt lat="-37.93201" lon="174.92036">
        <ele>172.6</ele>
      </trkpt>
      <trkpt lat="-37.93205" lon="174.92029">
        <ele>171.9</ele>
      </trkpt>
      <trkpt lat="-37.93224" lon="174.9201">
        <ele>169.1</ele>
      </trkpt>
      <trkpt lat="-37.93237" lon="174.91987">
        <ele>167.0</ele>
      </trkpt>
      <trkpt lat="-37.93241" lon="174.91976">
        <ele>166.5</ele>
      </trkpt>
      <trkpt lat="-37.93257" lon="174.91902">
        <ele>164.3</ele>
      </trkpt>
      <trkpt lat="-37.93262" lon="174.91878">
        <ele>163.9</ele>
      </trkpt>
      <trkpt lat="-37.93266" lon="174.91857">
        <ele>163.1</ele>
      </trkpt>
      <trkpt lat="-37.93269" lon="174.91849">
        <ele>162.6</ele>
      </trkpt>
      <trkpt lat="-37.93278" lon="174.91835">
        <ele>161.1</ele>
      </trkpt>
      <trkpt lat="-37.93288" lon="174.91823">
        <ele>159.4</ele>
      </trkpt>
      <trkpt lat="-37.93298" lon="174.91808">
        <ele>157.2</ele>
      </trkpt>
      <trkpt lat="-37.93316" lon="174.91778">
        <ele>151.4</ele>
      </trkpt>
      <trkpt lat="-37.93327" lon="174.91757">
        <ele>146.5</ele>
      </trkpt>
      <trkpt lat="-37.93342" lon="174.91725">
        <ele>145.5</ele>
      </trkpt>
      <trkpt lat="-37.93358" lon="174.91699">
        <ele>144.8</ele>
      </trkpt>
      <trkpt lat="-37.93363" lon="174.91688">
        <ele>144.2</ele>
      </trkpt>
      <trkpt lat="-37.93369" lon="174.91661">
        <ele>143.8</ele>
      </trkpt>
      <trkpt lat="-37.93372" lon="174.91654">
        <ele>144.3</ele>
      </trkpt>
      <trkpt lat="-37.93378" lon="174.91641">
        <ele>144.9</ele>
      </trkpt>
      <trkpt lat="-37.93385" lon="174.91631">
        <ele>144.5</ele>
      </trkpt>
      <trkpt lat="-37.93401" lon="174.91614">
        <ele>142.3</ele>
      </trkpt>
      <trkpt lat="-37.93413" lon="174.91595">
        <ele>140.9</ele>
      </trkpt>
      <trkpt lat="-37.9342" lon="174.91587">
        <ele>140.2</ele>
      </trkpt>
      <trkpt lat="-37.93424" lon="174.91585">
        <ele>139.9</ele>
      </trkpt>
      <trkpt lat="-37.93433" lon="174.91582">
        <ele>139.5</ele>
      </trkpt>
      <trkpt lat="-37.93455" lon="174.91582">
        <ele>136.8</ele>
      </trkpt>
      <trkpt lat="-37.93468" lon="174.9158">
        <ele>135.8</ele>
      </trkpt>
      <trkpt lat="-37.93478" lon="174.91578">
        <ele>135.2</ele>
      </trkpt>
      <trkpt lat="-37.93483" lon="174.91578">
        <ele>134.6</ele>
      </trkpt>
      <trkpt lat="-37.93492" lon="174.9158">
        <ele>132.9</ele>
      </trkpt>
      <trkpt lat="-37.93506" lon="174.91592">
        <ele>130.2</ele>
      </trkpt>
      <trkpt lat="-37.93511" lon="174.91595">
        <ele>129.8</ele>
      </trkpt>
      <trkpt lat="-37.93517" lon="174.91597">
        <ele>129.4</ele>
      </trkpt>
      <trkpt lat="-37.93536" lon="174.91602">
        <ele>128.4</ele>
      </trkpt>
      <trkpt lat="-37.93576" lon="174.91609">
        <ele>126.9</ele>
      </trkpt>
      <trkpt lat="-37.93582" lon="174.91609">
        <ele>126.7</ele>
      </trkpt>
      <trkpt lat="-37.93586" lon="174.91609">
        <ele>126.1</ele>
      </trkpt>
      <trkpt lat="-37.93591" lon="174.91606">
        <ele>125.2</ele>
      </trkpt>
      <trkpt lat="-37.93603" lon="174.91597">
        <ele>122.9</ele>
      </trkpt>
      <trkpt lat="-37.93608" lon="174.91592">
        <ele>122.0</ele>
      </trkpt>
      <trkpt lat="-37.93612" lon="174.91588">
        <ele>121.2</ele>
      </trkpt>
      <trkpt lat="-37.93616" lon="174.91583">
        <ele>120.6</ele>
      </trkpt>
      <trkpt lat="-37.93626" lon="174.91564">
        <ele>122.9</ele>
      </trkpt>
      <trkpt lat="-37.93634" lon="174.91557">
        <ele>123.0</ele>
      </trkpt>
      <trkpt lat="-37.93639" lon="174.91554">
        <ele>122.7</ele>
      </trkpt>
      <trkpt lat="-37.93644" lon="174.91553">
        <ele>122.1</ele>
      </trkpt>
      <trkpt lat="-37.93659" lon="174.91551">
        <ele>119.9</ele>
      </trkpt>
      <trkpt lat="-37.9367" lon="174.91544">
        <ele>119.6</ele>
      </trkpt>
      <trkpt lat="-37.93691" lon="174.91529">
        <ele>120.1</ele>
      </trkpt>
      <trkpt lat="-37.93707" lon="174.91522">
        <ele>119.5</ele>
      </trkpt>
      <trkpt lat="-37.93725" lon="174.91519">
        <ele>118.0</ele>
      </trkpt>
      <trkpt lat="-37.93746" lon="174.91517">
        <ele>115.8</ele>
      </trkpt>
      <trkpt lat="-37.9378" lon="174.91518">
        <ele>112.4</ele>
      </trkpt>
      <trkpt lat="-37.93791" lon="174.91515">
        <ele>112.0</ele>
      </trkpt>
      <trkpt lat="-37.93804" lon="174.91507">
        <ele>112.8</ele>
      </trkpt>
      <trkpt lat="-37.9381" lon="174.91505">
        <ele>112.7</ele>
      </trkpt>
      <trkpt lat="-37.9382" lon="174.91504">
        <ele>112.1</ele>
      </trkpt>
      <trkpt lat="-37.9383" lon="174.91507">
        <ele>110.5</ele>
      </trkpt>
      <trkpt lat="-37.9384" lon="174.91515">
        <ele>107.2</ele>
      </trkpt>
      <trkpt lat="-37.93855" lon="174.91529">
        <ele>101.3</ele>
      </trkpt>
      <trkpt lat="-37.9386" lon="174.91531">
        <ele>100.0</ele>
      </trkpt>
      <trkpt lat="-37.93865" lon="174.91533">
        <ele>98.7</ele>
      </trkpt>
      <trkpt lat="-37.93874" lon="174.91532">
        <ele>97.5</ele>
      </trkpt>
      <trkpt lat="-37.93883" lon="174.91527">
        <ele>97.5</ele>
      </trkpt>
      <trkpt lat="-37.93926" lon="174.91499">
        <ele>97.5</ele>
      </trkpt>
      <trkpt lat="-37.93936" lon="174.9149">
        <ele>96.0</ele>
      </trkpt>
      <trkpt lat="-37.93939" lon="174.91485">
        <ele>95.9</ele>
      </trkpt>
      <trkpt lat="-37.93946" lon="174.91465">
        <ele>97.2</ele>
      </trkpt>
      <trkpt lat="-37.93958" lon="174.91411">
        <ele>102.6</ele>
      </trkpt>
      <trkpt lat="-37.93963" lon="174.91393">
        <ele>102.9</ele>
      </trkpt>
      <trkpt lat="-37.93994" lon="174.91314">
        <ele>104.1</ele>
      </trkpt>
      <trkpt lat="-37.93997" lon="174.91307">
        <ele>104.1</ele>
      </trkpt>
      <trkpt lat="-37.94004" lon="174.91295">
        <ele>103.9</ele>
      </trkpt>
      <trkpt lat="-37.94011" lon="174.91286">
        <ele>103.4</ele>
      </trkpt>
      <trkpt lat="-37.94024" lon="174.91276">
        <ele>101.9</ele>
      </trkpt>
      <trkpt lat="-37.94044" lon="174.91258">
        <ele>100.2</ele>
      </trkpt>
      <trkpt lat="-37.94059" lon="174.9124">
        <ele>100.3</ele>
      </trkpt>
      <trkpt lat="-37.94073" lon="174.91226">
        <ele>100.1</ele>
      </trkpt>
      <trkpt lat="-37.9408" lon="174.91221">
        <ele>99.6</ele>
      </trkpt>
      <trkpt lat="-37.94089" lon="174.91217">
        <ele>97.9</ele>
      </trkpt>
      <trkpt lat="-37.94108" lon="174.91211">
        <ele>93.3</ele>
      </trkpt>
      <trkpt lat="-37.94115" lon="174.91207">
        <ele>91.9</ele>
      </trkpt>
      <trkpt lat="-37.94122" lon="174.91201">
        <ele>90.8</ele>
      </trkpt>
      <trkpt lat="-37.94152" lon="174.9117">
        <ele>86.9</ele>
      </trkpt>
      <trkpt lat="-37.94173" lon="174.91153">
        <ele>83.2</ele>
      </trkpt>
      <trkpt lat="-37.94189" lon="174.91143">
        <ele>79.6</ele>
      </trkpt>
      <trkpt lat="-37.94222" lon="174.91128">
        <ele>70.9</ele>
      </trkpt>
      <trkpt lat="-37.94227" lon="174.91125">
        <ele>69.6</ele>
      </trkpt>
      <trkpt lat="-37.94234" lon="174.91116">
        <ele>68.2</ele>
      </trkpt>
      <trkpt lat="-37.94236" lon="174.9111">
        <ele>68.2</ele>
      </trkpt>
      <trkpt lat="-37.94237" lon="174.91103">
        <ele>68.6</ele>
      </trkpt>
      <trkpt lat="-37.94238" lon="174.91096">
        <ele>69.0</ele>
      </trkpt>
      <trkpt lat="-37.94237" lon="174.91087">
        <ele>70.3</ele>
      </trkpt>
      <trkpt lat="-37.94233" lon="174.91067">
        <ele>73.2</ele>
      </trkpt>
      <trkpt lat="-37.94232" lon="174.91046">
        <ele>75.0</ele>
      </trkpt>
      <trkpt lat="-37.94232" lon="174.91034">
        <ele>75.8</ele>
      </trkpt>
      <trkpt lat="-37.94235" lon="174.90998">
        <ele>77.0</ele>
      </trkpt>
      <trkpt lat="-37.94237" lon="174.90985">
        <ele>76.3</ele>
      </trkpt>
      <trkpt lat="-37.94248" lon="174.90957">
        <ele>73.2</ele>
      </trkpt>
      <trkpt lat="-37.94252" lon="174.90938">
        <ele>72.7</ele>
      </trkpt>
      <trkpt lat="-37.94258" lon="174.9093">
        <ele>71.6</ele>
      </trkpt>
      <trkpt lat="-37.94266" lon="174.90924">
        <ele>69.9</ele>
      </trkpt>
      <trkpt lat="-37.94281" lon="174.90917">
        <ele>66.5</ele>
      </trkpt>
      <trkpt lat="-37.94289" lon="174.90912">
        <ele>65.5</ele>
      </trkpt>
      <trkpt lat="-37.94297" lon="174.90905">
        <ele>64.7</ele>
      </trkpt>
      <trkpt lat="-37.94306" lon="174.90894">
        <ele>64.4</ele>
      </trkpt>
      <trkpt lat="-37.94325" lon="174.90868">
        <ele>63.8</ele>
      </trkpt>
      <trkpt lat="-37.94332" lon="174.9086">
        <ele>63.2</ele>
      </trkpt>
      <trkpt lat="-37.94343" lon="174.90849">
        <ele>63.1</ele>
      </trkpt>
      <trkpt lat="-37.94365" lon="174.90831">
        <ele>62.4</ele>
      </trkpt>
      <trkpt lat="-37.94375" lon="174.9082">
        <ele>62.5</ele>
      </trkpt>
      <trkpt lat="-37.94386" lon="174.90804">
        <ele>63.1</ele>
      </trkpt>
      <trkpt lat="-37.94398" lon="174.90792">
        <ele>63.0</ele>
      </trkpt>
      <trkpt lat="-37.94404" lon="174.90786">
        <ele>62.9</ele>
      </trkpt>
      <trkpt lat="-37.9441" lon="174.90782">
        <ele>62.5</ele>
      </trkpt>
      <trkpt lat="-37.94438" lon="174.90772">
        <ele>60.0</ele>
      </trkpt>
      <trkpt lat="-37.94442" lon="174.90769">
        <ele>59.8</ele>
      </trkpt>
      <trkpt lat="-37.94461" lon="174.90749">
        <ele>59.7</ele>
      </trkpt>
      <trkpt lat="-37.94486" lon="174.90732">
        <ele>57.3</ele>
      </trkpt>
      <trkpt lat="-37.94492" lon="174.90727">
        <ele>56.8</ele>
      </trkpt>
      <trkpt lat="-37.94509" lon="174.90706">
        <ele>57.0</ele>
      </trkpt>
      <trkpt lat="-37.94514" lon="174.90701">
        <ele>57.4</ele>
      </trkpt>
      <trkpt lat="-37.94518" lon="174.90698">
        <ele>57.6</ele>
      </trkpt>
      <trkpt lat="-37.94523" lon="174.90695">
        <ele>57.9</ele>
      </trkpt>
      <trkpt lat="-37.94529" lon="174.90693">
        <ele>58.0</ele>
      </trkpt>
      <trkpt lat="-37.94542" lon="174.90692">
        <ele>58.1</ele>
      </trkpt>
      <trkpt lat="-37.94549" lon="174.90693">
        <ele>58.0</ele>
      </trkpt>
      <trkpt lat="-37.94589" lon="174.90705">
        <ele>55.5</ele>
      </trkpt>
      <trkpt lat="-37.94601" lon="174.90707">
        <ele>54.0</ele>
      </trkpt>
      <trkpt lat="-37.94606" lon="174.90707">
        <ele>53.5</ele>
      </trkpt>
      <trkpt lat="-37.9461" lon="174.90706">
        <ele>53.3</ele>
      </trkpt>
      <trkpt lat="-37.94622" lon="174.90698">
        <ele>53.3</ele>
      </trkpt>
      <trkpt lat="-37.94649" lon="174.90671">
        <ele>54.3</ele>
      </trkpt>
      <trkpt lat="-37.94655" lon="174.90666">
        <ele>54.3</ele>
      </trkpt>
      <trkpt lat="-37.94661" lon="174.90663">
        <ele>53.8</ele>
      </trkpt>
      <trkpt lat="-37.94686" lon="174.90652">
        <ele>50.0</ele>
      </trkpt>
      <trkpt lat="-37.94691" lon="174.90648">
        <ele>49.2</ele>
      </trkpt>
      <trkpt lat="-37.94696" lon="174.90642">
        <ele>48.5</ele>
      </trkpt>
      <trkpt lat="-37.94707" lon="174.90627">
        <ele>46.9</ele>
      </trkpt>
      <trkpt lat="-37.94712" lon="174.90613">
        <ele>46.4</ele>
      </trkpt>
      <trkpt lat="-37.94713" lon="174.90607">
        <ele>46.4</ele>
      </trkpt>
      <trkpt lat="-37.94712" lon="174.90595">
        <ele>47.0</ele>
      </trkpt>
      <trkpt lat="-37.94701" lon="174.90557">
        <ele>49.4</ele>
      </trkpt>
      <trkpt lat="-37.947" lon="174.90549">
        <ele>49.7</ele>
      </trkpt>
      <trkpt lat="-37.94698" lon="174.90531">
        <ele>50.2</ele>
      </trkpt>
      <trkpt lat="-37.94699" lon="174.90511">
        <ele>50.0</ele>
      </trkpt>
      <trkpt lat="-37.94703" lon="174.90482">
        <ele>50.4</ele>
      </trkpt>
      <trkpt lat="-37.94705" lon="174.9046">
        <ele>51.6</ele>
      </trkpt>
      <trkpt lat="-37.94707" lon="174.90451">
        <ele>51.7</ele>
      </trkpt>
      <trkpt lat="-37.94714" lon="174.90433">
        <ele>51.0</ele>
      </trkpt>
      <trkpt lat="-37.94731" lon="174.90406">
        <ele>47.9</ele>
      </trkpt>
      <trkpt lat="-37.94741" lon="174.90394">
        <ele>45.9</ele>
      </trkpt>
      <trkpt lat="-37.94751" lon="174.90385">
        <ele>44.0</ele>
      </trkpt>
      <trkpt lat="-37.94764" lon="174.90379">
        <ele>43.8</ele>
      </trkpt>
      <trkpt lat="-37.94772" lon="174.90377">
        <ele>43.6</ele>
      </trkpt>
      <trkpt lat="-37.94798" lon="174.90374">
        <ele>42.5</ele>
      </trkpt>
      <trkpt lat="-37.94803" lon="174.90375">
        <ele>42.1</ele>
      </trkpt>
      <trkpt lat="-37.94812" lon="174.90378">
        <ele>41.2</ele>
      </trkpt>
      <trkpt lat="-37.94816" lon="174.9038">
        <ele>40.7</ele>
      </trkpt>
      <trkpt lat="-37.9483" lon="174.90391">
        <ele>38.2</ele>
      </trkpt>
      <trkpt lat="-37.94841" lon="174.90398">
        <ele>36.9</ele>
      </trkpt>
      <trkpt lat="-37.94895" lon="174.90407">
        <ele>35.4</ele>
      </trkpt>
      <trkpt lat="-37.94908" lon="174.90411">
        <ele>34.8</ele>
      </trkpt>
      <trkpt lat="-37.94915" lon="174.90414">
        <ele>34.4</ele>
      </trkpt>
      <trkpt lat="-37.94931" lon="174.90423">
        <ele>33.2</ele>
      </trkpt>
      <trkpt lat="-37.9494" lon="174.90425">
        <ele>32.9</ele>
      </trkpt>
      <trkpt lat="-37.94948" lon="174.90424">
        <ele>32.8</ele>
      </trkpt>
      <trkpt lat="-37.94959" lon="174.90419">
        <ele>32.9</ele>
      </trkpt>
      <trkpt lat="-37.9499" lon="174.90396">
        <ele>33.9</ele>
      </trkpt>
      <trkpt lat="-37.95001" lon="174.90385">
        <ele>34.2</ele>
      </trkpt>
      <trkpt lat="-37.95006" lon="174.90379">
        <ele>34.2</ele>
      </trkpt>
      <trkpt lat="-37.95013" lon="174.90366">
        <ele>34.4</ele>
      </trkpt>
      <trkpt lat="-37.95021" lon="174.90358">
        <ele>34.0</ele>
      </trkpt>
      <trkpt lat="-37.95031" lon="174.90352">
        <ele>33.1</ele>
      </trkpt>
      <trkpt lat="-37.95046" lon="174.90349">
        <ele>31.5</ele>
      </trkpt>
      <trkpt lat="-37.95054" lon="174.90345">
        <ele>30.7</ele>
      </trkpt>
      <trkpt lat="-37.95066" lon="174.90335">
        <ele>29.3</ele>
      </trkpt>
      <trkpt lat="-37.95072" lon="174.90326">
        <ele>28.7</ele>
      </trkpt>
      <trkpt lat="-37.95081" lon="174.9031">
        <ele>28.1</ele>
      </trkpt>
      <trkpt lat="-37.95085" lon="174.90298">
        <ele>28.2</ele>
      </trkpt>
      <trkpt lat="-37.95088" lon="174.90279">
        <ele>28.8</ele>
      </trkpt>
      <trkpt lat="-37.95087" lon="174.90263">
        <ele>29.3</ele>
      </trkpt>
      <trkpt lat="-37.95086" lon="174.90256">
        <ele>29.6</ele>
      </trkpt>
      <trkpt lat="-37.95084" lon="174.90251">
        <ele>29.9</ele>
      </trkpt>
      <trkpt lat="-37.95074" lon="174.90235">
        <ele>31.6</ele>
      </trkpt>
      <trkpt lat="-37.95072" lon="174.9023">
        <ele>32.0</ele>
      </trkpt>
      <trkpt lat="-37.9507" lon="174.9022">
        <ele>32.7</ele>
      </trkpt>
      <trkpt lat="-37.95072" lon="174.90205">
        <ele>33.1</ele>
      </trkpt>
      <trkpt lat="-37.95079" lon="174.9017">
        <ele>33.6</ele>
      </trkpt>
      <trkpt lat="-37.95082" lon="174.90161">
        <ele>34.5</ele>
      </trkpt>
      <trkpt lat="-37.95084" lon="174.90156">
        <ele>35.4</ele>
      </trkpt>
      <trkpt lat="-37.95088" lon="174.90151">
        <ele>36.1</ele>
      </trkpt>
      <trkpt lat="-37.95093" lon="174.90148">
        <ele>36.2</ele>
      </trkpt>
      <trkpt lat="-37.95098" lon="174.90147">
        <ele>35.8</ele>
      </trkpt>
      <trkpt lat="-37.95108" lon="174.90148">
        <ele>34.5</ele>
      </trkpt>
      <trkpt lat="-37.95116" lon="174.9015">
        <ele>33.2</ele>
      </trkpt>
      <trkpt lat="-37.95128" lon="174.90152">
        <ele>31.5</ele>
      </trkpt>
      <trkpt lat="-37.95133" lon="174.90151">
        <ele>31.1</ele>
      </trkpt>
      <trkpt lat="-37.95142" lon="174.90145">
        <ele>31.2</ele>
      </trkpt>
      <trkpt lat="-37.95147" lon="174.90139">
        <ele>31.7</ele>
      </trkpt>
      <trkpt lat="-37.95157" lon="174.90125">
        <ele>32.8</ele>
      </trkpt>
      <trkpt lat="-37.95166" lon="174.90104">
        <ele>34.9</ele>
      </trkpt>
      <trkpt lat="-37.95173" lon="174.90092">
        <ele>35.6</ele>
      </trkpt>
      <trkpt lat="-37.95176" lon="174.90087">
        <ele>35.8</ele>
      </trkpt>
      <trkpt lat="-37.95195" lon="174.90076">
        <ele>34.3</ele>
      </trkpt>
      <trkpt lat="-37.95203" lon="174.9007">
        <ele>34.0</ele>
      </trkpt>
      <trkpt lat="-37.9521" lon="174.90063">
        <ele>34.0</ele>
      </trkpt>
      <trkpt lat="-37.95234" lon="174.90035">
        <ele>34.3</ele>
      </trkpt>
      <trkpt lat="-37.95257" lon="174.90005">
        <ele>34.9</ele>
      </trkpt>
      <trkpt lat="-37.95265" lon="174.89994">
        <ele>35.6</ele>
      </trkpt>
      <trkpt lat="-37.95286" lon="174.89955">
        <ele>39.7</ele>
      </trkpt>
      <trkpt lat="-37.95302" lon="174.89929">
        <ele>40.2</ele>
      </trkpt>
      <trkpt lat="-37.95312" lon="174.8991">
        <ele>40.8</ele>
      </trkpt>
      <trkpt lat="-37.95319" lon="174.89896">
        <ele>42.2</ele>
      </trkpt>
      <trkpt lat="-37.95333" lon="174.89873">
        <ele>44.1</ele>
      </trkpt>
      <trkpt lat="-37.95337" lon="174.89869">
        <ele>44.2</ele>
      </trkpt>
      <trkpt lat="-37.95344" lon="174.89865">
        <ele>43.3</ele>
      </trkpt>
      <trkpt lat="-37.95386" lon="174.89855">
        <ele>33.8</ele>
      </trkpt>
      <trkpt lat="-37.95394" lon="174.89853">
        <ele>31.8</ele>
      </trkpt>
      <trkpt lat="-37.95402" lon="174.89849">
        <ele>30.1</ele>
      </trkpt>
      <trkpt lat="-37.95409" lon="174.89843">
        <ele>29.0</ele>
      </trkpt>
      <trkpt lat="-37.95417" lon="174.89834">
        <ele>27.9</ele>
      </trkpt>
      <trkpt lat="-37.95434" lon="174.89806">
        <ele>29.5</ele>
      </trkpt>
      <trkpt lat="-37.95452" lon="174.89769">
        <ele>30.8</ele>
      </trkpt>
      <trkpt lat="-37.95462" lon="174.89745">
        <ele>31.3</ele>
      </trkpt>
      <trkpt lat="-37.9548" lon="174.8969">
        <ele>34.3</ele>
      </trkpt>
      <trkpt lat="-37.95483" lon="174.89683">
        <ele>34.4</ele>
      </trkpt>
      <trkpt lat="-37.95487" lon="174.89675">
        <ele>34.2</ele>
      </trkpt>
      <trkpt lat="-37.95491" lon="174.8967">
        <ele>33.6</ele>
      </trkpt>
      <trkpt lat="-37.95497" lon="174.89664">
        <ele>32.6</ele>
      </trkpt>
      <trkpt lat="-37.9554" lon="174.89632">
        <ele>29.8</ele>
      </trkpt>
      <trkpt lat="-37.95548" lon="174.89627">
        <ele>28.8</ele>
      </trkpt>
      <trkpt lat="-37.95571" lon="174.89615">
        <ele>25.0</ele>
      </trkpt>
      <trkpt lat="-37.95579" lon="174.8961">
        <ele>23.6</ele>
      </trkpt>
      <trkpt lat="-37.95585" lon="174.89604">
        <ele>23.1</ele>
      </trkpt>
      <trkpt lat="-37.95591" lon="174.89596">
        <ele>23.2</ele>
      </trkpt>
      <trkpt lat="-37.95598" lon="174.89582">
        <ele>23.6</ele>
      </trkpt>
      <trkpt lat="-37.95606" lon="174.89561">
        <ele>23.4</ele>
      </trkpt>
      <trkpt lat="-37.95609" lon="174.89545">
        <ele>23.7</ele>
      </trkpt>
      <trkpt lat="-37.95613" lon="174.89502">
        <ele>25.1</ele>
      </trkpt>
      <trkpt lat="-37.95615" lon="174.8949">
        <ele>25.6</ele>
      </trkpt>
      <trkpt lat="-37.95622" lon="174.8947">
        <ele>25.8</ele>
      </trkpt>
      <trkpt lat="-37.95627" lon="174.89462">
        <ele>25.5</ele>
      </trkpt>
      <trkpt lat="-37.95632" lon="174.89454">
        <ele>25.4</ele>
      </trkpt>
      <trkpt lat="-37.95644" lon="174.89443">
        <ele>24.4</ele>
      </trkpt>
      <trkpt lat="-37.95651" lon="174.89438">
        <ele>23.8</ele>
      </trkpt>
      <trkpt lat="-37.95665" lon="174.89432">
        <ele>22.2</ele>
      </trkpt>
      <trkpt lat="-37.95677" lon="174.89431">
        <ele>20.9</ele>
      </trkpt>
      <trkpt lat="-37.95683" lon="174.89429">
        <ele>20.3</ele>
      </trkpt>
      <trkpt lat="-37.95689" lon="174.89427">
        <ele>19.8</ele>
      </trkpt>
      <trkpt lat="-37.95694" lon="174.89423">
        <ele>19.5</ele>
      </trkpt>
      <trkpt lat="-37.95697" lon="174.89418">
        <ele>19.5</ele>
      </trkpt>
      <trkpt lat="-37.95699" lon="174.89412">
        <ele>19.6</ele>
      </trkpt>
      <trkpt lat="-37.95705" lon="174.89378">
        <ele>20.5</ele>
      </trkpt>
      <trkpt lat="-37.95713" lon="174.89348">
        <ele>20.3</ele>
      </trkpt>
      <trkpt lat="-37.9572" lon="174.89326">
        <ele>19.5</ele>
      </trkpt>
      <trkpt lat="-37.95723" lon="174.89317">
        <ele>19.3</ele>
      </trkpt>
      <trkpt lat="-37.95732" lon="174.89302">
        <ele>18.0</ele>
      </trkpt>
      <trkpt lat="-37.95735" lon="174.89297">
        <ele>17.5</ele>
      </trkpt>
      <trkpt lat="-37.95743" lon="174.8929">
        <ele>16.1</ele>
      </trkpt>
      <trkpt lat="-37.95785" lon="174.8933">
        <ele>10.4</ele>
      </trkpt>
      <trkpt lat="-37.958" lon="174.89341">
        <ele>9.7</ele>
      </trkpt>
      <trkpt lat="-37.95809" lon="174.89345">
        <ele>9.4</ele>
      </trkpt>
      <trkpt lat="-37.95823" lon="174.89348">
        <ele>8.8</ele>
      </trkpt>
      <trkpt lat="-37.95835" lon="174.89348">
        <ele>9.3</ele>
      </trkpt>
      <trkpt lat="-37.9585" lon="174.89347">
        <ele>10.0</ele>
      </trkpt>
      <trkpt lat="-37.95876" lon="174.89347">
        <ele>11.2</ele>
      </trkpt>
      <trkpt lat="-37.959" lon="174.89345">
        <ele>12.4</ele>
      </trkpt>
      <trkpt lat="-37.95912" lon="174.89343">
        <ele>12.9</ele>
      </trkpt>
      <trkpt lat="-37.95954" lon="174.89329">
        <ele>15.8</ele>
      </trkpt>
      <trkpt lat="-37.95983" lon="174.89324">
        <ele>18.4</ele>
      </trkpt>
      <trkpt lat="-37.95983" lon="174.89324">
        <ele>18.4</ele>
      </trkpt>
      <trkpt lat="-37.95996" lon="174.89323">
        <ele>19.7</ele>
      </trkpt>
      <trkpt lat="-37.96001" lon="174.89325">
        <ele>20.4</ele>
      </trkpt>
      <trkpt lat="-37.96007" lon="174.89328">
        <ele>21.1</ele>
      </trkpt>
      <trkpt lat="-37.96024" lon="174.89341">
        <ele>23.4</ele>
      </trkpt>
      <trkpt lat="-37.96034" lon="174.89345">
        <ele>24.4</ele>
      </trkpt>
      <trkpt lat="-37.96039" lon="174.89345">
        <ele>24.7</ele>
      </trkpt>
      <trkpt lat="-37.96044" lon="174.89344">
        <ele>25.0</ele>
      </trkpt>
      <trkpt lat="-37.9605" lon="174.89341">
        <ele>25.2</ele>
      </trkpt>
      <trkpt lat="-37.96079" lon="174.89309">
        <ele>24.9</ele>
      </trkpt>
      <trkpt lat="-37.96095" lon="174.89299">
        <ele>23.5</ele>
      </trkpt>
      <trkpt lat="-37.96103" lon="174.89296">
        <ele>22.6</ele>
      </trkpt>
      <trkpt lat="-37.96114" lon="174.89293">
        <ele>21.5</ele>
      </trkpt>
      <trkpt lat="-37.96119" lon="174.89292">
        <ele>21.0</ele>
      </trkpt>
      <trkpt lat="-37.96127" lon="174.89294">
        <ele>20.4</ele>
      </trkpt>
      <trkpt lat="-37.9613" lon="174.89297">
        <ele>20.3</ele>
      </trkpt>
      <trkpt lat="-37.96133" lon="174.89301">
        <ele>20.1</ele>
      </trkpt>
      <trkpt lat="-37.96134" lon="174.89306">
        <ele>20.1</ele>
      </trkpt>
      <trkpt lat="-37.96135" lon="174.89313">
        <ele>20.2</ele>
      </trkpt>
      <trkpt lat="-37.9613" lon="174.89384">
        <ele>23.8</ele>
      </trkpt>
      <trkpt lat="-37.96131" lon="174.89396">
        <ele>24.2</ele>
      </trkpt>
      <trkpt lat="-37.96135" lon="174.89428">
        <ele>24.9</ele>
      </trkpt>
      <trkpt lat="-37.96142" lon="174.8946">
        <ele>24.7</ele>
      </trkpt>
      <trkpt lat="-37.96146" lon="174.89471">
        <ele>24.4</ele>
      </trkpt>
      <trkpt lat="-37.96151" lon="174.8948">
        <ele>23.9</ele>
      </trkpt>
      <trkpt lat="-37.9617" lon="174.89504">
        <ele>21.6</ele>
      </trkpt>
      <trkpt lat="-37.96182" lon="174.89521">
        <ele>20.2</ele>
      </trkpt>
      <trkpt lat="-37.9619" lon="174.89538">
        <ele>19.5</ele>
      </trkpt>
      <trkpt lat="-37.96195" lon="174.89547">
        <ele>19.1</ele>
      </trkpt>
      <trkpt lat="-37.96201" lon="174.89554">
        <ele>18.5</ele>
      </trkpt>
      <trkpt lat="-37.96225" lon="174.89568">
        <ele>16.1</ele>
      </trkpt>
      <trkpt lat="-37.96232" lon="174.89573">
        <ele>15.5</ele>
      </trkpt>
      <trkpt lat="-37.96253" lon="174.89591">
        <ele>15.1</ele>
      </trkpt>
      <trkpt lat="-37.96268" lon="174.89601">
        <ele>15.6</ele>
      </trkpt>
      <trkpt lat="-37.96291" lon="174.89621">
        <ele>15.7</ele>
      </trkpt>
      <trkpt lat="-37.96303" lon="174.89635">
        <ele>15.4</ele>
      </trkpt>
      <trkpt lat="-37.96332" lon="174.89672">
        <ele>12.7</ele>
      </trkpt>
      <trkpt lat="-37.96336" lon="174.89678">
        <ele>12.9</ele>
      </trkpt>
      <trkpt lat="-37.96339" lon="174.89686">
        <ele>13.5</ele>
      </trkpt>
      <trkpt lat="-37.9634" lon="174.89694">
        <ele>14.0</ele>
      </trkpt>
      <trkpt lat="-37.9634" lon="174.89716">
        <ele>15.7</ele>
      </trkpt>
      <trkpt lat="-37.9634" lon="174.89724">
        <ele>16.3</ele>
      </trkpt>
      <trkpt lat="-37.96342" lon="174.89732">
        <ele>16.7</ele>
      </trkpt>
      <trkpt lat="-37.96344" lon="174.8974">
        <ele>17.0</ele>
      </trkpt>
      <trkpt lat="-37.96349" lon="174.89751">
        <ele>17.3</ele>
      </trkpt>
      <trkpt lat="-37.96379" lon="174.89807">
        <ele>19.6</ele>
      </trkpt>
      <trkpt lat="-37.96404" lon="174.89851">
        <ele>19.0</ele>
      </trkpt>
      <trkpt lat="-37.96441" lon="174.89905">
        <ele>21.3</ele>
      </trkpt>
      <trkpt lat="-37.96477" lon="174.89959">
        <ele>22.8</ele>
      </trkpt>
      <trkpt lat="-37.96533" lon="174.90024">
        <ele>20.2</ele>
      </trkpt>
      <trkpt lat="-37.96572" lon="174.90061">
        <ele>17.5</ele>
      </trkpt>
      <trkpt lat="-37.96612" lon="174.90098">
        <ele>16.9</ele>
      </trkpt>
      <trkpt lat="-37.96672" lon="174.90164">
        <ele>14.4</ele>
      </trkpt>
      <trkpt lat="-37.96732" lon="174.90229">
        <ele>10.5</ele>
      </trkpt>
      <trkpt lat="-37.96791" lon="174.90294">
        <ele>9.0</ele>
      </trkpt>
      <trkpt lat="-37.96808" lon="174.90313">
        <ele>8.6</ele>
      </trkpt>
      <trkpt lat="-37.96817" lon="174.90323">
        <ele>8.4</ele>
      </trkpt>
      <trkpt lat="-37.96827" lon="174.90331">
        <ele>8.2</ele>
      </trkpt>
      <trkpt lat="-37.96837" lon="174.90335">
        <ele>8.1</ele>
      </trkpt>
      <trkpt lat="-37.96851" lon="174.9034">
        <ele>8.4</ele>
      </trkpt>
      <trkpt lat="-37.96894" lon="174.90342">
        <ele>9.5</ele>
      </trkpt>
      <trkpt lat="-37.96902" lon="174.90344">
        <ele>9.8</ele>
      </trkpt>
      <trkpt lat="-37.9691" lon="174.90349">
        <ele>10.0</ele>
      </trkpt>
      <trkpt lat="-37.96917" lon="174.90355">
        <ele>10.3</ele>
      </trkpt>
      <trkpt lat="-37.96926" lon="174.90366">
        <ele>10.7</ele>
      </trkpt>
      <trkpt lat="-37.96943" lon="174.90398">
        <ele>11.9</ele>
      </trkpt>
      <trkpt lat="-37.96959" lon="174.90419">
        <ele>13.0</ele>
      </trkpt>
      <trkpt lat="-37.96969" lon="174.90434">
        <ele>13.5</ele>
      </trkpt>
      <trkpt lat="-37.96978" lon="174.90454">
        <ele>13.9</ele>
      </trkpt>
      <trkpt lat="-37.96994" lon="174.90503">
        <ele>14.7</ele>
      </trkpt>
      <trkpt lat="-37.97" lon="174.90514">
        <ele>14.8</ele>
      </trkpt>
      <trkpt lat="-37.97008" lon="174.90525">
        <ele>15.1</ele>
      </trkpt>
      <trkpt lat="-37.97018" lon="174.90535">
        <ele>15.4</ele>
      </trkpt>
      <trkpt lat="-37.97026" lon="174.90541">
        <ele>15.6</ele>
      </trkpt>
      <trkpt lat="-37.97036" lon="174.90545">
        <ele>16.0</ele>
      </trkpt>
      <trkpt lat="-37.97048" lon="174.90546">
        <ele>16.4</ele>
      </trkpt>
      <trkpt lat="-37.97059" lon="174.90545">
        <ele>16.9</ele>
      </trkpt>
      <trkpt lat="-37.97077" lon="174.90542">
        <ele>17.7</ele>
      </trkpt>
      <trkpt lat="-37.97094" lon="174.90536">
        <ele>18.3</ele>
      </trkpt>
      <trkpt lat="-37.97142" lon="174.90515">
        <ele>19.0</ele>
      </trkpt>
      <trkpt lat="-37.97191" lon="174.90494">
        <ele>20.1</ele>
      </trkpt>
      <trkpt lat="-37.97208" lon="174.90481">
        <ele>20.9</ele>
      </trkpt>
      <trkpt lat="-37.9722" lon="174.90455">
        <ele>21.7</ele>
      </trkpt>
      <trkpt lat="-37.97229" lon="174.90432">
        <ele>22.6</ele>
      </trkpt>
      <trkpt lat="-37.9724" lon="174.90414">
        <ele>23.8</ele>
      </trkpt>
      <trkpt lat="-37.97265" lon="174.90387">
        <ele>26.7</ele>
      </trkpt>
      <trkpt lat="-37.97274" lon="174.90374">
        <ele>28.2</ele>
      </trkpt>
      <trkpt lat="-37.97276" lon="174.90351">
        <ele>28.4</ele>
      </trkpt>
      <trkpt lat="-37.97275" lon="174.90329">
        <ele>27.9</ele>
      </trkpt>
      <trkpt lat="-37.97282" lon="174.90302">
        <ele>28.6</ele>
      </trkpt>
      <trkpt lat="-37.97313" lon="174.90272">
        <ele>32.3</ele>
      </trkpt>
      <trkpt lat="-37.97338" lon="174.9025">
        <ele>34.1</ele>
      </trkpt>
      <trkpt lat="-37.97369" lon="174.90231">
        <ele>40.8</ele>
      </trkpt>
      <trkpt lat="-37.97429" lon="174.90212">
        <ele>51.9</ele>
      </trkpt>
      <trkpt lat="-37.97442" lon="174.90211">
        <ele>54.5</ele>
      </trkpt>
      <trkpt lat="-37.97462" lon="174.90216">
        <ele>58.8</ele>
      </trkpt>
      <trkpt lat="-37.97474" lon="174.90206">
        <ele>61.0</ele>
      </trkpt>
      <trkpt lat="-37.97477" lon="174.90182">
        <ele>61.2</ele>
      </trkpt>
      <trkpt lat="-37.97471" lon="174.90171">
        <ele>59.5</ele>
      </trkpt>
      <trkpt lat="-37.97442" lon="174.90159">
        <ele>53.3</ele>
      </trkpt>
      <trkpt lat="-37.97431" lon="174.90148">
        <ele>52.8</ele>
      </trkpt>
      <trkpt lat="-37.97429" lon="174.90134">
        <ele>55.4</ele>
      </trkpt>
      <trkpt lat="-37.97433" lon="174.90116">
        <ele>60.3</ele>
      </trkpt>
      <trkpt lat="-37.9743" lon="174.90103">
        <ele>62.4</ele>
      </trkpt>
      <trkpt lat="-37.9742" lon="174.90097">
        <ele>61.6</ele>
      </trkpt>
      <trkpt lat="-37.97398" lon="174.90087">
        <ele>60.7</ele>
      </trkpt>
      <trkpt lat="-37.97378" lon="174.90066">
        <ele>62.4</ele>
      </trkpt>
      <trkpt lat="-37.97366" lon="174.90064">
        <ele>60.9</ele>
      </trkpt>
      <trkpt lat="-37.97355" lon="174.90071">
        <ele>57.9</ele>
      </trkpt>
      <trkpt lat="-37.97338" lon="174.90089">
        <ele>52.3</ele>
      </trkpt>
      <trkpt lat="-37.97314" lon="174.90085">
        <ele>50.3</ele>
      </trkpt>
      <trkpt lat="-37.97309" lon="174.90072">
        <ele>51.2</ele>
      </trkpt>
      <trkpt lat="-37.97316" lon="174.90044">
        <ele>55.1</ele>
      </trkpt>
      <trkpt lat="-37.9733" lon="174.90024">
        <ele>60.1</ele>
      </trkpt>
      <trkpt lat="-37.97346" lon="174.89996">
        <ele>67.5</ele>
      </trkpt>
      <trkpt lat="-37.97352" lon="174.89959">
        <ele>70.1</ele>
      </trkpt>
      <trkpt lat="-37.97352" lon="174.89933">
        <ele>70.9</ele>
      </trkpt>
      <trkpt lat="-37.97341" lon="174.8989">
        <ele>69.3</ele>
      </trkpt>
      <trkpt lat="-37.97347" lon="174.89868">
        <ele>69.9</ele>
      </trkpt>
      <trkpt lat="-37.97354" lon="174.89862">
        <ele>70.4</ele>
      </trkpt>
      <trkpt lat="-37.97365" lon="174.89854">
        <ele>71.0</ele>
      </trkpt>
      <trkpt lat="-37.97394" lon="174.89846">
        <ele>72.4</ele>
      </trkpt>
      <trkpt lat="-37.974" lon="174.89847">
        <ele>72.8</ele>
      </trkpt>
      <trkpt lat="-37.97408" lon="174.89855">
        <ele>74.2</ele>
      </trkpt>
      <trkpt lat="-37.97424" lon="174.8989">
        <ele>79.3</ele>
      </trkpt>
      <trkpt lat="-37.97425" lon="174.89898">
        <ele>80.3</ele>
      </trkpt>
      <trkpt lat="-37.97429" lon="174.89904">
        <ele>81.1</ele>
      </trkpt>
      <trkpt lat="-37.97436" lon="174.89907">
        <ele>81.4</ele>
      </trkpt>
      <trkpt lat="-37.97446" lon="174.89903">
        <ele>80.6</ele>
      </trkpt>
      <trkpt lat="-37.97454" lon="174.89898">
        <ele>79.6</ele>
      </trkpt>
      <trkpt lat="-37.97464" lon="174.89893">
        <ele>78.5</ele>
      </trkpt>
      <trkpt lat="-37.97479" lon="174.89906">
        <ele>80.4</ele>
      </trkpt>
      <trkpt lat="-37.97513" lon="174.89962">
        <ele>88.7</ele>
      </trkpt>
      <trkpt lat="-37.97521" lon="174.8997">
        <ele>90.1</ele>
      </trkpt>
      <trkpt lat="-37.97533" lon="174.89978">
        <ele>91.8</ele>
      </trkpt>
      <trkpt lat="-37.9755" lon="174.89979">
        <ele>92.5</ele>
      </trkpt>
      <trkpt lat="-37.9757" lon="174.89955">
        <ele>88.2</ele>
      </trkpt>
      <trkpt lat="-37.97584" lon="174.89948">
        <ele>86.8</ele>
      </trkpt>
      <trkpt lat="-37.976" lon="174.89953">
        <ele>88.9</ele>
      </trkpt>
      <trkpt lat="-37.97614" lon="174.8996">
        <ele>91.2</ele>
      </trkpt>
      <trkpt lat="-37.97624" lon="174.89976">
        <ele>95.1</ele>
      </trkpt>
      <trkpt lat="-37.97633" lon="174.89998">
        <ele>100.0</ele>
      </trkpt>
      <trkpt lat="-37.97653" lon="174.90007">
        <ele>101.9</ele>
      </trkpt>
      <trkpt lat="-37.97669" lon="174.90004">
        <ele>103.0</ele>
      </trkpt>
      <trkpt lat="-37.97694" lon="174.8998">
        <ele>105.1</ele>
      </trkpt>
      <trkpt lat="-37.97702" lon="174.89967">
        <ele>104.5</ele>
      </trkpt>
      <trkpt lat="-37.97721" lon="174.89953">
        <ele>106.2</ele>
      </trkpt>
      <trkpt lat="-37.97768" lon="174.89897">
        <ele>104.4</ele>
      </trkpt>
      <trkpt lat="-37.97798" lon="174.89875">
        <ele>104.2</ele>
      </trkpt>
      <trkpt lat="-37.97827" lon="174.89865">
        <ele>105.6</ele>
      </trkpt>
      <trkpt lat="-37.97851" lon="174.8987">
        <ele>105.9</ele>
      </trkpt>
      <trkpt lat="-37.97866" lon="174.89879">
        <ele>106.4</ele>
      </trkpt>
      <trkpt lat="-37.97896" lon="174.89901">
        <ele>107.3</ele>
      </trkpt>
      <trkpt lat="-37.97935" lon="174.8994">
        <ele>111.3</ele>
      </trkpt>
      <trkpt lat="-37.97955" lon="174.8994">
        <ele>112.6</ele>
      </trkpt>
      <trkpt lat="-37.97987" lon="174.89922">
        <ele>110.7</ele>
      </trkpt>
      <trkpt lat="-37.9801" lon="174.89916">
        <ele>109.8</ele>
      </trkpt>
      <trkpt lat="-37.9805" lon="174.89913">
        <ele>109.0</ele>
      </trkpt>
      <trkpt lat="-37.9807" lon="174.8992">
        <ele>110.0</ele>
      </trkpt>
      <trkpt lat="-37.98088" lon="174.89932">
        <ele>113.0</ele>
      </trkpt>
      <trkpt lat="-37.98118" lon="174.8998">
        <ele>120.5</ele>
      </trkpt>
      <trkpt lat="-37.98174" lon="174.9003">
        <ele>121.7</ele>
      </trkpt>
      <trkpt lat="-37.98194" lon="174.90034">
        <ele>122.7</ele>
      </trkpt>
      <trkpt lat="-37.9821" lon="174.90038">
        <ele>123.4</ele>
      </trkpt>
      <trkpt lat="-37.9824" lon="174.90058">
        <ele>125.0</ele>
      </trkpt>
      <trkpt lat="-37.98288" lon="174.90095">
        <ele>127.9</ele>
      </trkpt>
      <trkpt lat="-37.98299" lon="174.90102">
        <ele>128.8</ele>
      </trkpt>
      <trkpt lat="-37.98313" lon="174.90102">
        <ele>128.5</ele>
      </trkpt>
      <trkpt lat="-37.98331" lon="174.90083">
        <ele>126.1</ele>
      </trkpt>
      <trkpt lat="-37.98335" lon="174.90068">
        <ele>129.1</ele>
      </trkpt>
      <trkpt lat="-37.9833" lon="174.9004">
        <ele>132.9</ele>
      </trkpt>
      <trkpt lat="-37.98323" lon="174.90026">
        <ele>134.0</ele>
      </trkpt>
      <trkpt lat="-37.983" lon="174.90011">
        <ele>131.6</ele>
      </trkpt>
      <trkpt lat="-37.98285" lon="174.89989">
        <ele>129.9</ele>
      </trkpt>
      <trkpt lat="-37.98269" lon="174.89943">
        <ele>129.9</ele>
      </trkpt>
      <trkpt lat="-37.98268" lon="174.89894">
        <ele>130.7</ele>
      </trkpt>
      <trkpt lat="-37.98286" lon="174.89839">
        <ele>131.4</ele>
      </trkpt>
      <trkpt lat="-37.98308" lon="174.89818">
        <ele>133.7</ele>
      </trkpt>
      <trkpt lat="-37.98324" lon="174.89809">
        <ele>135.0</ele>
      </trkpt>
      <trkpt lat="-37.9835" lon="174.89809">
        <ele>135.6</ele>
      </trkpt>
      <trkpt lat="-37.98374" lon="174.89815">
        <ele>135.3</ele>
      </trkpt>
      <trkpt lat="-37.98407" lon="174.89836">
        <ele>135.0</ele>
      </trkpt>
      <trkpt lat="-37.9843" lon="174.89869">
        <ele>140.7</ele>
      </trkpt>
      <trkpt lat="-37.98456" lon="174.89896">
        <ele>144.8</ele>
      </trkpt>
      <trkpt lat="-37.98487" lon="174.89906">
        <ele>145.4</ele>
      </trkpt>
      <trkpt lat="-37.98534" lon="174.89907">
        <ele>146.1</ele>
      </trkpt>
      <trkpt lat="-37.98565" lon="174.89889">
        <ele>145.8</ele>
      </trkpt>
      <trkpt lat="-37.98595" lon="174.89869">
        <ele>145.4</ele>
      </trkpt>
      <trkpt lat="-37.98637" lon="174.89834">
        <ele>141.8</ele>
      </trkpt>
      <trkpt lat="-37.98693" lon="174.89793">
        <ele>137.0</ele>
      </trkpt>
      <trkpt lat="-37.98702" lon="174.89753">
        <ele>133.0</ele>
      </trkpt>
      <trkpt lat="-37.98706" lon="174.89715">
        <ele>129.6</ele>
      </trkpt>
      <trkpt lat="-37.98709" lon="174.89648">
        <ele>123.3</ele>
      </trkpt>
      <trkpt lat="-37.98753" lon="174.89551">
        <ele>113.8</ele>
      </trkpt>
      <trkpt lat="-37.98777" lon="174.89535">
        <ele>113.3</ele>
      </trkpt>
      <trkpt lat="-37.98798" lon="174.89524">
        <ele>113.0</ele>
      </trkpt>
      <trkpt lat="-37.98808" lon="174.89514">
        <ele>112.5</ele>
      </trkpt>
      <trkpt lat="-37.98819" lon="174.89484">
        <ele>110.0</ele>
      </trkpt>
      <trkpt lat="-37.98819" lon="174.89455">
        <ele>107.0</ele>
      </trkpt>
      <trkpt lat="-37.9881" lon="174.894">
        <ele>103.7</ele>
      </trkpt>
      <trkpt lat="-37.98808" lon="174.89372">
        <ele>104.0</ele>
      </trkpt>
      <trkpt lat="-37.98808" lon="174.89337">
        <ele>104.1</ele>
      </trkpt>
      <trkpt lat="-37.9881" lon="174.89299">
        <ele>102.0</ele>
      </trkpt>
      <trkpt lat="-37.98827" lon="174.89251">
        <ele>99.8</ele>
      </trkpt>
      <trkpt lat="-37.98824" lon="174.89218">
        <ele>98.1</ele>
      </trkpt>
      <trkpt lat="-37.98824" lon="174.89191">
        <ele>96.7</ele>
      </trkpt>
      <trkpt lat="-37.98828" lon="174.89163">
        <ele>96.1</ele>
      </trkpt>
      <trkpt lat="-37.98838" lon="174.89151">
        <ele>97.0</ele>
      </trkpt>
      <trkpt lat="-37.98852" lon="174.89142">
        <ele>98.0</ele>
      </trkpt>
      <trkpt lat="-37.98886" lon="174.89107">
        <ele>99.3</ele>
      </trkpt>
      <trkpt lat="-37.98903" lon="174.89071">
        <ele>98.2</ele>
      </trkpt>
      <trkpt lat="-37.98908" lon="174.89031">
        <ele>95.3</ele>
      </trkpt>
      <trkpt lat="-37.9892" lon="174.8901">
        <ele>94.1</ele>
      </trkpt>
      <trkpt lat="-37.98932" lon="174.88999">
        <ele>94.0</ele>
      </trkpt>
      <trkpt lat="-37.98961" lon="174.88996">
        <ele>95.8</ele>
      </trkpt>
      <trkpt lat="-37.99013" lon="174.88993">
        <ele>97.8</ele>
      </trkpt>
      <trkpt lat="-37.99035" lon="174.88984">
        <ele>96.8</ele>
      </trkpt>
      <trkpt lat="-37.99114" lon="174.88936">
        <ele>98.5</ele>
      </trkpt>
      <trkpt lat="-37.9914" lon="174.88931">
        <ele>95.7</ele>
      </trkpt>
      <trkpt lat="-37.99158" lon="174.88919">
        <ele>94.1</ele>
      </trkpt>
      <trkpt lat="-37.99197" lon="174.88868">
        <ele>90.7</ele>
      </trkpt>
      <trkpt lat="-37.99229" lon="174.88808">
        <ele>91.2</ele>
      </trkpt>
      <trkpt lat="-37.99248" lon="174.88793">
        <ele>90.6</ele>
      </trkpt>
      <trkpt lat="-37.99264" lon="174.88791">
        <ele>91.3</ele>
      </trkpt>
      <trkpt lat="-37.99284" lon="174.88803">
        <ele>89.7</ele>
      </trkpt>
      <trkpt lat="-37.99296" lon="174.88821">
        <ele>86.9</ele>
      </trkpt>
      <trkpt lat="-37.99305" lon="174.88848">
        <ele>82.9</ele>
      </trkpt>
      <trkpt lat="-37.99327" lon="174.88878">
        <ele>78.7</ele>
      </trkpt>
      <trkpt lat="-37.99373" lon="174.88899">
        <ele>74.0</ele>
      </trkpt>
      <trkpt lat="-37.9941" lon="174.88887">
        <ele>75.8</ele>
      </trkpt>
      <trkpt lat="-37.99447" lon="174.88893">
        <ele>76.7</ele>
      </trkpt>
      <trkpt lat="-37.99476" lon="174.88902">
        <ele>77.1</ele>
      </trkpt>
      <trkpt lat="-37.9951" lon="174.88909">
        <ele>77.7</ele>
      </trkpt>
      <trkpt lat="-37.99526" lon="174.88915">
        <ele>76.9</ele>
      </trkpt>
      <trkpt lat="-37.99555" lon="174.8891">
        <ele>78.4</ele>
      </trkpt>
      <trkpt lat="-37.99587" lon="174.88899">
        <ele>80.6</ele>
      </trkpt>
      <trkpt lat="-37.99616" lon="174.88918">
        <ele>77.9</ele>
      </trkpt>
      <trkpt lat="-37.99647" lon="174.88923">
        <ele>78.9</ele>
      </trkpt>
      <trkpt lat="-37.99677" lon="174.88914">
        <ele>78.0</ele>
      </trkpt>
      <trkpt lat="-37.997" lon="174.889">
        <ele>79.4</ele>
      </trkpt>
      <trkpt lat="-37.99712" lon="174.88881">
        <ele>78.8</ele>
      </trkpt>
      <trkpt lat="-37.99718" lon="174.88863">
        <ele>77.4</ele>
      </trkpt>
      <trkpt lat="-37.99723" lon="174.88851">
        <ele>76.1</ele>
      </trkpt>
      <trkpt lat="-37.99737" lon="174.88842">
        <ele>73.8</ele>
      </trkpt>
      <trkpt lat="-37.99755" lon="174.88837">
        <ele>71.6</ele>
      </trkpt>
      <trkpt lat="-37.99787" lon="174.88836">
        <ele>71.5</ele>
      </trkpt>
      <trkpt lat="-37.99816" lon="174.88833">
        <ele>70.9</ele>
      </trkpt>
      <trkpt lat="-37.99825" lon="174.88822">
        <ele>68.9</ele>
      </trkpt>
      <trkpt lat="-37.99848" lon="174.88785">
        <ele>61.2</ele>
      </trkpt>
      <trkpt lat="-37.99865" lon="174.88781">
        <ele>60.5</ele>
      </trkpt>
      <trkpt lat="-37.99893" lon="174.88792">
        <ele>62.9</ele>
      </trkpt>
      <trkpt lat="-37.99938" lon="174.88819">
        <ele>69.2</ele>
      </trkpt>
      <trkpt lat="-37.99955" lon="174.88813">
        <ele>68.8</ele>
      </trkpt>
      <trkpt lat="-37.99964" lon="174.88802">
        <ele>68.4</ele>
      </trkpt>
      <trkpt lat="-37.99967" lon="174.88784">
        <ele>67.8</ele>
      </trkpt>
      <trkpt lat="-37.99954" lon="174.88755">
        <ele>63.4</ele>
      </trkpt>
      <trkpt lat="-37.99944" lon="174.88737">
        <ele>59.5</ele>
      </trkpt>
      <trkpt lat="-37.99952" lon="174.88716">
        <ele>59.8</ele>
      </trkpt>
      <trkpt lat="-37.99967" lon="174.88694">
        <ele>62.5</ele>
      </trkpt>
      <trkpt lat="-38.00027" lon="174.8864">
        <ele>71.5</ele>
      </trkpt>
      <trkpt lat="-38.00092" lon="174.88564">
        <ele>78.7</ele>
      </trkpt>
      <trkpt lat="-38.00125" lon="174.88542">
        <ele>82.0</ele>
      </trkpt>
      <trkpt lat="-38.00155" lon="174.88533">
        <ele>83.8</ele>
      </trkpt>
      <trkpt lat="-38.00184" lon="174.88533">
        <ele>85.2</ele>
      </trkpt>
      <trkpt lat="-38.00199" lon="174.88538">
        <ele>86.2</ele>
      </trkpt>
      <trkpt lat="-38.0025" lon="174.88548">
        <ele>87.9</ele>
      </trkpt>
      <trkpt lat="-38.00272" lon="174.88537">
        <ele>90.4</ele>
      </trkpt>
      <trkpt lat="-38.00283" lon="174.88517">
        <ele>92.5</ele>
      </trkpt>
      <trkpt lat="-38.00286" lon="174.88492">
        <ele>95.9</ele>
      </trkpt>
      <trkpt lat="-38.00271" lon="174.88464">
        <ele>100.4</ele>
      </trkpt>
      <trkpt lat="-38.00227" lon="174.88432">
        <ele>101.3</ele>
      </trkpt>
      <trkpt lat="-38.00195" lon="174.8841">
        <ele>99.8</ele>
      </trkpt>
      <trkpt lat="-38.00164" lon="174.88384">
        <ele>96.9</ele>
      </trkpt>
      <trkpt lat="-38.00152" lon="174.88345">
        <ele>99.6</ele>
      </trkpt>
      <trkpt lat="-38.0015" lon="174.88319">
        <ele>99.5</ele>
      </trkpt>
      <trkpt lat="-38.00157" lon="174.88296">
        <ele>99.0</ele>
      </trkpt>
      <trkpt lat="-38.00172" lon="174.88269">
        <ele>99.6</ele>
      </trkpt>
      <trkpt lat="-38.0019" lon="174.88255">
        <ele>101.5</ele>
      </trkpt>
      <trkpt lat="-38.00221" lon="174.88249">
        <ele>105.9</ele>
      </trkpt>
      <trkpt lat="-38.00264" lon="174.88263">
        <ele>113.4</ele>
      </trkpt>
      <trkpt lat="-38.00289" lon="174.8828">
        <ele>117.0</ele>
      </trkpt>
      <trkpt lat="-38.00305" lon="174.88299">
        <ele>121.3</ele>
      </trkpt>
      <trkpt lat="-38.00317" lon="174.88317">
        <ele>125.6</ele>
      </trkpt>
      <trkpt lat="-38.00339" lon="174.88323">
        <ele>126.9</ele>
      </trkpt>
      <trkpt lat="-38.00361" lon="174.88312">
        <ele>122.5</ele>
      </trkpt>
      <trkpt lat="-38.00386" lon="174.88297">
        <ele>118.9</ele>
      </trkpt>
      <trkpt lat="-38.0045" lon="174.88239">
        <ele>113.0</ele>
      </trkpt>
      <trkpt lat="-38.00488" lon="174.88206">
        <ele>114.8</ele>
      </trkpt>
      <trkpt lat="-38.00503" lon="174.88167">
        <ele>122.3</ele>
      </trkpt>
      <trkpt lat="-38.00509" lon="174.88137">
        <ele>124.5</ele>
      </trkpt>
      <trkpt lat="-38.00531" lon="174.88095">
        <ele>126.0</ele>
      </trkpt>
      <trkpt lat="-38.00569" lon="174.88055">
        <ele>121.9</ele>
      </trkpt>
      <trkpt lat="-38.00596" lon="174.88005">
        <ele>118.9</ele>
      </trkpt>
      <trkpt lat="-38.00606" lon="174.87971">
        <ele>115.6</ele>
      </trkpt>
      <trkpt lat="-38.00619" lon="174.87947">
        <ele>114.8</ele>
      </trkpt>
      <trkpt lat="-38.0069" lon="174.87923">
        <ele>122.3</ele>
      </trkpt>
      <trkpt lat="-38.00715" lon="174.87911">
        <ele>124.2</ele>
      </trkpt>
      <trkpt lat="-38.00777" lon="174.87856">
        <ele>134.0</ele>
      </trkpt>
      <trkpt lat="-38.00834" lon="174.87833">
        <ele>139.0</ele>
      </trkpt>
      <trkpt lat="-38.00891" lon="174.8781">
        <ele>136.6</ele>
      </trkpt>
      <trkpt lat="-38.00917" lon="174.87805">
        <ele>135.7</ele>
      </trkpt>
      <trkpt lat="-38.00944" lon="174.87806">
        <ele>132.0</ele>
      </trkpt>
      <trkpt lat="-38.00975" lon="174.8782">
        <ele>127.7</ele>
      </trkpt>
      <trkpt lat="-38.00989" lon="174.8784">
        <ele>126.2</ele>
      </trkpt>
      <trkpt lat="-38.01004" lon="174.87882">
        <ele>122.9</ele>
      </trkpt>
      <trkpt lat="-38.01002" lon="174.87915">
        <ele>121.0</ele>
      </trkpt>
      <trkpt lat="-38.00971" lon="174.87999">
        <ele>117.8</ele>
      </trkpt>
      <trkpt lat="-38.00951" lon="174.88042">
        <ele>113.3</ele>
      </trkpt>
      <trkpt lat="-38.00946" lon="174.88081">
        <ele>110.7</ele>
      </trkpt>
      <trkpt lat="-38.00952" lon="174.88128">
        <ele>106.7</ele>
      </trkpt>
      <trkpt lat="-38.00962" lon="174.88173">
        <ele>102.9</ele>
      </trkpt>
      <trkpt lat="-38.00978" lon="174.88195">
        <ele>102.5</ele>
      </trkpt>
      <trkpt lat="-38.0101" lon="174.88206">
        <ele>101.8</ele>
      </trkpt>
      <trkpt lat="-38.01052" lon="174.88194">
        <ele>98.8</ele>
      </trkpt>
      <trkpt lat="-38.01071" lon="174.88177">
        <ele>97.9</ele>
      </trkpt>
      <trkpt lat="-38.01091" lon="174.88156">
        <ele>96.9</ele>
      </trkpt>
      <trkpt lat="-38.0111" lon="174.88116">
        <ele>97.1</ele>
      </trkpt>
      <trkpt lat="-38.01141" lon="174.88043">
        <ele>95.4</ele>
      </trkpt>
      <trkpt lat="-38.01174" lon="174.8802">
        <ele>89.7</ele>
      </trkpt>
      <trkpt lat="-38.01203" lon="174.88014">
        <ele>83.4</ele>
      </trkpt>
      <trkpt lat="-38.01224" lon="174.87977">
        <ele>81.8</ele>
      </trkpt>
      <trkpt lat="-38.01243" lon="174.87959">
        <ele>80.0</ele>
      </trkpt>
      <trkpt lat="-38.0127" lon="174.87949">
        <ele>79.5</ele>
      </trkpt>
      <trkpt lat="-38.01299" lon="174.87951">
        <ele>78.4</ele>
      </trkpt>
      <trkpt lat="-38.0133" lon="174.87962">
        <ele>74.6</ele>
      </trkpt>
      <trkpt lat="-38.01378" lon="174.87961">
        <ele>75.0</ele>
      </trkpt>
      <trkpt lat="-38.0141" lon="174.87951">
        <ele>78.2</ele>
      </trkpt>
      <trkpt lat="-38.01443" lon="174.87953">
        <ele>77.6</ele>
      </trkpt>
      <trkpt lat="-38.01502" lon="174.87978">
        <ele>68.4</ele>
      </trkpt>
      <trkpt lat="-38.0154" lon="174.88002">
        <ele>65.4</ele>
      </trkpt>
      <trkpt lat="-38.0158" lon="174.88036">
        <ele>68.7</ele>
      </trkpt>
      <trkpt lat="-38.01626" lon="174.88047">
        <ele>66.4</ele>
      </trkpt>
      <trkpt lat="-38.0169" lon="174.88037">
        <ele>63.4</ele>
      </trkpt>
      <trkpt lat="-38.01742" lon="174.88012">
        <ele>58.6</ele>
      </trkpt>
      <trkpt lat="-38.01812" lon="174.87971">
        <ele>57.2</ele>
      </trkpt>
      <trkpt lat="-38.01882" lon="174.87931">
        <ele>55.5</ele>
      </trkpt>
      <trkpt lat="-38.01961" lon="174.8788">
        <ele>61.1</ele>
      </trkpt>
      <trkpt lat="-38.01992" lon="174.87876">
        <ele>58.7</ele>
      </trkpt>
      <trkpt lat="-38.02058" lon="174.87861">
        <ele>56.4</ele>
      </trkpt>
      <trkpt lat="-38.02104" lon="174.87871">
        <ele>51.5</ele>
      </trkpt>
      <trkpt lat="-38.02148" lon="174.87849">
        <ele>45.0</ele>
      </trkpt>
      <trkpt lat="-38.02191" lon="174.87828">
        <ele>43.2</ele>
      </trkpt>
      <trkpt lat="-38.02241" lon="174.87784">
        <ele>47.4</ele>
      </trkpt>
      <trkpt lat="-38.02291" lon="174.8774">
        <ele>43.4</ele>
      </trkpt>
      <trkpt lat="-38.02309" lon="174.87728">
        <ele>42.3</ele>
      </trkpt>
      <trkpt lat="-38.02343" lon="174.87718">
        <ele>40.1</ele>
      </trkpt>
      <trkpt lat="-38.0237" lon="174.87704">
        <ele>43.2</ele>
      </trkpt>
      <trkpt lat="-38.02403" lon="174.87686">
        <ele>43.7</ele>
      </trkpt>
      <trkpt lat="-38.02442" lon="174.87647">
        <ele>46.5</ele>
      </trkpt>
      <trkpt lat="-38.02481" lon="174.87607">
        <ele>47.5</ele>
      </trkpt>
      <trkpt lat="-38.02504" lon="174.87602">
        <ele>43.5</ele>
      </trkpt>
      <trkpt lat="-38.02523" lon="174.87603">
        <ele>42.9</ele>
      </trkpt>
      <trkpt lat="-38.02546" lon="174.87608">
        <ele>42.2</ele>
      </trkpt>
      <trkpt lat="-38.02562" lon="174.8761">
        <ele>41.8</ele>
      </trkpt>
      <trkpt lat="-38.02597" lon="174.87597">
        <ele>39.4</ele>
      </trkpt>
      <trkpt lat="-38.02615" lon="174.87583">
        <ele>36.1</ele>
      </trkpt>
      <trkpt lat="-38.02627" lon="174.87555">
        <ele>38.1</ele>
      </trkpt>
      <trkpt lat="-38.02642" lon="174.87495">
        <ele>40.6</ele>
      </trkpt>
      <trkpt lat="-38.02653" lon="174.87471">
        <ele>39.8</ele>
      </trkpt>
      <trkpt lat="-38.02673" lon="174.87447">
        <ele>37.2</ele>
      </trkpt>
      <trkpt lat="-38.02708" lon="174.87387">
        <ele>40.8</ele>
      </trkpt>
      <trkpt lat="-38.02717" lon="174.87362">
        <ele>39.3</ele>
      </trkpt>
      <trkpt lat="-38.02723" lon="174.87339">
        <ele>37.3</ele>
      </trkpt>
      <trkpt lat="-38.02723" lon="174.87282">
        <ele>34.8</ele>
      </trkpt>
      <trkpt lat="-38.02721" lon="174.87268">
        <ele>34.8</ele>
      </trkpt>
      <trkpt lat="-38.02715" lon="174.87253">
        <ele>35.8</ele>
      </trkpt>
      <trkpt lat="-38.02698" lon="174.8719">
        <ele>40.8</ele>
      </trkpt>
      <trkpt lat="-38.02702" lon="174.8716">
        <ele>41.3</ele>
      </trkpt>
      <trkpt lat="-38.02718" lon="174.87136">
        <ele>42.3</ele>
      </trkpt>
      <trkpt lat="-38.02743" lon="174.8712">
        <ele>39.1</ele>
      </trkpt>
      <trkpt lat="-38.02775" lon="174.87104">
        <ele>35.4</ele>
      </trkpt>
      <trkpt lat="-38.02791" lon="174.8709">
        <ele>33.4</ele>
      </trkpt>
      <trkpt lat="-38.02807" lon="174.87048">
        <ele>30.8</ele>
      </trkpt>
      <trkpt lat="-38.02829" lon="174.86986">
        <ele>24.7</ele>
      </trkpt>
      <trkpt lat="-38.02836" lon="174.86933">
        <ele>23.7</ele>
      </trkpt>
      <trkpt lat="-38.02844" lon="174.86885">
        <ele>29.6</ele>
      </trkpt>
      <trkpt lat="-38.02858" lon="174.86863">
        <ele>31.6</ele>
      </trkpt>
      <trkpt lat="-38.02872" lon="174.86848">
        <ele>31.5</ele>
      </trkpt>
      <trkpt lat="-38.02889" lon="174.86831">
        <ele>30.5</ele>
      </trkpt>
      <trkpt lat="-38.02903" lon="174.86798">
        <ele>34.4</ele>
      </trkpt>
      <trkpt lat="-38.02909" lon="174.86765">
        <ele>39.1</ele>
      </trkpt>
      <trkpt lat="-38.02923" lon="174.86742">
        <ele>38.9</ele>
      </trkpt>
      <trkpt lat="-38.02964" lon="174.86694">
        <ele>33.2</ele>
      </trkpt>
      <trkpt lat="-38.02984" lon="174.86628">
        <ele>36.0</ele>
      </trkpt>
      <trkpt lat="-38.03004" lon="174.86592">
        <ele>35.4</ele>
      </trkpt>
      <trkpt lat="-38.0304" lon="174.86539">
        <ele>38.5</ele>
      </trkpt>
      <trkpt lat="-38.03074" lon="174.86509">
        <ele>31.6</ele>
      </trkpt>
      <trkpt lat="-38.03091" lon="174.86481">
        <ele>31.9</ele>
      </trkpt>
      <trkpt lat="-38.03101" lon="174.86459">
        <ele>34.2</ele>
      </trkpt>
      <trkpt lat="-38.03119" lon="174.86443">
        <ele>32.0</ele>
      </trkpt>
      <trkpt lat="-38.03154" lon="174.86422">
        <ele>23.1</ele>
      </trkpt>
      <trkpt lat="-38.03169" lon="174.86394">
        <ele>19.9</ele>
      </trkpt>
      <trkpt lat="-38.03175" lon="174.86347">
        <ele>21.2</ele>
      </trkpt>
      <trkpt lat="-38.03183" lon="174.86315">
        <ele>23.5</ele>
      </trkpt>
      <trkpt lat="-38.03194" lon="174.86286">
        <ele>26.3</ele>
      </trkpt>
      <trkpt lat="-38.03204" lon="174.86263">
        <ele>27.9</ele>
      </trkpt>
      <trkpt lat="-38.0322" lon="174.86242">
        <ele>29.6</ele>
      </trkpt>
      <trkpt lat="-38.03244" lon="174.86227">
        <ele>30.4</ele>
      </trkpt>
      <trkpt lat="-38.03259" lon="174.86226">
        <ele>27.6</ele>
      </trkpt>
      <trkpt lat="-38.03275" lon="174.86219">
        <ele>26.7</ele>
      </trkpt>
      <trkpt lat="-38.03299" lon="174.86196">
        <ele>27.5</ele>
      </trkpt>
      <trkpt lat="-38.03332" lon="174.86151">
        <ele>28.4</ele>
      </trkpt>
      <trkpt lat="-38.03384" lon="174.86103">
        <ele>26.0</ele>
      </trkpt>
      <trkpt lat="-38.03412" lon="174.86053">
        <ele>26.8</ele>
      </trkpt>
      <trkpt lat="-38.03441" lon="174.86003">
        <ele>31.1</ele>
      </trkpt>
      <trkpt lat="-38.0348" lon="174.85948">
        <ele>32.3</ele>
      </trkpt>
      <trkpt lat="-38.03518" lon="174.85893">
        <ele>34.8</ele>
      </trkpt>
      <trkpt lat="-38.03557" lon="174.85857">
        <ele>32.4</ele>
      </trkpt>
      <trkpt lat="-38.03594" lon="174.85807">
        <ele>32.1</ele>
      </trkpt>
      <trkpt lat="-38.03631" lon="174.85757">
        <ele>32.0</ele>
      </trkpt>
      <trkpt lat="-38.0367" lon="174.85713">
        <ele>28.1</ele>
      </trkpt>
      <trkpt lat="-38.03681" lon="174.85686">
        <ele>30.0</ele>
      </trkpt>
      <trkpt lat="-38.03682" lon="174.85659">
        <ele>33.1</ele>
      </trkpt>
      <trkpt lat="-38.03677" lon="174.85619">
        <ele>36.1</ele>
      </trkpt>
      <trkpt lat="-38.03678" lon="174.85581">
        <ele>37.7</ele>
      </trkpt>
      <trkpt lat="-38.03697" lon="174.85495">
        <ele>40.8</ele>
      </trkpt>
      <trkpt lat="-38.03717" lon="174.85409">
        <ele>47.2</ele>
      </trkpt>
      <trkpt lat="-38.03726" lon="174.85386">
        <ele>48.0</ele>
      </trkpt>
      <trkpt lat="-38.03741" lon="174.85367">
        <ele>47.5</ele>
      </trkpt>
      <trkpt lat="-38.03772" lon="174.8534">
        <ele>48.7</ele>
      </trkpt>
      <trkpt lat="-38.03794" lon="174.85328">
        <ele>49.1</ele>
      </trkpt>
      <trkpt lat="-38.03829" lon="174.85318">
        <ele>49.3</ele>
      </trkpt>
      <trkpt lat="-38.03894" lon="174.85318">
        <ele>51.8</ele>
      </trkpt>
      <trkpt lat="-38.03972" lon="174.85344">
        <ele>47.1</ele>
      </trkpt>
      <trkpt lat="-38.04002" lon="174.85344">
        <ele>46.7</ele>
      </trkpt>
      <trkpt lat="-38.04014" lon="174.85334">
        <ele>46.0</ele>
      </trkpt>
      <trkpt lat="-38.04019" lon="174.85315">
        <ele>48.7</ele>
      </trkpt>
      <trkpt lat="-38.0402" lon="174.85289">
        <ele>53.6</ele>
      </trkpt>
      <trkpt lat="-38.0403" lon="174.85254">
        <ele>58.5</ele>
      </trkpt>
      <trkpt lat="-38.04046" lon="174.85231">
        <ele>59.5</ele>
      </trkpt>
      <trkpt lat="-38.04073" lon="174.85207">
        <ele>60.9</ele>
      </trkpt>
      <trkpt lat="-38.04146" lon="174.85186">
        <ele>63.4</ele>
      </trkpt>
      <trkpt lat="-38.04169" lon="174.85176">
        <ele>64.6</ele>
      </trkpt>
      <trkpt lat="-38.04186" lon="174.85166">
        <ele>63.5</ele>
      </trkpt>
      <trkpt lat="-38.04194" lon="174.85151">
        <ele>62.6</ele>
      </trkpt>
      <trkpt lat="-38.0419" lon="174.85111">
        <ele>64.6</ele>
      </trkpt>
      <trkpt lat="-38.04177" lon="174.85087">
        <ele>67.9</ele>
      </trkpt>
      <trkpt lat="-38.04162" lon="174.85062">
        <ele>70.8</ele>
      </trkpt>
      <trkpt lat="-38.04156" lon="174.85043">
        <ele>71.3</ele>
      </trkpt>
      <trkpt lat="-38.04157" lon="174.85031">
        <ele>71.4</ele>
      </trkpt>
      <trkpt lat="-38.04169" lon="174.85015">
        <ele>71.3</ele>
      </trkpt>
      <trkpt lat="-38.04188" lon="174.84997">
        <ele>69.8</ele>
      </trkpt>
      <trkpt lat="-38.04154" lon="174.85001">
        <ele>71.7</ele>
      </trkpt>
      <trkpt lat="-38.04136" lon="174.85001">
        <ele>71.3</ele>
      </trkpt>
      <trkpt lat="-38.04109" lon="174.84992">
        <ele>71.2</ele>
      </trkpt>
      <trkpt lat="-38.04095" lon="174.84982">
        <ele>71.5</ele>
      </trkpt>
      <trkpt lat="-38.04085" lon="174.84971">
        <ele>71.8</ele>
      </trkpt>
      <trkpt lat="-38.04077" lon="174.84957">
        <ele>72.1</ele>
      </trkpt>
      <trkpt lat="-38.04061" lon="174.84916">
        <ele>70.1</ele>
      </trkpt>
      <trkpt lat="-38.04036" lon="174.84869">
        <ele>62.2</ele>
      </trkpt>
      <trkpt lat="-38.04025" lon="174.8484">
        <ele>58.4</ele>
      </trkpt>
      <trkpt lat="-38.04018" lon="174.84814">
        <ele>55.3</ele>
      </trkpt>
      <trkpt lat="-38.04016" lon="174.84788">
        <ele>53.1</ele>
      </trkpt>
      <trkpt lat="-38.04024" lon="174.84749">
        <ele>51.6</ele>
      </trkpt>
      <trkpt lat="-38.0404" lon="174.84703">
        <ele>49.7</ele>
      </trkpt>
      <trkpt lat="-38.04045" lon="174.84683">
        <ele>48.8</ele>
      </trkpt>
      <trkpt lat="-38.04046" lon="174.84659">
        <ele>46.9</ele>
      </trkpt>
      <trkpt lat="-38.04042" lon="174.84633">
        <ele>44.2</ele>
      </trkpt>
      <trkpt lat="-38.04035" lon="174.84602">
        <ele>40.3</ele>
      </trkpt>
      <trkpt lat="-38.04029" lon="174.8456">
        <ele>36.0</ele>
      </trkpt>
      <trkpt lat="-38.0403" lon="174.84539">
        <ele>34.7</ele>
      </trkpt>
      <trkpt lat="-38.04036" lon="174.84515">
        <ele>33.9</ele>
      </trkpt>
      <trkpt lat="-38.04049" lon="174.84483">
        <ele>32.6</ele>
      </trkpt>
      <trkpt lat="-38.0408" lon="174.84417">
        <ele>28.7</ele>
      </trkpt>
      <trkpt lat="-38.04092" lon="174.84386">
        <ele>27.1</ele>
      </trkpt>
      <trkpt lat="-38.04095" lon="174.84372">
        <ele>26.3</ele>
      </trkpt>
      <trkpt lat="-38.04096" lon="174.84353">
        <ele>25.1</ele>
      </trkpt>
      <trkpt lat="-38.04093" lon="174.8432">
        <ele>22.4</ele>
      </trkpt>
      <trkpt lat="-38.04092" lon="174.84295">
        <ele>19.2</ele>
      </trkpt>
      <trkpt lat="-38.04098" lon="174.84275">
        <ele>17.0</ele>
      </trkpt>
      <trkpt lat="-38.04116" lon="174.84252">
        <ele>15.6</ele>
      </trkpt>
      <trkpt lat="-38.04161" lon="174.84198">
        <ele>11.3</ele>
      </trkpt>
      <trkpt lat="-38.04174" lon="174.84177">
        <ele>7.9</ele>
      </trkpt>
      <trkpt lat="-38.0418" lon="174.84158">
        <ele>5.8</ele>
      </trkpt>
      <trkpt lat="-38.04182" lon="174.84134">
        <ele>4.9</ele>
      </trkpt>
      <trkpt lat="-38.04178" lon="174.84111">
        <ele>4.4</ele>
      </trkpt>
      <trkpt lat="-38.04167" lon="174.84068">
        <ele>4.4</ele>
      </trkpt>
      <trkpt lat="-38.04162" lon="174.84045">
        <ele>5.2</ele>
      </trkpt>
      <trkpt lat="-38.04159" lon="174.84013">
        <ele>6.1</ele>
      </trkpt>
      <trkpt lat="-38.04161" lon="174.83955">
        <ele>5.9</ele>
      </trkpt>
      <trkpt lat="-38.04166" lon="174.839">
        <ele>5.9</ele>
      </trkpt>
      <trkpt lat="-38.04169" lon="174.83875">
        <ele>6.9</ele>
      </trkpt>
      <trkpt lat="-38.04175" lon="174.83847">
        <ele>8.3</ele>
      </trkpt>
      <trkpt lat="-38.04188" lon="174.8379">
        <ele>11.5</ele>
      </trkpt>
      <trkpt lat="-38.0421" lon="174.83712">
        <ele>13.7</ele>
      </trkpt>
      <trkpt lat="-38.04232" lon="174.83635">
        <ele>14.2</ele>
      </trkpt>
      <trkpt lat="-38.0424" lon="174.83607">
        <ele>13.9</ele>
      </trkpt>
      <trkpt lat="-38.04245" lon="174.83583">
        <ele>13.7</ele>
      </trkpt>
      <trkpt lat="-38.04245" lon="174.83559">
        <ele>14.3</ele>
      </trkpt>
      <trkpt lat="-38.04244" lon="174.83532">
        <ele>15.1</ele>
      </trkpt>
      <trkpt lat="-38.04245" lon="174.83513">
        <ele>15.4</ele>
      </trkpt>
      <trkpt lat="-38.04248" lon="174.83496">
        <ele>15.5</ele>
      </trkpt>
      <trkpt lat="-38.04252" lon="174.83482">
        <ele>15.8</ele>
      </trkpt>
      <trkpt lat="-38.04258" lon="174.83469">
        <ele>16.2</ele>
      </trkpt>
      <trkpt lat="-38.04266" lon="174.83456">
        <ele>16.5</ele>
      </trkpt>
      <trkpt lat="-38.04295" lon="174.83414">
        <ele>17.3</ele>
      </trkpt>
      <trkpt lat="-38.0431" lon="174.83387">
        <ele>16.0</ele>
      </trkpt>
      <trkpt lat="-38.04318" lon="174.83367">
        <ele>15.4</ele>
      </trkpt>
      <trkpt lat="-38.04326" lon="174.83343">
        <ele>15.0</ele>
      </trkpt>
      <trkpt lat="-38.04339" lon="174.83295">
        <ele>11.4</ele>
      </trkpt>
      <trkpt lat="-38.04349" lon="174.83267">
        <ele>8.9</ele>
      </trkpt>
      <trkpt lat="-38.04371" lon="174.83212">
        <ele>7.2</ele>
      </trkpt>
      <trkpt lat="-38.04378" lon="174.83189">
        <ele>6.9</ele>
      </trkpt>
      <trkpt lat="-38.04382" lon="174.8317">
        <ele>6.6</ele>
      </trkpt>
      <trkpt lat="-38.0439" lon="174.83098">
        <ele>6.6</ele>
      </trkpt>
      <trkpt lat="-38.04397" lon="174.83025">
        <ele>7.0</ele>
      </trkpt>
      <trkpt lat="-38.04404" lon="174.82951">
        <ele>7.7</ele>
      </trkpt>
      <trkpt lat="-38.04408" lon="174.82917">
        <ele>8.2</ele>
      </trkpt>
      <trkpt lat="-38.04413" lon="174.82896">
        <ele>9.8</ele>
      </trkpt>
      <trkpt lat="-38.0442" lon="174.82876">
        <ele>11.2</ele>
      </trkpt>
      <trkpt lat="-38.0443" lon="174.82858">
        <ele>12.1</ele>
      </trkpt>
      <trkpt lat="-38.04459" lon="174.8282">
        <ele>12.4</ele>
      </trkpt>
      <trkpt lat="-38.04464" lon="174.82811">
        <ele>12.4</ele>
      </trkpt>
      <trkpt lat="-38.04471" lon="174.82797">
        <ele>12.3</ele>
      </trkpt>
      <trkpt lat="-38.04477" lon="174.82779">
        <ele>12.3</ele>
      </trkpt>
      <trkpt lat="-38.04485" lon="174.82745">
        <ele>12.8</ele>
      </trkpt>
      <trkpt lat="-38.04492" lon="174.82729">
        <ele>13.1</ele>
      </trkpt>
      <trkpt lat="-38.04502" lon="174.82712">
        <ele>13.2</ele>
      </trkpt>
      <trkpt lat="-38.04514" lon="174.82698">
        <ele>13.2</ele>
      </trkpt>
      <trkpt lat="-38.04578" lon="174.82631">
        <ele>13.9</ele>
      </trkpt>
      <trkpt lat="-38.04606" lon="174.82607">
        <ele>14.3</ele>
      </trkpt>
      <trkpt lat="-38.04659" lon="174.82571">
        <ele>12.9</ele>
      </trkpt>
      <trkpt lat="-38.04712" lon="174.82536">
        <ele>11.8</ele>
      </trkpt>
      <trkpt lat="-38.04738" lon="174.82528">
        <ele>11.3</ele>
      </trkpt>
      <trkpt lat="-38.04778" lon="174.82524">
        <ele>10.7</ele>
      </trkpt>
      <trkpt lat="-38.04858" lon="174.82529">
        <ele>10.6</ele>
      </trkpt>
      <trkpt lat="-38.04878" lon="174.82523">
        <ele>12.2</ele>
      </trkpt>
      <trkpt lat="-38.04896" lon="174.82512">
        <ele>14.3</ele>
      </trkpt>
      <trkpt lat="-38.04931" lon="174.82476">
        <ele>20.8</ele>
      </trkpt>
      <trkpt lat="-38.04949" lon="174.82459">
        <ele>23.7</ele>
      </trkpt>
      <trkpt lat="-38.04966" lon="174.82457">
        <ele>24.0</ele>
      </trkpt>
      <trkpt lat="-38.05009" lon="174.82471">
        <ele>20.3</ele>
      </trkpt>
      <trkpt lat="-38.0503" lon="174.82473">
        <ele>18.5</ele>
      </trkpt>
      <trkpt lat="-38.05053" lon="174.82458">
        <ele>19.4</ele>
      </trkpt>
      <trkpt lat="-38.05107" lon="174.82403">
        <ele>26.5</ele>
      </trkpt>
      <trkpt lat="-38.05125" lon="174.82394">
        <ele>28.6</ele>
      </trkpt>
      <trkpt lat="-38.05144" lon="174.82394">
        <ele>28.4</ele>
      </trkpt>
      <trkpt lat="-38.05163" lon="174.82406">
        <ele>25.4</ele>
      </trkpt>
      <trkpt lat="-38.05178" lon="174.82424">
        <ele>23.4</ele>
      </trkpt>
      <trkpt lat="-38.05226" lon="174.825">
        <ele>20.4</ele>
      </trkpt>
      <trkpt lat="-38.05275" lon="174.82576">
        <ele>21.3</ele>
      </trkpt>
      <trkpt lat="-38.053" lon="174.82605">
        <ele>21.5</ele>
      </trkpt>
      <trkpt lat="-38.05326" lon="174.82622">
        <ele>21.1</ele>
      </trkpt>
      <trkpt lat="-38.05355" lon="174.82635">
        <ele>22.8</ele>
      </trkpt>
      <trkpt lat="-38.05376" lon="174.82656">
        <ele>24.2</ele>
      </trkpt>
      <trkpt lat="-38.05385" lon="174.82687">
        <ele>23.5</ele>
      </trkpt>
      <trkpt lat="-38.05395" lon="174.82705">
        <ele>23.0</ele>
      </trkpt>
      <trkpt lat="-38.05415" lon="174.82718">
        <ele>22.8</ele>
      </trkpt>
      <trkpt lat="-38.05432" lon="174.8274">
        <ele>22.2</ele>
      </trkpt>
      <trkpt lat="-38.05461" lon="174.82796">
        <ele>18.9</ele>
      </trkpt>
      <trkpt lat="-38.05481" lon="174.82823">
        <ele>17.0</ele>
      </trkpt>
      <trkpt lat="-38.05511" lon="174.82849">
        <ele>16.1</ele>
      </trkpt>
      <trkpt lat="-38.05539" lon="174.8286">
        <ele>15.9</ele>
      </trkpt>
      <trkpt lat="-38.05566" lon="174.82862">
        <ele>16.4</ele>
      </trkpt>
      <trkpt lat="-38.05584" lon="174.82853">
        <ele>18.1</ele>
      </trkpt>
      <trkpt lat="-38.05632" lon="174.82811">
        <ele>18.6</ele>
      </trkpt>
      <trkpt lat="-38.0568" lon="174.82768">
        <ele>18.9</ele>
      </trkpt>
      <trkpt lat="-38.05696" lon="174.82757">
        <ele>18.8</ele>
      </trkpt>
      <trkpt lat="-38.05713" lon="174.82748">
        <ele>18.5</ele>
      </trkpt>
      <trkpt lat="-38.05722" lon="174.82744">
        <ele>18.5</ele>
      </trkpt>
      <trkpt lat="-38.05764" lon="174.8273">
        <ele>18.1</ele>
      </trkpt>
      <trkpt lat="-38.05794" lon="174.82716">
        <ele>17.3</ele>
      </trkpt>
      <trkpt lat="-38.05834" lon="174.82687">
        <ele>16.4</ele>
      </trkpt>
      <trkpt lat="-38.05841" lon="174.82684">
        <ele>17.3</ele>
      </trkpt>
      <trkpt lat="-38.05846" lon="174.82683">
        <ele>17.9</ele>
      </trkpt>
      <trkpt lat="-38.05854" lon="174.82683">
        <ele>18.6</ele>
      </trkpt>
      <trkpt lat="-38.05862" lon="174.82684">
        <ele>19.1</ele>
      </trkpt>
      <trkpt lat="-38.05873" lon="174.82689">
        <ele>19.2</ele>
      </trkpt>
      <trkpt lat="-38.05884" lon="174.82697">
        <ele>18.7</ele>
      </trkpt>
      <trkpt lat="-38.05917" lon="174.82721">
        <ele>16.6</ele>
      </trkpt>
      <trkpt lat="-38.05938" lon="174.82734">
        <ele>14.3</ele>
      </trkpt>
      <trkpt lat="-38.05953" lon="174.82739">
        <ele>13.5</ele>
      </trkpt>
      <trkpt lat="-38.0597" lon="174.82742">
        <ele>13.2</ele>
      </trkpt>
      <trkpt lat="-38.05991" lon="174.82739">
        <ele>14.0</ele>
      </trkpt>
      <trkpt lat="-38.06021" lon="174.82731">
        <ele>15.0</ele>
      </trkpt>
      <trkpt lat="-38.06085" lon="174.82711">
        <ele>17.3</ele>
      </trkpt>
      <trkpt lat="-38.06097" lon="174.8271">
        <ele>16.9</ele>
      </trkpt>
      <trkpt lat="-38.06109" lon="174.82709">
        <ele>16.5</ele>
      </trkpt>
      <trkpt lat="-38.06136" lon="174.8271">
        <ele>14.9</ele>
      </trkpt>
      <trkpt lat="-38.06151" lon="174.82709">
        <ele>14.2</ele>
      </trkpt>
      <trkpt lat="-38.06164" lon="174.82703">
        <ele>14.5</ele>
      </trkpt>
      <trkpt lat="-38.06176" lon="174.82693">
        <ele>14.8</ele>
      </trkpt>
      <trkpt lat="-38.06184" lon="174.82685">
        <ele>15.0</ele>
      </trkpt>
      <trkpt lat="-38.0621" lon="174.82654">
        <ele>15.9</ele>
      </trkpt>
      <trkpt lat="-38.06225" lon="174.82634">
        <ele>16.5</ele>
      </trkpt>
      <trkpt lat="-38.06267" lon="174.82568">
        <ele>17.2</ele>
      </trkpt>
      <trkpt lat="-38.06309" lon="174.82502">
        <ele>8.4</ele>
      </trkpt>
      <trkpt lat="-38.06351" lon="174.82437">
        <ele>11.3</ele>
      </trkpt>
      <trkpt lat="-38.06363" lon="174.82417">
        <ele>12.2</ele>
      </trkpt>
      <trkpt lat="-38.06371" lon="174.82399">
        <ele>10.9</ele>
      </trkpt>
      <trkpt lat="-38.06376" lon="174.8238">
        <ele>10.6</ele>
      </trkpt>
      <trkpt lat="-38.06377" lon="174.82368">
        <ele>10.9</ele>
      </trkpt>
      <trkpt lat="-38.06376" lon="174.82354">
        <ele>11.6</ele>
      </trkpt>
      <trkpt lat="-38.0637" lon="174.82333">
        <ele>13.0</ele>
      </trkpt>
      <trkpt lat="-38.06363" lon="174.82312">
        <ele>13.7</ele>
      </trkpt>
      <trkpt lat="-38.06354" lon="174.8229">
        <ele>14.5</ele>
      </trkpt>
      <trkpt lat="-38.06399" lon="174.82272">
        <ele>10.3</ele>
      </trkpt>
      <trkpt lat="-38.06444" lon="174.82255">
        <ele>9.4</ele>
      </trkpt>
      <trkpt lat="-38.06425" lon="174.82149">
        <ele>15.0</ele>
      </trkpt>
      <trkpt lat="-38.06421" lon="174.82119">
        <ele>16.3</ele>
      </trkpt>
      <trkpt lat="-38.06409" lon="174.8205">
        <ele>17.7</ele>
      </trkpt>
      <trkpt lat="-38.06411" lon="174.8203">
        <ele>17.8</ele>
      </trkpt>
      <trkpt lat="-38.06415" lon="174.82018">
        <ele>17.9</ele>
      </trkpt>
      <trkpt lat="-38.06419" lon="174.82011">
        <ele>18.1</ele>
      </trkpt>
      <trkpt lat="-38.06426" lon="174.82005">
        <ele>18.3</ele>
      </trkpt>
      <trkpt lat="-38.06461" lon="174.81995">
        <ele>19.1</ele>
      </trkpt>
      <trkpt lat="-38.06477" lon="174.81988">
        <ele>19.4</ele>
      </trkpt>
      <trkpt lat="-38.06491" lon="174.8198">
        <ele>19.4</ele>
      </trkpt>
      <trkpt lat="-38.06551" lon="174.81939">
        <ele>20.0</ele>
      </trkpt>
      <trkpt lat="-38.06561" lon="174.81967">
        <ele>22.2</ele>
      </trkpt>
      <trkpt lat="-38.06567" lon="174.81994">
        <ele>24.4</ele>
      </trkpt>
      <trkpt lat="-38.06567" lon="174.82006">
        <ele>25.0</ele>
      </trkpt>
      <trkpt lat="-38.06567" lon="174.82039">
        <ele>26.1</ele>
      </trkpt>
      <trkpt lat="-38.06567" lon="174.82039">
        <ele>26.1</ele>
      </trkpt>
      <trkpt lat="-38.06567" lon="174.82006">
        <ele>25.0</ele>
      </trkpt>
      <trkpt lat="-38.06567" lon="174.81994">
        <ele>24.4</ele>
      </trkpt>
      <trkpt lat="-38.06561" lon="174.81967">
        <ele>22.2</ele>
      </trkpt>
      <trkpt lat="-38.06551" lon="174.81939">
        <ele>20.0</ele>
      </trkpt>
      <trkpt lat="-38.06491" lon="174.8198">
        <ele>19.4</ele>
      </trkpt>
      <trkpt lat="-38.06477" lon="174.81988">
        <ele>19.4</ele>
      </trkpt>
      <trkpt lat="-38.06461" lon="174.81995">
        <ele>19.1</ele>
      </trkpt>
      <trkpt lat="-38.06426" lon="174.82005">
        <ele>18.3</ele>
      </trkpt>
      <trkpt lat="-38.06403" lon="174.82011">
        <ele>17.4</ele>
      </trkpt>
      <trkpt lat="-38.06409" lon="174.8205">
        <ele>17.7</ele>
      </trkpt>
      <trkpt lat="-38.06421" lon="174.82119">
        <ele>16.3</ele>
      </trkpt>
      <trkpt lat="-38.06425" lon="174.82149">
        <ele>15.0</ele>
      </trkpt>
      <trkpt lat="-38.06444" lon="174.82255">
        <ele>9.4</ele>
      </trkpt>
      <trkpt lat="-38.06399" lon="174.82272">
        <ele>10.3</ele>
      </trkpt>
      <trkpt lat="-38.06354" lon="174.8229">
        <ele>14.5</ele>
      </trkpt>
      <trkpt lat="-38.06363" lon="174.82312">
        <ele>13.7</ele>
      </trkpt>
      <trkpt lat="-38.0637" lon="174.82333">
        <ele>13.0</ele>
      </trkpt>
      <trkpt lat="-38.06376" lon="174.82354">
        <ele>11.6</ele>
      </trkpt>
      <trkpt lat="-38.06377" lon="174.82368">
        <ele>10.9</ele>
      </trkpt>
      <trkpt lat="-38.06376" lon="174.8238">
        <ele>10.6</ele>
      </trkpt>
      <trkpt lat="-38.06371" lon="174.82399">
        <ele>10.9</ele>
      </trkpt>
      <trkpt lat="-38.06363" lon="174.82417">
        <ele>12.2</ele>
      </trkpt>
      <trkpt lat="-38.06351" lon="174.82437">
        <ele>11.3</ele>
      </trkpt>
      <trkpt lat="-38.06309" lon="174.82502">
        <ele>8.4</ele>
      </trkpt>
      <trkpt lat="-38.06267" lon="174.82568">
        <ele>17.2</ele>
      </trkpt>
      <trkpt lat="-38.06225" lon="174.82634">
        <ele>16.5</ele>
      </trkpt>
      <trkpt lat="-38.0621" lon="174.82654">
        <ele>15.9</ele>
      </trkpt>
      <trkpt lat="-38.06184" lon="174.82685">
        <ele>15.0</ele>
      </trkpt>
      <trkpt lat="-38.06176" lon="174.82693">
        <ele>14.8</ele>
      </trkpt>
      <trkpt lat="-38.06164" lon="174.82703">
        <ele>14.5</ele>
      </trkpt>
      <trkpt lat="-38.06151" lon="174.82709">
        <ele>14.2</ele>
      </trkpt>
      <trkpt lat="-38.06136" lon="174.8271">
        <ele>14.9</ele>
      </trkpt>
      <trkpt lat="-38.06109" lon="174.82709">
        <ele>16.5</ele>
      </trkpt>
      <trkpt lat="-38.06097" lon="174.8271">
        <ele>16.9</ele>
      </trkpt>
      <trkpt lat="-38.06085" lon="174.82711">
        <ele>17.3</ele>
      </trkpt>
      <trkpt lat="-38.06021" lon="174.82731">
        <ele>15.0</ele>
      </trkpt>
      <trkpt lat="-38.05991" lon="174.82739">
        <ele>14.0</ele>
      </trkpt>
      <trkpt lat="-38.0597" lon="174.82742">
        <ele>13.2</ele>
      </trkpt>
      <trkpt lat="-38.05953" lon="174.82739">
        <ele>13.5</ele>
      </trkpt>
      <trkpt lat="-38.05938" lon="174.82734">
        <ele>14.3</ele>
      </trkpt>
      <trkpt lat="-38.05917" lon="174.82721">
        <ele>16.6</ele>
      </trkpt>
      <trkpt lat="-38.05884" lon="174.82697">
        <ele>18.7</ele>
      </trkpt>
      <trkpt lat="-38.05873" lon="174.82689">
        <ele>19.2</ele>
      </trkpt>
      <trkpt lat="-38.05862" lon="174.82684">
        <ele>19.1</ele>
      </trkpt>
      <trkpt lat="-38.05854" lon="174.82683">
        <ele>18.6</ele>
      </trkpt>
      <trkpt lat="-38.05846" lon="174.82683">
        <ele>17.9</ele>
      </trkpt>
      <trkpt lat="-38.05841" lon="174.82684">
        <ele>17.3</ele>
      </trkpt>
      <trkpt lat="-38.05834" lon="174.82687">
        <ele>16.4</ele>
      </trkpt>
      <trkpt lat="-38.05794" lon="174.82716">
        <ele>17.3</ele>
      </trkpt>
      <trkpt lat="-38.05764" lon="174.8273">
        <ele>18.1</ele>
      </trkpt>
      <trkpt lat="-38.05722" lon="174.82744">
        <ele>18.5</ele>
      </trkpt>
      <trkpt lat="-38.05713" lon="174.82748">
        <ele>18.5</ele>
      </trkpt>
      <trkpt lat="-38.05696" lon="174.82757">
        <ele>18.8</ele>
      </trkpt>
      <trkpt lat="-38.0568" lon="174.82768">
        <ele>18.9</ele>
      </trkpt>
      <trkpt lat="-38.05632" lon="174.82811">
        <ele>18.6</ele>
      </trkpt>
      <trkpt lat="-38.05584" lon="174.82853">
        <ele>18.1</ele>
      </trkpt>
      <trkpt lat="-38.05566" lon="174.82862">
        <ele>16.4</ele>
      </trkpt>
      <trkpt lat="-38.05539" lon="174.8286">
        <ele>15.9</ele>
      </trkpt>
      <trkpt lat="-38.05511" lon="174.82849">
        <ele>16.1</ele>
      </trkpt>
      <trkpt lat="-38.05481" lon="174.82823">
        <ele>17.0</ele>
      </trkpt>
      <trkpt lat="-38.05461" lon="174.82796">
        <ele>18.9</ele>
      </trkpt>
      <trkpt lat="-38.05432" lon="174.8274">
        <ele>22.2</ele>
      </trkpt>
      <trkpt lat="-38.05415" lon="174.82718">
        <ele>22.8</ele>
      </trkpt>
      <trkpt lat="-38.05395" lon="174.82705">
        <ele>23.0</ele>
      </trkpt>
      <trkpt lat="-38.05385" lon="174.82687">
        <ele>23.5</ele>
      </trkpt>
      <trkpt lat="-38.05376" lon="174.82656">
        <ele>24.2</ele>
      </trkpt>
      <trkpt lat="-38.05355" lon="174.82635">
        <ele>22.8</ele>
      </trkpt>
      <trkpt lat="-38.05326" lon="174.82622">
        <ele>21.1</ele>
      </trkpt>
      <trkpt lat="-38.053" lon="174.82605">
        <ele>21.5</ele>
      </trkpt>
      <trkpt lat="-38.05275" lon="174.82576">
        <ele>21.3</ele>
      </trkpt>
      <trkpt lat="-38.05226" lon="174.825">
        <ele>20.4</ele>
      </trkpt>
      <trkpt lat="-38.05178" lon="174.82424">
        <ele>23.4</ele>
      </trkpt>
      <trkpt lat="-38.05163" lon="174.82406">
        <ele>25.4</ele>
      </trkpt>
      <trkpt lat="-38.05144" lon="174.82394">
        <ele>28.4</ele>
      </trkpt>
      <trkpt lat="-38.05125" lon="174.82394">
        <ele>28.6</ele>
      </trkpt>
      <trkpt lat="-38.05107" lon="174.82403">
        <ele>26.5</ele>
      </trkpt>
      <trkpt lat="-38.05053" lon="174.82458">
        <ele>19.4</ele>
      </trkpt>
      <trkpt lat="-38.0503" lon="174.82473">
        <ele>18.5</ele>
      </trkpt>
      <trkpt lat="-38.05009" lon="174.82471">
        <ele>20.3</ele>
      </trkpt>
      <trkpt lat="-38.04966" lon="174.82457">
        <ele>24.0</ele>
      </trkpt>
      <trkpt lat="-38.04949" lon="174.82459">
        <ele>23.7</ele>
      </trkpt>
      <trkpt lat="-38.04931" lon="174.82476">
        <ele>20.8</ele>
      </trkpt>
      <trkpt lat="-38.04896" lon="174.82512">
        <ele>14.3</ele>
      </trkpt>
      <trkpt lat="-38.04878" lon="174.82523">
        <ele>12.2</ele>
      </trkpt>
      <trkpt lat="-38.04858" lon="174.82529">
        <ele>10.6</ele>
      </trkpt>
      <trkpt lat="-38.04778" lon="174.82524">
        <ele>10.7</ele>
      </trkpt>
      <trkpt lat="-38.04738" lon="174.82528">
        <ele>11.3</ele>
      </trkpt>
      <trkpt lat="-38.04712" lon="174.82536">
        <ele>11.8</ele>
      </trkpt>
      <trkpt lat="-38.04659" lon="174.82571">
        <ele>12.9</ele>
      </trkpt>
      <trkpt lat="-38.04606" lon="174.82607">
        <ele>14.3</ele>
      </trkpt>
      <trkpt lat="-38.04578" lon="174.82631">
        <ele>13.9</ele>
      </trkpt>
      <trkpt lat="-38.04514" lon="174.82698">
        <ele>13.2</ele>
      </trkpt>
      <trkpt lat="-38.04502" lon="174.82712">
        <ele>13.2</ele>
      </trkpt>
      <trkpt lat="-38.04492" lon="174.82729">
        <ele>13.1</ele>
      </trkpt>
      <trkpt lat="-38.04485" lon="174.82745">
        <ele>12.8</ele>
      </trkpt>
      <trkpt lat="-38.04477" lon="174.82779">
        <ele>12.3</ele>
      </trkpt>
      <trkpt lat="-38.04471" lon="174.82797">
        <ele>12.3</ele>
      </trkpt>
      <trkpt lat="-38.04464" lon="174.82811">
        <ele>12.4</ele>
      </trkpt>
      <trkpt lat="-38.04459" lon="174.8282">
        <ele>12.4</ele>
      </trkpt>
      <trkpt lat="-38.0443" lon="174.82858">
        <ele>12.1</ele>
      </trkpt>
      <trkpt lat="-38.0442" lon="174.82876">
        <ele>11.2</ele>
      </trkpt>
      <trkpt lat="-38.04413" lon="174.82896">
        <ele>9.8</ele>
      </trkpt>
      <trkpt lat="-38.04408" lon="174.82917">
        <ele>8.2</ele>
      </trkpt>
      <trkpt lat="-38.04404" lon="174.82951">
        <ele>7.7</ele>
      </trkpt>
      <trkpt lat="-38.04397" lon="174.83025">
        <ele>7.0</ele>
      </trkpt>
      <trkpt lat="-38.0439" lon="174.83098">
        <ele>6.6</ele>
      </trkpt>
      <trkpt lat="-38.04385" lon="174.83147">
        <ele>6.7</ele>
      </trkpt>
      <trkpt lat="-38.04382" lon="174.8317">
        <ele>6.6</ele>
      </trkpt>
      <trkpt lat="-38.04378" lon="174.83189">
        <ele>6.9</ele>
      </trkpt>
      <trkpt lat="-38.04371" lon="174.83212">
        <ele>7.2</ele>
      </trkpt>
      <trkpt lat="-38.04349" lon="174.83267">
        <ele>8.9</ele>
      </trkpt>
      <trkpt lat="-38.04339" lon="174.83295">
        <ele>11.4</ele>
      </trkpt>
      <trkpt lat="-38.04326" lon="174.83343">
        <ele>15.0</ele>
      </trkpt>
      <trkpt lat="-38.04318" lon="174.83367">
        <ele>15.4</ele>
      </trkpt>
      <trkpt lat="-38.0431" lon="174.83387">
        <ele>16.0</ele>
      </trkpt>
      <trkpt lat="-38.04295" lon="174.83414">
        <ele>17.3</ele>
      </trkpt>
      <trkpt lat="-38.04266" lon="174.83456">
        <ele>16.5</ele>
      </trkpt>
      <trkpt lat="-38.04258" lon="174.83469">
        <ele>16.2</ele>
      </trkpt>
      <trkpt lat="-38.04252" lon="174.83482">
        <ele>15.8</ele>
      </trkpt>
      <trkpt lat="-38.04248" lon="174.83496">
        <ele>15.5</ele>
      </trkpt>
      <trkpt lat="-38.04245" lon="174.83513">
        <ele>15.4</ele>
      </trkpt>
      <trkpt lat="-38.04244" lon="174.83532">
        <ele>15.1</ele>
      </trkpt>
      <trkpt lat="-38.04245" lon="174.83559">
        <ele>14.3</ele>
      </trkpt>
      <trkpt lat="-38.04245" lon="174.83583">
        <ele>13.7</ele>
      </trkpt>
      <trkpt lat="-38.0424" lon="174.83607">
        <ele>13.9</ele>
      </trkpt>
      <trkpt lat="-38.04232" lon="174.83635">
        <ele>14.2</ele>
      </trkpt>
      <trkpt lat="-38.0421" lon="174.83712">
        <ele>13.7</ele>
      </trkpt>
      <trkpt lat="-38.04188" lon="174.8379">
        <ele>11.5</ele>
      </trkpt>
      <trkpt lat="-38.04175" lon="174.83847">
        <ele>8.3</ele>
      </trkpt>
      <trkpt lat="-38.04169" lon="174.83875">
        <ele>6.9</ele>
      </trkpt>
      <trkpt lat="-38.04166" lon="174.839">
        <ele>5.9</ele>
      </trkpt>
      <trkpt lat="-38.04161" lon="174.83955">
        <ele>5.9</ele>
      </trkpt>
      <trkpt lat="-38.04159" lon="174.84013">
        <ele>6.1</ele>
      </trkpt>
      <trkpt lat="-38.04162" lon="174.84045">
        <ele>5.2</ele>
      </trkpt>
      <trkpt lat="-38.04167" lon="174.84068">
        <ele>4.4</ele>
      </trkpt>
      <trkpt lat="-38.04178" lon="174.84111">
        <ele>4.4</ele>
      </trkpt>
      <trkpt lat="-38.04182" lon="174.84134">
        <ele>4.9</ele>
      </trkpt>
      <trkpt lat="-38.0418" lon="174.84158">
        <ele>5.8</ele>
      </trkpt>
      <trkpt lat="-38.04174" lon="174.84177">
        <ele>7.9</ele>
      </trkpt>
      <trkpt lat="-38.04161" lon="174.84198">
        <ele>11.3</ele>
      </trkpt>
      <trkpt lat="-38.04116" lon="174.84252">
        <ele>15.6</ele>
      </trkpt>
      <trkpt lat="-38.04098" lon="174.84275">
        <ele>17.0</ele>
      </trkpt>
      <trkpt lat="-38.04092" lon="174.84295">
        <ele>19.2</ele>
      </trkpt>
      <trkpt lat="-38.04093" lon="174.8432">
        <ele>22.4</ele>
      </trkpt>
      <trkpt lat="-38.04096" lon="174.84353">
        <ele>25.1</ele>
      </trkpt>
      <trkpt lat="-38.04095" lon="174.84372">
        <ele>26.3</ele>
      </trkpt>
      <trkpt lat="-38.04092" lon="174.84386">
        <ele>27.1</ele>
      </trkpt>
      <trkpt lat="-38.0408" lon="174.84417">
        <ele>28.7</ele>
      </trkpt>
      <trkpt lat="-38.04049" lon="174.84483">
        <ele>32.6</ele>
      </trkpt>
      <trkpt lat="-38.04036" lon="174.84515">
        <ele>33.9</ele>
      </trkpt>
      <trkpt lat="-38.0403" lon="174.84539">
        <ele>34.7</ele>
      </trkpt>
      <trkpt lat="-38.04029" lon="174.8456">
        <ele>36.0</ele>
      </trkpt>
      <trkpt lat="-38.04035" lon="174.84602">
        <ele>40.3</ele>
      </trkpt>
      <trkpt lat="-38.04042" lon="174.84633">
        <ele>44.2</ele>
      </trkpt>
      <trkpt lat="-38.04046" lon="174.84659">
        <ele>46.9</ele>
      </trkpt>
      <trkpt lat="-38.04045" lon="174.84683">
        <ele>48.8</ele>
      </trkpt>
      <trkpt lat="-38.0404" lon="174.84703">
        <ele>49.7</ele>
      </trkpt>
      <trkpt lat="-38.04024" lon="174.84749">
        <ele>51.6</ele>
      </trkpt>
      <trkpt lat="-38.04016" lon="174.84788">
        <ele>53.1</ele>
      </trkpt>
      <trkpt lat="-38.04018" lon="174.84814">
        <ele>55.3</ele>
      </trkpt>
      <trkpt lat="-38.04025" lon="174.8484">
        <ele>58.4</ele>
      </trkpt>
      <trkpt lat="-38.04036" lon="174.84869">
        <ele>62.2</ele>
      </trkpt>
      <trkpt lat="-38.04061" lon="174.84916">
        <ele>70.1</ele>
      </trkpt>
      <trkpt lat="-38.04077" lon="174.84957">
        <ele>72.1</ele>
      </trkpt>
      <trkpt lat="-38.04085" lon="174.84971">
        <ele>71.8</ele>
      </trkpt>
      <trkpt lat="-38.04095" lon="174.84982">
        <ele>71.5</ele>
      </trkpt>
      <trkpt lat="-38.04109" lon="174.84992">
        <ele>71.2</ele>
      </trkpt>
      <trkpt lat="-38.04136" lon="174.85001">
        <ele>71.3</ele>
      </trkpt>
      <trkpt lat="-38.04154" lon="174.85001">
        <ele>71.7</ele>
      </trkpt>
      <trkpt lat="-38.04208" lon="174.84993">
        <ele>68.0</ele>
      </trkpt>
      <trkpt lat="-38.04262" lon="174.84986">
        <ele>64.2</ele>
      </trkpt>
      <trkpt lat="-38.04282" lon="174.84986">
        <ele>63.9</ele>
      </trkpt>
      <trkpt lat="-38.04297" lon="174.84989">
        <ele>63.2</ele>
      </trkpt>
      <trkpt lat="-38.04338" lon="174.85013">
        <ele>59.7</ele>
      </trkpt>
      <trkpt lat="-38.04379" lon="174.85037">
        <ele>56.7</ele>
      </trkpt>
      <trkpt lat="-38.04446" lon="174.85069">
        <ele>53.2</ele>
      </trkpt>
      <trkpt lat="-38.04502" lon="174.85092">
        <ele>51.7</ele>
      </trkpt>
      <trkpt lat="-38.04554" lon="174.85105">
        <ele>49.7</ele>
      </trkpt>
      <trkpt lat="-38.04607" lon="174.85119">
        <ele>48.5</ele>
      </trkpt>
      <trkpt lat="-38.04629" lon="174.85126">
        <ele>48.5</ele>
      </trkpt>
      <trkpt lat="-38.04644" lon="174.85134">
        <ele>48.2</ele>
      </trkpt>
      <trkpt lat="-38.04659" lon="174.8515">
        <ele>46.8</ele>
      </trkpt>
      <trkpt lat="-38.04672" lon="174.85174">
        <ele>46.0</ele>
      </trkpt>
      <trkpt lat="-38.04694" lon="174.85233">
        <ele>47.2</ele>
      </trkpt>
      <trkpt lat="-38.0471" lon="174.85269">
        <ele>48.2</ele>
      </trkpt>
      <trkpt lat="-38.04757" lon="174.85355">
        <ele>46.2</ele>
      </trkpt>
      <trkpt lat="-38.04768" lon="174.85372">
        <ele>46.0</ele>
      </trkpt>
      <trkpt lat="-38.04779" lon="174.85384">
        <ele>45.7</ele>
      </trkpt>
      <trkpt lat="-38.04828" lon="174.85417">
        <ele>42.6</ele>
      </trkpt>
      <trkpt lat="-38.04849" lon="174.85428">
        <ele>43.0</ele>
      </trkpt>
      <trkpt lat="-38.04861" lon="174.85438">
        <ele>42.7</ele>
      </trkpt>
      <trkpt lat="-38.04872" lon="174.85453">
        <ele>41.4</ele>
      </trkpt>
      <trkpt lat="-38.04879" lon="174.85472">
        <ele>38.8</ele>
      </trkpt>
      <trkpt lat="-38.04881" lon="174.85493">
        <ele>35.2</ele>
      </trkpt>
      <trkpt lat="-38.04879" lon="174.85513">
        <ele>32.9</ele>
      </trkpt>
      <trkpt lat="-38.04863" lon="174.85574">
        <ele>25.6</ele>
      </trkpt>
      <trkpt lat="-38.04863" lon="174.85594">
        <ele>23.4</ele>
      </trkpt>
      <trkpt lat="-38.04867" lon="174.85609">
        <ele>22.1</ele>
      </trkpt>
      <trkpt lat="-38.04874" lon="174.85622">
        <ele>21.3</ele>
      </trkpt>
      <trkpt lat="-38.04885" lon="174.85632">
        <ele>21.1</ele>
      </trkpt>
      <trkpt lat="-38.04899" lon="174.85639">
        <ele>21.3</ele>
      </trkpt>
      <trkpt lat="-38.04931" lon="174.85644">
        <ele>21.7</ele>
      </trkpt>
      <trkpt lat="-38.04975" lon="174.85648">
        <ele>20.1</ele>
      </trkpt>
      <trkpt lat="-38.04993" lon="174.85647">
        <ele>20.1</ele>
      </trkpt>
      <trkpt lat="-38.05047" lon="174.85638">
        <ele>14.0</ele>
      </trkpt>
      <trkpt lat="-38.05065" lon="174.85639">
        <ele>10.5</ele>
      </trkpt>
      <trkpt lat="-38.05089" lon="174.85648">
        <ele>8.7</ele>
      </trkpt>
      <trkpt lat="-38.05113" lon="174.85664">
        <ele>6.7</ele>
      </trkpt>
      <trkpt lat="-38.05137" lon="174.85698">
        <ele>4.1</ele>
      </trkpt>
      <trkpt lat="-38.05173" lon="174.85752">
        <ele>0.2</ele>
      </trkpt>
      <trkpt lat="-38.0519" lon="174.85777">
        <ele>2.2</ele>
      </trkpt>
      <trkpt lat="-38.05216" lon="174.85801">
        <ele>3.9</ele>
      </trkpt>
      <trkpt lat="-38.05246" lon="174.85825">
        <ele>5.4</ele>
      </trkpt>
      <trkpt lat="-38.05294" lon="174.85851">
        <ele>8.3</ele>
      </trkpt>
      <trkpt lat="-38.05342" lon="174.85877">
        <ele>12.8</ele>
      </trkpt>
      <trkpt lat="-38.05388" lon="174.85906">
        <ele>15.4</ele>
      </trkpt>
      <trkpt lat="-38.05434" lon="174.85934">
        <ele>16.0</ele>
      </trkpt>
      <trkpt lat="-38.05503" lon="174.85955">
        <ele>10.2</ele>
      </trkpt>
      <trkpt lat="-38.05533" lon="174.8597">
        <ele>8.9</ele>
      </trkpt>
      <trkpt lat="-38.05556" lon="174.85991">
        <ele>6.7</ele>
      </trkpt>
      <trkpt lat="-38.05571" lon="174.86018">
        <ele>8.4</ele>
      </trkpt>
      <trkpt lat="-38.05577" lon="174.86057">
        <ele>17.9</ele>
      </trkpt>
      <trkpt lat="-38.05572" lon="174.86095">
        <ele>23.5</ele>
      </trkpt>
      <trkpt lat="-38.05562" lon="174.86124">
        <ele>20.0</ele>
      </trkpt>
      <trkpt lat="-38.05528" lon="174.86191">
        <ele>25.7</ele>
      </trkpt>
      <trkpt lat="-38.05494" lon="174.86258">
        <ele>26.6</ele>
      </trkpt>
      <trkpt lat="-38.05459" lon="174.86325">
        <ele>24.5</ele>
      </trkpt>
      <trkpt lat="-38.05435" lon="174.86384">
        <ele>25.2</ele>
      </trkpt>
      <trkpt lat="-38.05411" lon="174.86443">
        <ele>28.6</ele>
      </trkpt>
      <trkpt lat="-38.05383" lon="174.8653">
        <ele>28.0</ele>
      </trkpt>
      <trkpt lat="-38.05355" lon="174.86616">
        <ele>24.2</ele>
      </trkpt>
      <trkpt lat="-38.05326" lon="174.86675">
        <ele>23.5</ele>
      </trkpt>
      <trkpt lat="-38.05278" lon="174.8674">
        <ele>20.5</ele>
      </trkpt>
      <trkpt lat="-38.05229" lon="174.86805">
        <ele>15.9</ele>
      </trkpt>
      <trkpt lat="-38.05173" lon="174.86885">
        <ele>23.0</ele>
      </trkpt>
      <trkpt lat="-38.05118" lon="174.86965">
        <ele>28.6</ele>
      </trkpt>
      <trkpt lat="-38.05062" lon="174.87044">
        <ele>28.2</ele>
      </trkpt>
      <trkpt lat="-38.05006" lon="174.87124">
        <ele>24.3</ele>
      </trkpt>
      <trkpt lat="-38.04959" lon="174.87184">
        <ele>28.5</ele>
      </trkpt>
      <trkpt lat="-38.04923" lon="174.87261">
        <ele>21.9</ele>
      </trkpt>
      <trkpt lat="-38.04886" lon="174.87305">
        <ele>20.2</ele>
      </trkpt>
      <trkpt lat="-38.04864" lon="174.87336">
        <ele>13.4</ele>
      </trkpt>
      <trkpt lat="-38.0485" lon="174.87378">
        <ele>8.8</ele>
      </trkpt>
      <trkpt lat="-38.04841" lon="174.87435">
        <ele>5.2</ele>
      </trkpt>
      <trkpt lat="-38.04833" lon="174.87523">
        <ele>7.0</ele>
      </trkpt>
      <trkpt lat="-38.04836" lon="174.87596">
        <ele>13.4</ele>
      </trkpt>
      <trkpt lat="-38.04848" lon="174.87656">
        <ele>18.5</ele>
      </trkpt>
      <trkpt lat="-38.0486" lon="174.87716">
        <ele>23.6</ele>
      </trkpt>
      <trkpt lat="-38.04873" lon="174.87766">
        <ele>26.9</ele>
      </trkpt>
      <trkpt lat="-38.04904" lon="174.87843">
        <ele>24.3</ele>
      </trkpt>
      <trkpt lat="-38.04913" lon="174.87871">
        <ele>22.7</ele>
      </trkpt>
      <trkpt lat="-38.04917" lon="174.8791">
        <ele>22.7</ele>
      </trkpt>
      <trkpt lat="-38.04915" lon="174.87945">
        <ele>23.0</ele>
      </trkpt>
      <trkpt lat="-38.04901" lon="174.87983">
        <ele>26.5</ele>
      </trkpt>
      <trkpt lat="-38.04838" lon="174.88059">
        <ele>25.0</ele>
      </trkpt>
      <trkpt lat="-38.04816" lon="174.88094">
        <ele>20.6</ele>
      </trkpt>
      <trkpt lat="-38.048" lon="174.88131">
        <ele>22.2</ele>
      </trkpt>
      <trkpt lat="-38.04788" lon="174.88224">
        <ele>18.2</ele>
      </trkpt>
      <trkpt lat="-38.04775" lon="174.88317">
        <ele>15.5</ele>
      </trkpt>
      <trkpt lat="-38.04757" lon="174.88363">
        <ele>14.5</ele>
      </trkpt>
      <trkpt lat="-38.04727" lon="174.88428">
        <ele>16.1</ele>
      </trkpt>
      <trkpt lat="-38.04696" lon="174.88493">
        <ele>16.5</ele>
      </trkpt>
      <trkpt lat="-38.04665" lon="174.8853">
        <ele>17.6</ele>
      </trkpt>
      <trkpt lat="-38.04636" lon="174.88572">
        <ele>18.6</ele>
      </trkpt>
      <trkpt lat="-38.04606" lon="174.88648">
        <ele>16.9</ele>
      </trkpt>
      <trkpt lat="-38.04575" lon="174.88725">
        <ele>17.7</ele>
      </trkpt>
      <trkpt lat="-38.04545" lon="174.88801">
        <ele>18.4</ele>
      </trkpt>
      <trkpt lat="-38.04514" lon="174.88878">
        <ele>16.8</ele>
      </trkpt>
      <trkpt lat="-38.04499" lon="174.88929">
        <ele>13.3</ele>
      </trkpt>
      <trkpt lat="-38.04484" lon="174.89008">
        <ele>9.7</ele>
      </trkpt>
      <trkpt lat="-38.04474" lon="174.89077">
        <ele>10.0</ele>
      </trkpt>
      <trkpt lat="-38.04463" lon="174.89146">
        <ele>9.8</ele>
      </trkpt>
      <trkpt lat="-38.04461" lon="174.89164">
        <ele>9.8</ele>
      </trkpt>
      <trkpt lat="-38.04445" lon="174.89269">
        <ele>9.7</ele>
      </trkpt>
      <trkpt lat="-38.04433" lon="174.89357">
        <ele>11.6</ele>
      </trkpt>
      <trkpt lat="-38.0443" lon="174.89379">
        <ele>12.4</ele>
      </trkpt>
      <trkpt lat="-38.04429" lon="174.89424">
        <ele>14.1</ele>
      </trkpt>
      <trkpt lat="-38.04431" lon="174.8947">
        <ele>14.6</ele>
      </trkpt>
      <trkpt lat="-38.04434" lon="174.89491">
        <ele>14.9</ele>
      </trkpt>
      <trkpt lat="-38.04438" lon="174.89512">
        <ele>15.4</ele>
      </trkpt>
      <trkpt lat="-38.04447" lon="174.89557">
        <ele>16.8</ele>
      </trkpt>
      <trkpt lat="-38.04451" lon="174.89578">
        <ele>17.4</ele>
      </trkpt>
      <trkpt lat="-38.04458" lon="174.896">
        <ele>17.5</ele>
      </trkpt>
      <trkpt lat="-38.04465" lon="174.89621">
        <ele>17.5</ele>
      </trkpt>
      <trkpt lat="-38.04473" lon="174.8964">
        <ele>17.6</ele>
      </trkpt>
      <trkpt lat="-38.04499" lon="174.89699">
        <ele>18.8</ele>
      </trkpt>
      <trkpt lat="-38.04515" lon="174.89741">
        <ele>19.7</ele>
      </trkpt>
      <trkpt lat="-38.04521" lon="174.89762">
        <ele>19.8</ele>
      </trkpt>
      <trkpt lat="-38.04527" lon="174.89784">
        <ele>19.8</ele>
      </trkpt>
      <trkpt lat="-38.04544" lon="174.8986">
        <ele>19.8</ele>
      </trkpt>
      <trkpt lat="-38.04561" lon="174.89936">
        <ele>22.4</ele>
      </trkpt>
      <trkpt lat="-38.04568" lon="174.89958">
        <ele>23.2</ele>
      </trkpt>
      <trkpt lat="-38.04575" lon="174.89979">
        <ele>24.0</ele>
      </trkpt>
      <trkpt lat="-38.04585" lon="174.89997">
        <ele>25.1</ele>
      </trkpt>
      <trkpt lat="-38.04597" lon="174.90014">
        <ele>25.6</ele>
      </trkpt>
      <trkpt lat="-38.0461" lon="174.90026">
        <ele>26.3</ele>
      </trkpt>
      <trkpt lat="-38.04627" lon="174.90038">
        <ele>27.2</ele>
      </trkpt>
      <trkpt lat="-38.04644" lon="174.90046">
        <ele>28.3</ele>
      </trkpt>
      <trkpt lat="-38.04728" lon="174.90078">
        <ele>36.3</ele>
      </trkpt>
      <trkpt lat="-38.04811" lon="174.9011">
        <ele>33.2</ele>
      </trkpt>
      <trkpt lat="-38.04839" lon="174.90123">
        <ele>30.8</ele>
      </trkpt>
      <trkpt lat="-38.04854" lon="174.90132">
        <ele>30.3</ele>
      </trkpt>
      <trkpt lat="-38.04874" lon="174.9015">
        <ele>29.8</ele>
      </trkpt>
      <trkpt lat="-38.04884" lon="174.90162">
        <ele>29.8</ele>
      </trkpt>
      <trkpt lat="-38.04892" lon="174.90176">
        <ele>29.9</ele>
      </trkpt>
      <trkpt lat="-38.04898" lon="174.90191">
        <ele>29.7</ele>
      </trkpt>
      <trkpt lat="-38.04902" lon="174.90208">
        <ele>29.4</ele>
      </trkpt>
      <trkpt lat="-38.04905" lon="174.90227">
        <ele>28.9</ele>
      </trkpt>
      <trkpt lat="-38.04905" lon="174.90244">
        <ele>28.2</ele>
      </trkpt>
      <trkpt lat="-38.04904" lon="174.9026">
        <ele>27.3</ele>
      </trkpt>
      <trkpt lat="-38.04898" lon="174.90295">
        <ele>24.4</ele>
      </trkpt>
      <trkpt lat="-38.04891" lon="174.90323">
        <ele>22.1</ele>
      </trkpt>
      <trkpt lat="-38.04884" lon="174.90347">
        <ele>19.6</ele>
      </trkpt>
      <trkpt lat="-38.04866" lon="174.904">
        <ele>13.6</ele>
      </trkpt>
      <trkpt lat="-38.04858" lon="174.90426">
        <ele>11.7</ele>
      </trkpt>
      <trkpt lat="-38.04857" lon="174.90457">
        <ele>10.9</ele>
      </trkpt>
      <trkpt lat="-38.04868" lon="174.90533">
        <ele>8.4</ele>
      </trkpt>
      <trkpt lat="-38.04879" lon="174.90609">
        <ele>6.4</ele>
      </trkpt>
      <trkpt lat="-38.04897" lon="174.90672">
        <ele>5.6</ele>
      </trkpt>
      <trkpt lat="-38.0492" lon="174.90733">
        <ele>4.3</ele>
      </trkpt>
      <trkpt lat="-38.04944" lon="174.90793">
        <ele>4.8</ele>
      </trkpt>
      <trkpt lat="-38.04968" lon="174.9084">
        <ele>5.1</ele>
      </trkpt>
      <trkpt lat="-38.05015" lon="174.90905">
        <ele>6.7</ele>
      </trkpt>
      <trkpt lat="-38.05063" lon="174.9097">
        <ele>7.6</ele>
      </trkpt>
      <trkpt lat="-38.0511" lon="174.91035">
        <ele>9.9</ele>
      </trkpt>
      <trkpt lat="-38.05158" lon="174.911">
        <ele>12.2</ele>
      </trkpt>
      <trkpt lat="-38.05169" lon="174.91116">
        <ele>11.9</ele>
      </trkpt>
      <trkpt lat="-38.05184" lon="174.91141">
        <ele>11.1</ele>
      </trkpt>
      <trkpt lat="-38.05196" lon="174.91165">
        <ele>10.4</ele>
      </trkpt>
      <trkpt lat="-38.05224" lon="174.91227">
        <ele>8.9</ele>
      </trkpt>
      <trkpt lat="-38.05241" lon="174.91283">
        <ele>7.6</ele>
      </trkpt>
      <trkpt lat="-38.05246" lon="174.91306">
        <ele>8.2</ele>
      </trkpt>
      <trkpt lat="-38.05254" lon="174.91355">
        <ele>9.2</ele>
      </trkpt>
      <trkpt lat="-38.05256" lon="174.91397">
        <ele>9.8</ele>
      </trkpt>
      <trkpt lat="-38.05257" lon="174.91422">
        <ele>10.2</ele>
      </trkpt>
      <trkpt lat="-38.05254" lon="174.91534">
        <ele>12.8</ele>
      </trkpt>
      <trkpt lat="-38.05255" lon="174.91559">
        <ele>14.0</ele>
      </trkpt>
      <trkpt lat="-38.05256" lon="174.9158">
        <ele>15.0</ele>
      </trkpt>
      <trkpt lat="-38.05258" lon="174.91598">
        <ele>15.5</ele>
      </trkpt>
      <trkpt lat="-38.05261" lon="174.91611">
        <ele>15.8</ele>
      </trkpt>
      <trkpt lat="-38.05265" lon="174.91622">
        <ele>16.1</ele>
      </trkpt>
      <trkpt lat="-38.05271" lon="174.91635">
        <ele>16.4</ele>
      </trkpt>
      <trkpt lat="-38.05286" lon="174.91658">
        <ele>16.9</ele>
      </trkpt>
      <trkpt lat="-38.053" lon="174.91675">
        <ele>17.6</ele>
      </trkpt>
      <trkpt lat="-38.05366" lon="174.91748">
        <ele>26.4</ele>
      </trkpt>
      <trkpt lat="-38.0538" lon="174.91768">
        <ele>27.7</ele>
      </trkpt>
      <trkpt lat="-38.05393" lon="174.9179">
        <ele>29.7</ele>
      </trkpt>
      <trkpt lat="-38.05403" lon="174.91813">
        <ele>32.5</ele>
      </trkpt>
      <trkpt lat="-38.05432" lon="174.91881">
        <ele>36.5</ele>
      </trkpt>
      <trkpt lat="-38.05459" lon="174.9194">
        <ele>38.9</ele>
      </trkpt>
      <trkpt lat="-38.05471" lon="174.91958">
        <ele>40.1</ele>
      </trkpt>
      <trkpt lat="-38.05482" lon="174.91971">
        <ele>41.8</ele>
      </trkpt>
      <trkpt lat="-38.05502" lon="174.9199">
        <ele>45.7</ele>
      </trkpt>
      <trkpt lat="-38.05547" lon="174.92031">
        <ele>51.9</ele>
      </trkpt>
      <trkpt lat="-38.05561" lon="174.92043">
        <ele>54.0</ele>
      </trkpt>
      <trkpt lat="-38.0558" lon="174.92065">
        <ele>56.7</ele>
      </trkpt>
      <trkpt lat="-38.05591" lon="174.92082">
        <ele>57.3</ele>
      </trkpt>
      <trkpt lat="-38.05601" lon="174.92101">
        <ele>58.6</ele>
      </trkpt>
      <trkpt lat="-38.05612" lon="174.92128">
        <ele>59.7</ele>
      </trkpt>
      <trkpt lat="-38.05615" lon="174.92144">
        <ele>59.8</ele>
      </trkpt>
      <trkpt lat="-38.05619" lon="174.92184">
        <ele>59.9</ele>
      </trkpt>
      <trkpt lat="-38.05636" lon="174.92263">
        <ele>57.6</ele>
      </trkpt>
      <trkpt lat="-38.05662" lon="174.92361">
        <ele>45.5</ele>
      </trkpt>
      <trkpt lat="-38.05687" lon="174.9246">
        <ele>36.4</ele>
      </trkpt>
      <trkpt lat="-38.05712" lon="174.92559">
        <ele>34.8</ele>
      </trkpt>
      <trkpt lat="-38.05738" lon="174.92657">
        <ele>33.7</ele>
      </trkpt>
      <trkpt lat="-38.05763" lon="174.92756">
        <ele>32.2</ele>
      </trkpt>
      <trkpt lat="-38.05779" lon="174.9284">
        <ele>32.4</ele>
      </trkpt>
      <trkpt lat="-38.05785" lon="174.92941">
        <ele>34.0</ele>
      </trkpt>
      <trkpt lat="-38.0578" lon="174.93019">
        <ele>35.9</ele>
      </trkpt>
      <trkpt lat="-38.05775" lon="174.93098">
        <ele>39.5</ele>
      </trkpt>
      <trkpt lat="-38.0577" lon="174.93176">
        <ele>43.6</ele>
      </trkpt>
      <trkpt lat="-38.05769" lon="174.93244">
        <ele>41.9</ele>
      </trkpt>
      <trkpt lat="-38.05779" lon="174.93308">
        <ele>43.1</ele>
      </trkpt>
      <trkpt lat="-38.05802" lon="174.93417">
        <ele>44.4</ele>
      </trkpt>
      <trkpt lat="-38.05825" lon="174.93525">
        <ele>46.8</ele>
      </trkpt>
      <trkpt lat="-38.05848" lon="174.93634">
        <ele>51.3</ele>
      </trkpt>
      <trkpt lat="-38.05871" lon="174.93743">
        <ele>59.7</ele>
      </trkpt>
      <trkpt lat="-38.05894" lon="174.93851">
        <ele>65.5</ele>
      </trkpt>
      <trkpt lat="-38.05917" lon="174.9396">
        <ele>74.7</ele>
      </trkpt>
      <trkpt lat="-38.05938" lon="174.94021">
        <ele>79.6</ele>
      </trkpt>
      <trkpt lat="-38.05989" lon="174.94108">
        <ele>80.8</ele>
      </trkpt>
      <trkpt lat="-38.06008" lon="174.94162">
        <ele>78.7</ele>
      </trkpt>
      <trkpt lat="-38.06021" lon="174.94257">
        <ele>77.3</ele>
      </trkpt>
      <trkpt lat="-38.06033" lon="174.94353">
        <ele>87.8</ele>
      </trkpt>
      <trkpt lat="-38.06046" lon="174.94448">
        <ele>95.8</ele>
      </trkpt>
      <trkpt lat="-38.06059" lon="174.94544">
        <ele>103.9</ele>
      </trkpt>
      <trkpt lat="-38.06068" lon="174.9454">
        <ele>103.3</ele>
      </trkpt>
      <trkpt lat="-38.06095" lon="174.94525">
        <ele>101.3</ele>
      </trkpt>
      <trkpt lat="-38.06141" lon="174.94487">
        <ele>98.4</ele>
      </trkpt>
      <trkpt lat="-38.06187" lon="174.9445">
        <ele>93.9</ele>
      </trkpt>
      <trkpt lat="-38.06213" lon="174.94437">
        <ele>91.8</ele>
      </trkpt>
      <trkpt lat="-38.06213" lon="174.94437">
        <ele>91.8</ele>
      </trkpt>
      <trkpt lat="-38.06256" lon="174.94418">
        <ele>89.2</ele>
      </trkpt>
      <trkpt lat="-38.06298" lon="174.94399">
        <ele>84.6</ele>
      </trkpt>
      <trkpt lat="-38.06339" lon="174.94379">
        <ele>82.8</ele>
      </trkpt>
      <trkpt lat="-38.06373" lon="174.94365">
        <ele>79.8</ele>
      </trkpt>
      <trkpt lat="-38.06411" lon="174.94368">
        <ele>74.4</ele>
      </trkpt>
      <trkpt lat="-38.06463" lon="174.94403">
        <ele>69.8</ele>
      </trkpt>
      <trkpt lat="-38.06515" lon="174.94424">
        <ele>69.1</ele>
      </trkpt>
      <trkpt lat="-38.06549" lon="174.94435">
        <ele>66.2</ele>
      </trkpt>
      <trkpt lat="-38.06601" lon="174.94431">
        <ele>66.8</ele>
      </trkpt>
      <trkpt lat="-38.06634" lon="174.94419">
        <ele>68.6</ele>
      </trkpt>
      <trkpt lat="-38.06684" lon="174.94376">
        <ele>65.2</ele>
      </trkpt>
      <trkpt lat="-38.06722" lon="174.94333">
        <ele>64.6</ele>
      </trkpt>
      <trkpt lat="-38.06767" lon="174.94255">
        <ele>59.2</ele>
      </trkpt>
      <trkpt lat="-38.06799" lon="174.94189">
        <ele>57.8</ele>
      </trkpt>
      <trkpt lat="-38.06831" lon="174.94124">
        <ele>55.5</ele>
      </trkpt>
      <trkpt lat="-38.06863" lon="174.94058">
        <ele>52.4</ele>
      </trkpt>
      <trkpt lat="-38.06912" lon="174.93986">
        <ele>45.6</ele>
      </trkpt>
      <trkpt lat="-38.0696" lon="174.93941">
        <ele>47.5</ele>
      </trkpt>
      <trkpt lat="-38.07007" lon="174.93896">
        <ele>48.7</ele>
      </trkpt>
      <trkpt lat="-38.07046" lon="174.93842">
        <ele>49.0</ele>
      </trkpt>
      <trkpt lat="-38.07066" lon="174.93784">
        <ele>46.3</ele>
      </trkpt>
      <trkpt lat="-38.07086" lon="174.93693">
        <ele>40.8</ele>
      </trkpt>
      <trkpt lat="-38.07104" lon="174.9364">
        <ele>38.5</ele>
      </trkpt>
      <trkpt lat="-38.07126" lon="174.93607">
        <ele>36.6</ele>
      </trkpt>
      <trkpt lat="-38.07155" lon="174.93573">
        <ele>33.5</ele>
      </trkpt>
      <trkpt lat="-38.07226" lon="174.93515">
        <ele>26.7</ele>
      </trkpt>
      <trkpt lat="-38.07279" lon="174.93486">
        <ele>30.5</ele>
      </trkpt>
      <trkpt lat="-38.07318" lon="174.93467">
        <ele>35.2</ele>
      </trkpt>
      <trkpt lat="-38.07349" lon="174.93442">
        <ele>37.4</ele>
      </trkpt>
      <trkpt lat="-38.07372" lon="174.93415">
        <ele>37.8</ele>
      </trkpt>
      <trkpt lat="-38.07403" lon="174.93367">
        <ele>36.7</ele>
      </trkpt>
      <trkpt lat="-38.07433" lon="174.93319">
        <ele>32.9</ele>
      </trkpt>
      <trkpt lat="-38.07479" lon="174.93277">
        <ele>27.6</ele>
      </trkpt>
      <trkpt lat="-38.07524" lon="174.93234">
        <ele>24.8</ele>
      </trkpt>
      <trkpt lat="-38.07541" lon="174.9318">
        <ele>22.5</ele>
      </trkpt>
      <trkpt lat="-38.07549" lon="174.93094">
        <ele>18.7</ele>
      </trkpt>
      <trkpt lat="-38.07567" lon="174.93049">
        <ele>16.6</ele>
      </trkpt>
      <trkpt lat="-38.07587" lon="174.93017">
        <ele>14.2</ele>
      </trkpt>
      <trkpt lat="-38.07636" lon="174.92967">
        <ele>14.2</ele>
      </trkpt>
      <trkpt lat="-38.07673" lon="174.92951">
        <ele>13.9</ele>
      </trkpt>
      <trkpt lat="-38.07729" lon="174.92951">
        <ele>13.8</ele>
      </trkpt>
      <trkpt lat="-38.07775" lon="174.92967">
        <ele>14.0</ele>
      </trkpt>
      <trkpt lat="-38.0782" lon="174.92982">
        <ele>10.7</ele>
      </trkpt>
      <trkpt lat="-38.07839" lon="174.92991">
        <ele>9.3</ele>
      </trkpt>
      <trkpt lat="-38.07862" lon="174.93004">
        <ele>8.4</ele>
      </trkpt>
      <trkpt lat="-38.07883" lon="174.93018">
        <ele>7.6</ele>
      </trkpt>
      <trkpt lat="-38.07941" lon="174.93059">
        <ele>8.2</ele>
      </trkpt>
      <trkpt lat="-38.07962" lon="174.93073">
        <ele>8.4</ele>
      </trkpt>
      <trkpt lat="-38.07982" lon="174.93088">
        <ele>8.7</ele>
      </trkpt>
      <trkpt lat="-38.07996" lon="174.93101">
        <ele>8.4</ele>
      </trkpt>
      <trkpt lat="-38.08011" lon="174.93119">
        <ele>7.6</ele>
      </trkpt>
      <trkpt lat="-38.08054" lon="174.93173">
        <ele>6.5</ele>
      </trkpt>
      <trkpt lat="-38.08098" lon="174.93226">
        <ele>7.1</ele>
      </trkpt>
      <trkpt lat="-38.08141" lon="174.93279">
        <ele>9.8</ele>
      </trkpt>
      <trkpt lat="-38.0819" lon="174.93332">
        <ele>12.2</ele>
      </trkpt>
      <trkpt lat="-38.08218" lon="174.93351">
        <ele>14.0</ele>
      </trkpt>
      <trkpt lat="-38.08253" lon="174.93356">
        <ele>16.7</ele>
      </trkpt>
      <trkpt lat="-38.08307" lon="174.93353">
        <ele>16.0</ele>
      </trkpt>
      <trkpt lat="-38.08344" lon="174.93354">
        <ele>15.7</ele>
      </trkpt>
      <trkpt lat="-38.08408" lon="174.93367">
        <ele>16.1</ele>
      </trkpt>
      <trkpt lat="-38.08468" lon="174.93383">
        <ele>16.6</ele>
      </trkpt>
      <trkpt lat="-38.08496" lon="174.93399">
        <ele>15.2</ele>
      </trkpt>
      <trkpt lat="-38.08511" lon="174.93414">
        <ele>16.2</ele>
      </trkpt>
      <trkpt lat="-38.08538" lon="174.93478">
        <ele>15.1</ele>
      </trkpt>
      <trkpt lat="-38.08559" lon="174.93498">
        <ele>14.1</ele>
      </trkpt>
      <trkpt lat="-38.08605" lon="174.93511">
        <ele>14.5</ele>
      </trkpt>
      <trkpt lat="-38.08627" lon="174.93511">
        <ele>14.3</ele>
      </trkpt>
      <trkpt lat="-38.08671" lon="174.93489">
        <ele>18.2</ele>
      </trkpt>
      <trkpt lat="-38.08698" lon="174.93457">
        <ele>23.6</ele>
      </trkpt>
      <trkpt lat="-38.08767" lon="174.93426">
        <ele>16.7</ele>
      </trkpt>
      <trkpt lat="-38.08836" lon="174.93395">
        <ele>14.2</ele>
      </trkpt>
      <trkpt lat="-38.08905" lon="174.93363">
        <ele>10.5</ele>
      </trkpt>
      <trkpt lat="-38.08974" lon="174.93332">
        <ele>8.0</ele>
      </trkpt>
      <trkpt lat="-38.09043" lon="174.93301">
        <ele>8.0</ele>
      </trkpt>
      <trkpt lat="-38.0907" lon="174.93298">
        <ele>8.7</ele>
      </trkpt>
      <trkpt lat="-38.09085" lon="174.93304">
        <ele>9.3</ele>
      </trkpt>
      <trkpt lat="-38.09109" lon="174.93326">
        <ele>13.7</ele>
      </trkpt>
      <trkpt lat="-38.09149" lon="174.93418">
        <ele>18.3</ele>
      </trkpt>
      <trkpt lat="-38.09179" lon="174.93456">
        <ele>17.3</ele>
      </trkpt>
      <trkpt lat="-38.09228" lon="174.93518">
        <ele>13.4</ele>
      </trkpt>
      <trkpt lat="-38.09277" lon="174.9358">
        <ele>16.6</ele>
      </trkpt>
      <trkpt lat="-38.09325" lon="174.93642">
        <ele>19.5</ele>
      </trkpt>
      <trkpt lat="-38.09364" lon="174.93688">
        <ele>18.4</ele>
      </trkpt>
      <trkpt lat="-38.09372" lon="174.93697">
        <ele>18.1</ele>
      </trkpt>
      <trkpt lat="-38.09387" lon="174.93704">
        <ele>18.3</ele>
      </trkpt>
      <trkpt lat="-38.09395" lon="174.93705">
        <ele>18.7</ele>
      </trkpt>
      <trkpt lat="-38.09402" lon="174.93704">
        <ele>19.1</ele>
      </trkpt>
      <trkpt lat="-38.0941" lon="174.937">
        <ele>20.0</ele>
      </trkpt>
      <trkpt lat="-38.09417" lon="174.93694">
        <ele>21.0</ele>
      </trkpt>
      <trkpt lat="-38.09423" lon="174.93686">
        <ele>21.8</ele>
      </trkpt>
      <trkpt lat="-38.09429" lon="174.93677">
        <ele>22.7</ele>
      </trkpt>
      <trkpt lat="-38.09449" lon="174.93629">
        <ele>25.6</ele>
      </trkpt>
      <trkpt lat="-38.09468" lon="174.93594">
        <ele>27.9</ele>
      </trkpt>
      <trkpt lat="-38.09488" lon="174.93567">
        <ele>31.9</ele>
      </trkpt>
      <trkpt lat="-38.09525" lon="174.93529">
        <ele>36.3</ele>
      </trkpt>
      <trkpt lat="-38.09562" lon="174.93492">
        <ele>40.2</ele>
      </trkpt>
      <trkpt lat="-38.09584" lon="174.93477">
        <ele>40.8</ele>
      </trkpt>
      <trkpt lat="-38.09596" lon="174.93475">
        <ele>40.8</ele>
      </trkpt>
      <trkpt lat="-38.09636" lon="174.9347">
        <ele>40.2</ele>
      </trkpt>
      <trkpt lat="-38.0966" lon="174.93461">
        <ele>39.7</ele>
      </trkpt>
      <trkpt lat="-38.09687" lon="174.93441">
        <ele>42.4</ele>
      </trkpt>
      <trkpt lat="-38.09715" lon="174.93399">
        <ele>47.3</ele>
      </trkpt>
      <trkpt lat="-38.09761" lon="174.93337">
        <ele>46.1</ele>
      </trkpt>
      <trkpt lat="-38.09816" lon="174.93315">
        <ele>45.9</ele>
      </trkpt>
      <trkpt lat="-38.09836" lon="174.93298">
        <ele>43.7</ele>
      </trkpt>
      <trkpt lat="-38.09856" lon="174.93276">
        <ele>40.9</ele>
      </trkpt>
      <trkpt lat="-38.09876" lon="174.9326">
        <ele>39.9</ele>
      </trkpt>
      <trkpt lat="-38.09912" lon="174.93242">
        <ele>40.7</ele>
      </trkpt>
      <trkpt lat="-38.09941" lon="174.93233">
        <ele>39.9</ele>
      </trkpt>
      <trkpt lat="-38.09979" lon="174.93236">
        <ele>39.1</ele>
      </trkpt>
      <trkpt lat="-38.09995" lon="174.93241">
        <ele>37.9</ele>
      </trkpt>
      <trkpt lat="-38.10024" lon="174.93256">
        <ele>37.3</ele>
      </trkpt>
      <trkpt lat="-38.10063" lon="174.93267">
        <ele>38.3</ele>
      </trkpt>
      <trkpt lat="-38.10092" lon="174.93264">
        <ele>38.4</ele>
      </trkpt>
      <trkpt lat="-38.10124" lon="174.93249">
        <ele>35.8</ele>
      </trkpt>
      <trkpt lat="-38.10202" lon="174.93199">
        <ele>34.3</ele>
      </trkpt>
      <trkpt lat="-38.10281" lon="174.93149">
        <ele>30.5</ele>
      </trkpt>
      <trkpt lat="-38.10359" lon="174.931">
        <ele>27.5</ele>
      </trkpt>
      <trkpt lat="-38.10438" lon="174.9305">
        <ele>16.0</ele>
      </trkpt>
      <trkpt lat="-38.10505" lon="174.93079">
        <ele>8.9</ele>
      </trkpt>
      <trkpt lat="-38.10571" lon="174.93107">
        <ele>8.1</ele>
      </trkpt>
      <trkpt lat="-38.10638" lon="174.93136">
        <ele>7.3</ele>
      </trkpt>
      <trkpt lat="-38.10705" lon="174.93164">
        <ele>7.9</ele>
      </trkpt>
      <trkpt lat="-38.10749" lon="174.93176">
        <ele>9.2</ele>
      </trkpt>
      <trkpt lat="-38.10794" lon="174.93176">
        <ele>9.9</ele>
      </trkpt>
      <trkpt lat="-38.10843" lon="174.93168">
        <ele>11.1</ele>
      </trkpt>
      <trkpt lat="-38.1087" lon="174.93153">
        <ele>14.7</ele>
      </trkpt>
      <trkpt lat="-38.10932" lon="174.93108">
        <ele>18.2</ele>
      </trkpt>
      <trkpt lat="-38.10995" lon="174.93063">
        <ele>20.5</ele>
      </trkpt>
      <trkpt lat="-38.11034" lon="174.93055">
        <ele>18.5</ele>
      </trkpt>
      <trkpt lat="-38.11074" lon="174.93072">
        <ele>19.2</ele>
      </trkpt>
      <trkpt lat="-38.11126" lon="174.93111">
        <ele>19.9</ele>
      </trkpt>
      <trkpt lat="-38.11176" lon="174.93137">
        <ele>19.8</ele>
      </trkpt>
      <trkpt lat="-38.11213" lon="174.93131">
        <ele>14.7</ele>
      </trkpt>
      <trkpt lat="-38.11235" lon="174.93104">
        <ele>10.6</ele>
      </trkpt>
      <trkpt lat="-38.1126" lon="174.93077">
        <ele>9.0</ele>
      </trkpt>
      <trkpt lat="-38.11289" lon="174.93049">
        <ele>8.8</ele>
      </trkpt>
      <trkpt lat="-38.11312" lon="174.93034">
        <ele>8.6</ele>
      </trkpt>
      <trkpt lat="-38.11333" lon="174.93034">
        <ele>8.4</ele>
      </trkpt>
      <trkpt lat="-38.1141" lon="174.93061">
        <ele>11.0</ele>
      </trkpt>
      <trkpt lat="-38.11488" lon="174.93089">
        <ele>18.1</ele>
      </trkpt>
      <trkpt lat="-38.11518" lon="174.93087">
        <ele>21.5</ele>
      </trkpt>
      <trkpt lat="-38.1154" lon="174.93073">
        <ele>22.5</ele>
      </trkpt>
      <trkpt lat="-38.11577" lon="174.93058">
        <ele>24.2</ele>
      </trkpt>
      <trkpt lat="-38.11655" lon="174.9306">
        <ele>19.6</ele>
      </trkpt>
      <trkpt lat="-38.11693" lon="174.93056">
        <ele>19.5</ele>
      </trkpt>
      <trkpt lat="-38.11764" lon="174.93026">
        <ele>18.2</ele>
      </trkpt>
      <trkpt lat="-38.11836" lon="174.92996">
        <ele>19.4</ele>
      </trkpt>
      <trkpt lat="-38.11907" lon="174.92966">
        <ele>15.3</ele>
      </trkpt>
      <trkpt lat="-38.11926" lon="174.92969">
        <ele>15.0</ele>
      </trkpt>
      <trkpt lat="-38.11937" lon="174.92982">
        <ele>15.1</ele>
      </trkpt>
      <trkpt lat="-38.11942" lon="174.93003">
        <ele>16.1</ele>
      </trkpt>
      <trkpt lat="-38.11941" lon="174.93101">
        <ele>18.2</ele>
      </trkpt>
      <trkpt lat="-38.11954" lon="174.93196">
        <ele>14.9</ele>
      </trkpt>
      <trkpt lat="-38.11967" lon="174.93291">
        <ele>15.8</ele>
      </trkpt>
      <trkpt lat="-38.1198" lon="174.93386">
        <ele>14.3</ele>
      </trkpt>
      <trkpt lat="-38.1198" lon="174.93428">
        <ele>13.8</ele>
      </trkpt>
      <trkpt lat="-38.11974" lon="174.93478">
        <ele>13.4</ele>
      </trkpt>
      <trkpt lat="-38.11958" lon="174.93518">
        <ele>14.2</ele>
      </trkpt>
      <trkpt lat="-38.11926" lon="174.93548">
        <ele>15.6</ele>
      </trkpt>
      <trkpt lat="-38.11878" lon="174.93573">
        <ele>19.7</ele>
      </trkpt>
      <trkpt lat="-38.11833" lon="174.93593">
        <ele>22.5</ele>
      </trkpt>
      <trkpt lat="-38.11818" lon="174.93614">
        <ele>20.7</ele>
      </trkpt>
      <trkpt lat="-38.11814" lon="174.93635">
        <ele>17.3</ele>
      </trkpt>
      <trkpt lat="-38.1182" lon="174.93662">
        <ele>12.1</ele>
      </trkpt>
      <trkpt lat="-38.1185" lon="174.9374">
        <ele>9.9</ele>
      </trkpt>
      <trkpt lat="-38.1188" lon="174.93817">
        <ele>9.9</ele>
      </trkpt>
      <trkpt lat="-38.1191" lon="174.93895">
        <ele>9.4</ele>
      </trkpt>
      <trkpt lat="-38.1194" lon="174.93973">
        <ele>10.1</ele>
      </trkpt>
      <trkpt lat="-38.1197" lon="174.94017">
        <ele>12.8</ele>
      </trkpt>
      <trkpt lat="-38.12014" lon="174.94064">
        <ele>17.0</ele>
      </trkpt>
      <trkpt lat="-38.12057" lon="174.94097">
        <ele>21.3</ele>
      </trkpt>
      <trkpt lat="-38.12108" lon="174.94121">
        <ele>25.2</ele>
      </trkpt>
      <trkpt lat="-38.12169" lon="174.94163">
        <ele>23.1</ele>
      </trkpt>
      <trkpt lat="-38.1223" lon="174.94206">
        <ele>24.2</ele>
      </trkpt>
      <trkpt lat="-38.12275" lon="174.9425">
        <ele>23.4</ele>
      </trkpt>
      <trkpt lat="-38.12321" lon="174.94295">
        <ele>26.3</ele>
      </trkpt>
      <trkpt lat="-38.12355" lon="174.94317">
        <ele>27.9</ele>
      </trkpt>
      <trkpt lat="-38.12434" lon="174.94349">
        <ele>27.5</ele>
      </trkpt>
      <trkpt lat="-38.12512" lon="174.94381">
        <ele>25.2</ele>
      </trkpt>
      <trkpt lat="-38.12601" lon="174.94386">
        <ele>22.1</ele>
      </trkpt>
      <trkpt lat="-38.12617" lon="174.94393">
        <ele>21.7</ele>
      </trkpt>
      <trkpt lat="-38.12681" lon="174.94453">
        <ele>25.8</ele>
      </trkpt>
      <trkpt lat="-38.12745" lon="174.94514">
        <ele>24.0</ele>
      </trkpt>
      <trkpt lat="-38.12799" lon="174.94552">
        <ele>23.6</ele>
      </trkpt>
      <trkpt lat="-38.12854" lon="174.9459">
        <ele>22.4</ele>
      </trkpt>
      <trkpt lat="-38.12908" lon="174.94628">
        <ele>24.1</ele>
      </trkpt>
      <trkpt lat="-38.12948" lon="174.94653">
        <ele>24.3</ele>
      </trkpt>
      <trkpt lat="-38.12989" lon="174.94679">
        <ele>27.0</ele>
      </trkpt>
      <trkpt lat="-38.13054" lon="174.94683">
        <ele>23.1</ele>
      </trkpt>
      <trkpt lat="-38.13119" lon="174.94668">
        <ele>20.0</ele>
      </trkpt>
      <trkpt lat="-38.13177" lon="174.94674">
        <ele>24.3</ele>
      </trkpt>
      <trkpt lat="-38.13239" lon="174.94698">
        <ele>32.3</ele>
      </trkpt>
      <trkpt lat="-38.13279" lon="174.94709">
        <ele>35.6</ele>
      </trkpt>
      <trkpt lat="-38.13312" lon="174.94703">
        <ele>31.9</ele>
      </trkpt>
      <trkpt lat="-38.13355" lon="174.94677">
        <ele>21.8</ele>
      </trkpt>
      <trkpt lat="-38.13397" lon="174.9465">
        <ele>17.6</ele>
      </trkpt>
      <trkpt lat="-38.13472" lon="174.94605">
        <ele>16.2</ele>
      </trkpt>
      <trkpt lat="-38.13547" lon="174.9456">
        <ele>17.2</ele>
      </trkpt>
      <trkpt lat="-38.13556" lon="174.94553">
        <ele>17.3</ele>
      </trkpt>
      <trkpt lat="-38.13579" lon="174.94529">
        <ele>17.7</ele>
      </trkpt>
      <trkpt lat="-38.13576" lon="174.94518">
        <ele>18.3</ele>
      </trkpt>
      <trkpt lat="-38.13563" lon="174.94455">
        <ele>20.7</ele>
      </trkpt>
      <trkpt lat="-38.13566" lon="174.9442">
        <ele>22.8</ele>
      </trkpt>
      <trkpt lat="-38.13573" lon="174.94381">
        <ele>24.1</ele>
      </trkpt>
      <trkpt lat="-38.1359" lon="174.94325">
        <ele>27.5</ele>
      </trkpt>
      <trkpt lat="-38.13606" lon="174.9427">
        <ele>30.3</ele>
      </trkpt>
      <trkpt lat="-38.1365" lon="174.94188">
        <ele>37.3</ele>
      </trkpt>
      <trkpt lat="-38.13695" lon="174.94107">
        <ele>34.6</ele>
      </trkpt>
      <trkpt lat="-38.13766" lon="174.94041">
        <ele>41.4</ele>
      </trkpt>
      <trkpt lat="-38.13837" lon="174.93974">
        <ele>45.0</ele>
      </trkpt>
      <trkpt lat="-38.13855" lon="174.93913">
        <ele>29.2</ele>
      </trkpt>
      <trkpt lat="-38.13873" lon="174.93878">
        <ele>27.0</ele>
      </trkpt>
      <trkpt lat="-38.13887" lon="174.93865">
        <ele>26.3</ele>
      </trkpt>
      <trkpt lat="-38.13897" lon="174.93859">
        <ele>26.0</ele>
      </trkpt>
      <trkpt lat="-38.13959" lon="174.93845">
        <ele>31.2</ele>
      </trkpt>
      <trkpt lat="-38.14027" lon="174.93819">
        <ele>35.8</ele>
      </trkpt>
      <trkpt lat="-38.14092" lon="174.93811">
        <ele>44.6</ele>
      </trkpt>
      <trkpt lat="-38.14132" lon="174.93808">
        <ele>44.1</ele>
      </trkpt>
      <trkpt lat="-38.14181" lon="174.93791">
        <ele>38.3</ele>
      </trkpt>
      <trkpt lat="-38.14235" lon="174.93788">
        <ele>41.1</ele>
      </trkpt>
      <trkpt lat="-38.14288" lon="174.93785">
        <ele>42.4</ele>
      </trkpt>
      <trkpt lat="-38.14365" lon="174.9374">
        <ele>31.5</ele>
      </trkpt>
      <trkpt lat="-38.1438" lon="174.93738">
        <ele>31.2</ele>
      </trkpt>
      <trkpt lat="-38.14422" lon="174.93762">
        <ele>36.3</ele>
      </trkpt>
      <trkpt lat="-38.14438" lon="174.93763">
        <ele>35.6</ele>
      </trkpt>
      <trkpt lat="-38.14474" lon="174.93758">
        <ele>32.0</ele>
      </trkpt>
      <trkpt lat="-38.14511" lon="174.93746">
        <ele>27.4</ele>
      </trkpt>
      <trkpt lat="-38.14569" lon="174.93752">
        <ele>27.6</ele>
      </trkpt>
      <trkpt lat="-38.14595" lon="174.93762">
        <ele>28.7</ele>
      </trkpt>
      <trkpt lat="-38.14646" lon="174.93804">
        <ele>32.3</ele>
      </trkpt>
      <trkpt lat="-38.14665" lon="174.93823">
        <ele>33.6</ele>
      </trkpt>
      <trkpt lat="-38.14692" lon="174.93838">
        <ele>31.9</ele>
      </trkpt>
      <trkpt lat="-38.14727" lon="174.93863">
        <ele>30.4</ele>
      </trkpt>
      <trkpt lat="-38.14745" lon="174.93882">
        <ele>30.0</ele>
      </trkpt>
      <trkpt lat="-38.14759" lon="174.93898">
        <ele>30.9</ele>
      </trkpt>
      <trkpt lat="-38.14786" lon="174.93939">
        <ele>33.4</ele>
      </trkpt>
      <trkpt lat="-38.14799" lon="174.93956">
        <ele>33.6</ele>
      </trkpt>
      <trkpt lat="-38.14806" lon="174.93977">
        <ele>34.5</ele>
      </trkpt>
      <trkpt lat="-38.14821" lon="174.94066">
        <ele>39.0</ele>
      </trkpt>
      <trkpt lat="-38.14838" lon="174.94117">
        <ele>37.6</ele>
      </trkpt>
      <trkpt lat="-38.14883" lon="174.94168">
        <ele>35.7</ele>
      </trkpt>
      <trkpt lat="-38.14912" lon="174.94223">
        <ele>34.1</ele>
      </trkpt>
      <trkpt lat="-38.14941" lon="174.94277">
        <ele>33.5</ele>
      </trkpt>
      <trkpt lat="-38.14963" lon="174.9431">
        <ele>33.2</ele>
      </trkpt>
      <trkpt lat="-38.15008" lon="174.94333">
        <ele>32.3</ele>
      </trkpt>
      <trkpt lat="-38.15079" lon="174.9436">
        <ele>33.0</ele>
      </trkpt>
      <trkpt lat="-38.15127" lon="174.94372">
        <ele>36.9</ele>
      </trkpt>
      <trkpt lat="-38.15174" lon="174.94385">
        <ele>38.9</ele>
      </trkpt>
      <trkpt lat="-38.15251" lon="174.944">
        <ele>40.5</ele>
      </trkpt>
      <trkpt lat="-38.15278" lon="174.94421">
        <ele>42.6</ele>
      </trkpt>
      <trkpt lat="-38.15319" lon="174.9446">
        <ele>44.4</ele>
      </trkpt>
      <trkpt lat="-38.15321" lon="174.945">
        <ele>36.3</ele>
      </trkpt>
      <trkpt lat="-38.15318" lon="174.9455">
        <ele>34.5</ele>
      </trkpt>
      <trkpt lat="-38.15324" lon="174.94602">
        <ele>34.3</ele>
      </trkpt>
      <trkpt lat="-38.15321" lon="174.94667">
        <ele>36.3</ele>
      </trkpt>
      <trkpt lat="-38.15319" lon="174.94732">
        <ele>43.8</ele>
      </trkpt>
      <trkpt lat="-38.153" lon="174.9481">
        <ele>46.5</ele>
      </trkpt>
      <trkpt lat="-38.15298" lon="174.94859">
        <ele>46.7</ele>
      </trkpt>
      <trkpt lat="-38.15308" lon="174.94886">
        <ele>46.8</ele>
      </trkpt>
      <trkpt lat="-38.15332" lon="174.94896">
        <ele>48.4</ele>
      </trkpt>
      <trkpt lat="-38.1535" lon="174.94888">
        <ele>50.0</ele>
      </trkpt>
      <trkpt lat="-38.1541" lon="174.94866">
        <ele>60.2</ele>
      </trkpt>
      <trkpt lat="-38.15471" lon="174.94844">
        <ele>63.6</ele>
      </trkpt>
      <trkpt lat="-38.15508" lon="174.94815">
        <ele>67.0</ele>
      </trkpt>
      <trkpt lat="-38.15534" lon="174.94801">
        <ele>70.0</ele>
      </trkpt>
      <trkpt lat="-38.15571" lon="174.94819">
        <ele>67.1</ele>
      </trkpt>
      <trkpt lat="-38.15588" lon="174.94833">
        <ele>65.7</ele>
      </trkpt>
      <trkpt lat="-38.15604" lon="174.94866">
        <ele>66.5</ele>
      </trkpt>
      <trkpt lat="-38.15604" lon="174.94866">
        <ele>66.5</ele>
      </trkpt>
      <trkpt lat="-38.15639" lon="174.94912">
        <ele>68.9</ele>
      </trkpt>
      <trkpt lat="-38.15675" lon="174.94939">
        <ele>73.9</ele>
      </trkpt>
      <trkpt lat="-38.15695" lon="174.94961">
        <ele>79.1</ele>
      </trkpt>
      <trkpt lat="-38.15708" lon="174.9503">
        <ele>75.5</ele>
      </trkpt>
      <trkpt lat="-38.15725" lon="174.95054">
        <ele>74.1</ele>
      </trkpt>
      <trkpt lat="-38.1578" lon="174.95066">
        <ele>79.3</ele>
      </trkpt>
      <trkpt lat="-38.15838" lon="174.95108">
        <ele>75.7</ele>
      </trkpt>
      <trkpt lat="-38.15867" lon="174.95121">
        <ele>75.2</ele>
      </trkpt>
      <trkpt lat="-38.15919" lon="174.95124">
        <ele>79.6</ele>
      </trkpt>
      <trkpt lat="-38.15971" lon="174.95127">
        <ele>84.2</ele>
      </trkpt>
      <trkpt lat="-38.16019" lon="174.95155">
        <ele>81.6</ele>
      </trkpt>
      <trkpt lat="-38.16058" lon="174.95196">
        <ele>76.1</ele>
      </trkpt>
      <trkpt lat="-38.16097" lon="174.95237">
        <ele>69.2</ele>
      </trkpt>
      <trkpt lat="-38.16133" lon="174.95268">
        <ele>65.4</ele>
      </trkpt>
      <trkpt lat="-38.16167" lon="174.95285">
        <ele>65.1</ele>
      </trkpt>
      <trkpt lat="-38.16187" lon="174.95288">
        <ele>60.3</ele>
      </trkpt>
      <trkpt lat="-38.16207" lon="174.95268">
        <ele>57.7</ele>
      </trkpt>
      <trkpt lat="-38.16204" lon="174.95231">
        <ele>62.1</ele>
      </trkpt>
      <trkpt lat="-38.16212" lon="174.95161">
        <ele>67.4</ele>
      </trkpt>
      <trkpt lat="-38.16225" lon="174.95134">
        <ele>67.9</ele>
      </trkpt>
      <trkpt lat="-38.16242" lon="174.95111">
        <ele>65.5</ele>
      </trkpt>
      <trkpt lat="-38.163" lon="174.95097">
        <ele>59.2</ele>
      </trkpt>
      <trkpt lat="-38.16336" lon="174.95054">
        <ele>58.7</ele>
      </trkpt>
      <trkpt lat="-38.16351" lon="174.95022">
        <ele>61.7</ele>
      </trkpt>
      <trkpt lat="-38.16368" lon="174.94962">
        <ele>66.6</ele>
      </trkpt>
      <trkpt lat="-38.16388" lon="174.94925">
        <ele>67.0</ele>
      </trkpt>
      <trkpt lat="-38.16425" lon="174.94905">
        <ele>60.6</ele>
      </trkpt>
      <trkpt lat="-38.16493" lon="174.94889">
        <ele>58.1</ele>
      </trkpt>
      <trkpt lat="-38.16561" lon="174.94874">
        <ele>56.0</ele>
      </trkpt>
      <trkpt lat="-38.16595" lon="174.94865">
        <ele>53.5</ele>
      </trkpt>
      <trkpt lat="-38.16607" lon="174.94858">
        <ele>52.4</ele>
      </trkpt>
      <trkpt lat="-38.16614" lon="174.94842">
        <ele>49.9</ele>
      </trkpt>
      <trkpt lat="-38.16615" lon="174.94821">
        <ele>49.1</ele>
      </trkpt>
      <trkpt lat="-38.16593" lon="174.94768">
        <ele>54.5</ele>
      </trkpt>
      <trkpt lat="-38.16597" lon="174.94734">
        <ele>57.5</ele>
      </trkpt>
      <trkpt lat="-38.16619" lon="174.94712">
        <ele>58.1</ele>
      </trkpt>
      <trkpt lat="-38.16636" lon="174.94708">
        <ele>57.2</ele>
      </trkpt>
      <trkpt lat="-38.16666" lon="174.94708">
        <ele>54.2</ele>
      </trkpt>
      <trkpt lat="-38.16687" lon="174.94713">
        <ele>54.4</ele>
      </trkpt>
      <trkpt lat="-38.16719" lon="174.94727">
        <ele>53.3</ele>
      </trkpt>
      <trkpt lat="-38.16748" lon="174.9475">
        <ele>49.8</ele>
      </trkpt>
      <trkpt lat="-38.16788" lon="174.94785">
        <ele>51.0</ele>
      </trkpt>
      <trkpt lat="-38.16828" lon="174.94819">
        <ele>47.9</ele>
      </trkpt>
      <trkpt lat="-38.16873" lon="174.94815">
        <ele>51.2</ele>
      </trkpt>
      <trkpt lat="-38.16904" lon="174.94787">
        <ele>53.5</ele>
      </trkpt>
      <trkpt lat="-38.16927" lon="174.94743">
        <ele>55.1</ele>
      </trkpt>
      <trkpt lat="-38.16953" lon="174.94659">
        <ele>64.8</ele>
      </trkpt>
      <trkpt lat="-38.16991" lon="174.94598">
        <ele>63.7</ele>
      </trkpt>
      <trkpt lat="-38.17011" lon="174.94583">
        <ele>60.2</ele>
      </trkpt>
      <trkpt lat="-38.17034" lon="174.94569">
        <ele>59.3</ele>
      </trkpt>
      <trkpt lat="-38.17054" lon="174.9456">
        <ele>58.0</ele>
      </trkpt>
      <trkpt lat="-38.17079" lon="174.94569">
        <ele>52.0</ele>
      </trkpt>
      <trkpt lat="-38.17107" lon="174.94586">
        <ele>48.7</ele>
      </trkpt>
      <trkpt lat="-38.17131" lon="174.94592">
        <ele>49.4</ele>
      </trkpt>
      <trkpt lat="-38.1718" lon="174.94577">
        <ele>50.1</ele>
      </trkpt>
      <trkpt lat="-38.17213" lon="174.94523">
        <ele>51.2</ele>
      </trkpt>
      <trkpt lat="-38.17227" lon="174.94476">
        <ele>53.3</ele>
      </trkpt>
      <trkpt lat="-38.17227" lon="174.94421">
        <ele>58.9</ele>
      </trkpt>
      <trkpt lat="-38.17245" lon="174.94383">
        <ele>66.0</ele>
      </trkpt>
      <trkpt lat="-38.1731" lon="174.94356">
        <ele>61.7</ele>
      </trkpt>
      <trkpt lat="-38.17375" lon="174.94328">
        <ele>56.8</ele>
      </trkpt>
      <trkpt lat="-38.17402" lon="174.94305">
        <ele>58.1</ele>
      </trkpt>
      <trkpt lat="-38.17422" lon="174.94283">
        <ele>59.0</ele>
      </trkpt>
      <trkpt lat="-38.17462" lon="174.94191">
        <ele>66.3</ele>
      </trkpt>
      <trkpt lat="-38.17476" lon="174.94093">
        <ele>68.5</ele>
      </trkpt>
      <trkpt lat="-38.17497" lon="174.94001">
        <ele>64.1</ele>
      </trkpt>
      <trkpt lat="-38.17522" lon="174.93925">
        <ele>68.6</ele>
      </trkpt>
      <trkpt lat="-38.17548" lon="174.93848">
        <ele>64.4</ele>
      </trkpt>
      <trkpt lat="-38.17569" lon="174.9379">
        <ele>60.3</ele>
      </trkpt>
      <trkpt lat="-38.1761" lon="174.93696">
        <ele>65.0</ele>
      </trkpt>
      <trkpt lat="-38.17636" lon="174.93643">
        <ele>68.1</ele>
      </trkpt>
      <trkpt lat="-38.17663" lon="174.93619">
        <ele>64.5</ele>
      </trkpt>
      <trkpt lat="-38.17735" lon="174.93603">
        <ele>55.9</ele>
      </trkpt>
      <trkpt lat="-38.17792" lon="174.93592">
        <ele>55.1</ele>
      </trkpt>
      <trkpt lat="-38.1785" lon="174.9358">
        <ele>55.5</ele>
      </trkpt>
      <trkpt lat="-38.1788" lon="174.93562">
        <ele>55.7</ele>
      </trkpt>
      <trkpt lat="-38.1792" lon="174.93508">
        <ele>57.0</ele>
      </trkpt>
      <trkpt lat="-38.17978" lon="174.93425">
        <ele>65.7</ele>
      </trkpt>
      <trkpt lat="-38.18016" lon="174.9338">
        <ele>67.9</ele>
      </trkpt>
      <trkpt lat="-38.1805" lon="174.93358">
        <ele>64.8</ele>
      </trkpt>
      <trkpt lat="-38.1807" lon="174.93342">
        <ele>62.4</ele>
      </trkpt>
      <trkpt lat="-38.18087" lon="174.93327">
        <ele>60.7</ele>
      </trkpt>
      <trkpt lat="-38.1813" lon="174.93259">
        <ele>68.0</ele>
      </trkpt>
      <trkpt lat="-38.18148" lon="174.93249">
        <ele>68.4</ele>
      </trkpt>
      <trkpt lat="-38.1817" lon="174.93248">
        <ele>67.3</ele>
      </trkpt>
      <trkpt lat="-38.18236" lon="174.93264">
        <ele>61.0</ele>
      </trkpt>
      <trkpt lat="-38.18301" lon="174.9328">
        <ele>58.3</ele>
      </trkpt>
      <trkpt lat="-38.18333" lon="174.93289">
        <ele>57.3</ele>
      </trkpt>
      <trkpt lat="-38.18365" lon="174.93293">
        <ele>60.2</ele>
      </trkpt>
      <trkpt lat="-38.18385" lon="174.93296">
        <ele>61.6</ele>
      </trkpt>
      <trkpt lat="-38.18406" lon="174.93293">
        <ele>64.5</ele>
      </trkpt>
      <trkpt lat="-38.18471" lon="174.93269">
        <ele>70.9</ele>
      </trkpt>
      <trkpt lat="-38.18536" lon="174.93245">
        <ele>71.8</ele>
      </trkpt>
      <trkpt lat="-38.18569" lon="174.93208">
        <ele>79.0</ele>
      </trkpt>
      <trkpt lat="-38.18617" lon="174.932">
        <ele>78.9</ele>
      </trkpt>
      <trkpt lat="-38.1865" lon="174.93177">
        <ele>84.7</ele>
      </trkpt>
      <trkpt lat="-38.18697" lon="174.93169">
        <ele>88.5</ele>
      </trkpt>
      <trkpt lat="-38.18757" lon="174.93195">
        <ele>87.1</ele>
      </trkpt>
      <trkpt lat="-38.18797" lon="174.93224">
        <ele>90.2</ele>
      </trkpt>
      <trkpt lat="-38.18816" lon="174.93247">
        <ele>91.3</ele>
      </trkpt>
      <trkpt lat="-38.18847" lon="174.93269">
        <ele>92.6</ele>
      </trkpt>
      <trkpt lat="-38.18874" lon="174.93269">
        <ele>95.8</ele>
      </trkpt>
      <trkpt lat="-38.18908" lon="174.93256">
        <ele>102.1</ele>
      </trkpt>
      <trkpt lat="-38.18937" lon="174.93244">
        <ele>106.9</ele>
      </trkpt>
      <trkpt lat="-38.19005" lon="174.93256">
        <ele>109.1</ele>
      </trkpt>
      <trkpt lat="-38.19027" lon="174.93253">
        <ele>109.9</ele>
      </trkpt>
      <trkpt lat="-38.19049" lon="174.93233">
        <ele>114.9</ele>
      </trkpt>
      <trkpt lat="-38.19071" lon="174.93226">
        <ele>116.9</ele>
      </trkpt>
      <trkpt lat="-38.19118" lon="174.93224">
        <ele>117.3</ele>
      </trkpt>
      <trkpt lat="-38.19152" lon="174.93233">
        <ele>114.6</ele>
      </trkpt>
      <trkpt lat="-38.19176" lon="174.93226">
        <ele>115.0</ele>
      </trkpt>
      <trkpt lat="-38.19208" lon="174.93218">
        <ele>112.3</ele>
      </trkpt>
      <trkpt lat="-38.1922" lon="174.93205">
        <ele>113.4</ele>
      </trkpt>
      <trkpt lat="-38.1922" lon="174.93139">
        <ele>127.2</ele>
      </trkpt>
      <trkpt lat="-38.19221" lon="174.9312">
        <ele>130.7</ele>
      </trkpt>
      <trkpt lat="-38.19221" lon="174.93102">
        <ele>134.2</ele>
      </trkpt>
      <trkpt lat="-38.19226" lon="174.93083">
        <ele>137.1</ele>
      </trkpt>
      <trkpt lat="-38.19272" lon="174.93071">
        <ele>134.6</ele>
      </trkpt>
      <trkpt lat="-38.19287" lon="174.93059">
        <ele>136.9</ele>
      </trkpt>
      <trkpt lat="-38.19303" lon="174.93049">
        <ele>138.5</ele>
      </trkpt>
      <trkpt lat="-38.19327" lon="174.93026">
        <ele>143.6</ele>
      </trkpt>
      <trkpt lat="-38.19348" lon="174.93017">
        <ele>146.5</ele>
      </trkpt>
      <trkpt lat="-38.1942" lon="174.93022">
        <ele>148.5</ele>
      </trkpt>
      <trkpt lat="-38.1946" lon="174.93026">
        <ele>151.3</ele>
      </trkpt>
      <trkpt lat="-38.19497" lon="174.93038">
        <ele>151.7</ele>
      </trkpt>
      <trkpt lat="-38.19538" lon="174.93058">
        <ele>153.7</ele>
      </trkpt>
      <trkpt lat="-38.19606" lon="174.93086">
        <ele>159.2</ele>
      </trkpt>
      <trkpt lat="-38.19637" lon="174.93106">
        <ele>159.9</ele>
      </trkpt>
      <trkpt lat="-38.19656" lon="174.93113">
        <ele>161.7</ele>
      </trkpt>
      <trkpt lat="-38.19676" lon="174.93125">
        <ele>161.4</ele>
      </trkpt>
      <trkpt lat="-38.19694" lon="174.93124">
        <ele>162.4</ele>
      </trkpt>
      <trkpt lat="-38.19713" lon="174.93105">
        <ele>167.7</ele>
      </trkpt>
      <trkpt lat="-38.19736" lon="174.93087">
        <ele>173.3</ele>
      </trkpt>
      <trkpt lat="-38.19759" lon="174.93094">
        <ele>173.7</ele>
      </trkpt>
      <trkpt lat="-38.19775" lon="174.93101">
        <ele>174.6</ele>
      </trkpt>
      <trkpt lat="-38.1979" lon="174.93088">
        <ele>180.1</ele>
      </trkpt>
      <trkpt lat="-38.19801" lon="174.93066">
        <ele>185.6</ele>
      </trkpt>
      <trkpt lat="-38.19816" lon="174.93072">
        <ele>186.9</ele>
      </trkpt>
      <trkpt lat="-38.19826" lon="174.93109">
        <ele>180.9</ele>
      </trkpt>
      <trkpt lat="-38.19835" lon="174.93122">
        <ele>179.4</ele>
      </trkpt>
      <trkpt lat="-38.19898" lon="174.93166">
        <ele>178.4</ele>
      </trkpt>
      <trkpt lat="-38.19915" lon="174.93173">
        <ele>179.3</ele>
      </trkpt>
      <trkpt lat="-38.19928" lon="174.9316">
        <ele>180.4</ele>
      </trkpt>
      <trkpt lat="-38.19928" lon="174.93141">
        <ele>184.5</ele>
      </trkpt>
      <trkpt lat="-38.19923" lon="174.9311">
        <ele>191.8</ele>
      </trkpt>
      <trkpt lat="-38.19925" lon="174.93091">
        <ele>195.6</ele>
      </trkpt>
      <trkpt lat="-38.19946" lon="174.93072">
        <ele>196.4</ele>
      </trkpt>
      <trkpt lat="-38.19972" lon="174.93067">
        <ele>194.7</ele>
      </trkpt>
      <trkpt lat="-38.19985" lon="174.93064">
        <ele>194.0</ele>
      </trkpt>
      <trkpt lat="-38.19998" lon="174.93056">
        <ele>194.1</ele>
      </trkpt>
      <trkpt lat="-38.2001" lon="174.9301">
        <ele>200.2</ele>
      </trkpt>
      <trkpt lat="-38.20026" lon="174.92988">
        <ele>203.8</ele>
      </trkpt>
      <trkpt lat="-38.20046" lon="174.92976">
        <ele>206.0</ele>
      </trkpt>
      <trkpt lat="-38.20114" lon="174.92981">
        <ele>207.3</ele>
      </trkpt>
      <trkpt lat="-38.20149" lon="174.92986">
        <ele>209.5</ele>
      </trkpt>
      <trkpt lat="-38.20168" lon="174.92997">
        <ele>208.8</ele>
      </trkpt>
      <trkpt lat="-38.20197" lon="174.93011">
        <ele>209.1</ele>
      </trkpt>
      <trkpt lat="-38.20233" lon="174.92995">
        <ele>216.1</ele>
      </trkpt>
      <trkpt lat="-38.20254" lon="174.92991">
        <ele>219.1</ele>
      </trkpt>
      <trkpt lat="-38.20267" lon="174.92999">
        <ele>219.4</ele>
      </trkpt>
      <trkpt lat="-38.20294" lon="174.93024">
        <ele>217.9</ele>
      </trkpt>
      <trkpt lat="-38.20319" lon="174.93032">
        <ele>218.8</ele>
      </trkpt>
      <trkpt lat="-38.20339" lon="174.93024">
        <ele>222.3</ele>
      </trkpt>
      <trkpt lat="-38.20425" lon="174.93021">
        <ele>223.1</ele>
      </trkpt>
      <trkpt lat="-38.20448" lon="174.93013">
        <ele>224.2</ele>
      </trkpt>
      <trkpt lat="-38.20463" lon="174.93009">
        <ele>224.4</ele>
      </trkpt>
      <trkpt lat="-38.2048" lon="174.93003">
        <ele>224.7</ele>
      </trkpt>
      <trkpt lat="-38.20484" lon="174.92989">
        <ele>226.8</ele>
      </trkpt>
      <trkpt lat="-38.20483" lon="174.92971">
        <ele>229.5</ele>
      </trkpt>
      <trkpt lat="-38.20477" lon="174.92928">
        <ele>236.8</ele>
      </trkpt>
      <trkpt lat="-38.20477" lon="174.92904">
        <ele>240.6</ele>
      </trkpt>
      <trkpt lat="-38.20486" lon="174.92887">
        <ele>241.9</ele>
      </trkpt>
      <trkpt lat="-38.20504" lon="174.92871">
        <ele>241.7</ele>
      </trkpt>
      <trkpt lat="-38.20554" lon="174.92837">
        <ele>241.0</ele>
      </trkpt>
      <trkpt lat="-38.20564" lon="174.92815">
        <ele>243.0</ele>
      </trkpt>
      <trkpt lat="-38.20566" lon="174.92765">
        <ele>250.0</ele>
      </trkpt>
      <trkpt lat="-38.20566" lon="174.92743">
        <ele>252.4</ele>
      </trkpt>
      <trkpt lat="-38.2057" lon="174.92708">
        <ele>253.1</ele>
      </trkpt>
      <trkpt lat="-38.20573" lon="174.92691">
        <ele>253.3</ele>
      </trkpt>
      <trkpt lat="-38.20589" lon="174.92627">
        <ele>252.2</ele>
      </trkpt>
      <trkpt lat="-38.20611" lon="174.92626">
        <ele>253.0</ele>
      </trkpt>
      <trkpt lat="-38.20643" lon="174.92631">
        <ele>253.9</ele>
      </trkpt>
      <trkpt lat="-38.20654" lon="174.92638">
        <ele>253.8</ele>
      </trkpt>
      <trkpt lat="-38.20721" lon="174.92687">
        <ele>255.8</ele>
      </trkpt>
      <trkpt lat="-38.20739" lon="174.92689">
        <ele>257.2</ele>
      </trkpt>
      <trkpt lat="-38.20773" lon="174.92668">
        <ele>261.5</ele>
      </trkpt>
      <trkpt lat="-38.20789" lon="174.92665">
        <ele>261.6</ele>
      </trkpt>
      <trkpt lat="-38.20825" lon="174.92675">
        <ele>260.1</ele>
      </trkpt>
      <trkpt lat="-38.20843" lon="174.92685">
        <ele>258.6</ele>
      </trkpt>
      <trkpt lat="-38.20858" lon="174.92686">
        <ele>258.1</ele>
      </trkpt>
      <trkpt lat="-38.20888" lon="174.92683">
        <ele>257.9</ele>
      </trkpt>
      <trkpt lat="-38.20917" lon="174.92674">
        <ele>258.8</ele>
      </trkpt>
      <trkpt lat="-38.20952" lon="174.9264">
        <ele>262.9</ele>
      </trkpt>
      <trkpt lat="-38.20976" lon="174.92628">
        <ele>264.3</ele>
      </trkpt>
      <trkpt lat="-38.21041" lon="174.92614">
        <ele>265.2</ele>
      </trkpt>
      <trkpt lat="-38.21061" lon="174.92617">
        <ele>264.5</ele>
      </trkpt>
      <trkpt lat="-38.21084" lon="174.92627">
        <ele>263.4</ele>
      </trkpt>
      <trkpt lat="-38.21119" lon="174.92677">
        <ele>264.5</ele>
      </trkpt>
      <trkpt lat="-38.21138" lon="174.92699">
        <ele>263.8</ele>
      </trkpt>
      <trkpt lat="-38.21155" lon="174.92715">
        <ele>263.8</ele>
      </trkpt>
      <trkpt lat="-38.21174" lon="174.9272">
        <ele>264.9</ele>
      </trkpt>
      <trkpt lat="-38.21188" lon="174.92712">
        <ele>266.6</ele>
      </trkpt>
      <trkpt lat="-38.21199" lon="174.92707">
        <ele>267.7</ele>
      </trkpt>
      <trkpt lat="-38.21265" lon="174.92713">
        <ele>269.9</ele>
      </trkpt>
      <trkpt lat="-38.2133" lon="174.92719">
        <ele>276.2</ele>
      </trkpt>
      <trkpt lat="-38.21366" lon="174.92735">
        <ele>281.4</ele>
      </trkpt>
      <trkpt lat="-38.21378" lon="174.92747">
        <ele>283.2</ele>
      </trkpt>
      <trkpt lat="-38.21389" lon="174.92775">
        <ele>284.9</ele>
      </trkpt>
      <trkpt lat="-38.21391" lon="174.92796">
        <ele>285.0</ele>
      </trkpt>
      <trkpt lat="-38.21398" lon="174.92823">
        <ele>286.8</ele>
      </trkpt>
      <trkpt lat="-38.21399" lon="174.9284">
        <ele>287.8</ele>
      </trkpt>
      <trkpt lat="-38.21385" lon="174.92882">
        <ele>286.3</ele>
      </trkpt>
      <trkpt lat="-38.21354" lon="174.92944">
        <ele>279.1</ele>
      </trkpt>
      <trkpt lat="-38.21322" lon="174.93007">
        <ele>276.5</ele>
      </trkpt>
      <trkpt lat="-38.21316" lon="174.93035">
        <ele>274.2</ele>
      </trkpt>
      <trkpt lat="-38.21316" lon="174.93054">
        <ele>274.2</ele>
      </trkpt>
      <trkpt lat="-38.21324" lon="174.93062">
        <ele>277.0</ele>
      </trkpt>
      <trkpt lat="-38.21341" lon="174.9307">
        <ele>281.5</ele>
      </trkpt>
      <trkpt lat="-38.2137" lon="174.93076">
        <ele>286.0</ele>
      </trkpt>
      <trkpt lat="-38.21393" lon="174.9308">
        <ele>289.1</ele>
      </trkpt>
      <trkpt lat="-38.21412" lon="174.93084">
        <ele>291.2</ele>
      </trkpt>
      <trkpt lat="-38.21424" lon="174.93094">
        <ele>291.3</ele>
      </trkpt>
      <trkpt lat="-38.21449" lon="174.93121">
        <ele>291.7</ele>
      </trkpt>
      <trkpt lat="-38.21468" lon="174.93131">
        <ele>294.9</ele>
      </trkpt>
      <trkpt lat="-38.21481" lon="174.93141">
        <ele>296.6</ele>
      </trkpt>
      <trkpt lat="-38.21487" lon="174.93157">
        <ele>295.0</ele>
      </trkpt>
      <trkpt lat="-38.21496" lon="174.93186">
        <ele>291.4</ele>
      </trkpt>
      <trkpt lat="-38.21504" lon="174.93193">
        <ele>291.5</ele>
      </trkpt>
      <trkpt lat="-38.21522" lon="174.93202">
        <ele>291.9</ele>
      </trkpt>
      <trkpt lat="-38.21573" lon="174.9321">
        <ele>296.7</ele>
      </trkpt>
      <trkpt lat="-38.21625" lon="174.93219">
        <ele>305.7</ele>
      </trkpt>
      <trkpt lat="-38.21648" lon="174.93234">
        <ele>308.2</ele>
      </trkpt>
      <trkpt lat="-38.21668" lon="174.93259">
        <ele>308.2</ele>
      </trkpt>
      <trkpt lat="-38.21692" lon="174.93303">
        <ele>305.3</ele>
      </trkpt>
      <trkpt lat="-38.21701" lon="174.93312">
        <ele>306.3</ele>
      </trkpt>
      <trkpt lat="-38.21717" lon="174.93322">
        <ele>309.7</ele>
      </trkpt>
      <trkpt lat="-38.21733" lon="174.93328">
        <ele>314.0</ele>
      </trkpt>
      <trkpt lat="-38.2175" lon="174.93334">
        <ele>318.8</ele>
      </trkpt>
      <trkpt lat="-38.21777" lon="174.9335">
        <ele>320.2</ele>
      </trkpt>
      <trkpt lat="-38.21801" lon="174.93351">
        <ele>324.7</ele>
      </trkpt>
      <trkpt lat="-38.21828" lon="174.93354">
        <ele>329.2</ele>
      </trkpt>
      <trkpt lat="-38.21855" lon="174.9337">
        <ele>328.1</ele>
      </trkpt>
      <trkpt lat="-38.21893" lon="174.93411">
        <ele>325.4</ele>
      </trkpt>
      <trkpt lat="-38.21903" lon="174.9342">
        <ele>325.8</ele>
      </trkpt>
      <trkpt lat="-38.21935" lon="174.9343">
        <ele>329.7</ele>
      </trkpt>
      <trkpt lat="-38.21947" lon="174.93433">
        <ele>331.1</ele>
      </trkpt>
      <trkpt lat="-38.2198" lon="174.93482">
        <ele>329.1</ele>
      </trkpt>
      <trkpt lat="-38.21996" lon="174.93498">
        <ele>329.6</ele>
      </trkpt>
      <trkpt lat="-38.22016" lon="174.93497">
        <ele>333.1</ele>
      </trkpt>
      <trkpt lat="-38.22048" lon="174.93489">
        <ele>337.9</ele>
      </trkpt>
      <trkpt lat="-38.22065" lon="174.93487">
        <ele>339.9</ele>
      </trkpt>
      <trkpt lat="-38.22087" lon="174.935">
        <ele>344.9</ele>
      </trkpt>
      <trkpt lat="-38.22099" lon="174.93516">
        <ele>343.0</ele>
      </trkpt>
      <trkpt lat="-38.22111" lon="174.93533">
        <ele>342.3</ele>
      </trkpt>
      <trkpt lat="-38.22121" lon="174.9358">
        <ele>342.0</ele>
      </trkpt>
      <trkpt lat="-38.22127" lon="174.93588">
        <ele>343.0</ele>
      </trkpt>
      <trkpt lat="-38.22167" lon="174.93631">
        <ele>347.7</ele>
      </trkpt>
      <trkpt lat="-38.22186" lon="174.93642">
        <ele>345.8</ele>
      </trkpt>
      <trkpt lat="-38.22232" lon="174.93645">
        <ele>345.1</ele>
      </trkpt>
      <trkpt lat="-38.2224" lon="174.93652">
        <ele>346.0</ele>
      </trkpt>
      <trkpt lat="-38.22244" lon="174.93663">
        <ele>348.0</ele>
      </trkpt>
      <trkpt lat="-38.22237" lon="174.93689">
        <ele>350.1</ele>
      </trkpt>
      <trkpt lat="-38.22235" lon="174.93724">
        <ele>352.8</ele>
      </trkpt>
      <trkpt lat="-38.22239" lon="174.93754">
        <ele>356.5</ele>
      </trkpt>
      <trkpt lat="-38.22247" lon="174.93774">
        <ele>361.0</ele>
      </trkpt>
      <trkpt lat="-38.22251" lon="174.93878">
        <ele>369.2</ele>
      </trkpt>
      <trkpt lat="-38.22249" lon="174.93902">
        <ele>368.6</ele>
      </trkpt>
      <trkpt lat="-38.22245" lon="174.93926">
        <ele>369.5</ele>
      </trkpt>
      <trkpt lat="-38.2225" lon="174.93949">
        <ele>376.8</ele>
      </trkpt>
      <trkpt lat="-38.22271" lon="174.9396">
        <ele>379.5</ele>
      </trkpt>
      <trkpt lat="-38.22285" lon="174.93984">
        <ele>382.5</ele>
      </trkpt>
      <trkpt lat="-38.22295" lon="174.94008">
        <ele>384.8</ele>
      </trkpt>
      <trkpt lat="-38.22307" lon="174.94029">
        <ele>387.1</ele>
      </trkpt>
      <trkpt lat="-38.22331" lon="174.94057">
        <ele>386.8</ele>
      </trkpt>
      <trkpt lat="-38.22333" lon="174.94074">
        <ele>388.8</ele>
      </trkpt>
      <trkpt lat="-38.22325" lon="174.94086">
        <ele>392.4</ele>
      </trkpt>
      <trkpt lat="-38.22299" lon="174.94137">
        <ele>401.9</ele>
      </trkpt>
      <trkpt lat="-38.22285" lon="174.94189">
        <ele>408.4</ele>
      </trkpt>
      <trkpt lat="-38.2229" lon="174.94284">
        <ele>408.5</ele>
      </trkpt>
      <trkpt lat="-38.22301" lon="174.94304">
        <ele>406.7</ele>
      </trkpt>
      <trkpt lat="-38.22305" lon="174.94321">
        <ele>406.8</ele>
      </trkpt>
      <trkpt lat="-38.22313" lon="174.94353">
        <ele>407.4</ele>
      </trkpt>
      <trkpt lat="-38.22322" lon="174.94367">
        <ele>406.3</ele>
      </trkpt>
      <trkpt lat="-38.22325" lon="174.94375">
        <ele>406.3</ele>
      </trkpt>
      <trkpt lat="-38.22331" lon="174.94404">
        <ele>407.4</ele>
      </trkpt>
      <trkpt lat="-38.22324" lon="174.94423">
        <ele>410.9</ele>
      </trkpt>
      <trkpt lat="-38.22312" lon="174.94452">
        <ele>415.9</ele>
      </trkpt>
      <trkpt lat="-38.2231" lon="174.94482">
        <ele>418.2</ele>
      </trkpt>
      <trkpt lat="-38.22316" lon="174.9452">
        <ele>418.5</ele>
      </trkpt>
      <trkpt lat="-38.22302" lon="174.94545">
        <ele>422.0</ele>
      </trkpt>
      <trkpt lat="-38.22278" lon="174.94562">
        <ele>426.9</ele>
      </trkpt>
      <trkpt lat="-38.22276" lon="174.94583">
        <ele>427.3</ele>
      </trkpt>
      <trkpt lat="-38.22302" lon="174.94617">
        <ele>427.2</ele>
      </trkpt>
      <trkpt lat="-38.2232" lon="174.9463">
        <ele>426.6</ele>
      </trkpt>
      <trkpt lat="-38.22342" lon="174.94637">
        <ele>425.4</ele>
      </trkpt>
      <trkpt lat="-38.22363" lon="174.94658">
        <ele>427.9</ele>
      </trkpt>
      <trkpt lat="-38.22378" lon="174.94667">
        <ele>428.9</ele>
      </trkpt>
      <trkpt lat="-38.22412" lon="174.94704">
        <ele>435.5</ele>
      </trkpt>
      <trkpt lat="-38.22453" lon="174.94752">
        <ele>440.5</ele>
      </trkpt>
      <trkpt lat="-38.22471" lon="174.94766">
        <ele>438.4</ele>
      </trkpt>
      <trkpt lat="-38.22471" lon="174.94791">
        <ele>439.9</ele>
      </trkpt>
      <trkpt lat="-38.22465" lon="174.94815">
        <ele>442.4</ele>
      </trkpt>
      <trkpt lat="-38.22457" lon="174.94839">
        <ele>445.6</ele>
      </trkpt>
      <trkpt lat="-38.22448" lon="174.94872">
        <ele>449.1</ele>
      </trkpt>
      <trkpt lat="-38.22453" lon="174.94894">
        <ele>449.3</ele>
      </trkpt>
      <trkpt lat="-38.22452" lon="174.9493">
        <ele>451.3</ele>
      </trkpt>
      <trkpt lat="-38.22446" lon="174.94961">
        <ele>453.6</ele>
      </trkpt>
      <trkpt lat="-38.2243" lon="174.94979">
        <ele>456.2</ele>
      </trkpt>
      <trkpt lat="-38.22405" lon="174.95">
        <ele>458.4</ele>
      </trkpt>
      <trkpt lat="-38.22373" lon="174.95016">
        <ele>460.4</ele>
      </trkpt>
      <trkpt lat="-38.22366" lon="174.95031">
        <ele>461.6</ele>
      </trkpt>
      <trkpt lat="-38.2237" lon="174.95057">
        <ele>462.7</ele>
      </trkpt>
      <trkpt lat="-38.22368" lon="174.95084">
        <ele>464.5</ele>
      </trkpt>
      <trkpt lat="-38.2237" lon="174.95111">
        <ele>467.8</ele>
      </trkpt>
      <trkpt lat="-38.22395" lon="174.95129">
        <ele>466.9</ele>
      </trkpt>
      <trkpt lat="-38.22436" lon="174.95128">
        <ele>464.2</ele>
      </trkpt>
      <trkpt lat="-38.22456" lon="174.95119">
        <ele>463.7</ele>
      </trkpt>
      <trkpt lat="-38.22478" lon="174.95093">
        <ele>462.4</ele>
      </trkpt>
      <trkpt lat="-38.225" lon="174.95077">
        <ele>462.0</ele>
      </trkpt>
      <trkpt lat="-38.22519" lon="174.95061">
        <ele>457.7</ele>
      </trkpt>
      <trkpt lat="-38.22537" lon="174.9506">
        <ele>455.8</ele>
      </trkpt>
      <trkpt lat="-38.22546" lon="174.95071">
        <ele>456.1</ele>
      </trkpt>
      <trkpt lat="-38.22548" lon="174.951">
        <ele>457.8</ele>
      </trkpt>
      <trkpt lat="-38.22532" lon="174.95132">
        <ele>461.0</ele>
      </trkpt>
      <trkpt lat="-38.22522" lon="174.95145">
        <ele>462.9</ele>
      </trkpt>
      <trkpt lat="-38.22516" lon="174.95161">
        <ele>464.5</ele>
      </trkpt>
      <trkpt lat="-38.22516" lon="174.95176">
        <ele>463.8</ele>
      </trkpt>
      <trkpt lat="-38.22525" lon="174.95194">
        <ele>460.9</ele>
      </trkpt>
      <trkpt lat="-38.22532" lon="174.95207">
        <ele>459.0</ele>
      </trkpt>
      <trkpt lat="-38.22535" lon="174.95229">
        <ele>456.8</ele>
      </trkpt>
      <trkpt lat="-38.22524" lon="174.9524">
        <ele>456.9</ele>
      </trkpt>
      <trkpt lat="-38.22503" lon="174.95239">
        <ele>458.9</ele>
      </trkpt>
      <trkpt lat="-38.22495" lon="174.95244">
        <ele>459.0</ele>
      </trkpt>
      <trkpt lat="-38.22493" lon="174.95252">
        <ele>458.7</ele>
      </trkpt>
      <trkpt lat="-38.22493" lon="174.95264">
        <ele>459.6</ele>
      </trkpt>
      <trkpt lat="-38.22508" lon="174.9528">
        <ele>458.9</ele>
      </trkpt>
      <trkpt lat="-38.22518" lon="174.95293">
        <ele>457.7</ele>
      </trkpt>
      <trkpt lat="-38.2255" lon="174.95326">
        <ele>450.0</ele>
      </trkpt>
      <trkpt lat="-38.22547" lon="174.95376">
        <ele>450.5</ele>
      </trkpt>
      <trkpt lat="-38.22541" lon="174.95444">
        <ele>450.4</ele>
      </trkpt>
      <trkpt lat="-38.22531" lon="174.95525">
        <ele>446.2</ele>
      </trkpt>
      <trkpt lat="-38.22486" lon="174.95606">
        <ele>455.0</ele>
      </trkpt>
      <trkpt lat="-38.22426" lon="174.9566">
        <ele>478.9</ele>
      </trkpt>
      <trkpt lat="-38.22426" lon="174.95673">
        <ele>478.7</ele>
      </trkpt>
      <trkpt lat="-38.22441" lon="174.95685">
        <ele>470.1</ele>
      </trkpt>
      <trkpt lat="-38.22444" lon="174.95695">
        <ele>467.2</ele>
      </trkpt>
      <trkpt lat="-38.22442" lon="174.95709">
        <ele>466.0</ele>
      </trkpt>
      <trkpt lat="-38.22428" lon="174.9573">
        <ele>468.6</ele>
      </trkpt>
      <trkpt lat="-38.22408" lon="174.95729">
        <ele>476.3</ele>
      </trkpt>
      <trkpt lat="-38.22381" lon="174.95731">
        <ele>484.6</ele>
      </trkpt>
      <trkpt lat="-38.22362" lon="174.9574">
        <ele>489.9</ele>
      </trkpt>
      <trkpt lat="-38.22336" lon="174.95782">
        <ele>494.4</ele>
      </trkpt>
      <trkpt lat="-38.22329" lon="174.95844">
        <ele>490.7</ele>
      </trkpt>
      <trkpt lat="-38.22322" lon="174.95915">
        <ele>490.5</ele>
      </trkpt>
      <trkpt lat="-38.22317" lon="174.9593">
        <ele>492.4</ele>
      </trkpt>
      <trkpt lat="-38.22293" lon="174.95949">
        <ele>496.5</ele>
      </trkpt>
      <trkpt lat="-38.22294" lon="174.95972">
        <ele>498.0</ele>
      </trkpt>
      <trkpt lat="-38.22323" lon="174.96003">
        <ele>498.5</ele>
      </trkpt>
      <trkpt lat="-38.22328" lon="174.96029">
        <ele>498.5</ele>
      </trkpt>
      <trkpt lat="-38.22326" lon="174.96066">
        <ele>498.7</ele>
      </trkpt>
      <trkpt lat="-38.22272" lon="174.96131">
        <ele>495.4</ele>
      </trkpt>
      <trkpt lat="-38.22225" lon="174.96156">
        <ele>499.0</ele>
      </trkpt>
      <trkpt lat="-38.2222" lon="174.96171">
        <ele>500.3</ele>
      </trkpt>
      <trkpt lat="-38.22229" lon="174.96203">
        <ele>500.6</ele>
      </trkpt>
      <trkpt lat="-38.22246" lon="174.96224">
        <ele>500.3</ele>
      </trkpt>
      <trkpt lat="-38.22247" lon="174.96241">
        <ele>500.8</ele>
      </trkpt>
      <trkpt lat="-38.22242" lon="174.96259">
        <ele>500.9</ele>
      </trkpt>
      <trkpt lat="-38.22174" lon="174.96288">
        <ele>506.5</ele>
      </trkpt>
      <trkpt lat="-38.2217" lon="174.96298">
        <ele>507.5</ele>
      </trkpt>
      <trkpt lat="-38.22169" lon="174.96333">
        <ele>509.6</ele>
      </trkpt>
      <trkpt lat="-38.2217" lon="174.96383">
        <ele>513.8</ele>
      </trkpt>
      <trkpt lat="-38.22188" lon="174.96396">
        <ele>513.0</ele>
      </trkpt>
      <trkpt lat="-38.22204" lon="174.96397">
        <ele>511.5</ele>
      </trkpt>
      <trkpt lat="-38.22212" lon="174.96404">
        <ele>511.6</ele>
      </trkpt>
      <trkpt lat="-38.22231" lon="174.96468">
        <ele>515.1</ele>
      </trkpt>
      <trkpt lat="-38.22279" lon="174.96494">
        <ele>516.4</ele>
      </trkpt>
      <trkpt lat="-38.22284" lon="174.96512">
        <ele>516.1</ele>
      </trkpt>
      <trkpt lat="-38.22286" lon="174.96574">
        <ele>513.7</ele>
      </trkpt>
      <trkpt lat="-38.22291" lon="174.96605">
        <ele>514.0</ele>
      </trkpt>
      <trkpt lat="-38.22311" lon="174.96679">
        <ele>514.4</ele>
      </trkpt>
      <trkpt lat="-38.22307" lon="174.9671">
        <ele>513.8</ele>
      </trkpt>
      <trkpt lat="-38.22295" lon="174.96727">
        <ele>515.3</ele>
      </trkpt>
      <trkpt lat="-38.22265" lon="174.96742">
        <ele>521.3</ele>
      </trkpt>
      <trkpt lat="-38.22231" lon="174.96796">
        <ele>520.8</ele>
      </trkpt>
      <trkpt lat="-38.22198" lon="174.9685">
        <ele>519.4</ele>
      </trkpt>
      <trkpt lat="-38.2219" lon="174.96875">
        <ele>520.9</ele>
      </trkpt>
      <trkpt lat="-38.22194" lon="174.96936">
        <ele>524.3</ele>
      </trkpt>
      <trkpt lat="-38.22179" lon="174.97024">
        <ele>527.2</ele>
      </trkpt>
      <trkpt lat="-38.22164" lon="174.97112">
        <ele>524.9</ele>
      </trkpt>
      <trkpt lat="-38.22157" lon="174.97125">
        <ele>522.8</ele>
      </trkpt>
      <trkpt lat="-38.22125" lon="174.97142">
        <ele>521.4</ele>
      </trkpt>
      <trkpt lat="-38.22115" lon="174.97175">
        <ele>517.8</ele>
      </trkpt>
      <trkpt lat="-38.22116" lon="174.9722">
        <ele>512.9</ele>
      </trkpt>
      <trkpt lat="-38.22107" lon="174.97248">
        <ele>511.6</ele>
      </trkpt>
      <trkpt lat="-38.22067" lon="174.973">
        <ele>516.6</ele>
      </trkpt>
      <trkpt lat="-38.22034" lon="174.97388">
        <ele>527.8</ele>
      </trkpt>
      <trkpt lat="-38.22034" lon="174.97413">
        <ele>529.9</ele>
      </trkpt>
      <trkpt lat="-38.22041" lon="174.97442">
        <ele>532.1</ele>
      </trkpt>
      <trkpt lat="-38.22048" lon="174.97453">
        <ele>532.2</ele>
      </trkpt>
      <trkpt lat="-38.22058" lon="174.97459">
        <ele>530.9</ele>
      </trkpt>
      <trkpt lat="-38.22079" lon="174.97452">
        <ele>525.4</ele>
      </trkpt>
      <trkpt lat="-38.22091" lon="174.97457">
        <ele>523.6</ele>
      </trkpt>
      <trkpt lat="-38.22092" lon="174.97477">
        <ele>526.3</ele>
      </trkpt>
      <trkpt lat="-38.22086" lon="174.97493">
        <ele>530.2</ele>
      </trkpt>
      <trkpt lat="-38.2209" lon="174.97506">
        <ele>530.4</ele>
      </trkpt>
      <trkpt lat="-38.22099" lon="174.97516">
        <ele>528.6</ele>
      </trkpt>
      <trkpt lat="-38.22124" lon="174.97532">
        <ele>523.8</ele>
      </trkpt>
      <trkpt lat="-38.22177" lon="174.97565">
        <ele>517.4</ele>
      </trkpt>
      <trkpt lat="-38.22186" lon="174.97571">
        <ele>516.6</ele>
      </trkpt>
      <trkpt lat="-38.22204" lon="174.97597">
        <ele>514.2</ele>
      </trkpt>
      <trkpt lat="-38.22205" lon="174.97605">
        <ele>514.0</ele>
      </trkpt>
      <trkpt lat="-38.22204" lon="174.97619">
        <ele>514.0</ele>
      </trkpt>
      <trkpt lat="-38.22192" lon="174.97655">
        <ele>514.9</ele>
      </trkpt>
      <trkpt lat="-38.22176" lon="174.9769">
        <ele>513.9</ele>
      </trkpt>
      <trkpt lat="-38.22171" lon="174.97734">
        <ele>509.7</ele>
      </trkpt>
      <trkpt lat="-38.2218" lon="174.97766">
        <ele>508.6</ele>
      </trkpt>
      <trkpt lat="-38.22196" lon="174.97775">
        <ele>509.2</ele>
      </trkpt>
      <trkpt lat="-38.2222" lon="174.97778">
        <ele>509.7</ele>
      </trkpt>
      <trkpt lat="-38.22227" lon="174.97796">
        <ele>510.6</ele>
      </trkpt>
      <trkpt lat="-38.22232" lon="174.97857">
        <ele>515.9</ele>
      </trkpt>
      <trkpt lat="-38.22239" lon="174.97878">
        <ele>519.4</ele>
      </trkpt>
      <trkpt lat="-38.22242" lon="174.97884">
        <ele>520.5</ele>
      </trkpt>
      <trkpt lat="-38.22268" lon="174.97881">
        <ele>518.9</ele>
      </trkpt>
      <trkpt lat="-38.2228" lon="174.97875">
        <ele>517.2</ele>
      </trkpt>
      <trkpt lat="-38.2229" lon="174.97874">
        <ele>516.3</ele>
      </trkpt>
      <trkpt lat="-38.22303" lon="174.97885">
        <ele>516.4</ele>
      </trkpt>
      <trkpt lat="-38.22308" lon="174.97896">
        <ele>517.0</ele>
      </trkpt>
      <trkpt lat="-38.22312" lon="174.97921">
        <ele>518.7</ele>
      </trkpt>
      <trkpt lat="-38.22304" lon="174.97964">
        <ele>520.4</ele>
      </trkpt>
      <trkpt lat="-38.22307" lon="174.97975">
        <ele>520.4</ele>
      </trkpt>
      <trkpt lat="-38.2231" lon="174.97981">
        <ele>520.3</ele>
      </trkpt>
      <trkpt lat="-38.22322" lon="174.9799">
        <ele>519.5</ele>
      </trkpt>
      <trkpt lat="-38.22334" lon="174.97988">
        <ele>518.6</ele>
      </trkpt>
      <trkpt lat="-38.22366" lon="174.97969">
        <ele>518.6</ele>
      </trkpt>
      <trkpt lat="-38.22406" lon="174.97972">
        <ele>519.7</ele>
      </trkpt>
      <trkpt lat="-38.22425" lon="174.97979">
        <ele>520.8</ele>
      </trkpt>
      <trkpt lat="-38.22433" lon="174.9798">
        <ele>521.1</ele>
      </trkpt>
      <trkpt lat="-38.22462" lon="174.97987">
        <ele>522.4</ele>
      </trkpt>
      <trkpt lat="-38.22494" lon="174.97997">
        <ele>523.7</ele>
      </trkpt>
      <trkpt lat="-38.22509" lon="174.98">
        <ele>524.0</ele>
      </trkpt>
      <trkpt lat="-38.22526" lon="174.98014">
        <ele>524.4</ele>
      </trkpt>
      <trkpt lat="-38.22538" lon="174.98033">
        <ele>525.7</ele>
      </trkpt>
      <trkpt lat="-38.2256" lon="174.98103">
        <ele>530.9</ele>
      </trkpt>
      <trkpt lat="-38.22571" lon="174.98124">
        <ele>531.8</ele>
      </trkpt>
      <trkpt lat="-38.22578" lon="174.98127">
        <ele>532.9</ele>
      </trkpt>
      <trkpt lat="-38.22589" lon="174.98129">
        <ele>534.7</ele>
      </trkpt>
      <trkpt lat="-38.22607" lon="174.98136">
        <ele>537.5</ele>
      </trkpt>
      <trkpt lat="-38.22613" lon="174.98152">
        <ele>538.7</ele>
      </trkpt>
      <trkpt lat="-38.22625" lon="174.98214">
        <ele>537.8</ele>
      </trkpt>
      <trkpt lat="-38.22633" lon="174.98234">
        <ele>537.7</ele>
      </trkpt>
      <trkpt lat="-38.22645" lon="174.98254">
        <ele>537.9</ele>
      </trkpt>
      <trkpt lat="-38.2266" lon="174.98287">
        <ele>536.6</ele>
      </trkpt>
      <trkpt lat="-38.22679" lon="174.98296">
        <ele>539.0</ele>
      </trkpt>
      <trkpt lat="-38.22694" lon="174.98292">
        <ele>542.5</ele>
      </trkpt>
      <trkpt lat="-38.22718" lon="174.98293">
        <ele>547.3</ele>
      </trkpt>
      <trkpt lat="-38.22728" lon="174.98302">
        <ele>548.3</ele>
      </trkpt>
      <trkpt lat="-38.22734" lon="174.9832">
        <ele>547.3</ele>
      </trkpt>
      <trkpt lat="-38.22739" lon="174.98357">
        <ele>545.6</ele>
      </trkpt>
      <trkpt lat="-38.22734" lon="174.98373">
        <ele>544.1</ele>
      </trkpt>
      <trkpt lat="-38.22723" lon="174.98378">
        <ele>542.2</ele>
      </trkpt>
      <trkpt lat="-38.22712" lon="174.98377">
        <ele>540.5</ele>
      </trkpt>
      <trkpt lat="-38.22702" lon="174.98391">
        <ele>538.9</ele>
      </trkpt>
      <trkpt lat="-38.22702" lon="174.98403">
        <ele>538.9</ele>
      </trkpt>
      <trkpt lat="-38.2272" lon="174.98423">
        <ele>540.4</ele>
      </trkpt>
      <trkpt lat="-38.22725" lon="174.98435">
        <ele>540.2</ele>
      </trkpt>
      <trkpt lat="-38.22735" lon="174.98455">
        <ele>539.7</ele>
      </trkpt>
      <trkpt lat="-38.22754" lon="174.98472">
        <ele>539.3</ele>
      </trkpt>
      <trkpt lat="-38.22763" lon="174.98479">
        <ele>538.4</ele>
      </trkpt>
      <trkpt lat="-38.22797" lon="174.98523">
        <ele>531.6</ele>
      </trkpt>
      <trkpt lat="-38.228" lon="174.98538">
        <ele>529.8</ele>
      </trkpt>
      <trkpt lat="-38.22804" lon="174.98564">
        <ele>526.2</ele>
      </trkpt>
      <trkpt lat="-38.22794" lon="174.98587">
        <ele>527.1</ele>
      </trkpt>
      <trkpt lat="-38.22771" lon="174.98609">
        <ele>533.5</ele>
      </trkpt>
      <trkpt lat="-38.22767" lon="174.98638">
        <ele>533.7</ele>
      </trkpt>
      <trkpt lat="-38.22758" lon="174.98657">
        <ele>535.9</ele>
      </trkpt>
      <trkpt lat="-38.22753" lon="174.98666">
        <ele>537.1</ele>
      </trkpt>
      <trkpt lat="-38.22749" lon="174.98687">
        <ele>538.5</ele>
      </trkpt>
      <trkpt lat="-38.22762" lon="174.98737">
        <ele>536.3</ele>
      </trkpt>
      <trkpt lat="-38.22758" lon="174.98751">
        <ele>537.6</ele>
      </trkpt>
      <trkpt lat="-38.22741" lon="174.98769">
        <ele>538.4</ele>
      </trkpt>
      <trkpt lat="-38.22725" lon="174.98778">
        <ele>539.7</ele>
      </trkpt>
      <trkpt lat="-38.22715" lon="174.98798">
        <ele>539.4</ele>
      </trkpt>
      <trkpt lat="-38.22712" lon="174.98813">
        <ele>538.5</ele>
      </trkpt>
      <trkpt lat="-38.22705" lon="174.9883">
        <ele>538.6</ele>
      </trkpt>
      <trkpt lat="-38.22664" lon="174.98852">
        <ele>545.6</ele>
      </trkpt>
      <trkpt lat="-38.22652" lon="174.9887">
        <ele>544.3</ele>
      </trkpt>
      <trkpt lat="-38.22643" lon="174.98894">
        <ele>542.1</ele>
      </trkpt>
      <trkpt lat="-38.22602" lon="174.98927">
        <ele>542.6</ele>
      </trkpt>
      <trkpt lat="-38.22585" lon="174.9893">
        <ele>544.4</ele>
      </trkpt>
      <trkpt lat="-38.2256" lon="174.98944">
        <ele>542.5</ele>
      </trkpt>
      <trkpt lat="-38.22556" lon="174.98957">
        <ele>540.2</ele>
      </trkpt>
      <trkpt lat="-38.22564" lon="174.98973">
        <ele>537.2</ele>
      </trkpt>
      <trkpt lat="-38.22574" lon="174.99004">
        <ele>532.1</ele>
      </trkpt>
      <trkpt lat="-38.22594" lon="174.99013">
        <ele>529.9</ele>
      </trkpt>
      <trkpt lat="-38.22604" lon="174.99025">
        <ele>527.5</ele>
      </trkpt>
      <trkpt lat="-38.226" lon="174.99037">
        <ele>528.1</ele>
      </trkpt>
      <trkpt lat="-38.22584" lon="174.9906">
        <ele>531.8</ele>
      </trkpt>
      <trkpt lat="-38.22575" lon="174.99091">
        <ele>530.6</ele>
      </trkpt>
      <trkpt lat="-38.2257" lon="174.99118">
        <ele>527.9</ele>
      </trkpt>
      <trkpt lat="-38.22563" lon="174.99136">
        <ele>526.3</ele>
      </trkpt>
      <trkpt lat="-38.22533" lon="174.99182">
        <ele>523.5</ele>
      </trkpt>
      <trkpt lat="-38.22522" lon="174.99191">
        <ele>523.1</ele>
      </trkpt>
      <trkpt lat="-38.22514" lon="174.99207">
        <ele>522.0</ele>
      </trkpt>
      <trkpt lat="-38.225" lon="174.99249">
        <ele>519.1</ele>
      </trkpt>
      <trkpt lat="-38.22496" lon="174.99258">
        <ele>519.0</ele>
      </trkpt>
      <trkpt lat="-38.22494" lon="174.99306">
        <ele>520.0</ele>
      </trkpt>
      <trkpt lat="-38.22489" lon="174.99321">
        <ele>520.8</ele>
      </trkpt>
      <trkpt lat="-38.22467" lon="174.99367">
        <ele>522.4</ele>
      </trkpt>
      <trkpt lat="-38.22442" lon="174.99387">
        <ele>524.3</ele>
      </trkpt>
      <trkpt lat="-38.2244" lon="174.99403">
        <ele>524.0</ele>
      </trkpt>
      <trkpt lat="-38.22447" lon="174.99435">
        <ele>523.5</ele>
      </trkpt>
      <trkpt lat="-38.22453" lon="174.99454">
        <ele>523.7</ele>
      </trkpt>
      <trkpt lat="-38.22446" lon="174.99475">
        <ele>525.4</ele>
      </trkpt>
      <trkpt lat="-38.22438" lon="174.99495">
        <ele>527.2</ele>
      </trkpt>
      <trkpt lat="-38.2243" lon="174.99512">
        <ele>526.2</ele>
      </trkpt>
      <trkpt lat="-38.22415" lon="174.99528">
        <ele>525.3</ele>
      </trkpt>
      <trkpt lat="-38.22351" lon="174.99571">
        <ele>523.9</ele>
      </trkpt>
      <trkpt lat="-38.22348" lon="174.99581">
        <ele>523.6</ele>
      </trkpt>
      <trkpt lat="-38.22349" lon="174.99598">
        <ele>522.1</ele>
      </trkpt>
      <trkpt lat="-38.22347" lon="174.99612">
        <ele>521.3</ele>
      </trkpt>
      <trkpt lat="-38.2233" lon="174.99634">
        <ele>521.5</ele>
      </trkpt>
      <trkpt lat="-38.22311" lon="174.99643">
        <ele>518.7</ele>
      </trkpt>
      <trkpt lat="-38.22301" lon="174.99649">
        <ele>517.2</ele>
      </trkpt>
      <trkpt lat="-38.22294" lon="174.99656">
        <ele>516.1</ele>
      </trkpt>
      <trkpt lat="-38.22265" lon="174.99713">
        <ele>514.0</ele>
      </trkpt>
      <trkpt lat="-38.22232" lon="174.99771">
        <ele>514.4</ele>
      </trkpt>
      <trkpt lat="-38.22199" lon="174.99828">
        <ele>513.8</ele>
      </trkpt>
      <trkpt lat="-38.22185" lon="174.99846">
        <ele>512.6</ele>
      </trkpt>
      <trkpt lat="-38.22185" lon="174.99862">
        <ele>512.3</ele>
      </trkpt>
      <trkpt lat="-38.22188" lon="174.99877">
        <ele>512.4</ele>
      </trkpt>
      <trkpt lat="-38.222" lon="174.99894">
        <ele>513.2</ele>
      </trkpt>
      <trkpt lat="-38.22206" lon="174.99907">
        <ele>513.5</ele>
      </trkpt>
      <trkpt lat="-38.22209" lon="174.99936">
        <ele>517.0</ele>
      </trkpt>
      <trkpt lat="-38.22216" lon="174.99948">
        <ele>517.0</ele>
      </trkpt>
      <trkpt lat="-38.2225" lon="174.9995">
        <ele>517.0</ele>
      </trkpt>
      <trkpt lat="-38.22261" lon="174.99958">
        <ele>517.0</ele>
      </trkpt>
      <trkpt lat="-38.2227" lon="174.99973">
        <ele>497.0</ele>
      </trkpt>
      <trkpt lat="-38.22296" lon="174.99989">
        <ele>494.0</ele>
      </trkpt>
      <trkpt lat="-38.22313" lon="174.99991">
        <ele>494.0</ele>
      </trkpt>
      <trkpt lat="-38.22347" lon="174.99988">
        <ele>494.0</ele>
      </trkpt>
      <trkpt lat="-38.22369" lon="174.99988">
        <ele>494.0</ele>
      </trkpt>
      <trkpt lat="-38.22379" lon="174.9998">
        <ele>464.0</ele>
      </trkpt>
      <trkpt lat="-38.22383" lon="174.99946">
        <ele>469.0</ele>
      </trkpt>
      <trkpt lat="-38.22376" lon="174.99918">
        <ele>469.0</ele>
      </trkpt>
      <trkpt lat="-38.22355" lon="174.99875">
        <ele>493.0</ele>
      </trkpt>
      <trkpt lat="-38.2234" lon="174.99831">
        <ele>496.7</ele>
      </trkpt>
      <trkpt lat="-38.2234" lon="174.99811">
        <ele>499.8</ele>
      </trkpt>
      <trkpt lat="-38.22354" lon="174.99799">
        <ele>498.2</ele>
      </trkpt>
      <trkpt lat="-38.22379" lon="174.99792">
        <ele>493.2</ele>
      </trkpt>
      <trkpt lat="-38.22397" lon="174.99779">
        <ele>490.9</ele>
      </trkpt>
      <trkpt lat="-38.22435" lon="174.99789">
        <ele>481.1</ele>
      </trkpt>
      <trkpt lat="-38.22449" lon="174.99791">
        <ele>478.4</ele>
      </trkpt>
      <trkpt lat="-38.22462" lon="174.998">
        <ele>476.2</ele>
      </trkpt>
      <trkpt lat="-38.22466" lon="174.9982">
        <ele>476.1</ele>
      </trkpt>
      <trkpt lat="-38.22475" lon="174.99844">
        <ele>475.7</ele>
      </trkpt>
      <trkpt lat="-38.22494" lon="174.99867">
        <ele>474.7</ele>
      </trkpt>
      <trkpt lat="-38.22505" lon="174.99881">
        <ele>474.6</ele>
      </trkpt>
      <trkpt lat="-38.22505" lon="174.99881">
        <ele>474.6</ele>
      </trkpt>
      <trkpt lat="-38.22511" lon="174.9989">
        <ele>475.1</ele>
      </trkpt>
      <trkpt lat="-38.22522" lon="174.99912">
        <ele>477.9</ele>
      </trkpt>
      <trkpt lat="-38.22524" lon="174.99935">
        <ele>473.0</ele>
      </trkpt>
      <trkpt lat="-38.2252" lon="174.99955">
        <ele>473.0</ele>
      </trkpt>
      <trkpt lat="-38.22525" lon="174.99974">
        <ele>457.0</ele>
      </trkpt>
      <trkpt lat="-38.22541" lon="175.00011">
        <ele>466.7</ele>
      </trkpt>
      <trkpt lat="-38.22572" lon="175.0003">
        <ele>468.2</ele>
      </trkpt>
      <trkpt lat="-38.22616" lon="175.0003">
        <ele>472.9</ele>
      </trkpt>
      <trkpt lat="-38.22658" lon="175.0002">
        <ele>479.4</ele>
      </trkpt>
      <trkpt lat="-38.22693" lon="175.00022">
        <ele>482.2</ele>
      </trkpt>
      <trkpt lat="-38.22724" lon="175.00044">
        <ele>479.6</ele>
      </trkpt>
      <trkpt lat="-38.22737" lon="175.0007">
        <ele>475.1</ele>
      </trkpt>
      <trkpt lat="-38.22744" lon="175.00084">
        <ele>473.3</ele>
      </trkpt>
      <trkpt lat="-38.22749" lon="175.00098">
        <ele>469.8</ele>
      </trkpt>
      <trkpt lat="-38.22758" lon="175.00106">
        <ele>467.8</ele>
      </trkpt>
      <trkpt lat="-38.22775" lon="175.00109">
        <ele>467.8</ele>
      </trkpt>
      <trkpt lat="-38.22789" lon="175.00104">
        <ele>470.2</ele>
      </trkpt>
      <trkpt lat="-38.22822" lon="175.00095">
        <ele>474.8</ele>
      </trkpt>
      <trkpt lat="-38.22839" lon="175.001">
        <ele>474.6</ele>
      </trkpt>
      <trkpt lat="-38.22879" lon="175.00099">
        <ele>480.4</ele>
      </trkpt>
      <trkpt lat="-38.22892" lon="175.00106">
        <ele>480.2</ele>
      </trkpt>
      <trkpt lat="-38.22909" lon="175.00137">
        <ele>474.0</ele>
      </trkpt>
      <trkpt lat="-38.22914" lon="175.00153">
        <ele>470.3</ele>
      </trkpt>
      <trkpt lat="-38.22927" lon="175.00184">
        <ele>464.4</ele>
      </trkpt>
      <trkpt lat="-38.22942" lon="175.00201">
        <ele>463.9</ele>
      </trkpt>
      <trkpt lat="-38.2295" lon="175.00217">
        <ele>462.5</ele>
      </trkpt>
      <trkpt lat="-38.22962" lon="175.00249">
        <ele>460.1</ele>
      </trkpt>
      <trkpt lat="-38.22969" lon="175.00263">
        <ele>459.4</ele>
      </trkpt>
      <trkpt lat="-38.22972" lon="175.003">
        <ele>451.8</ele>
      </trkpt>
      <trkpt lat="-38.22974" lon="175.0032">
        <ele>447.9</ele>
      </trkpt>
      <trkpt lat="-38.22984" lon="175.00338">
        <ele>447.5</ele>
      </trkpt>
      <trkpt lat="-38.2302" lon="175.00359">
        <ele>445.4</ele>
      </trkpt>
      <trkpt lat="-38.23032" lon="175.00365">
        <ele>442.6</ele>
      </trkpt>
      <trkpt lat="-38.23048" lon="175.00355">
        <ele>445.2</ele>
      </trkpt>
      <trkpt lat="-38.23082" lon="175.00313">
        <ele>453.8</ele>
      </trkpt>
      <trkpt lat="-38.23097" lon="175.00306">
        <ele>454.5</ele>
      </trkpt>
      <trkpt lat="-38.23122" lon="175.00317">
        <ele>452.6</ele>
      </trkpt>
      <trkpt lat="-38.23148" lon="175.00333">
        <ele>451.6</ele>
      </trkpt>
      <trkpt lat="-38.23174" lon="175.00358">
        <ele>445.9</ele>
      </trkpt>
      <trkpt lat="-38.23185" lon="175.00383">
        <ele>441.6</ele>
      </trkpt>
      <trkpt lat="-38.23191" lon="175.00404">
        <ele>438.9</ele>
      </trkpt>
      <trkpt lat="-38.23194" lon="175.00423">
        <ele>436.3</ele>
      </trkpt>
      <trkpt lat="-38.23187" lon="175.00469">
        <ele>426.2</ele>
      </trkpt>
      <trkpt lat="-38.23191" lon="175.00485">
        <ele>423.9</ele>
      </trkpt>
      <trkpt lat="-38.23201" lon="175.00498">
        <ele>423.2</ele>
      </trkpt>
      <trkpt lat="-38.2322" lon="175.00503">
        <ele>424.7</ele>
      </trkpt>
      <trkpt lat="-38.23228" lon="175.00503">
        <ele>426.0</ele>
      </trkpt>
      <trkpt lat="-38.2324" lon="175.00508">
        <ele>425.7</ele>
      </trkpt>
      <trkpt lat="-38.23264" lon="175.00515">
        <ele>423.4</ele>
      </trkpt>
      <trkpt lat="-38.23287" lon="175.00515">
        <ele>422.4</ele>
      </trkpt>
      <trkpt lat="-38.23314" lon="175.00509">
        <ele>423.9</ele>
      </trkpt>
      <trkpt lat="-38.23371" lon="175.00516">
        <ele>421.1</ele>
      </trkpt>
      <trkpt lat="-38.23397" lon="175.00526">
        <ele>418.4</ele>
      </trkpt>
      <trkpt lat="-38.23439" lon="175.00536">
        <ele>417.4</ele>
      </trkpt>
      <trkpt lat="-38.23459" lon="175.00543">
        <ele>416.9</ele>
      </trkpt>
      <trkpt lat="-38.23483" lon="175.00566">
        <ele>413.6</ele>
      </trkpt>
      <trkpt lat="-38.23527" lon="175.00575">
        <ele>415.3</ele>
      </trkpt>
      <trkpt lat="-38.23563" lon="175.00585">
        <ele>416.9</ele>
      </trkpt>
      <trkpt lat="-38.23573" lon="175.00602">
        <ele>414.2</ele>
      </trkpt>
      <trkpt lat="-38.23579" lon="175.00616">
        <ele>412.1</ele>
      </trkpt>
      <trkpt lat="-38.23589" lon="175.00646">
        <ele>407.6</ele>
      </trkpt>
      <trkpt lat="-38.23604" lon="175.00663">
        <ele>406.4</ele>
      </trkpt>
      <trkpt lat="-38.23624" lon="175.00714">
        <ele>399.0</ele>
      </trkpt>
      <trkpt lat="-38.23636" lon="175.00737">
        <ele>396.6</ele>
      </trkpt>
      <trkpt lat="-38.23656" lon="175.00761">
        <ele>396.2</ele>
      </trkpt>
      <trkpt lat="-38.23702" lon="175.00831">
        <ele>393.4</ele>
      </trkpt>
      <trkpt lat="-38.23711" lon="175.00851">
        <ele>393.7</ele>
      </trkpt>
      <trkpt lat="-38.23712" lon="175.00871">
        <ele>392.4</ele>
      </trkpt>
      <trkpt lat="-38.23709" lon="175.00887">
        <ele>390.5</ele>
      </trkpt>
      <trkpt lat="-38.23713" lon="175.00907">
        <ele>390.1</ele>
      </trkpt>
      <trkpt lat="-38.2372" lon="175.00912">
        <ele>391.9</ele>
      </trkpt>
      <trkpt lat="-38.23742" lon="175.00922">
        <ele>398.3</ele>
      </trkpt>
      <trkpt lat="-38.2375" lon="175.00933">
        <ele>400.4</ele>
      </trkpt>
      <trkpt lat="-38.23757" lon="175.00954">
        <ele>400.5</ele>
      </trkpt>
      <trkpt lat="-38.23756" lon="175.00976">
        <ele>399.7</ele>
      </trkpt>
      <trkpt lat="-38.23739" lon="175.00999">
        <ele>394.9</ele>
      </trkpt>
      <trkpt lat="-38.23736" lon="175.01015">
        <ele>392.6</ele>
      </trkpt>
      <trkpt lat="-38.23739" lon="175.0103">
        <ele>392.0</ele>
      </trkpt>
      <trkpt lat="-38.23741" lon="175.01047">
        <ele>390.8</ele>
      </trkpt>
      <trkpt lat="-38.23734" lon="175.01082">
        <ele>386.0</ele>
      </trkpt>
      <trkpt lat="-38.23741" lon="175.01152">
        <ele>389.3</ele>
      </trkpt>
      <trkpt lat="-38.23749" lon="175.01169">
        <ele>390.8</ele>
      </trkpt>
      <trkpt lat="-38.23767" lon="175.01181">
        <ele>393.3</ele>
      </trkpt>
      <trkpt lat="-38.23824" lon="175.01221">
        <ele>400.9</ele>
      </trkpt>
      <trkpt lat="-38.2383" lon="175.0125">
        <ele>400.5</ele>
      </trkpt>
      <trkpt lat="-38.23833" lon="175.01268">
        <ele>399.4</ele>
      </trkpt>
      <trkpt lat="-38.23838" lon="175.01286">
        <ele>398.3</ele>
      </trkpt>
      <trkpt lat="-38.23854" lon="175.01299">
        <ele>398.2</ele>
      </trkpt>
      <trkpt lat="-38.2387" lon="175.01306">
        <ele>398.6</ele>
      </trkpt>
      <trkpt lat="-38.23882" lon="175.01316">
        <ele>398.5</ele>
      </trkpt>
      <trkpt lat="-38.23898" lon="175.01335">
        <ele>397.7</ele>
      </trkpt>
      <trkpt lat="-38.23905" lon="175.01335">
        <ele>398.1</ele>
      </trkpt>
      <trkpt lat="-38.23907" lon="175.01321">
        <ele>399.6</ele>
      </trkpt>
      <trkpt lat="-38.23927" lon="175.01288">
        <ele>402.7</ele>
      </trkpt>
      <trkpt lat="-38.23967" lon="175.01265">
        <ele>402.2</ele>
      </trkpt>
      <trkpt lat="-38.23986" lon="175.01248">
        <ele>402.1</ele>
      </trkpt>
      <trkpt lat="-38.2401" lon="175.01246">
        <ele>401.2</ele>
      </trkpt>
      <trkpt lat="-38.2403" lon="175.01241">
        <ele>401.2</ele>
      </trkpt>
      <trkpt lat="-38.24046" lon="175.01252">
        <ele>400.3</ele>
      </trkpt>
      <trkpt lat="-38.24058" lon="175.01265">
        <ele>398.7</ele>
      </trkpt>
      <trkpt lat="-38.24066" lon="175.01278">
        <ele>397.1</ele>
      </trkpt>
      <trkpt lat="-38.24077" lon="175.01284">
        <ele>396.1</ele>
      </trkpt>
      <trkpt lat="-38.24088" lon="175.01281">
        <ele>396.0</ele>
      </trkpt>
      <trkpt lat="-38.24124" lon="175.0124">
        <ele>398.6</ele>
      </trkpt>
      <trkpt lat="-38.24136" lon="175.01233">
        <ele>398.4</ele>
      </trkpt>
      <trkpt lat="-38.24149" lon="175.01232">
        <ele>397.9</ele>
      </trkpt>
      <trkpt lat="-38.24162" lon="175.01236">
        <ele>397.1</ele>
      </trkpt>
      <trkpt lat="-38.24187" lon="175.0125">
        <ele>398.9</ele>
      </trkpt>
      <trkpt lat="-38.24212" lon="175.01256">
        <ele>401.9</ele>
      </trkpt>
      <trkpt lat="-38.24226" lon="175.01269">
        <ele>402.7</ele>
      </trkpt>
      <trkpt lat="-38.24227" lon="175.01299">
        <ele>399.9</ele>
      </trkpt>
      <trkpt lat="-38.24236" lon="175.0132">
        <ele>399.5</ele>
      </trkpt>
      <trkpt lat="-38.24236" lon="175.01343">
        <ele>398.3</ele>
      </trkpt>
      <trkpt lat="-38.24229" lon="175.01365">
        <ele>396.9</ele>
      </trkpt>
      <trkpt lat="-38.24225" lon="175.01396">
        <ele>396.0</ele>
      </trkpt>
      <trkpt lat="-38.24202" lon="175.01427">
        <ele>390.9</ele>
      </trkpt>
      <trkpt lat="-38.24199" lon="175.01439">
        <ele>389.8</ele>
      </trkpt>
      <trkpt lat="-38.24202" lon="175.01453">
        <ele>390.0</ele>
      </trkpt>
      <trkpt lat="-38.24219" lon="175.01478">
        <ele>394.1</ele>
      </trkpt>
      <trkpt lat="-38.24224" lon="175.01507">
        <ele>395.1</ele>
      </trkpt>
      <trkpt lat="-38.24222" lon="175.01548">
        <ele>391.7</ele>
      </trkpt>
      <trkpt lat="-38.24225" lon="175.0158">
        <ele>390.4</ele>
      </trkpt>
      <trkpt lat="-38.24232" lon="175.01588">
        <ele>391.8</ele>
      </trkpt>
      <trkpt lat="-38.24241" lon="175.01592">
        <ele>394.0</ele>
      </trkpt>
      <trkpt lat="-38.24262" lon="175.01598">
        <ele>398.2</ele>
      </trkpt>
      <trkpt lat="-38.24282" lon="175.01613">
        <ele>400.4</ele>
      </trkpt>
      <trkpt lat="-38.24292" lon="175.01635">
        <ele>400.3</ele>
      </trkpt>
      <trkpt lat="-38.24292" lon="175.01655">
        <ele>398.3</ele>
      </trkpt>
      <trkpt lat="-38.24286" lon="175.01677">
        <ele>394.8</ele>
      </trkpt>
      <trkpt lat="-38.24289" lon="175.01693">
        <ele>394.6</ele>
      </trkpt>
      <trkpt lat="-38.24296" lon="175.01714">
        <ele>394.9</ele>
      </trkpt>
      <trkpt lat="-38.24307" lon="175.01741">
        <ele>395.6</ele>
      </trkpt>
      <trkpt lat="-38.24317" lon="175.01759">
        <ele>396.6</ele>
      </trkpt>
      <trkpt lat="-38.24337" lon="175.01773">
        <ele>399.0</ele>
      </trkpt>
      <trkpt lat="-38.24349" lon="175.01786">
        <ele>398.0</ele>
      </trkpt>
      <trkpt lat="-38.24356" lon="175.01808">
        <ele>395.4</ele>
      </trkpt>
      <trkpt lat="-38.24355" lon="175.01823">
        <ele>393.5</ele>
      </trkpt>
      <trkpt lat="-38.24359" lon="175.01842">
        <ele>390.9</ele>
      </trkpt>
      <trkpt lat="-38.24367" lon="175.01847">
        <ele>389.9</ele>
      </trkpt>
      <trkpt lat="-38.24396" lon="175.01844">
        <ele>389.2</ele>
      </trkpt>
      <trkpt lat="-38.24418" lon="175.01824">
        <ele>391.9</ele>
      </trkpt>
      <trkpt lat="-38.24432" lon="175.01819">
        <ele>392.2</ele>
      </trkpt>
      <trkpt lat="-38.24445" lon="175.01823">
        <ele>390.6</ele>
      </trkpt>
      <trkpt lat="-38.24456" lon="175.01833">
        <ele>388.2</ele>
      </trkpt>
      <trkpt lat="-38.24473" lon="175.01838">
        <ele>386.5</ele>
      </trkpt>
      <trkpt lat="-38.24481" lon="175.01834">
        <ele>386.8</ele>
      </trkpt>
      <trkpt lat="-38.24492" lon="175.01815">
        <ele>389.2</ele>
      </trkpt>
      <trkpt lat="-38.245" lon="175.01814">
        <ele>388.8</ele>
      </trkpt>
      <trkpt lat="-38.2452" lon="175.01816">
        <ele>387.1</ele>
      </trkpt>
      <trkpt lat="-38.24535" lon="175.01812">
        <ele>386.5</ele>
      </trkpt>
      <trkpt lat="-38.24549" lon="175.01796">
        <ele>387.4</ele>
      </trkpt>
      <trkpt lat="-38.2456" lon="175.0179">
        <ele>387.1</ele>
      </trkpt>
      <trkpt lat="-38.24571" lon="175.01795">
        <ele>385.7</ele>
      </trkpt>
      <trkpt lat="-38.24588" lon="175.01831">
        <ele>382.3</ele>
      </trkpt>
      <trkpt lat="-38.24618" lon="175.01854">
        <ele>388.3</ele>
      </trkpt>
      <trkpt lat="-38.24625" lon="175.01872">
        <ele>389.3</ele>
      </trkpt>
      <trkpt lat="-38.24627" lon="175.01889">
        <ele>389.3</ele>
      </trkpt>
      <trkpt lat="-38.24609" lon="175.0191">
        <ele>384.7</ele>
      </trkpt>
      <trkpt lat="-38.24607" lon="175.01922">
        <ele>383.8</ele>
      </trkpt>
      <trkpt lat="-38.24609" lon="175.01933">
        <ele>383.5</ele>
      </trkpt>
      <trkpt lat="-38.2464" lon="175.0196">
        <ele>388.3</ele>
      </trkpt>
      <trkpt lat="-38.24645" lon="175.01974">
        <ele>388.4</ele>
      </trkpt>
      <trkpt lat="-38.24638" lon="175.01994">
        <ele>385.6</ele>
      </trkpt>
      <trkpt lat="-38.24638" lon="175.02014">
        <ele>382.7</ele>
      </trkpt>
      <trkpt lat="-38.24648" lon="175.02023">
        <ele>382.8</ele>
      </trkpt>
      <trkpt lat="-38.24678" lon="175.02024">
        <ele>383.5</ele>
      </trkpt>
      <trkpt lat="-38.24695" lon="175.0202">
        <ele>380.7</ele>
      </trkpt>
      <trkpt lat="-38.24702" lon="175.02009">
        <ele>380.8</ele>
      </trkpt>
      <trkpt lat="-38.24705" lon="175.01972">
        <ele>384.3</ele>
      </trkpt>
      <trkpt lat="-38.24718" lon="175.01913">
        <ele>388.1</ele>
      </trkpt>
      <trkpt lat="-38.24728" lon="175.01886">
        <ele>389.0</ele>
      </trkpt>
      <trkpt lat="-38.24743" lon="175.01878">
        <ele>387.6</ele>
      </trkpt>
      <trkpt lat="-38.24758" lon="175.01878">
        <ele>385.8</ele>
      </trkpt>
      <trkpt lat="-38.24766" lon="175.01888">
        <ele>384.0</ele>
      </trkpt>
      <trkpt lat="-38.24792" lon="175.01892">
        <ele>381.2</ele>
      </trkpt>
      <trkpt lat="-38.24802" lon="175.01892">
        <ele>380.4</ele>
      </trkpt>
      <trkpt lat="-38.24822" lon="175.01899">
        <ele>378.3</ele>
      </trkpt>
      <trkpt lat="-38.24837" lon="175.0191">
        <ele>378.1</ele>
      </trkpt>
      <trkpt lat="-38.24846" lon="175.01927">
        <ele>379.6</ele>
      </trkpt>
      <trkpt lat="-38.24858" lon="175.01967">
        <ele>379.7</ele>
      </trkpt>
      <trkpt lat="-38.24856" lon="175.01992">
        <ele>377.3</ele>
      </trkpt>
      <trkpt lat="-38.24855" lon="175.02021">
        <ele>373.7</ele>
      </trkpt>
      <trkpt lat="-38.24862" lon="175.0203">
        <ele>374.1</ele>
      </trkpt>
      <trkpt lat="-38.24871" lon="175.02026">
        <ele>376.7</ele>
      </trkpt>
      <trkpt lat="-38.24889" lon="175.01995">
        <ele>385.4</ele>
      </trkpt>
      <trkpt lat="-38.24905" lon="175.01973">
        <ele>391.3</ele>
      </trkpt>
      <trkpt lat="-38.24915" lon="175.01969">
        <ele>394.2</ele>
      </trkpt>
      <trkpt lat="-38.24929" lon="175.01981">
        <ele>393.7</ele>
      </trkpt>
      <trkpt lat="-38.24932" lon="175.01993">
        <ele>393.1</ele>
      </trkpt>
      <trkpt lat="-38.24931" lon="175.0202">
        <ele>389.5</ele>
      </trkpt>
      <trkpt lat="-38.24938" lon="175.02038">
        <ele>387.7</ele>
      </trkpt>
      <trkpt lat="-38.24961" lon="175.02073">
        <ele>388.0</ele>
      </trkpt>
      <trkpt lat="-38.24965" lon="175.02098">
        <ele>386.1</ele>
      </trkpt>
      <trkpt lat="-38.24976" lon="175.0211">
        <ele>386.6</ele>
      </trkpt>
      <trkpt lat="-38.25009" lon="175.02129">
        <ele>386.8</ele>
      </trkpt>
      <trkpt lat="-38.25027" lon="175.0213">
        <ele>384.9</ele>
      </trkpt>
      <trkpt lat="-38.25059" lon="175.02117">
        <ele>384.3</ele>
      </trkpt>
      <trkpt lat="-38.25069" lon="175.02085">
        <ele>389.2</ele>
      </trkpt>
      <trkpt lat="-38.25084" lon="175.02068">
        <ele>387.2</ele>
      </trkpt>
      <trkpt lat="-38.25094" lon="175.02064">
        <ele>386.1</ele>
      </trkpt>
      <trkpt lat="-38.25152" lon="175.02043">
        <ele>384.1</ele>
      </trkpt>
      <trkpt lat="-38.25197" lon="175.02007">
        <ele>388.2</ele>
      </trkpt>
      <trkpt lat="-38.25218" lon="175.01968">
        <ele>392.2</ele>
      </trkpt>
      <trkpt lat="-38.25236" lon="175.01955">
        <ele>393.8</ele>
      </trkpt>
      <trkpt lat="-38.25255" lon="175.01961">
        <ele>392.2</ele>
      </trkpt>
      <trkpt lat="-38.25269" lon="175.0198">
        <ele>388.9</ele>
      </trkpt>
      <trkpt lat="-38.25286" lon="175.02007">
        <ele>385.6</ele>
      </trkpt>
      <trkpt lat="-38.2529" lon="175.02037">
        <ele>384.1</ele>
      </trkpt>
      <trkpt lat="-38.25276" lon="175.02086">
        <ele>379.7</ele>
      </trkpt>
      <trkpt lat="-38.25273" lon="175.02108">
        <ele>381.0</ele>
      </trkpt>
      <trkpt lat="-38.25275" lon="175.0213">
        <ele>383.1</ele>
      </trkpt>
      <trkpt lat="-38.25258" lon="175.02171">
        <ele>382.7</ele>
      </trkpt>
      <trkpt lat="-38.25255" lon="175.02198">
        <ele>382.5</ele>
      </trkpt>
      <trkpt lat="-38.25264" lon="175.02217">
        <ele>385.0</ele>
      </trkpt>
      <trkpt lat="-38.25276" lon="175.02235">
        <ele>388.4</ele>
      </trkpt>
      <trkpt lat="-38.25282" lon="175.02252">
        <ele>390.5</ele>
      </trkpt>
      <trkpt lat="-38.25282" lon="175.02272">
        <ele>390.6</ele>
      </trkpt>
      <trkpt lat="-38.25273" lon="175.02291">
        <ele>388.0</ele>
      </trkpt>
      <trkpt lat="-38.25257" lon="175.02311">
        <ele>382.8</ele>
      </trkpt>
      <trkpt lat="-38.25254" lon="175.02328">
        <ele>381.5</ele>
      </trkpt>
      <trkpt lat="-38.25252" lon="175.02347">
        <ele>381.5</ele>
      </trkpt>
      <trkpt lat="-38.25247" lon="175.02371">
        <ele>381.2</ele>
      </trkpt>
      <trkpt lat="-38.25233" lon="175.02401">
        <ele>378.3</ele>
      </trkpt>
      <trkpt lat="-38.25217" lon="175.02401">
        <ele>372.8</ele>
      </trkpt>
      <trkpt lat="-38.25208" lon="175.02407">
        <ele>370.2</ele>
      </trkpt>
      <trkpt lat="-38.25205" lon="175.02431">
        <ele>368.7</ele>
      </trkpt>
      <trkpt lat="-38.25212" lon="175.02455">
        <ele>368.9</ele>
      </trkpt>
      <trkpt lat="-38.25226" lon="175.02488">
        <ele>369.9</ele>
      </trkpt>
      <trkpt lat="-38.25225" lon="175.02518">
        <ele>366.6</ele>
      </trkpt>
      <trkpt lat="-38.25231" lon="175.02532">
        <ele>366.5</ele>
      </trkpt>
      <trkpt lat="-38.25249" lon="175.0255">
        <ele>368.2</ele>
      </trkpt>
      <trkpt lat="-38.25276" lon="175.02559">
        <ele>372.5</ele>
      </trkpt>
      <trkpt lat="-38.25305" lon="175.02576">
        <ele>377.6</ele>
      </trkpt>
      <trkpt lat="-38.25315" lon="175.02588">
        <ele>379.5</ele>
      </trkpt>
      <trkpt lat="-38.25315" lon="175.02605">
        <ele>379.1</ele>
      </trkpt>
      <trkpt lat="-38.2531" lon="175.02627">
        <ele>377.3</ele>
      </trkpt>
      <trkpt lat="-38.25309" lon="175.02677">
        <ele>374.6</ele>
      </trkpt>
      <trkpt lat="-38.25319" lon="175.02694">
        <ele>374.4</ele>
      </trkpt>
      <trkpt lat="-38.25382" lon="175.02699">
        <ele>386.8</ele>
      </trkpt>
      <trkpt lat="-38.25388" lon="175.02703">
        <ele>387.6</ele>
      </trkpt>
      <trkpt lat="-38.25394" lon="175.02721">
        <ele>386.9</ele>
      </trkpt>
      <trkpt lat="-38.25396" lon="175.02753">
        <ele>383.8</ele>
      </trkpt>
      <trkpt lat="-38.25391" lon="175.02793">
        <ele>379.4</ele>
      </trkpt>
      <trkpt lat="-38.2539" lon="175.02838">
        <ele>375.9</ele>
      </trkpt>
      <trkpt lat="-38.25399" lon="175.02857">
        <ele>375.7</ele>
      </trkpt>
      <trkpt lat="-38.25413" lon="175.0287">
        <ele>375.8</ele>
      </trkpt>
      <trkpt lat="-38.25427" lon="175.02874">
        <ele>373.9</ele>
      </trkpt>
      <trkpt lat="-38.25442" lon="175.02871">
        <ele>371.7</ele>
      </trkpt>
      <trkpt lat="-38.25457" lon="175.02857">
        <ele>371.1</ele>
      </trkpt>
      <trkpt lat="-38.25493" lon="175.02767">
        <ele>381.3</ele>
      </trkpt>
      <trkpt lat="-38.25505" lon="175.02757">
        <ele>382.7</ele>
      </trkpt>
      <trkpt lat="-38.25526" lon="175.02749">
        <ele>384.2</ele>
      </trkpt>
      <trkpt lat="-38.25547" lon="175.02756">
        <ele>382.8</ele>
      </trkpt>
      <trkpt lat="-38.25586" lon="175.02786">
        <ele>377.1</ele>
      </trkpt>
      <trkpt lat="-38.25647" lon="175.02821">
        <ele>369.4</ele>
      </trkpt>
      <trkpt lat="-38.25677" lon="175.0283">
        <ele>366.2</ele>
      </trkpt>
      <trkpt lat="-38.25694" lon="175.02826">
        <ele>366.0</ele>
      </trkpt>
      <trkpt lat="-38.25749" lon="175.02798">
        <ele>366.6</ele>
      </trkpt>
      <trkpt lat="-38.25766" lon="175.02804">
        <ele>366.0</ele>
      </trkpt>
      <trkpt lat="-38.25783" lon="175.02818">
        <ele>364.6</ele>
      </trkpt>
      <trkpt lat="-38.25844" lon="175.02882">
        <ele>362.4</ele>
      </trkpt>
      <trkpt lat="-38.25862" lon="175.02893">
        <ele>362.4</ele>
      </trkpt>
      <trkpt lat="-38.2591" lon="175.02917">
        <ele>363.7</ele>
      </trkpt>
      <trkpt lat="-38.25959" lon="175.02941">
        <ele>359.2</ele>
      </trkpt>
      <trkpt lat="-38.25985" lon="175.02947">
        <ele>355.4</ele>
      </trkpt>
      <trkpt lat="-38.2604" lon="175.02948">
        <ele>351.9</ele>
      </trkpt>
      <trkpt lat="-38.26058" lon="175.02956">
        <ele>351.4</ele>
      </trkpt>
      <trkpt lat="-38.26075" lon="175.02973">
        <ele>350.7</ele>
      </trkpt>
      <trkpt lat="-38.26027" lon="175.03002">
        <ele>353.0</ele>
      </trkpt>
      <trkpt lat="-38.25989" lon="175.0301">
        <ele>355.2</ele>
      </trkpt>
      <trkpt lat="-38.25968" lon="175.03022">
        <ele>357.3</ele>
      </trkpt>
      <trkpt lat="-38.25959" lon="175.03041">
        <ele>356.4</ele>
      </trkpt>
      <trkpt lat="-38.25959" lon="175.03066">
        <ele>352.8</ele>
      </trkpt>
      <trkpt lat="-38.25977" lon="175.03116">
        <ele>341.9</ele>
      </trkpt>
      <trkpt lat="-38.25976" lon="175.03134">
        <ele>340.2</ele>
      </trkpt>
      <trkpt lat="-38.25973" lon="175.03162">
        <ele>338.0</ele>
      </trkpt>
      <trkpt lat="-38.25966" lon="175.03176">
        <ele>337.7</ele>
      </trkpt>
      <trkpt lat="-38.25942" lon="175.03192">
        <ele>340.5</ele>
      </trkpt>
      <trkpt lat="-38.25933" lon="175.03213">
        <ele>338.7</ele>
      </trkpt>
      <trkpt lat="-38.25923" lon="175.03251">
        <ele>333.7</ele>
      </trkpt>
      <trkpt lat="-38.2591" lon="175.03282">
        <ele>331.0</ele>
      </trkpt>
      <trkpt lat="-38.25884" lon="175.03321">
        <ele>328.0</ele>
      </trkpt>
      <trkpt lat="-38.25864" lon="175.03367">
        <ele>326.3</ele>
      </trkpt>
      <trkpt lat="-38.25857" lon="175.03401">
        <ele>325.3</ele>
      </trkpt>
      <trkpt lat="-38.25863" lon="175.03428">
        <ele>323.2</ele>
      </trkpt>
      <trkpt lat="-38.25878" lon="175.03459">
        <ele>319.3</ele>
      </trkpt>
      <trkpt lat="-38.25882" lon="175.03482">
        <ele>317.6</ele>
      </trkpt>
      <trkpt lat="-38.25877" lon="175.03499">
        <ele>318.5</ele>
      </trkpt>
      <trkpt lat="-38.25859" lon="175.03524">
        <ele>318.9</ele>
      </trkpt>
      <trkpt lat="-38.2585" lon="175.03552">
        <ele>316.1</ele>
      </trkpt>
      <trkpt lat="-38.25849" lon="175.03572">
        <ele>312.5</ele>
      </trkpt>
      <trkpt lat="-38.2584" lon="175.0359">
        <ele>312.3</ele>
      </trkpt>
      <trkpt lat="-38.25813" lon="175.03611">
        <ele>317.1</ele>
      </trkpt>
      <trkpt lat="-38.25803" lon="175.03629">
        <ele>317.3</ele>
      </trkpt>
      <trkpt lat="-38.25801" lon="175.03653">
        <ele>314.7</ele>
      </trkpt>
      <trkpt lat="-38.25807" lon="175.03675">
        <ele>311.8</ele>
      </trkpt>
      <trkpt lat="-38.25824" lon="175.03701">
        <ele>309.7</ele>
      </trkpt>
      <trkpt lat="-38.25843" lon="175.03712">
        <ele>307.9</ele>
      </trkpt>
      <trkpt lat="-38.25928" lon="175.03739">
        <ele>300.0</ele>
      </trkpt>
      <trkpt lat="-38.25944" lon="175.03749">
        <ele>297.6</ele>
      </trkpt>
      <trkpt lat="-38.25976" lon="175.03797">
        <ele>293.2</ele>
      </trkpt>
      <trkpt lat="-38.25992" lon="175.03829">
        <ele>292.3</ele>
      </trkpt>
      <trkpt lat="-38.25993" lon="175.03843">
        <ele>290.6</ele>
      </trkpt>
      <trkpt lat="-38.25986" lon="175.03867">
        <ele>287.4</ele>
      </trkpt>
      <trkpt lat="-38.25973" lon="175.03882">
        <ele>287.1</ele>
      </trkpt>
      <trkpt lat="-38.25942" lon="175.03889">
        <ele>291.9</ele>
      </trkpt>
      <trkpt lat="-38.25911" lon="175.03902">
        <ele>295.0</ele>
      </trkpt>
      <trkpt lat="-38.25901" lon="175.03909">
        <ele>295.3</ele>
      </trkpt>
      <trkpt lat="-38.25891" lon="175.03927">
        <ele>293.6</ele>
      </trkpt>
      <trkpt lat="-38.2585" lon="175.04012">
        <ele>290.3</ele>
      </trkpt>
      <trkpt lat="-38.25816" lon="175.04108">
        <ele>287.0</ele>
      </trkpt>
      <trkpt lat="-38.25795" lon="175.04137">
        <ele>286.5</ele>
      </trkpt>
      <trkpt lat="-38.2577" lon="175.04164">
        <ele>287.2</ele>
      </trkpt>
      <trkpt lat="-38.25722" lon="175.04183">
        <ele>281.4</ele>
      </trkpt>
      <trkpt lat="-38.25677" lon="175.04208">
        <ele>274.1</ele>
      </trkpt>
      <trkpt lat="-38.25632" lon="175.04234">
        <ele>271.7</ele>
      </trkpt>
      <trkpt lat="-38.25598" lon="175.0425">
        <ele>271.8</ele>
      </trkpt>
      <trkpt lat="-38.25573" lon="175.04272">
        <ele>270.0</ele>
      </trkpt>
      <trkpt lat="-38.25521" lon="175.04355">
        <ele>270.5</ele>
      </trkpt>
      <trkpt lat="-38.25504" lon="175.04394">
        <ele>274.6</ele>
      </trkpt>
      <trkpt lat="-38.25484" lon="175.04495">
        <ele>282.4</ele>
      </trkpt>
      <trkpt lat="-38.25479" lon="175.04531">
        <ele>281.6</ele>
      </trkpt>
      <trkpt lat="-38.25482" lon="175.04553">
        <ele>283.2</ele>
      </trkpt>
      <trkpt lat="-38.25495" lon="175.04582">
        <ele>288.9</ele>
      </trkpt>
      <trkpt lat="-38.25526" lon="175.04629">
        <ele>284.4</ele>
      </trkpt>
      <trkpt lat="-38.25557" lon="175.04677">
        <ele>288.9</ele>
      </trkpt>
      <trkpt lat="-38.25571" lon="175.04702">
        <ele>290.5</ele>
      </trkpt>
      <trkpt lat="-38.25582" lon="175.04736">
        <ele>290.9</ele>
      </trkpt>
      <trkpt lat="-38.25588" lon="175.04775">
        <ele>286.2</ele>
      </trkpt>
      <trkpt lat="-38.25596" lon="175.04888">
        <ele>269.9</ele>
      </trkpt>
      <trkpt lat="-38.25595" lon="175.04905">
        <ele>267.7</ele>
      </trkpt>
      <trkpt lat="-38.25586" lon="175.0496">
        <ele>265.7</ele>
      </trkpt>
      <trkpt lat="-38.25585" lon="175.04987">
        <ele>264.9</ele>
      </trkpt>
      <trkpt lat="-38.25594" lon="175.05046">
        <ele>257.7</ele>
      </trkpt>
      <trkpt lat="-38.25597" lon="175.05105">
        <ele>254.8</ele>
      </trkpt>
      <trkpt lat="-38.25595" lon="175.05138">
        <ele>257.1</ele>
      </trkpt>
      <trkpt lat="-38.25591" lon="175.0517">
        <ele>260.5</ele>
      </trkpt>
      <trkpt lat="-38.25582" lon="175.05214">
        <ele>267.0</ele>
      </trkpt>
      <trkpt lat="-38.25568" lon="175.05254">
        <ele>271.5</ele>
      </trkpt>
      <trkpt lat="-38.25549" lon="175.05299">
        <ele>276.3</ele>
      </trkpt>
      <trkpt lat="-38.25545" lon="175.05316">
        <ele>278.1</ele>
      </trkpt>
      <trkpt lat="-38.2554" lon="175.05347">
        <ele>279.8</ele>
      </trkpt>
      <trkpt lat="-38.25543" lon="175.0537">
        <ele>277.6</ele>
      </trkpt>
      <trkpt lat="-38.25555" lon="175.0541">
        <ele>272.7</ele>
      </trkpt>
      <trkpt lat="-38.2557" lon="175.05435">
        <ele>267.8</ele>
      </trkpt>
      <trkpt lat="-38.25589" lon="175.05459">
        <ele>263.8</ele>
      </trkpt>
      <trkpt lat="-38.25608" lon="175.05476">
        <ele>261.1</ele>
      </trkpt>
      <trkpt lat="-38.25647" lon="175.05507">
        <ele>261.1</ele>
      </trkpt>
      <trkpt lat="-38.25685" lon="175.05538">
        <ele>261.3</ele>
      </trkpt>
      <trkpt lat="-38.25708" lon="175.05568">
        <ele>264.6</ele>
      </trkpt>
      <trkpt lat="-38.25719" lon="175.05614">
        <ele>267.3</ele>
      </trkpt>
      <trkpt lat="-38.25722" lon="175.05667">
        <ele>267.3</ele>
      </trkpt>
      <trkpt lat="-38.25718" lon="175.05715">
        <ele>263.4</ele>
      </trkpt>
      <trkpt lat="-38.2571" lon="175.05742">
        <ele>261.0</ele>
      </trkpt>
      <trkpt lat="-38.25688" lon="175.05774">
        <ele>257.9</ele>
      </trkpt>
      <trkpt lat="-38.25651" lon="175.05811">
        <ele>259.3</ele>
      </trkpt>
      <trkpt lat="-38.25615" lon="175.05849">
        <ele>262.9</ele>
      </trkpt>
      <trkpt lat="-38.25595" lon="175.05874">
        <ele>260.8</ele>
      </trkpt>
      <trkpt lat="-38.25545" lon="175.05951">
        <ele>260.3</ele>
      </trkpt>
      <trkpt lat="-38.25519" lon="175.06003">
        <ele>262.5</ele>
      </trkpt>
      <trkpt lat="-38.25509" lon="175.06063">
        <ele>259.5</ele>
      </trkpt>
      <trkpt lat="-38.25502" lon="175.06129">
        <ele>253.4</ele>
      </trkpt>
      <trkpt lat="-38.25506" lon="175.0621">
        <ele>244.4</ele>
      </trkpt>
      <trkpt lat="-38.2551" lon="175.0629">
        <ele>240.4</ele>
      </trkpt>
      <trkpt lat="-38.25515" lon="175.06371">
        <ele>237.2</ele>
      </trkpt>
      <trkpt lat="-38.25515" lon="175.06405">
        <ele>236.0</ele>
      </trkpt>
      <trkpt lat="-38.25511" lon="175.06433">
        <ele>233.2</ele>
      </trkpt>
      <trkpt lat="-38.2549" lon="175.06461">
        <ele>231.0</ele>
      </trkpt>
      <trkpt lat="-38.25447" lon="175.06506">
        <ele>228.9</ele>
      </trkpt>
      <trkpt lat="-38.25431" lon="175.06539">
        <ele>228.2</ele>
      </trkpt>
      <trkpt lat="-38.2543" lon="175.06572">
        <ele>224.8</ele>
      </trkpt>
      <trkpt lat="-38.25436" lon="175.06619">
        <ele>217.5</ele>
      </trkpt>
      <trkpt lat="-38.25437" lon="175.06656">
        <ele>213.3</ele>
      </trkpt>
      <trkpt lat="-38.25426" lon="175.06703">
        <ele>216.6</ele>
      </trkpt>
      <trkpt lat="-38.25435" lon="175.06778">
        <ele>211.5</ele>
      </trkpt>
      <trkpt lat="-38.25455" lon="175.06876">
        <ele>201.5</ele>
      </trkpt>
      <trkpt lat="-38.25473" lon="175.06917">
        <ele>195.5</ele>
      </trkpt>
      <trkpt lat="-38.255" lon="175.06952">
        <ele>190.7</ele>
      </trkpt>
      <trkpt lat="-38.25513" lon="175.0698">
        <ele>191.2</ele>
      </trkpt>
      <trkpt lat="-38.25535" lon="175.0708">
        <ele>197.5</ele>
      </trkpt>
      <trkpt lat="-38.25547" lon="175.07111">
        <ele>196.1</ele>
      </trkpt>
      <trkpt lat="-38.25569" lon="175.07142">
        <ele>194.5</ele>
      </trkpt>
      <trkpt lat="-38.25581" lon="175.07156">
        <ele>193.6</ele>
      </trkpt>
      <trkpt lat="-38.25591" lon="175.07162">
        <ele>193.1</ele>
      </trkpt>
      <trkpt lat="-38.25603" lon="175.07165">
        <ele>193.2</ele>
      </trkpt>
      <trkpt lat="-38.2564" lon="175.07155">
        <ele>195.4</ele>
      </trkpt>
      <trkpt lat="-38.25663" lon="175.07161">
        <ele>195.9</ele>
      </trkpt>
      <trkpt lat="-38.25676" lon="175.07177">
        <ele>195.0</ele>
      </trkpt>
      <trkpt lat="-38.25682" lon="175.07199">
        <ele>193.5</ele>
      </trkpt>
      <trkpt lat="-38.25686" lon="175.07247">
        <ele>190.9</ele>
      </trkpt>
      <trkpt lat="-38.25691" lon="175.07282">
        <ele>187.7</ele>
      </trkpt>
      <trkpt lat="-38.257" lon="175.07316">
        <ele>186.0</ele>
      </trkpt>
      <trkpt lat="-38.25728" lon="175.07361">
        <ele>186.1</ele>
      </trkpt>
      <trkpt lat="-38.25742" lon="175.07372">
        <ele>186.9</ele>
      </trkpt>
      <trkpt lat="-38.25774" lon="175.07395">
        <ele>184.4</ele>
      </trkpt>
      <trkpt lat="-38.25792" lon="175.07417">
        <ele>180.5</ele>
      </trkpt>
      <trkpt lat="-38.2581" lon="175.07445">
        <ele>178.7</ele>
      </trkpt>
      <trkpt lat="-38.25818" lon="175.07473">
        <ele>176.6</ele>
      </trkpt>
      <trkpt lat="-38.25827" lon="175.07524">
        <ele>175.8</ele>
      </trkpt>
      <trkpt lat="-38.25832" lon="175.07575">
        <ele>178.4</ele>
      </trkpt>
      <trkpt lat="-38.2583" lon="175.07653">
        <ele>180.8</ele>
      </trkpt>
      <trkpt lat="-38.25829" lon="175.07681">
        <ele>180.8</ele>
      </trkpt>
      <trkpt lat="-38.25831" lon="175.07717">
        <ele>180.9</ele>
      </trkpt>
      <trkpt lat="-38.25839" lon="175.07791">
        <ele>180.5</ele>
      </trkpt>
      <trkpt lat="-38.25839" lon="175.07823">
        <ele>179.4</ele>
      </trkpt>
      <trkpt lat="-38.25833" lon="175.07853">
        <ele>177.5</ele>
      </trkpt>
      <trkpt lat="-38.25826" lon="175.07875">
        <ele>175.4</ele>
      </trkpt>
      <trkpt lat="-38.25808" lon="175.07895">
        <ele>173.5</ele>
      </trkpt>
      <trkpt lat="-38.25773" lon="175.07923">
        <ele>172.8</ele>
      </trkpt>
      <trkpt lat="-38.25756" lon="175.07941">
        <ele>172.6</ele>
      </trkpt>
      <trkpt lat="-38.25737" lon="175.07968">
        <ele>170.5</ele>
      </trkpt>
      <trkpt lat="-38.25694" lon="175.08047">
        <ele>168.7</ele>
      </trkpt>
      <trkpt lat="-38.25652" lon="175.08115">
        <ele>171.4</ele>
      </trkpt>
      <trkpt lat="-38.25626" lon="175.0816">
        <ele>173.8</ele>
      </trkpt>
      <trkpt lat="-38.25612" lon="175.08196">
        <ele>175.7</ele>
      </trkpt>
      <trkpt lat="-38.25597" lon="175.08248">
        <ele>177.8</ele>
      </trkpt>
      <trkpt lat="-38.25594" lon="175.08294">
        <ele>178.0</ele>
      </trkpt>
      <trkpt lat="-38.25607" lon="175.08374">
        <ele>175.5</ele>
      </trkpt>
      <trkpt lat="-38.25607" lon="175.08408">
        <ele>174.8</ele>
      </trkpt>
      <trkpt lat="-38.25599" lon="175.08434">
        <ele>174.7</ele>
      </trkpt>
      <trkpt lat="-38.25575" lon="175.08487">
        <ele>172.8</ele>
      </trkpt>
      <trkpt lat="-38.25551" lon="175.08539">
        <ele>167.5</ele>
      </trkpt>
      <trkpt lat="-38.25545" lon="175.08552">
        <ele>166.7</ele>
      </trkpt>
      <trkpt lat="-38.25525" lon="175.08584">
        <ele>165.9</ele>
      </trkpt>
      <trkpt lat="-38.25493" lon="175.08626">
        <ele>163.1</ele>
      </trkpt>
      <trkpt lat="-38.25447" lon="175.08677">
        <ele>162.3</ele>
      </trkpt>
      <trkpt lat="-38.25376" lon="175.0874">
        <ele>159.9</ele>
      </trkpt>
      <trkpt lat="-38.25336" lon="175.08802">
        <ele>159.1</ele>
      </trkpt>
      <trkpt lat="-38.25328" lon="175.08812">
        <ele>159.3</ele>
      </trkpt>
      <trkpt lat="-38.25263" lon="175.08862">
        <ele>160.1</ele>
      </trkpt>
      <trkpt lat="-38.25249" lon="175.08878">
        <ele>161.6</ele>
      </trkpt>
      <trkpt lat="-38.25238" lon="175.08896">
        <ele>162.5</ele>
      </trkpt>
      <trkpt lat="-38.25235" lon="175.08902">
        <ele>162.7</ele>
      </trkpt>
      <trkpt lat="-38.25232" lon="175.0891">
        <ele>162.9</ele>
      </trkpt>
      <trkpt lat="-38.25232" lon="175.08917">
        <ele>163.0</ele>
      </trkpt>
      <trkpt lat="-38.25232" lon="175.08925">
        <ele>163.8</ele>
      </trkpt>
      <trkpt lat="-38.2524" lon="175.08945">
        <ele>165.9</ele>
      </trkpt>
      <trkpt lat="-38.25247" lon="175.08956">
        <ele>167.2</ele>
      </trkpt>
      <trkpt lat="-38.25266" lon="175.08975">
        <ele>163.8</ele>
      </trkpt>
      <trkpt lat="-38.2528" lon="175.08981">
        <ele>159.1</ele>
      </trkpt>
      <trkpt lat="-38.25285" lon="175.08986">
        <ele>157.4</ele>
      </trkpt>
      <trkpt lat="-38.25289" lon="175.08998">
        <ele>156.1</ele>
      </trkpt>
      <trkpt lat="-38.25289" lon="175.09004">
        <ele>156.0</ele>
      </trkpt>
      <trkpt lat="-38.2527" lon="175.09047">
        <ele>163.4</ele>
      </trkpt>
      <trkpt lat="-38.25264" lon="175.09064">
        <ele>165.9</ele>
      </trkpt>
      <trkpt lat="-38.25263" lon="175.0907">
        <ele>166.3</ele>
      </trkpt>
      <trkpt lat="-38.25264" lon="175.0908">
        <ele>165.8</ele>
      </trkpt>
      <trkpt lat="-38.25265" lon="175.09087">
        <ele>165.1</ele>
      </trkpt>
      <trkpt lat="-38.25272" lon="175.0911">
        <ele>160.8</ele>
      </trkpt>
      <trkpt lat="-38.25274" lon="175.0912">
        <ele>159.4</ele>
      </trkpt>
      <trkpt lat="-38.25275" lon="175.09135">
        <ele>158.2</ele>
      </trkpt>
      <trkpt lat="-38.25273" lon="175.09147">
        <ele>158.4</ele>
      </trkpt>
      <trkpt lat="-38.25261" lon="175.09208">
        <ele>160.9</ele>
      </trkpt>
      <trkpt lat="-38.25259" lon="175.0923">
        <ele>160.8</ele>
      </trkpt>
      <trkpt lat="-38.25258" lon="175.09239">
        <ele>160.8</ele>
      </trkpt>
      <trkpt lat="-38.25259" lon="175.09249">
        <ele>160.0</ele>
      </trkpt>
      <trkpt lat="-38.25262" lon="175.09259">
        <ele>160.9</ele>
      </trkpt>
      <trkpt lat="-38.25266" lon="175.09268">
        <ele>161.4</ele>
      </trkpt>
      <trkpt lat="-38.25276" lon="175.09275">
        <ele>159.6</ele>
      </trkpt>
      <trkpt lat="-38.25287" lon="175.09279">
        <ele>156.9</ele>
      </trkpt>
      <trkpt lat="-38.25325" lon="175.09279">
        <ele>144.7</ele>
      </trkpt>
      <trkpt lat="-38.25339" lon="175.09273">
        <ele>138.4</ele>
      </trkpt>
      <trkpt lat="-38.2535" lon="175.09272">
        <ele>133.9</ele>
      </trkpt>
      <trkpt lat="-38.25359" lon="175.09274">
        <ele>130.9</ele>
      </trkpt>
      <trkpt lat="-38.25364" lon="175.09277">
        <ele>129.6</ele>
      </trkpt>
      <trkpt lat="-38.25368" lon="175.09282">
        <ele>129.1</ele>
      </trkpt>
      <trkpt lat="-38.25371" lon="175.0929">
        <ele>129.5</ele>
      </trkpt>
      <trkpt lat="-38.25373" lon="175.09303">
        <ele>131.3</ele>
      </trkpt>
      <trkpt lat="-38.25377" lon="175.09355">
        <ele>137.2</ele>
      </trkpt>
      <trkpt lat="-38.25378" lon="175.0938">
        <ele>138.5</ele>
      </trkpt>
      <trkpt lat="-38.25368" lon="175.0945">
        <ele>148.0</ele>
      </trkpt>
      <trkpt lat="-38.25368" lon="175.09471">
        <ele>149.3</ele>
      </trkpt>
      <trkpt lat="-38.25373" lon="175.09491">
        <ele>148.0</ele>
      </trkpt>
      <trkpt lat="-38.25378" lon="175.09505">
        <ele>146.5</ele>
      </trkpt>
      <trkpt lat="-38.25397" lon="175.09539">
        <ele>140.5</ele>
      </trkpt>
      <trkpt lat="-38.2541" lon="175.09552">
        <ele>135.5</ele>
      </trkpt>
      <trkpt lat="-38.25424" lon="175.09563">
        <ele>132.3</ele>
      </trkpt>
      <trkpt lat="-38.25441" lon="175.0957">
        <ele>130.2</ele>
      </trkpt>
      <trkpt lat="-38.25493" lon="175.09588">
        <ele>122.6</ele>
      </trkpt>
      <trkpt lat="-38.25546" lon="175.09607">
        <ele>118.2</ele>
      </trkpt>
      <trkpt lat="-38.25609" lon="175.09627">
        <ele>113.8</ele>
      </trkpt>
      <trkpt lat="-38.25672" lon="175.09648">
        <ele>111.2</ele>
      </trkpt>
      <trkpt lat="-38.25735" lon="175.09669">
        <ele>108.0</ele>
      </trkpt>
      <trkpt lat="-38.25778" lon="175.0968">
        <ele>105.8</ele>
      </trkpt>
      <trkpt lat="-38.25793" lon="175.09678">
        <ele>104.9</ele>
      </trkpt>
      <trkpt lat="-38.25807" lon="175.09675">
        <ele>104.2</ele>
      </trkpt>
      <trkpt lat="-38.25855" lon="175.09656">
        <ele>100.1</ele>
      </trkpt>
      <trkpt lat="-38.25868" lon="175.09648">
        <ele>98.4</ele>
      </trkpt>
      <trkpt lat="-38.25876" lon="175.09639">
        <ele>97.4</ele>
      </trkpt>
      <trkpt lat="-38.25914" lon="175.09585">
        <ele>94.1</ele>
      </trkpt>
      <trkpt lat="-38.25925" lon="175.09573">
        <ele>89.9</ele>
      </trkpt>
      <trkpt lat="-38.25932" lon="175.09568">
        <ele>87.4</ele>
      </trkpt>
      <trkpt lat="-38.2594" lon="175.09565">
        <ele>85.2</ele>
      </trkpt>
      <trkpt lat="-38.2595" lon="175.09566">
        <ele>83.3</ele>
      </trkpt>
      <trkpt lat="-38.25957" lon="175.0957">
        <ele>82.4</ele>
      </trkpt>
      <trkpt lat="-38.25964" lon="175.09581">
        <ele>82.3</ele>
      </trkpt>
      <trkpt lat="-38.25968" lon="175.09593">
        <ele>81.4</ele>
      </trkpt>
      <trkpt lat="-38.25968" lon="175.09604">
        <ele>81.0</ele>
      </trkpt>
      <trkpt lat="-38.25966" lon="175.09613">
        <ele>81.2</ele>
      </trkpt>
      <trkpt lat="-38.25948" lon="175.09645">
        <ele>84.9</ele>
      </trkpt>
      <trkpt lat="-38.25942" lon="175.0966">
        <ele>86.2</ele>
      </trkpt>
      <trkpt lat="-38.25938" lon="175.09676">
        <ele>86.2</ele>
      </trkpt>
      <trkpt lat="-38.25937" lon="175.09688">
        <ele>85.2</ele>
      </trkpt>
      <trkpt lat="-38.25938" lon="175.09702">
        <ele>83.5</ele>
      </trkpt>
      <trkpt lat="-38.25944" lon="175.09763">
        <ele>77.1</ele>
      </trkpt>
      <trkpt lat="-38.2596" lon="175.09868">
        <ele>70.6</ele>
      </trkpt>
      <trkpt lat="-38.25958" lon="175.09879">
        <ele>70.4</ele>
      </trkpt>
      <trkpt lat="-38.25958" lon="175.09892">
        <ele>69.9</ele>
      </trkpt>
      <trkpt lat="-38.25955" lon="175.09903">
        <ele>69.9</ele>
      </trkpt>
      <trkpt lat="-38.25953" lon="175.09908">
        <ele>70.0</ele>
      </trkpt>
      <trkpt lat="-38.25952" lon="175.09914">
        <ele>69.9</ele>
      </trkpt>
      <trkpt lat="-38.25952" lon="175.09921">
        <ele>69.6</ele>
      </trkpt>
      <trkpt lat="-38.25954" lon="175.09928">
        <ele>69.2</ele>
      </trkpt>
      <trkpt lat="-38.25957" lon="175.09934">
        <ele>68.6</ele>
      </trkpt>
      <trkpt lat="-38.25962" lon="175.09938">
        <ele>68.0</ele>
      </trkpt>
      <trkpt lat="-38.25967" lon="175.09946">
        <ele>67.2</ele>
      </trkpt>
      <trkpt lat="-38.25976" lon="175.09972">
        <ele>65.6</ele>
      </trkpt>
      <trkpt lat="-38.25979" lon="175.10051">
        <ele>67.2</ele>
      </trkpt>
      <trkpt lat="-38.25984" lon="175.10076">
        <ele>67.6</ele>
      </trkpt>
      <trkpt lat="-38.25993" lon="175.10094">
        <ele>67.6</ele>
      </trkpt>
      <trkpt lat="-38.26013" lon="175.10119">
        <ele>68.1</ele>
      </trkpt>
      <trkpt lat="-38.26042" lon="175.10161">
        <ele>68.1</ele>
      </trkpt>
      <trkpt lat="-38.26048" lon="175.10179">
        <ele>68.2</ele>
      </trkpt>
      <trkpt lat="-38.2605" lon="175.10192">
        <ele>68.7</ele>
      </trkpt>
      <trkpt lat="-38.26049" lon="175.10203">
        <ele>69.4</ele>
      </trkpt>
      <trkpt lat="-38.26044" lon="175.10243">
        <ele>72.3</ele>
      </trkpt>
      <trkpt lat="-38.26038" lon="175.10272">
        <ele>74.6</ele>
      </trkpt>
      <trkpt lat="-38.26035" lon="175.10289">
        <ele>75.7</ele>
      </trkpt>
      <trkpt lat="-38.26035" lon="175.10301">
        <ele>76.3</ele>
      </trkpt>
      <trkpt lat="-38.26036" lon="175.10314">
        <ele>76.9</ele>
      </trkpt>
      <trkpt lat="-38.26045" lon="175.1035">
        <ele>79.8</ele>
      </trkpt>
      <trkpt lat="-38.26062" lon="175.10398">
        <ele>84.7</ele>
      </trkpt>
      <trkpt lat="-38.26075" lon="175.10439">
        <ele>85.6</ele>
      </trkpt>
      <trkpt lat="-38.26074" lon="175.10476">
        <ele>84.6</ele>
      </trkpt>
      <trkpt lat="-38.26075" lon="175.10496">
        <ele>84.0</ele>
      </trkpt>
      <trkpt lat="-38.26078" lon="175.10504">
        <ele>83.7</ele>
      </trkpt>
      <trkpt lat="-38.26082" lon="175.10512">
        <ele>83.4</ele>
      </trkpt>
      <trkpt lat="-38.26099" lon="175.10539">
        <ele>84.9</ele>
      </trkpt>
      <trkpt lat="-38.26103" lon="175.10549">
        <ele>85.3</ele>
      </trkpt>
      <trkpt lat="-38.26104" lon="175.10559">
        <ele>85.1</ele>
      </trkpt>
      <trkpt lat="-38.26104" lon="175.10572">
        <ele>84.6</ele>
      </trkpt>
      <trkpt lat="-38.261" lon="175.10586">
        <ele>83.7</ele>
      </trkpt>
      <trkpt lat="-38.2609" lon="175.10606">
        <ele>83.7</ele>
      </trkpt>
      <trkpt lat="-38.26077" lon="175.10623">
        <ele>83.4</ele>
      </trkpt>
      <trkpt lat="-38.26033" lon="175.10667">
        <ele>76.9</ele>
      </trkpt>
      <trkpt lat="-38.26025" lon="175.10679">
        <ele>74.2</ele>
      </trkpt>
      <trkpt lat="-38.26022" lon="175.10691">
        <ele>72.7</ele>
      </trkpt>
      <trkpt lat="-38.2602" lon="175.10702">
        <ele>71.5</ele>
      </trkpt>
      <trkpt lat="-38.26023" lon="175.10713">
        <ele>71.4</ele>
      </trkpt>
      <trkpt lat="-38.26035" lon="175.10729">
        <ele>73.0</ele>
      </trkpt>
      <trkpt lat="-38.26051" lon="175.10747">
        <ele>75.2</ele>
      </trkpt>
      <trkpt lat="-38.26061" lon="175.10758">
        <ele>76.3</ele>
      </trkpt>
      <trkpt lat="-38.26071" lon="175.10783">
        <ele>75.1</ele>
      </trkpt>
      <trkpt lat="-38.26074" lon="175.10795">
        <ele>74.0</ele>
      </trkpt>
      <trkpt lat="-38.26075" lon="175.10807">
        <ele>72.6</ele>
      </trkpt>
      <trkpt lat="-38.26075" lon="175.10822">
        <ele>70.6</ele>
      </trkpt>
      <trkpt lat="-38.26071" lon="175.10849">
        <ele>69.1</ele>
      </trkpt>
      <trkpt lat="-38.26058" lon="175.1093">
        <ele>70.3</ele>
      </trkpt>
      <trkpt lat="-38.26045" lon="175.11011">
        <ele>72.8</ele>
      </trkpt>
      <trkpt lat="-38.26044" lon="175.11031">
        <ele>72.6</ele>
      </trkpt>
      <trkpt lat="-38.26046" lon="175.11047">
        <ele>72.7</ele>
      </trkpt>
      <trkpt lat="-38.26053" lon="175.11078">
        <ele>72.5</ele>
      </trkpt>
      <trkpt lat="-38.26063" lon="175.11118">
        <ele>69.4</ele>
      </trkpt>
      <trkpt lat="-38.26069" lon="175.11139">
        <ele>67.4</ele>
      </trkpt>
      <trkpt lat="-38.26063" lon="175.1114">
        <ele>67.6</ele>
      </trkpt>
      <trkpt lat="-38.26057" lon="175.11144">
        <ele>67.6</ele>
      </trkpt>
      <trkpt lat="-38.2605" lon="175.11149">
        <ele>67.7</ele>
      </trkpt>
      <trkpt lat="-38.26043" lon="175.11155">
        <ele>67.7</ele>
      </trkpt>
      <trkpt lat="-38.25991" lon="175.1122">
        <ele>66.2</ele>
      </trkpt>
      <trkpt lat="-38.25965" lon="175.11239">
        <ele>68.7</ele>
      </trkpt>
      <trkpt lat="-38.25933" lon="175.11255">
        <ele>72.4</ele>
      </trkpt>
      <trkpt lat="-38.25903" lon="175.11283">
        <ele>71.4</ele>
      </trkpt>
      <trkpt lat="-38.25885" lon="175.1131">
        <ele>68.3</ele>
      </trkpt>
      <trkpt lat="-38.25866" lon="175.11331">
        <ele>66.2</ele>
      </trkpt>
      <trkpt lat="-38.2585" lon="175.11342">
        <ele>66.4</ele>
      </trkpt>
      <trkpt lat="-38.25833" lon="175.1135">
        <ele>67.0</ele>
      </trkpt>
      <trkpt lat="-38.25784" lon="175.11367">
        <ele>70.4</ele>
      </trkpt>
      <trkpt lat="-38.2576" lon="175.1138">
        <ele>70.6</ele>
      </trkpt>
      <trkpt lat="-38.25745" lon="175.1139">
        <ele>69.7</ele>
      </trkpt>
      <trkpt lat="-38.25715" lon="175.11418">
        <ele>65.8</ele>
      </trkpt>
      <trkpt lat="-38.25701" lon="175.11434">
        <ele>64.8</ele>
      </trkpt>
      <trkpt lat="-38.25686" lon="175.11449">
        <ele>63.8</ele>
      </trkpt>
      <trkpt lat="-38.25673" lon="175.11459">
        <ele>63.1</ele>
      </trkpt>
      <trkpt lat="-38.25639" lon="175.11476">
        <ele>63.0</ele>
      </trkpt>
      <trkpt lat="-38.25624" lon="175.11487">
        <ele>62.5</ele>
      </trkpt>
      <trkpt lat="-38.25608" lon="175.115">
        <ele>61.9</ele>
      </trkpt>
      <trkpt lat="-38.25593" lon="175.11511">
        <ele>62.1</ele>
      </trkpt>
      <trkpt lat="-38.25557" lon="175.11526">
        <ele>61.9</ele>
      </trkpt>
      <trkpt lat="-38.2554" lon="175.11537">
        <ele>61.4</ele>
      </trkpt>
      <trkpt lat="-38.25526" lon="175.1155">
        <ele>60.9</ele>
      </trkpt>
      <trkpt lat="-38.255" lon="175.11581">
        <ele>60.1</ele>
      </trkpt>
      <trkpt lat="-38.25485" lon="175.11595">
        <ele>59.2</ele>
      </trkpt>
      <trkpt lat="-38.25469" lon="175.11605">
        <ele>58.5</ele>
      </trkpt>
      <trkpt lat="-38.25453" lon="175.11612">
        <ele>58.1</ele>
      </trkpt>
      <trkpt lat="-38.25393" lon="175.11634">
        <ele>57.3</ele>
      </trkpt>
      <trkpt lat="-38.25366" lon="175.11646">
        <ele>57.2</ele>
      </trkpt>
      <trkpt lat="-38.25329" lon="175.11661">
        <ele>56.8</ele>
      </trkpt>
      <trkpt lat="-38.25314" lon="175.11666">
        <ele>56.6</ele>
      </trkpt>
      <trkpt lat="-38.25278" lon="175.11677">
        <ele>56.3</ele>
      </trkpt>
      <trkpt lat="-38.25255" lon="175.11685">
        <ele>56.1</ele>
      </trkpt>
      <trkpt lat="-38.2517" lon="175.11714">
        <ele>54.6</ele>
      </trkpt>
      <trkpt lat="-38.25084" lon="175.11742">
        <ele>54.0</ele>
      </trkpt>
      <trkpt lat="-38.24999" lon="175.11771">
        <ele>61.3</ele>
      </trkpt>
      <trkpt lat="-38.24924" lon="175.118">
        <ele>63.4</ele>
      </trkpt>
      <trkpt lat="-38.24888" lon="175.11805">
        <ele>60.9</ele>
      </trkpt>
      <trkpt lat="-38.24863" lon="175.11797">
        <ele>60.5</ele>
      </trkpt>
      <trkpt lat="-38.24817" lon="175.11795">
        <ele>58.1</ele>
      </trkpt>
      <trkpt lat="-38.24782" lon="175.11806">
        <ele>56.1</ele>
      </trkpt>
      <trkpt lat="-38.24724" lon="175.11829">
        <ele>55.2</ele>
      </trkpt>
      <trkpt lat="-38.24667" lon="175.11852">
        <ele>57.9</ele>
      </trkpt>
      <trkpt lat="-38.24608" lon="175.1188">
        <ele>60.3</ele>
      </trkpt>
      <trkpt lat="-38.24555" lon="175.11913">
        <ele>57.4</ele>
      </trkpt>
      <trkpt lat="-38.24502" lon="175.11947">
        <ele>58.5</ele>
      </trkpt>
      <trkpt lat="-38.24475" lon="175.1195">
        <ele>58.2</ele>
      </trkpt>
      <trkpt lat="-38.2445" lon="175.11944">
        <ele>58.3</ele>
      </trkpt>
      <trkpt lat="-38.24422" lon="175.11938">
        <ele>58.5</ele>
      </trkpt>
      <trkpt lat="-38.24404" lon="175.1194">
        <ele>59.0</ele>
      </trkpt>
      <trkpt lat="-38.24352" lon="175.11973">
        <ele>57.5</ele>
      </trkpt>
      <trkpt lat="-38.24326" lon="175.11983">
        <ele>56.6</ele>
      </trkpt>
      <trkpt lat="-38.24258" lon="175.11982">
        <ele>58.3</ele>
      </trkpt>
      <trkpt lat="-38.2419" lon="175.11981">
        <ele>57.8</ele>
      </trkpt>
      <trkpt lat="-38.24134" lon="175.11966">
        <ele>58.9</ele>
      </trkpt>
      <trkpt lat="-38.24078" lon="175.11951">
        <ele>59.0</ele>
      </trkpt>
      <trkpt lat="-38.24011" lon="175.11939">
        <ele>60.1</ele>
      </trkpt>
      <trkpt lat="-38.23928" lon="175.11944">
        <ele>57.9</ele>
      </trkpt>
      <trkpt lat="-38.23841" lon="175.11967">
        <ele>52.3</ele>
      </trkpt>
      <trkpt lat="-38.23753" lon="175.11989">
        <ele>52.7</ele>
      </trkpt>
      <trkpt lat="-38.23722" lon="175.11987">
        <ele>51.7</ele>
      </trkpt>
      <trkpt lat="-38.23695" lon="175.11977">
        <ele>50.6</ele>
      </trkpt>
      <trkpt lat="-38.23631" lon="175.11931">
        <ele>49.7</ele>
      </trkpt>
      <trkpt lat="-38.23588" lon="175.11897">
        <ele>49.7</ele>
      </trkpt>
      <trkpt lat="-38.23548" lon="175.11879">
        <ele>50.9</ele>
      </trkpt>
      <trkpt lat="-38.23495" lon="175.11865">
        <ele>54.7</ele>
      </trkpt>
      <trkpt lat="-38.23465" lon="175.11868">
        <ele>59.9</ele>
      </trkpt>
      <trkpt lat="-38.23434" lon="175.11878">
        <ele>63.4</ele>
      </trkpt>
      <trkpt lat="-38.23399" lon="175.11895">
        <ele>65.3</ele>
      </trkpt>
      <trkpt lat="-38.23357" lon="175.11922">
        <ele>67.2</ele>
      </trkpt>
      <trkpt lat="-38.23319" lon="175.11962">
        <ele>66.1</ele>
      </trkpt>
      <trkpt lat="-38.23281" lon="175.12003">
        <ele>66.1</ele>
      </trkpt>
      <trkpt lat="-38.23217" lon="175.12056">
        <ele>67.9</ele>
      </trkpt>
      <trkpt lat="-38.23194" lon="175.12069">
        <ele>69.1</ele>
      </trkpt>
      <trkpt lat="-38.23149" lon="175.12094">
        <ele>71.3</ele>
      </trkpt>
      <trkpt lat="-38.23135" lon="175.12105">
        <ele>71.7</ele>
      </trkpt>
      <trkpt lat="-38.23122" lon="175.12117">
        <ele>71.4</ele>
      </trkpt>
      <trkpt lat="-38.23114" lon="175.12129">
        <ele>70.2</ele>
      </trkpt>
      <trkpt lat="-38.23108" lon="175.12153">
        <ele>65.8</ele>
      </trkpt>
      <trkpt lat="-38.23098" lon="175.1219">
        <ele>61.4</ele>
      </trkpt>
      <trkpt lat="-38.23092" lon="175.12208">
        <ele>59.8</ele>
      </trkpt>
      <trkpt lat="-38.23085" lon="175.12223">
        <ele>58.5</ele>
      </trkpt>
      <trkpt lat="-38.23073" lon="175.12236">
        <ele>57.3</ele>
      </trkpt>
      <trkpt lat="-38.23059" lon="175.12249">
        <ele>55.8</ele>
      </trkpt>
      <trkpt lat="-38.23027" lon="175.12265">
        <ele>55.3</ele>
      </trkpt>
      <trkpt lat="-38.23009" lon="175.12271">
        <ele>55.1</ele>
      </trkpt>
      <trkpt lat="-38.22986" lon="175.12275">
        <ele>55.0</ele>
      </trkpt>
      <trkpt lat="-38.22924" lon="175.12268">
        <ele>55.7</ele>
      </trkpt>
      <trkpt lat="-38.22874" lon="175.12256">
        <ele>55.1</ele>
      </trkpt>
      <trkpt lat="-38.22823" lon="175.12245">
        <ele>53.8</ele>
      </trkpt>
      <trkpt lat="-38.2276" lon="175.12237">
        <ele>49.9</ele>
      </trkpt>
      <trkpt lat="-38.22705" lon="175.12223">
        <ele>49.3</ele>
      </trkpt>
      <trkpt lat="-38.22664" lon="175.12204">
        <ele>48.9</ele>
      </trkpt>
      <trkpt lat="-38.22644" lon="175.12192">
        <ele>48.7</ele>
      </trkpt>
      <trkpt lat="-38.22618" lon="175.12172">
        <ele>48.6</ele>
      </trkpt>
      <trkpt lat="-38.22604" lon="175.12165">
        <ele>48.9</ele>
      </trkpt>
      <trkpt lat="-38.22591" lon="175.12162">
        <ele>49.2</ele>
      </trkpt>
      <trkpt lat="-38.22574" lon="175.12165">
        <ele>49.8</ele>
      </trkpt>
      <trkpt lat="-38.22555" lon="175.12175">
        <ele>50.9</ele>
      </trkpt>
      <trkpt lat="-38.2254" lon="175.12191">
        <ele>51.7</ele>
      </trkpt>
      <trkpt lat="-38.22532" lon="175.12201">
        <ele>51.9</ele>
      </trkpt>
      <trkpt lat="-38.22524" lon="175.12215">
        <ele>52.0</ele>
      </trkpt>
      <trkpt lat="-38.22513" lon="175.12245">
        <ele>51.7</ele>
      </trkpt>
      <trkpt lat="-38.22507" lon="175.12258">
        <ele>51.6</ele>
      </trkpt>
      <trkpt lat="-38.225" lon="175.12265">
        <ele>51.6</ele>
      </trkpt>
      <trkpt lat="-38.22484" lon="175.12276">
        <ele>51.9</ele>
      </trkpt>
      <trkpt lat="-38.22474" lon="175.12291">
        <ele>51.7</ele>
      </trkpt>
      <trkpt lat="-38.22469" lon="175.12304">
        <ele>51.2</ele>
      </trkpt>
      <trkpt lat="-38.22434" lon="175.12377">
        <ele>50.4</ele>
      </trkpt>
      <trkpt lat="-38.22399" lon="175.1245">
        <ele>54.1</ele>
      </trkpt>
      <trkpt lat="-38.22386" lon="175.1247">
        <ele>54.7</ele>
      </trkpt>
      <trkpt lat="-38.22374" lon="175.12488">
        <ele>54.1</ele>
      </trkpt>
      <trkpt lat="-38.22354" lon="175.12509">
        <ele>51.9</ele>
      </trkpt>
      <trkpt lat="-38.22341" lon="175.12518">
        <ele>50.7</ele>
      </trkpt>
      <trkpt lat="-38.22287" lon="175.1255">
        <ele>49.6</ele>
      </trkpt>
      <trkpt lat="-38.22257" lon="175.12576">
        <ele>49.8</ele>
      </trkpt>
      <trkpt lat="-38.22226" lon="175.12604">
        <ele>53.5</ele>
      </trkpt>
      <trkpt lat="-38.22212" lon="175.12621">
        <ele>55.3</ele>
      </trkpt>
      <trkpt lat="-38.22207" lon="175.12632">
        <ele>55.9</ele>
      </trkpt>
      <trkpt lat="-38.22195" lon="175.1269">
        <ele>56.0</ele>
      </trkpt>
      <trkpt lat="-38.2219" lon="175.12699">
        <ele>55.9</ele>
      </trkpt>
      <trkpt lat="-38.22183" lon="175.12708">
        <ele>55.8</ele>
      </trkpt>
      <trkpt lat="-38.22174" lon="175.12711">
        <ele>56.3</ele>
      </trkpt>
      <trkpt lat="-38.2215" lon="175.12714">
        <ele>61.5</ele>
      </trkpt>
      <trkpt lat="-38.22143" lon="175.12718">
        <ele>63.4</ele>
      </trkpt>
      <trkpt lat="-38.22137" lon="175.12728">
        <ele>64.6</ele>
      </trkpt>
      <trkpt lat="-38.22133" lon="175.12743">
        <ele>64.9</ele>
      </trkpt>
      <trkpt lat="-38.22127" lon="175.12783">
        <ele>63.5</ele>
      </trkpt>
      <trkpt lat="-38.22115" lon="175.12828">
        <ele>62.3</ele>
      </trkpt>
      <trkpt lat="-38.22108" lon="175.12845">
        <ele>62.4</ele>
      </trkpt>
      <trkpt lat="-38.22097" lon="175.12861">
        <ele>63.1</ele>
      </trkpt>
      <trkpt lat="-38.22086" lon="175.12873">
        <ele>63.8</ele>
      </trkpt>
      <trkpt lat="-38.22072" lon="175.12877">
        <ele>65.3</ele>
      </trkpt>
      <trkpt lat="-38.22058" lon="175.12876">
        <ele>67.4</ele>
      </trkpt>
      <trkpt lat="-38.22043" lon="175.1287">
        <ele>70.2</ele>
      </trkpt>
      <trkpt lat="-38.22035" lon="175.12869">
        <ele>71.4</ele>
      </trkpt>
      <trkpt lat="-38.21981" lon="175.1289">
        <ele>74.7</ele>
      </trkpt>
      <trkpt lat="-38.21961" lon="175.12896">
        <ele>75.7</ele>
      </trkpt>
      <trkpt lat="-38.21946" lon="175.12907">
        <ele>76.6</ele>
      </trkpt>
      <trkpt lat="-38.21928" lon="175.12929">
        <ele>77.6</ele>
      </trkpt>
      <trkpt lat="-38.21903" lon="175.12972">
        <ele>75.3</ele>
      </trkpt>
      <trkpt lat="-38.21887" lon="175.13002">
        <ele>74.1</ele>
      </trkpt>
      <trkpt lat="-38.21846" lon="175.1307">
        <ele>79.1</ele>
      </trkpt>
      <trkpt lat="-38.21805" lon="175.13138">
        <ele>78.7</ele>
      </trkpt>
      <trkpt lat="-38.21753" lon="175.13229">
        <ele>76.8</ele>
      </trkpt>
      <trkpt lat="-38.217" lon="175.1332">
        <ele>75.0</ele>
      </trkpt>
      <trkpt lat="-38.21648" lon="175.13411">
        <ele>71.9</ele>
      </trkpt>
      <trkpt lat="-38.2161" lon="175.13494">
        <ele>67.1</ele>
      </trkpt>
      <trkpt lat="-38.21572" lon="175.13576">
        <ele>65.8</ele>
      </trkpt>
      <trkpt lat="-38.21549" lon="175.1365">
        <ele>66.6</ele>
      </trkpt>
      <trkpt lat="-38.2154" lon="175.13674">
        <ele>66.1</ele>
      </trkpt>
      <trkpt lat="-38.215" lon="175.13755">
        <ele>60.4</ele>
      </trkpt>
      <trkpt lat="-38.21481" lon="175.13786">
        <ele>62.0</ele>
      </trkpt>
      <trkpt lat="-38.21449" lon="175.13823">
        <ele>60.8</ele>
      </trkpt>
      <trkpt lat="-38.21426" lon="175.13843">
        <ele>59.3</ele>
      </trkpt>
      <trkpt lat="-38.21378" lon="175.13873">
        <ele>60.1</ele>
      </trkpt>
      <trkpt lat="-38.21342" lon="175.13901">
        <ele>57.5</ele>
      </trkpt>
      <trkpt lat="-38.21328" lon="175.13912">
        <ele>56.5</ele>
      </trkpt>
      <trkpt lat="-38.21315" lon="175.13928">
        <ele>57.6</ele>
      </trkpt>
      <trkpt lat="-38.21304" lon="175.13947">
        <ele>58.8</ele>
      </trkpt>
      <trkpt lat="-38.21295" lon="175.13975">
        <ele>59.6</ele>
      </trkpt>
      <trkpt lat="-38.2129" lon="175.14002">
        <ele>60.0</ele>
      </trkpt>
      <trkpt lat="-38.21284" lon="175.1402">
        <ele>60.5</ele>
      </trkpt>
      <trkpt lat="-38.21261" lon="175.14072">
        <ele>60.1</ele>
      </trkpt>
      <trkpt lat="-38.21252" lon="175.14097">
        <ele>59.2</ele>
      </trkpt>
      <trkpt lat="-38.21233" lon="175.14164">
        <ele>59.5</ele>
      </trkpt>
      <trkpt lat="-38.21226" lon="175.14182">
        <ele>61.5</ele>
      </trkpt>
      <trkpt lat="-38.21219" lon="175.14196">
        <ele>62.9</ele>
      </trkpt>
      <trkpt lat="-38.2121" lon="175.14207">
        <ele>63.5</ele>
      </trkpt>
      <trkpt lat="-38.21165" lon="175.14252">
        <ele>60.1</ele>
      </trkpt>
      <trkpt lat="-38.2114" lon="175.14281">
        <ele>61.1</ele>
      </trkpt>
      <trkpt lat="-38.2112" lon="175.14309">
        <ele>60.8</ele>
      </trkpt>
      <trkpt lat="-38.21098" lon="175.14344">
        <ele>59.1</ele>
      </trkpt>
      <trkpt lat="-38.21092" lon="175.14358">
        <ele>58.6</ele>
      </trkpt>
      <trkpt lat="-38.21087" lon="175.14381">
        <ele>58.5</ele>
      </trkpt>
      <trkpt lat="-38.21088" lon="175.14399">
        <ele>58.9</ele>
      </trkpt>
      <trkpt lat="-38.21095" lon="175.14436">
        <ele>59.1</ele>
      </trkpt>
      <trkpt lat="-38.21097" lon="175.14458">
        <ele>58.7</ele>
      </trkpt>
      <trkpt lat="-38.21097" lon="175.14488">
        <ele>57.9</ele>
      </trkpt>
      <trkpt lat="-38.21089" lon="175.1455">
        <ele>58.8</ele>
      </trkpt>
      <trkpt lat="-38.21081" lon="175.14612">
        <ele>60.9</ele>
      </trkpt>
      <trkpt lat="-38.21075" lon="175.14648">
        <ele>62.6</ele>
      </trkpt>
      <trkpt lat="-38.21063" lon="175.14683">
        <ele>62.3</ele>
      </trkpt>
      <trkpt lat="-38.21051" lon="175.14724">
        <ele>61.1</ele>
      </trkpt>
      <trkpt lat="-38.21041" lon="175.14768">
        <ele>59.2</ele>
      </trkpt>
      <trkpt lat="-38.21037" lon="175.14806">
        <ele>58.3</ele>
      </trkpt>
      <trkpt lat="-38.21032" lon="175.14869">
        <ele>57.4</ele>
      </trkpt>
      <trkpt lat="-38.21033" lon="175.14898">
        <ele>57.5</ele>
      </trkpt>
      <trkpt lat="-38.21037" lon="175.14945">
        <ele>57.4</ele>
      </trkpt>
      <trkpt lat="-38.21037" lon="175.14962">
        <ele>56.9</ele>
      </trkpt>
      <trkpt lat="-38.21034" lon="175.14977">
        <ele>56.1</ele>
      </trkpt>
      <trkpt lat="-38.20997" lon="175.15038">
        <ele>53.8</ele>
      </trkpt>
      <trkpt lat="-38.20991" lon="175.15054">
        <ele>54.9</ele>
      </trkpt>
      <trkpt lat="-38.20972" lon="175.15123">
        <ele>56.3</ele>
      </trkpt>
      <trkpt lat="-38.20952" lon="175.15191">
        <ele>55.8</ele>
      </trkpt>
      <trkpt lat="-38.20945" lon="175.15208">
        <ele>55.4</ele>
      </trkpt>
      <trkpt lat="-38.20938" lon="175.15221">
        <ele>54.9</ele>
      </trkpt>
      <trkpt lat="-38.20908" lon="175.15261">
        <ele>52.8</ele>
      </trkpt>
      <trkpt lat="-38.20902" lon="175.15274">
        <ele>52.2</ele>
      </trkpt>
      <trkpt lat="-38.20893" lon="175.15319">
        <ele>49.3</ele>
      </trkpt>
      <trkpt lat="-38.20884" lon="175.15342">
        <ele>49.0</ele>
      </trkpt>
      <trkpt lat="-38.20877" lon="175.15355">
        <ele>50.0</ele>
      </trkpt>
      <trkpt lat="-38.2087" lon="175.15364">
        <ele>50.7</ele>
      </trkpt>
      <trkpt lat="-38.20853" lon="175.15381">
        <ele>51.9</ele>
      </trkpt>
      <trkpt lat="-38.2084" lon="175.15397">
        <ele>52.9</ele>
      </trkpt>
      <trkpt lat="-38.20826" lon="175.15422">
        <ele>54.3</ele>
      </trkpt>
      <trkpt lat="-38.2082" lon="175.15442">
        <ele>55.4</ele>
      </trkpt>
      <trkpt lat="-38.20809" lon="175.15517">
        <ele>57.4</ele>
      </trkpt>
      <trkpt lat="-38.20805" lon="175.15531">
        <ele>56.9</ele>
      </trkpt>
      <trkpt lat="-38.20798" lon="175.15546">
        <ele>56.4</ele>
      </trkpt>
      <trkpt lat="-38.20786" lon="175.1556">
        <ele>55.7</ele>
      </trkpt>
      <trkpt lat="-38.20748" lon="175.15585">
        <ele>55.1</ele>
      </trkpt>
      <trkpt lat="-38.20737" lon="175.15593">
        <ele>55.5</ele>
      </trkpt>
      <trkpt lat="-38.20725" lon="175.15605">
        <ele>55.8</ele>
      </trkpt>
      <trkpt lat="-38.20715" lon="175.1562">
        <ele>56.1</ele>
      </trkpt>
      <trkpt lat="-38.20709" lon="175.15637">
        <ele>56.5</ele>
      </trkpt>
      <trkpt lat="-38.20704" lon="175.15661">
        <ele>57.0</ele>
      </trkpt>
      <trkpt lat="-38.20692" lon="175.15707">
        <ele>57.3</ele>
      </trkpt>
      <trkpt lat="-38.20678" lon="175.15743">
        <ele>56.1</ele>
      </trkpt>
      <trkpt lat="-38.20661" lon="175.15781">
        <ele>55.4</ele>
      </trkpt>
      <trkpt lat="-38.20625" lon="175.15839">
        <ele>53.5</ele>
      </trkpt>
      <trkpt lat="-38.20592" lon="175.15884">
        <ele>50.6</ele>
      </trkpt>
      <trkpt lat="-38.20584" lon="175.15899">
        <ele>49.5</ele>
      </trkpt>
      <trkpt lat="-38.2058" lon="175.15914">
        <ele>49.7</ele>
      </trkpt>
      <trkpt lat="-38.20575" lon="175.15936">
        <ele>49.9</ele>
      </trkpt>
      <trkpt lat="-38.20568" lon="175.15995">
        <ele>50.9</ele>
      </trkpt>
      <trkpt lat="-38.20564" lon="175.1601">
        <ele>51.5</ele>
      </trkpt>
      <trkpt lat="-38.20548" lon="175.16046">
        <ele>52.1</ele>
      </trkpt>
      <trkpt lat="-38.20529" lon="175.16077">
        <ele>51.0</ele>
      </trkpt>
      <trkpt lat="-38.20521" lon="175.16092">
        <ele>50.6</ele>
      </trkpt>
      <trkpt lat="-38.20514" lon="175.16112">
        <ele>50.9</ele>
      </trkpt>
      <trkpt lat="-38.20504" lon="175.16148">
        <ele>52.1</ele>
      </trkpt>
      <trkpt lat="-38.20493" lon="175.1621">
        <ele>50.7</ele>
      </trkpt>
      <trkpt lat="-38.20482" lon="175.16273">
        <ele>47.7</ele>
      </trkpt>
      <trkpt lat="-38.20476" lon="175.16299">
        <ele>46.8</ele>
      </trkpt>
      <trkpt lat="-38.20457" lon="175.16339">
        <ele>45.7</ele>
      </trkpt>
      <trkpt lat="-38.20422" lon="175.1639">
        <ele>46.8</ele>
      </trkpt>
      <trkpt lat="-38.20412" lon="175.16413">
        <ele>47.6</ele>
      </trkpt>
      <trkpt lat="-38.20408" lon="175.16432">
        <ele>47.1</ele>
      </trkpt>
      <trkpt lat="-38.20404" lon="175.16488">
        <ele>45.5</ele>
      </trkpt>
      <trkpt lat="-38.20399" lon="175.16519">
        <ele>44.8</ele>
      </trkpt>
      <trkpt lat="-38.20392" lon="175.16545">
        <ele>44.3</ele>
      </trkpt>
      <trkpt lat="-38.20382" lon="175.16565">
        <ele>43.8</ele>
      </trkpt>
      <trkpt lat="-38.20367" lon="175.16586">
        <ele>43.2</ele>
      </trkpt>
      <trkpt lat="-38.20308" lon="175.16642">
        <ele>41.0</ele>
      </trkpt>
      <trkpt lat="-38.20249" lon="175.16699">
        <ele>40.4</ele>
      </trkpt>
      <trkpt lat="-38.2019" lon="175.16756">
        <ele>41.7</ele>
      </trkpt>
      <trkpt lat="-38.20177" lon="175.16772">
        <ele>41.7</ele>
      </trkpt>
      <trkpt lat="-38.20164" lon="175.16792">
        <ele>41.5</ele>
      </trkpt>
      <trkpt lat="-38.20154" lon="175.16814">
        <ele>41.2</ele>
      </trkpt>
      <trkpt lat="-38.20133" lon="175.16872">
        <ele>42.5</ele>
      </trkpt>
      <trkpt lat="-38.20125" lon="175.16894">
        <ele>43.0</ele>
      </trkpt>
      <trkpt lat="-38.20101" lon="175.16956">
        <ele>44.5</ele>
      </trkpt>
      <trkpt lat="-38.20078" lon="175.17019">
        <ele>45.6</ele>
      </trkpt>
      <trkpt lat="-38.20051" lon="175.17073">
        <ele>45.6</ele>
      </trkpt>
      <trkpt lat="-38.20024" lon="175.17127">
        <ele>47.3</ele>
      </trkpt>
      <trkpt lat="-38.20009" lon="175.17157">
        <ele>47.1</ele>
      </trkpt>
      <trkpt lat="-38.19992" lon="175.17181">
        <ele>47.2</ele>
      </trkpt>
      <trkpt lat="-38.19944" lon="175.17242">
        <ele>48.1</ele>
      </trkpt>
      <trkpt lat="-38.19906" lon="175.173">
        <ele>43.4</ele>
      </trkpt>
      <trkpt lat="-38.19885" lon="175.17318">
        <ele>42.5</ele>
      </trkpt>
      <trkpt lat="-38.19822" lon="175.17361">
        <ele>41.6</ele>
      </trkpt>
      <trkpt lat="-38.19758" lon="175.17404">
        <ele>41.9</ele>
      </trkpt>
      <trkpt lat="-38.19695" lon="175.17446">
        <ele>44.9</ele>
      </trkpt>
      <trkpt lat="-38.19631" lon="175.17489">
        <ele>46.5</ele>
      </trkpt>
      <trkpt lat="-38.19616" lon="175.17504">
        <ele>45.8</ele>
      </trkpt>
      <trkpt lat="-38.19604" lon="175.17516">
        <ele>45.7</ele>
      </trkpt>
      <trkpt lat="-38.19586" lon="175.17543">
        <ele>47.3</ele>
      </trkpt>
      <trkpt lat="-38.1956" lon="175.17588">
        <ele>48.4</ele>
      </trkpt>
      <trkpt lat="-38.19547" lon="175.17613">
        <ele>46.6</ele>
      </trkpt>
      <trkpt lat="-38.19533" lon="175.17643">
        <ele>45.0</ele>
      </trkpt>
      <trkpt lat="-38.1952" lon="175.17677">
        <ele>43.4</ele>
      </trkpt>
      <trkpt lat="-38.19497" lon="175.17726">
        <ele>40.3</ele>
      </trkpt>
      <trkpt lat="-38.19482" lon="175.17753">
        <ele>40.0</ele>
      </trkpt>
      <trkpt lat="-38.19454" lon="175.17792">
        <ele>40.1</ele>
      </trkpt>
      <trkpt lat="-38.19399" lon="175.17861">
        <ele>40.9</ele>
      </trkpt>
      <trkpt lat="-38.1938" lon="175.17882">
        <ele>41.4</ele>
      </trkpt>
      <trkpt lat="-38.19363" lon="175.17896">
        <ele>42.1</ele>
      </trkpt>
      <trkpt lat="-38.19307" lon="175.17935">
        <ele>43.6</ele>
      </trkpt>
      <trkpt lat="-38.19251" lon="175.17974">
        <ele>42.6</ele>
      </trkpt>
      <trkpt lat="-38.19194" lon="175.18013">
        <ele>42.1</ele>
      </trkpt>
      <trkpt lat="-38.1915" lon="175.18038">
        <ele>44.6</ele>
      </trkpt>
      <trkpt lat="-38.19106" lon="175.18063">
        <ele>45.6</ele>
      </trkpt>
      <trkpt lat="-38.19087" lon="175.18079">
        <ele>45.9</ele>
      </trkpt>
      <trkpt lat="-38.19076" lon="175.1809">
        <ele>45.7</ele>
      </trkpt>
      <trkpt lat="-38.19061" lon="175.1811">
        <ele>45.2</ele>
      </trkpt>
      <trkpt lat="-38.19012" lon="175.18183">
        <ele>45.8</ele>
      </trkpt>
      <trkpt lat="-38.18957" lon="175.18245">
        <ele>44.0</ele>
      </trkpt>
      <trkpt lat="-38.18944" lon="175.18258">
        <ele>43.8</ele>
      </trkpt>
      <trkpt lat="-38.18931" lon="175.18268">
        <ele>43.5</ele>
      </trkpt>
      <trkpt lat="-38.18919" lon="175.18275">
        <ele>43.1</ele>
      </trkpt>
      <trkpt lat="-38.18865" lon="175.18303">
        <ele>43.9</ele>
      </trkpt>
      <trkpt lat="-38.18847" lon="175.18317">
        <ele>44.4</ele>
      </trkpt>
      <trkpt lat="-38.18833" lon="175.1833">
        <ele>44.9</ele>
      </trkpt>
      <trkpt lat="-38.18823" lon="175.18345">
        <ele>45.1</ele>
      </trkpt>
      <trkpt lat="-38.18797" lon="175.18386">
        <ele>45.4</ele>
      </trkpt>
      <trkpt lat="-38.18786" lon="175.18399">
        <ele>45.1</ele>
      </trkpt>
      <trkpt lat="-38.18774" lon="175.18409">
        <ele>44.6</ele>
      </trkpt>
      <trkpt lat="-38.18747" lon="175.18414">
        <ele>43.1</ele>
      </trkpt>
      <trkpt lat="-38.18714" lon="175.18412">
        <ele>44.2</ele>
      </trkpt>
      <trkpt lat="-38.18693" lon="175.18416">
        <ele>45.0</ele>
      </trkpt>
      <trkpt lat="-38.18668" lon="175.1843">
        <ele>46.5</ele>
      </trkpt>
      <trkpt lat="-38.18652" lon="175.18441">
        <ele>45.8</ele>
      </trkpt>
      <trkpt lat="-38.18636" lon="175.18456">
        <ele>45.1</ele>
      </trkpt>
      <trkpt lat="-38.18624" lon="175.18473">
        <ele>44.4</ele>
      </trkpt>
      <trkpt lat="-38.18612" lon="175.18493">
        <ele>43.7</ele>
      </trkpt>
      <trkpt lat="-38.18602" lon="175.18518">
        <ele>42.7</ele>
      </trkpt>
      <trkpt lat="-38.18577" lon="175.18622">
        <ele>42.3</ele>
      </trkpt>
      <trkpt lat="-38.18552" lon="175.18726">
        <ele>42.6</ele>
      </trkpt>
      <trkpt lat="-38.18527" lon="175.1883">
        <ele>42.3</ele>
      </trkpt>
      <trkpt lat="-38.18501" lon="175.18935">
        <ele>39.8</ele>
      </trkpt>
      <trkpt lat="-38.18476" lon="175.19039">
        <ele>39.2</ele>
      </trkpt>
      <trkpt lat="-38.18451" lon="175.19143">
        <ele>39.7</ele>
      </trkpt>
      <trkpt lat="-38.18426" lon="175.19247">
        <ele>41.3</ele>
      </trkpt>
      <trkpt lat="-38.18401" lon="175.19351">
        <ele>42.3</ele>
      </trkpt>
      <trkpt lat="-38.18376" lon="175.19455">
        <ele>42.3</ele>
      </trkpt>
      <trkpt lat="-38.18372" lon="175.19463">
        <ele>42.2</ele>
      </trkpt>
      <trkpt lat="-38.18368" lon="175.19467">
        <ele>42.2</ele>
      </trkpt>
      <trkpt lat="-38.18364" lon="175.1947">
        <ele>42.1</ele>
      </trkpt>
      <trkpt lat="-38.18402" lon="175.19546">
        <ele>41.3</ele>
      </trkpt>
      <trkpt lat="-38.1844" lon="175.19622">
        <ele>41.1</ele>
      </trkpt>
      <trkpt lat="-38.18478" lon="175.19698">
        <ele>39.7</ele>
      </trkpt>
      <trkpt lat="-38.18513" lon="175.1978">
        <ele>40.1</ele>
      </trkpt>
      <trkpt lat="-38.1854" lon="175.19867">
        <ele>42.0</ele>
      </trkpt>
      <trkpt lat="-38.18567" lon="175.19954">
        <ele>41.2</ele>
      </trkpt>
      <trkpt lat="-38.18594" lon="175.2004">
        <ele>40.2</ele>
      </trkpt>
      <trkpt lat="-38.18618" lon="175.20118">
        <ele>39.4</ele>
      </trkpt>
      <trkpt lat="-38.18641" lon="175.20195">
        <ele>38.5</ele>
      </trkpt>
      <trkpt lat="-38.18649" lon="175.20222">
        <ele>38.3</ele>
      </trkpt>
      <trkpt lat="-38.18667" lon="175.20204">
        <ele>38.5</ele>
      </trkpt>
      <trkpt lat="-38.18731" lon="175.20151">
        <ele>38.0</ele>
      </trkpt>
      <trkpt lat="-38.18743" lon="175.20143">
        <ele>37.6</ele>
      </trkpt>
      <trkpt lat="-38.18755" lon="175.20137">
        <ele>37.3</ele>
      </trkpt>
      <trkpt lat="-38.18771" lon="175.20134">
        <ele>37.3</ele>
      </trkpt>
      <trkpt lat="-38.18821" lon="175.20126">
        <ele>37.4</ele>
      </trkpt>
      <trkpt lat="-38.18831" lon="175.20126">
        <ele>37.5</ele>
      </trkpt>
      <trkpt lat="-38.18849" lon="175.20127">
        <ele>37.4</ele>
      </trkpt>
      <trkpt lat="-38.18859" lon="175.20129">
        <ele>37.4</ele>
      </trkpt>
      <trkpt lat="-38.18876" lon="175.20136">
        <ele>37.5</ele>
      </trkpt>
      <trkpt lat="-38.1889" lon="175.20144">
        <ele>37.7</ele>
      </trkpt>
      <trkpt lat="-38.18901" lon="175.20151">
        <ele>37.7</ele>
      </trkpt>
      <trkpt lat="-38.18917" lon="175.20166">
        <ele>38.0</ele>
      </trkpt>
      <trkpt lat="-38.18933" lon="175.20186">
        <ele>38.4</ele>
      </trkpt>
      <trkpt lat="-38.18941" lon="175.20199">
        <ele>38.6</ele>
      </trkpt>
      <trkpt lat="-38.18949" lon="175.20214">
        <ele>38.9</ele>
      </trkpt>
      <trkpt lat="-38.18982" lon="175.20277">
        <ele>38.6</ele>
      </trkpt>
      <trkpt lat="-38.18987" lon="175.20286">
        <ele>38.4</ele>
      </trkpt>
      <trkpt lat="-38.18993" lon="175.20293">
        <ele>38.2</ele>
      </trkpt>
      <trkpt lat="-38.19005" lon="175.20306">
        <ele>38.0</ele>
      </trkpt>
      <trkpt lat="-38.19029" lon="175.20325">
        <ele>38.0</ele>
      </trkpt>
      <trkpt lat="-38.19073" lon="175.20352">
        <ele>38.4</ele>
      </trkpt>
      <trkpt lat="-38.19117" lon="175.20379">
        <ele>39.0</ele>
      </trkpt>
      <trkpt lat="-38.1913" lon="175.20388">
        <ele>39.3</ele>
      </trkpt>
      <trkpt lat="-38.19138" lon="175.20395">
        <ele>39.6</ele>
      </trkpt>
      <trkpt lat="-38.19145" lon="175.20402">
        <ele>40.0</ele>
      </trkpt>
      <trkpt lat="-38.19152" lon="175.20411">
        <ele>40.5</ele>
      </trkpt>
      <trkpt lat="-38.19158" lon="175.20421">
        <ele>40.8</ele>
      </trkpt>
      <trkpt lat="-38.19167" lon="175.20442">
        <ele>40.4</ele>
      </trkpt>
      <trkpt lat="-38.19173" lon="175.20467">
        <ele>39.5</ele>
      </trkpt>
      <trkpt lat="-38.19178" lon="175.20499">
        <ele>38.6</ele>
      </trkpt>
      <trkpt lat="-38.19181" lon="175.2054">
        <ele>38.6</ele>
      </trkpt>
      <trkpt lat="-38.19183" lon="175.20574">
        <ele>38.6</ele>
      </trkpt>
      <trkpt lat="-38.19183" lon="175.20604">
        <ele>38.7</ele>
      </trkpt>
      <trkpt lat="-38.19182" lon="175.20633">
        <ele>38.7</ele>
      </trkpt>
      <trkpt lat="-38.1918" lon="175.20661">
        <ele>38.8</ele>
      </trkpt>
      <trkpt lat="-38.19177" lon="175.20691">
        <ele>38.9</ele>
      </trkpt>
      <trkpt lat="-38.19163" lon="175.2079">
        <ele>38.5</ele>
      </trkpt>
      <trkpt lat="-38.19172" lon="175.20842">
        <ele>38.2</ele>
      </trkpt>
      <trkpt lat="-38.19171" lon="175.2086">
        <ele>38.4</ele>
      </trkpt>
      <trkpt lat="-38.19167" lon="175.20872">
        <ele>38.5</ele>
      </trkpt>
      <trkpt lat="-38.19167" lon="175.20886">
        <ele>38.6</ele>
      </trkpt>
      <trkpt lat="-38.19165" lon="175.20897">
        <ele>38.7</ele>
      </trkpt>
      <trkpt lat="-38.1916" lon="175.20909">
        <ele>38.8</ele>
      </trkpt>
      <trkpt lat="-38.19155" lon="175.20915">
        <ele>38.7</ele>
      </trkpt>
      <trkpt lat="-38.1915" lon="175.2092">
        <ele>38.5</ele>
      </trkpt>
      <trkpt lat="-38.19144" lon="175.2095">
        <ele>38.0</ele>
      </trkpt>
      <trkpt lat="-38.19143" lon="175.20961">
        <ele>37.8</ele>
      </trkpt>
      <trkpt lat="-38.19145" lon="175.20967">
        <ele>37.7</ele>
      </trkpt>
      <trkpt lat="-38.19151" lon="175.2098">
        <ele>37.5</ele>
      </trkpt>
      <trkpt lat="-38.19154" lon="175.20987">
        <ele>37.4</ele>
      </trkpt>
      <trkpt lat="-38.19154" lon="175.20993">
        <ele>37.3</ele>
      </trkpt>
      <trkpt lat="-38.19147" lon="175.21017">
        <ele>37.1</ele>
      </trkpt>
      <trkpt lat="-38.19138" lon="175.21045">
        <ele>37.2</ele>
      </trkpt>
      <trkpt lat="-38.19132" lon="175.21058">
        <ele>37.3</ele>
      </trkpt>
      <trkpt lat="-38.19122" lon="175.21071">
        <ele>37.6</ele>
      </trkpt>
      <trkpt lat="-38.19095" lon="175.211">
        <ele>38.3</ele>
      </trkpt>
      <trkpt lat="-38.19072" lon="175.21166">
        <ele>37.3</ele>
      </trkpt>
      <trkpt lat="-38.19043" lon="175.21238">
        <ele>39.7</ele>
      </trkpt>
      <trkpt lat="-38.19015" lon="175.21311">
        <ele>39.3</ele>
      </trkpt>
      <trkpt lat="-38.18972" lon="175.21385">
        <ele>38.8</ele>
      </trkpt>
      <trkpt lat="-38.18939" lon="175.21436">
        <ele>39.4</ele>
      </trkpt>
      <trkpt lat="-38.18906" lon="175.21486">
        <ele>39.2</ele>
      </trkpt>
      <trkpt lat="-38.18869" lon="175.21548">
        <ele>40.0</ele>
      </trkpt>
      <trkpt lat="-38.18859" lon="175.21568">
        <ele>40.7</ele>
      </trkpt>
      <trkpt lat="-38.1885" lon="175.21588">
        <ele>41.4</ele>
      </trkpt>
      <trkpt lat="-38.18831" lon="175.21637">
        <ele>42.0</ele>
      </trkpt>
      <trkpt lat="-38.18812" lon="175.21695">
        <ele>42.1</ele>
      </trkpt>
      <trkpt lat="-38.18805" lon="175.21724">
        <ele>42.3</ele>
      </trkpt>
      <trkpt lat="-38.18796" lon="175.21763">
        <ele>42.2</ele>
      </trkpt>
      <trkpt lat="-38.18789" lon="175.21805">
        <ele>41.2</ele>
      </trkpt>
      <trkpt lat="-38.18784" lon="175.21841">
        <ele>40.4</ele>
      </trkpt>
      <trkpt lat="-38.18781" lon="175.21875">
        <ele>39.6</ele>
      </trkpt>
      <trkpt lat="-38.18779" lon="175.21933">
        <ele>38.7</ele>
      </trkpt>
      <trkpt lat="-38.18781" lon="175.2199">
        <ele>39.0</ele>
      </trkpt>
      <trkpt lat="-38.18786" lon="175.22041">
        <ele>39.3</ele>
      </trkpt>
      <trkpt lat="-38.18786" lon="175.22056">
        <ele>39.5</ele>
      </trkpt>
      <trkpt lat="-38.18785" lon="175.22066">
        <ele>39.6</ele>
      </trkpt>
      <trkpt lat="-38.18773" lon="175.22161">
        <ele>39.8</ele>
      </trkpt>
      <trkpt lat="-38.1876" lon="175.22255">
        <ele>41.2</ele>
      </trkpt>
      <trkpt lat="-38.18748" lon="175.22349">
        <ele>42.2</ele>
      </trkpt>
      <trkpt lat="-38.18744" lon="175.22371">
        <ele>42.5</ele>
      </trkpt>
      <trkpt lat="-38.18743" lon="175.22374">
        <ele>42.5</ele>
      </trkpt>
      <trkpt lat="-38.18739" lon="175.2238">
        <ele>42.6</ele>
      </trkpt>
      <trkpt lat="-38.18687" lon="175.22325">
        <ele>41.9</ele>
      </trkpt>
      <trkpt lat="-38.18635" lon="175.2227">
        <ele>43.1</ele>
      </trkpt>
      <trkpt lat="-38.18635" lon="175.2227">
        <ele>43.1</ele>
      </trkpt>
      <trkpt lat="-38.18687" lon="175.22325">
        <ele>41.9</ele>
      </trkpt>
      <trkpt lat="-38.18739" lon="175.2238">
        <ele>42.6</ele>
      </trkpt>
      <trkpt lat="-38.18809" lon="175.22449">
        <ele>42.8</ele>
      </trkpt>
      <trkpt lat="-38.18879" lon="175.22517">
        <ele>41.7</ele>
      </trkpt>
      <trkpt lat="-38.18949" lon="175.22585">
        <ele>41.6</ele>
      </trkpt>
      <trkpt lat="-38.19019" lon="175.22654">
        <ele>41.7</ele>
      </trkpt>
      <trkpt lat="-38.19089" lon="175.22722">
        <ele>42.3</ele>
      </trkpt>
      <trkpt lat="-38.19159" lon="175.2279">
        <ele>41.7</ele>
      </trkpt>
      <trkpt lat="-38.19229" lon="175.22859">
        <ele>41.7</ele>
      </trkpt>
      <trkpt lat="-38.19241" lon="175.22874">
        <ele>41.6</ele>
      </trkpt>
      <trkpt lat="-38.19254" lon="175.22891">
        <ele>41.4</ele>
      </trkpt>
      <trkpt lat="-38.19265" lon="175.22909">
        <ele>41.7</ele>
      </trkpt>
      <trkpt lat="-38.19274" lon="175.22928">
        <ele>42.4</ele>
      </trkpt>
      <trkpt lat="-38.19282" lon="175.22947">
        <ele>43.2</ele>
      </trkpt>
      <trkpt lat="-38.19288" lon="175.22968">
        <ele>43.8</ele>
      </trkpt>
      <trkpt lat="-38.19293" lon="175.22991">
        <ele>44.4</ele>
      </trkpt>
      <trkpt lat="-38.19296" lon="175.23013">
        <ele>44.5</ele>
      </trkpt>
      <trkpt lat="-38.19298" lon="175.23035">
        <ele>44.5</ele>
      </trkpt>
      <trkpt lat="-38.19302" lon="175.23127">
        <ele>44.0</ele>
      </trkpt>
      <trkpt lat="-38.19304" lon="175.2315">
        <ele>43.8</ele>
      </trkpt>
      <trkpt lat="-38.19306" lon="175.23173">
        <ele>43.7</ele>
      </trkpt>
      <trkpt lat="-38.19309" lon="175.23195">
        <ele>43.7</ele>
      </trkpt>
      <trkpt lat="-38.19313" lon="175.23218">
        <ele>43.8</ele>
      </trkpt>
      <trkpt lat="-38.19336" lon="175.23326">
        <ele>43.1</ele>
      </trkpt>
      <trkpt lat="-38.19358" lon="175.23433">
        <ele>42.6</ele>
      </trkpt>
      <trkpt lat="-38.19381" lon="175.23541">
        <ele>43.5</ele>
      </trkpt>
      <trkpt lat="-38.19404" lon="175.23649">
        <ele>44.5</ele>
      </trkpt>
      <trkpt lat="-38.19426" lon="175.23756">
        <ele>45.8</ele>
      </trkpt>
      <trkpt lat="-38.19449" lon="175.23864">
        <ele>45.1</ele>
      </trkpt>
      <trkpt lat="-38.19472" lon="175.23972">
        <ele>44.9</ele>
      </trkpt>
      <trkpt lat="-38.19495" lon="175.24079">
        <ele>45.9</ele>
      </trkpt>
      <trkpt lat="-38.19517" lon="175.24187">
        <ele>47.9</ele>
      </trkpt>
      <trkpt lat="-38.1954" lon="175.24295">
        <ele>46.3</ele>
      </trkpt>
      <trkpt lat="-38.1956" lon="175.24385">
        <ele>45.7</ele>
      </trkpt>
      <trkpt lat="-38.1958" lon="175.24474">
        <ele>46.4</ele>
      </trkpt>
      <trkpt lat="-38.196" lon="175.24564">
        <ele>47.8</ele>
      </trkpt>
      <trkpt lat="-38.19619" lon="175.24654">
        <ele>48.9</ele>
      </trkpt>
      <trkpt lat="-38.19639" lon="175.24743">
        <ele>48.1</ele>
      </trkpt>
      <trkpt lat="-38.19663" lon="175.24847">
        <ele>47.3</ele>
      </trkpt>
      <trkpt lat="-38.19687" lon="175.2495">
        <ele>48.4</ele>
      </trkpt>
      <trkpt lat="-38.1971" lon="175.25054">
        <ele>47.6</ele>
      </trkpt>
      <trkpt lat="-38.19734" lon="175.25157">
        <ele>47.7</ele>
      </trkpt>
      <trkpt lat="-38.19747" lon="175.25223">
        <ele>47.4</ele>
      </trkpt>
      <trkpt lat="-38.19764" lon="175.25335">
        <ele>48.2</ele>
      </trkpt>
      <trkpt lat="-38.19776" lon="175.25387">
        <ele>47.7</ele>
      </trkpt>
      <trkpt lat="-38.19778" lon="175.25392">
        <ele>47.6</ele>
      </trkpt>
      <trkpt lat="-38.19801" lon="175.25474">
        <ele>46.9</ele>
      </trkpt>
      <trkpt lat="-38.19825" lon="175.25555">
        <ele>46.7</ele>
      </trkpt>
      <trkpt lat="-38.19849" lon="175.25637">
        <ele>47.2</ele>
      </trkpt>
      <trkpt lat="-38.19872" lon="175.25711">
        <ele>48.3</ele>
      </trkpt>
      <trkpt lat="-38.19895" lon="175.25785">
        <ele>49.3</ele>
      </trkpt>
      <trkpt lat="-38.19918" lon="175.25859">
        <ele>50.3</ele>
      </trkpt>
      <trkpt lat="-38.19926" lon="175.25879">
        <ele>50.4</ele>
      </trkpt>
      <trkpt lat="-38.19943" lon="175.25917">
        <ele>50.7</ele>
      </trkpt>
      <trkpt lat="-38.19952" lon="175.25934">
        <ele>51.2</ele>
      </trkpt>
      <trkpt lat="-38.20004" lon="175.26008">
        <ele>53.4</ele>
      </trkpt>
      <trkpt lat="-38.20056" lon="175.26083">
        <ele>49.0</ele>
      </trkpt>
      <trkpt lat="-38.20108" lon="175.26158">
        <ele>48.7</ele>
      </trkpt>
      <trkpt lat="-38.20119" lon="175.26176">
        <ele>49.0</ele>
      </trkpt>
      <trkpt lat="-38.20138" lon="175.26212">
        <ele>50.2</ele>
      </trkpt>
      <trkpt lat="-38.20146" lon="175.26233">
        <ele>50.8</ele>
      </trkpt>
      <trkpt lat="-38.20152" lon="175.26254">
        <ele>51.4</ele>
      </trkpt>
      <trkpt lat="-38.20158" lon="175.26275">
        <ele>51.7</ele>
      </trkpt>
      <trkpt lat="-38.20172" lon="175.26341">
        <ele>53.1</ele>
      </trkpt>
      <trkpt lat="-38.20194" lon="175.26451">
        <ele>52.0</ele>
      </trkpt>
      <trkpt lat="-38.2021" lon="175.26515">
        <ele>49.7</ele>
      </trkpt>
      <trkpt lat="-38.20219" lon="175.26548">
        <ele>50.2</ele>
      </trkpt>
      <trkpt lat="-38.2023" lon="175.26579">
        <ele>50.9</ele>
      </trkpt>
      <trkpt lat="-38.20251" lon="175.26642">
        <ele>50.3</ele>
      </trkpt>
      <trkpt lat="-38.20263" lon="175.26673">
        <ele>50.2</ele>
      </trkpt>
      <trkpt lat="-38.20276" lon="175.26703">
        <ele>50.2</ele>
      </trkpt>
      <trkpt lat="-38.20303" lon="175.26763">
        <ele>50.5</ele>
      </trkpt>
      <trkpt lat="-38.20332" lon="175.26818">
        <ele>51.8</ele>
      </trkpt>
      <trkpt lat="-38.20347" lon="175.26845">
        <ele>51.7</ele>
      </trkpt>
      <trkpt lat="-38.20391" lon="175.26917">
        <ele>51.7</ele>
      </trkpt>
      <trkpt lat="-38.20435" lon="175.26989">
        <ele>51.8</ele>
      </trkpt>
      <trkpt lat="-38.2045" lon="175.27016">
        <ele>51.7</ele>
      </trkpt>
      <trkpt lat="-38.20459" lon="175.27037">
        <ele>51.7</ele>
      </trkpt>
      <trkpt lat="-38.2047" lon="175.27067">
        <ele>51.6</ele>
      </trkpt>
      <trkpt lat="-38.20501" lon="175.27169">
        <ele>51.1</ele>
      </trkpt>
      <trkpt lat="-38.20533" lon="175.2727">
        <ele>52.9</ele>
      </trkpt>
      <trkpt lat="-38.20565" lon="175.27371">
        <ele>52.9</ele>
      </trkpt>
      <trkpt lat="-38.20597" lon="175.27473">
        <ele>55.5</ele>
      </trkpt>
      <trkpt lat="-38.20629" lon="175.27574">
        <ele>55.5</ele>
      </trkpt>
      <trkpt lat="-38.2066" lon="175.27676">
        <ele>57.4</ele>
      </trkpt>
      <trkpt lat="-38.20692" lon="175.27777">
        <ele>55.8</ele>
      </trkpt>
      <trkpt lat="-38.20724" lon="175.27878">
        <ele>55.6</ele>
      </trkpt>
      <trkpt lat="-38.20756" lon="175.2798">
        <ele>56.6</ele>
      </trkpt>
      <trkpt lat="-38.20787" lon="175.28081">
        <ele>53.5</ele>
      </trkpt>
      <trkpt lat="-38.20819" lon="175.28182">
        <ele>53.0</ele>
      </trkpt>
      <trkpt lat="-38.20851" lon="175.28284">
        <ele>54.4</ele>
      </trkpt>
      <trkpt lat="-38.20883" lon="175.28385">
        <ele>55.0</ele>
      </trkpt>
      <trkpt lat="-38.20898" lon="175.28426">
        <ele>55.0</ele>
      </trkpt>
      <trkpt lat="-38.20907" lon="175.28445">
        <ele>54.5</ele>
      </trkpt>
      <trkpt lat="-38.20918" lon="175.28464">
        <ele>53.8</ele>
      </trkpt>
      <trkpt lat="-38.2093" lon="175.28481">
        <ele>53.2</ele>
      </trkpt>
      <trkpt lat="-38.20942" lon="175.28497">
        <ele>52.7</ele>
      </trkpt>
      <trkpt lat="-38.20956" lon="175.28511">
        <ele>52.6</ele>
      </trkpt>
      <trkpt lat="-38.20971" lon="175.28524">
        <ele>52.5</ele>
      </trkpt>
      <trkpt lat="-38.20988" lon="175.28537">
        <ele>52.5</ele>
      </trkpt>
      <trkpt lat="-38.21044" lon="175.28571">
        <ele>54.3</ele>
      </trkpt>
      <trkpt lat="-38.21059" lon="175.28581">
        <ele>55.1</ele>
      </trkpt>
      <trkpt lat="-38.21088" lon="175.28606">
        <ele>56.0</ele>
      </trkpt>
      <trkpt lat="-38.21155" lon="175.28667">
        <ele>56.0</ele>
      </trkpt>
      <trkpt lat="-38.21221" lon="175.28729">
        <ele>56.3</ele>
      </trkpt>
      <trkpt lat="-38.21287" lon="175.2879">
        <ele>57.0</ele>
      </trkpt>
      <trkpt lat="-38.21353" lon="175.28852">
        <ele>56.6</ele>
      </trkpt>
      <trkpt lat="-38.21419" lon="175.28913">
        <ele>56.0</ele>
      </trkpt>
      <trkpt lat="-38.21434" lon="175.28925">
        <ele>56.2</ele>
      </trkpt>
      <trkpt lat="-38.2145" lon="175.28937">
        <ele>56.5</ele>
      </trkpt>
      <trkpt lat="-38.21483" lon="175.28955">
        <ele>56.9</ele>
      </trkpt>
      <trkpt lat="-38.21507" lon="175.28966">
        <ele>57.1</ele>
      </trkpt>
      <trkpt lat="-38.21583" lon="175.28999">
        <ele>56.0</ele>
      </trkpt>
      <trkpt lat="-38.21658" lon="175.29031">
        <ele>56.6</ele>
      </trkpt>
      <trkpt lat="-38.21733" lon="175.29063">
        <ele>57.0</ele>
      </trkpt>
      <trkpt lat="-38.21808" lon="175.29095">
        <ele>58.3</ele>
      </trkpt>
      <trkpt lat="-38.21883" lon="175.29127">
        <ele>58.2</ele>
      </trkpt>
      <trkpt lat="-38.21958" lon="175.29159">
        <ele>59.8</ele>
      </trkpt>
      <trkpt lat="-38.22033" lon="175.29192">
        <ele>63.9</ele>
      </trkpt>
      <trkpt lat="-38.22108" lon="175.29224">
        <ele>65.3</ele>
      </trkpt>
      <trkpt lat="-38.22133" lon="175.29237">
        <ele>65.3</ele>
      </trkpt>
      <trkpt lat="-38.22151" lon="175.29249">
        <ele>65.1</ele>
      </trkpt>
      <trkpt lat="-38.22164" lon="175.29261">
        <ele>65.0</ele>
      </trkpt>
      <trkpt lat="-38.22177" lon="175.29276">
        <ele>65.0</ele>
      </trkpt>
      <trkpt lat="-38.2219" lon="175.29298">
        <ele>65.1</ele>
      </trkpt>
      <trkpt lat="-38.22202" lon="175.29322">
        <ele>64.9</ele>
      </trkpt>
      <trkpt lat="-38.22211" lon="175.29347">
        <ele>63.7</ele>
      </trkpt>
      <trkpt lat="-38.22218" lon="175.29371">
        <ele>62.2</ele>
      </trkpt>
      <trkpt lat="-38.2222" lon="175.29394">
        <ele>61.4</ele>
      </trkpt>
      <trkpt lat="-38.2222" lon="175.29418">
        <ele>60.8</ele>
      </trkpt>
      <trkpt lat="-38.22217" lon="175.29476">
        <ele>60.1</ele>
      </trkpt>
      <trkpt lat="-38.22213" lon="175.29534">
        <ele>60.0</ele>
      </trkpt>
      <trkpt lat="-38.2221" lon="175.29559">
        <ele>60.3</ele>
      </trkpt>
      <trkpt lat="-38.22205" lon="175.2958">
        <ele>60.7</ele>
      </trkpt>
      <trkpt lat="-38.22187" lon="175.29649">
        <ele>59.8</ele>
      </trkpt>
      <trkpt lat="-38.22181" lon="175.29671">
        <ele>59.5</ele>
      </trkpt>
      <trkpt lat="-38.22178" lon="175.29693">
        <ele>59.4</ele>
      </trkpt>
      <trkpt lat="-38.22177" lon="175.29717">
        <ele>59.2</ele>
      </trkpt>
      <trkpt lat="-38.22178" lon="175.29741">
        <ele>58.9</ele>
      </trkpt>
      <trkpt lat="-38.22191" lon="175.29842">
        <ele>59.9</ele>
      </trkpt>
      <trkpt lat="-38.22204" lon="175.29943">
        <ele>60.8</ele>
      </trkpt>
      <trkpt lat="-38.22218" lon="175.30044">
        <ele>60.9</ele>
      </trkpt>
      <trkpt lat="-38.22228" lon="175.30114">
        <ele>62.1</ele>
      </trkpt>
      <trkpt lat="-38.22233" lon="175.30138">
        <ele>62.4</ele>
      </trkpt>
      <trkpt lat="-38.22239" lon="175.30159">
        <ele>62.3</ele>
      </trkpt>
      <trkpt lat="-38.22265" lon="175.30247">
        <ele>62.2</ele>
      </trkpt>
      <trkpt lat="-38.22271" lon="175.30269">
        <ele>62.1</ele>
      </trkpt>
      <trkpt lat="-38.22276" lon="175.30294">
        <ele>62.2</ele>
      </trkpt>
      <trkpt lat="-38.22277" lon="175.30318">
        <ele>62.5</ele>
      </trkpt>
      <trkpt lat="-38.22276" lon="175.30341">
        <ele>62.8</ele>
      </trkpt>
      <trkpt lat="-38.22272" lon="175.30365">
        <ele>63.1</ele>
      </trkpt>
      <trkpt lat="-38.22259" lon="175.30407">
        <ele>63.3</ele>
      </trkpt>
      <trkpt lat="-38.22242" lon="175.30452">
        <ele>62.5</ele>
      </trkpt>
      <trkpt lat="-38.22234" lon="175.30471">
        <ele>62.2</ele>
      </trkpt>
      <trkpt lat="-38.22223" lon="175.3049">
        <ele>61.8</ele>
      </trkpt>
      <trkpt lat="-38.22186" lon="175.30547">
        <ele>63.0</ele>
      </trkpt>
      <trkpt lat="-38.2215" lon="175.30604">
        <ele>63.1</ele>
      </trkpt>
      <trkpt lat="-38.2214" lon="175.30621">
        <ele>63.4</ele>
      </trkpt>
      <trkpt lat="-38.22129" lon="175.30641">
        <ele>63.6</ele>
      </trkpt>
      <trkpt lat="-38.22121" lon="175.30661">
        <ele>64.0</ele>
      </trkpt>
      <trkpt lat="-38.22112" lon="175.30681">
        <ele>64.1</ele>
      </trkpt>
      <trkpt lat="-38.22101" lon="175.30702">
        <ele>64.2</ele>
      </trkpt>
      <trkpt lat="-38.22089" lon="175.3072">
        <ele>64.2</ele>
      </trkpt>
      <trkpt lat="-38.22077" lon="175.30733">
        <ele>64.2</ele>
      </trkpt>
      <trkpt lat="-38.22049" lon="175.3076">
        <ele>65.2</ele>
      </trkpt>
      <trkpt lat="-38.22036" lon="175.30774">
        <ele>66.3</ele>
      </trkpt>
      <trkpt lat="-38.22024" lon="175.3079">
        <ele>67.1</ele>
      </trkpt>
      <trkpt lat="-38.22012" lon="175.3081">
        <ele>67.8</ele>
      </trkpt>
      <trkpt lat="-38.22003" lon="175.30829">
        <ele>68.1</ele>
      </trkpt>
      <trkpt lat="-38.21995" lon="175.30849">
        <ele>68.1</ele>
      </trkpt>
      <trkpt lat="-38.21971" lon="175.30924">
        <ele>67.8</ele>
      </trkpt>
      <trkpt lat="-38.21957" lon="175.30963">
        <ele>66.4</ele>
      </trkpt>
      <trkpt lat="-38.2194" lon="175.30997">
        <ele>65.6</ele>
      </trkpt>
      <trkpt lat="-38.21932" lon="175.31008">
        <ele>65.7</ele>
      </trkpt>
      <trkpt lat="-38.21913" lon="175.3103">
        <ele>66.3</ele>
      </trkpt>
      <trkpt lat="-38.21857" lon="175.31085">
        <ele>66.3</ele>
      </trkpt>
      <trkpt lat="-38.21802" lon="175.3114">
        <ele>66.1</ele>
      </trkpt>
      <trkpt lat="-38.21804" lon="175.31148">
        <ele>66.9</ele>
      </trkpt>
      <trkpt lat="-38.21806" lon="175.31181">
        <ele>68.9</ele>
      </trkpt>
      <trkpt lat="-38.21806" lon="175.31209">
        <ele>69.9</ele>
      </trkpt>
      <trkpt lat="-38.21805" lon="175.31235">
        <ele>70.7</ele>
      </trkpt>
      <trkpt lat="-38.21797" lon="175.31298">
        <ele>69.3</ele>
      </trkpt>
      <trkpt lat="-38.21789" lon="175.31362">
        <ele>68.2</ele>
      </trkpt>
      <trkpt lat="-38.21788" lon="175.31387">
        <ele>68.6</ele>
      </trkpt>
      <trkpt lat="-38.21788" lon="175.31409">
        <ele>69.1</ele>
      </trkpt>
      <trkpt lat="-38.21791" lon="175.31437">
        <ele>69.8</ele>
      </trkpt>
      <trkpt lat="-38.21797" lon="175.31466">
        <ele>70.6</ele>
      </trkpt>
      <trkpt lat="-38.21798" lon="175.3148">
        <ele>70.7</ele>
      </trkpt>
      <trkpt lat="-38.21797" lon="175.31496">
        <ele>70.4</ele>
      </trkpt>
      <trkpt lat="-38.21789" lon="175.31531">
        <ele>67.1</ele>
      </trkpt>
      <trkpt lat="-38.21787" lon="175.31548">
        <ele>65.8</ele>
      </trkpt>
      <trkpt lat="-38.21788" lon="175.31562">
        <ele>65.1</ele>
      </trkpt>
      <trkpt lat="-38.21793" lon="175.31577">
        <ele>64.5</ele>
      </trkpt>
      <trkpt lat="-38.21801" lon="175.31592">
        <ele>64.6</ele>
      </trkpt>
      <trkpt lat="-38.21819" lon="175.31616">
        <ele>65.7</ele>
      </trkpt>
      <trkpt lat="-38.21857" lon="175.31656">
        <ele>66.6</ele>
      </trkpt>
      <trkpt lat="-38.21896" lon="175.31695">
        <ele>67.2</ele>
      </trkpt>
      <trkpt lat="-38.21903" lon="175.31707">
        <ele>67.6</ele>
      </trkpt>
      <trkpt lat="-38.21909" lon="175.31718">
        <ele>68.0</ele>
      </trkpt>
      <trkpt lat="-38.21912" lon="175.3173">
        <ele>68.3</ele>
      </trkpt>
      <trkpt lat="-38.21913" lon="175.31741">
        <ele>68.6</ele>
      </trkpt>
      <trkpt lat="-38.21913" lon="175.31755">
        <ele>68.9</ele>
      </trkpt>
      <trkpt lat="-38.21903" lon="175.31797">
        <ele>68.6</ele>
      </trkpt>
      <trkpt lat="-38.21899" lon="175.3182">
        <ele>68.5</ele>
      </trkpt>
      <trkpt lat="-38.21892" lon="175.31904">
        <ele>65.9</ele>
      </trkpt>
      <trkpt lat="-38.21893" lon="175.31921">
        <ele>65.5</ele>
      </trkpt>
      <trkpt lat="-38.21896" lon="175.31935">
        <ele>65.4</ele>
      </trkpt>
      <trkpt lat="-38.21901" lon="175.3195">
        <ele>65.4</ele>
      </trkpt>
      <trkpt lat="-38.21909" lon="175.31966">
        <ele>65.5</ele>
      </trkpt>
      <trkpt lat="-38.2192" lon="175.31978">
        <ele>65.7</ele>
      </trkpt>
      <trkpt lat="-38.2193" lon="175.31985">
        <ele>66.0</ele>
      </trkpt>
      <trkpt lat="-38.21943" lon="175.31991">
        <ele>66.5</ele>
      </trkpt>
      <trkpt lat="-38.22" lon="175.32003">
        <ele>68.8</ele>
      </trkpt>
      <trkpt lat="-38.22062" lon="175.32037">
        <ele>66.0</ele>
      </trkpt>
      <trkpt lat="-38.22123" lon="175.32071">
        <ele>64.2</ele>
      </trkpt>
      <trkpt lat="-38.22143" lon="175.32089">
        <ele>64.0</ele>
      </trkpt>
      <trkpt lat="-38.22184" lon="175.32178">
        <ele>65.1</ele>
      </trkpt>
      <trkpt lat="-38.22226" lon="175.32267">
        <ele>66.0</ele>
      </trkpt>
      <trkpt lat="-38.22268" lon="175.32356">
        <ele>69.7</ele>
      </trkpt>
      <trkpt lat="-38.22273" lon="175.3237">
        <ele>69.9</ele>
      </trkpt>
      <trkpt lat="-38.22277" lon="175.32387">
        <ele>70.2</ele>
      </trkpt>
      <trkpt lat="-38.2228" lon="175.32425">
        <ele>70.4</ele>
      </trkpt>
      <trkpt lat="-38.22281" lon="175.32464">
        <ele>70.2</ele>
      </trkpt>
      <trkpt lat="-38.2228" lon="175.32485">
        <ele>70.1</ele>
      </trkpt>
      <trkpt lat="-38.22277" lon="175.32502">
        <ele>70.0</ele>
      </trkpt>
      <trkpt lat="-38.22271" lon="175.32518">
        <ele>70.3</ele>
      </trkpt>
      <trkpt lat="-38.22261" lon="175.32535">
        <ele>70.5</ele>
      </trkpt>
      <trkpt lat="-38.22247" lon="175.32552">
        <ele>70.6</ele>
      </trkpt>
      <trkpt lat="-38.22197" lon="175.32608">
        <ele>70.3</ele>
      </trkpt>
      <trkpt lat="-38.22148" lon="175.32664">
        <ele>71.7</ele>
      </trkpt>
      <trkpt lat="-38.22124" lon="175.32715">
        <ele>73.8</ele>
      </trkpt>
      <trkpt lat="-38.22112" lon="175.32746">
        <ele>75.4</ele>
      </trkpt>
      <trkpt lat="-38.221" lon="175.32795">
        <ele>76.9</ele>
      </trkpt>
      <trkpt lat="-38.22102" lon="175.32889">
        <ele>77.0</ele>
      </trkpt>
      <trkpt lat="-38.22113" lon="175.32939">
        <ele>76.3</ele>
      </trkpt>
      <trkpt lat="-38.22146" lon="175.32993">
        <ele>74.8</ele>
      </trkpt>
      <trkpt lat="-38.22178" lon="175.33047">
        <ele>73.8</ele>
      </trkpt>
      <trkpt lat="-38.22188" lon="175.33133">
        <ele>72.5</ele>
      </trkpt>
      <trkpt lat="-38.22199" lon="175.33218">
        <ele>71.9</ele>
      </trkpt>
      <trkpt lat="-38.22209" lon="175.33304">
        <ele>73.1</ele>
      </trkpt>
      <trkpt lat="-38.22219" lon="175.33389">
        <ele>75.4</ele>
      </trkpt>
      <trkpt lat="-38.2222" lon="175.33416">
        <ele>76.1</ele>
      </trkpt>
      <trkpt lat="-38.22218" lon="175.33438">
        <ele>76.8</ele>
      </trkpt>
      <trkpt lat="-38.22213" lon="175.33456">
        <ele>77.5</ele>
      </trkpt>
      <trkpt lat="-38.22205" lon="175.33478">
        <ele>78.4</ele>
      </trkpt>
      <trkpt lat="-38.22194" lon="175.33496">
        <ele>79.2</ele>
      </trkpt>
      <trkpt lat="-38.22177" lon="175.33515">
        <ele>80.2</ele>
      </trkpt>
      <trkpt lat="-38.22109" lon="175.33577">
        <ele>82.7</ele>
      </trkpt>
      <trkpt lat="-38.22097" lon="175.33592">
        <ele>83.2</ele>
      </trkpt>
      <trkpt lat="-38.22089" lon="175.33608">
        <ele>83.6</ele>
      </trkpt>
      <trkpt lat="-38.22084" lon="175.33624">
        <ele>84.0</ele>
      </trkpt>
      <trkpt lat="-38.22081" lon="175.33645">
        <ele>84.4</ele>
      </trkpt>
      <trkpt lat="-38.22081" lon="175.33669">
        <ele>84.9</ele>
      </trkpt>
      <trkpt lat="-38.22091" lon="175.33773">
        <ele>84.3</ele>
      </trkpt>
      <trkpt lat="-38.221" lon="175.33877">
        <ele>85.2</ele>
      </trkpt>
      <trkpt lat="-38.2211" lon="175.33981">
        <ele>85.1</ele>
      </trkpt>
      <trkpt lat="-38.2212" lon="175.34085">
        <ele>86.4</ele>
      </trkpt>
      <trkpt lat="-38.2213" lon="175.34189">
        <ele>86.3</ele>
      </trkpt>
      <trkpt lat="-38.22139" lon="175.34293">
        <ele>86.5</ele>
      </trkpt>
      <trkpt lat="-38.22146" lon="175.34328">
        <ele>87.2</ele>
      </trkpt>
      <trkpt lat="-38.22175" lon="175.34425">
        <ele>90.8</ele>
      </trkpt>
      <trkpt lat="-38.22191" lon="175.34471">
        <ele>92.3</ele>
      </trkpt>
      <trkpt lat="-38.22238" lon="175.34539">
        <ele>95.1</ele>
      </trkpt>
      <trkpt lat="-38.22284" lon="175.34607">
        <ele>97.5</ele>
      </trkpt>
      <trkpt lat="-38.2233" lon="175.34676">
        <ele>99.2</ele>
      </trkpt>
      <trkpt lat="-38.22343" lon="175.34702">
        <ele>100.5</ele>
      </trkpt>
      <trkpt lat="-38.2237" lon="175.34768">
        <ele>104.3</ele>
      </trkpt>
      <trkpt lat="-38.22403" lon="175.34843">
        <ele>104.6</ele>
      </trkpt>
      <trkpt lat="-38.22436" lon="175.34918">
        <ele>109.5</ele>
      </trkpt>
      <trkpt lat="-38.22502" lon="175.34988">
        <ele>120.0</ele>
      </trkpt>
      <trkpt lat="-38.22549" lon="175.35024">
        <ele>125.7</ele>
      </trkpt>
      <trkpt lat="-38.22605" lon="175.35034">
        <ele>130.0</ele>
      </trkpt>
      <trkpt lat="-38.22662" lon="175.35045">
        <ele>132.1</ele>
      </trkpt>
      <trkpt lat="-38.22689" lon="175.35047">
        <ele>134.0</ele>
      </trkpt>
      <trkpt lat="-38.22716" lon="175.35059">
        <ele>134.8</ele>
      </trkpt>
      <trkpt lat="-38.22732" lon="175.35084">
        <ele>132.3</ele>
      </trkpt>
      <trkpt lat="-38.22737" lon="175.35119">
        <ele>131.7</ele>
      </trkpt>
      <trkpt lat="-38.22725" lon="175.35164">
        <ele>132.0</ele>
      </trkpt>
      <trkpt lat="-38.22709" lon="175.35215">
        <ele>133.6</ele>
      </trkpt>
      <trkpt lat="-38.22695" lon="175.35309">
        <ele>134.1</ele>
      </trkpt>
      <trkpt lat="-38.22706" lon="175.35407">
        <ele>129.9</ele>
      </trkpt>
      <trkpt lat="-38.22702" lon="175.35458">
        <ele>128.2</ele>
      </trkpt>
      <trkpt lat="-38.2269" lon="175.35496">
        <ele>126.5</ele>
      </trkpt>
      <trkpt lat="-38.22671" lon="175.35528">
        <ele>129.4</ele>
      </trkpt>
      <trkpt lat="-38.22656" lon="175.35576">
        <ele>134.4</ele>
      </trkpt>
      <trkpt lat="-38.22655" lon="175.35645">
        <ele>139.2</ele>
      </trkpt>
      <trkpt lat="-38.22657" lon="175.35695">
        <ele>142.0</ele>
      </trkpt>
      <trkpt lat="-38.22661" lon="175.35724">
        <ele>143.2</ele>
      </trkpt>
      <trkpt lat="-38.22673" lon="175.35739">
        <ele>144.0</ele>
      </trkpt>
      <trkpt lat="-38.2274" lon="175.35799">
        <ele>138.9</ele>
      </trkpt>
      <trkpt lat="-38.22782" lon="175.35821">
        <ele>139.5</ele>
      </trkpt>
      <trkpt lat="-38.228" lon="175.35843">
        <ele>140.1</ele>
      </trkpt>
      <trkpt lat="-38.22807" lon="175.35866">
        <ele>140.9</ele>
      </trkpt>
      <trkpt lat="-38.22816" lon="175.35957">
        <ele>140.6</ele>
      </trkpt>
      <trkpt lat="-38.22797" lon="175.36022">
        <ele>130.2</ele>
      </trkpt>
      <trkpt lat="-38.22779" lon="175.36087">
        <ele>118.6</ele>
      </trkpt>
      <trkpt lat="-38.22776" lon="175.36105">
        <ele>115.3</ele>
      </trkpt>
      <trkpt lat="-38.22788" lon="175.36132">
        <ele>114.6</ele>
      </trkpt>
      <trkpt lat="-38.22806" lon="175.36148">
        <ele>115.8</ele>
      </trkpt>
      <trkpt lat="-38.22846" lon="175.36151">
        <ele>122.2</ele>
      </trkpt>
      <trkpt lat="-38.22872" lon="175.36166">
        <ele>123.1</ele>
      </trkpt>
      <trkpt lat="-38.22888" lon="175.36192">
        <ele>122.7</ele>
      </trkpt>
      <trkpt lat="-38.22888" lon="175.36228">
        <ele>118.8</ele>
      </trkpt>
      <trkpt lat="-38.22878" lon="175.3628">
        <ele>110.0</ele>
      </trkpt>
      <trkpt lat="-38.22888" lon="175.36322">
        <ele>109.2</ele>
      </trkpt>
      <trkpt lat="-38.22913" lon="175.3637">
        <ele>108.4</ele>
      </trkpt>
      <trkpt lat="-38.2295" lon="175.36411">
        <ele>109.7</ele>
      </trkpt>
      <trkpt lat="-38.22986" lon="175.36452">
        <ele>109.6</ele>
      </trkpt>
      <trkpt lat="-38.23035" lon="175.36491">
        <ele>104.1</ele>
      </trkpt>
      <trkpt lat="-38.23105" lon="175.36525">
        <ele>105.6</ele>
      </trkpt>
      <trkpt lat="-38.23123" lon="175.3654">
        <ele>104.9</ele>
      </trkpt>
      <trkpt lat="-38.2315" lon="175.36566">
        <ele>101.1</ele>
      </trkpt>
      <trkpt lat="-38.23212" lon="175.36609">
        <ele>101.9</ele>
      </trkpt>
      <trkpt lat="-38.23242" lon="175.36635">
        <ele>100.1</ele>
      </trkpt>
      <trkpt lat="-38.23289" lon="175.36688">
        <ele>98.4</ele>
      </trkpt>
      <trkpt lat="-38.23308" lon="175.3672">
        <ele>97.6</ele>
      </trkpt>
      <trkpt lat="-38.23321" lon="175.36748">
        <ele>95.2</ele>
      </trkpt>
      <trkpt lat="-38.23345" lon="175.36771">
        <ele>95.9</ele>
      </trkpt>
      <trkpt lat="-38.23392" lon="175.3681">
        <ele>94.1</ele>
      </trkpt>
      <trkpt lat="-38.23448" lon="175.3689">
        <ele>94.7</ele>
      </trkpt>
      <trkpt lat="-38.23473" lon="175.3694">
        <ele>98.5</ele>
      </trkpt>
      <trkpt lat="-38.23486" lon="175.37042">
        <ele>101.0</ele>
      </trkpt>
      <trkpt lat="-38.2349" lon="175.37105">
        <ele>102.4</ele>
      </trkpt>
      <trkpt lat="-38.2348" lon="175.37184">
        <ele>110.3</ele>
      </trkpt>
      <trkpt lat="-38.23445" lon="175.37233">
        <ele>107.5</ele>
      </trkpt>
      <trkpt lat="-38.2341" lon="175.37282">
        <ele>101.0</ele>
      </trkpt>
      <trkpt lat="-38.23408" lon="175.3734">
        <ele>103.9</ele>
      </trkpt>
      <trkpt lat="-38.23406" lon="175.37399">
        <ele>104.3</ele>
      </trkpt>
      <trkpt lat="-38.23382" lon="175.37444">
        <ele>103.8</ele>
      </trkpt>
      <trkpt lat="-38.23369" lon="175.375">
        <ele>103.3</ele>
      </trkpt>
      <trkpt lat="-38.23381" lon="175.37602">
        <ele>100.1</ele>
      </trkpt>
      <trkpt lat="-38.23393" lon="175.37662">
        <ele>96.7</ele>
      </trkpt>
      <trkpt lat="-38.23384" lon="175.37663">
        <ele>96.6</ele>
      </trkpt>
      <trkpt lat="-38.23384" lon="175.37663">
        <ele>96.6</ele>
      </trkpt>
      <trkpt lat="-38.23375" lon="175.37668">
        <ele>96.5</ele>
      </trkpt>
      <trkpt lat="-38.23367" lon="175.37672">
        <ele>96.5</ele>
      </trkpt>
      <trkpt lat="-38.23313" lon="175.37698">
        <ele>96.2</ele>
      </trkpt>
      <trkpt lat="-38.23288" lon="175.37716">
        <ele>96.6</ele>
      </trkpt>
      <trkpt lat="-38.23254" lon="175.3776">
        <ele>96.7</ele>
      </trkpt>
      <trkpt lat="-38.2321" lon="175.37777">
        <ele>96.7</ele>
      </trkpt>
      <trkpt lat="-38.23166" lon="175.37794">
        <ele>96.6</ele>
      </trkpt>
      <trkpt lat="-38.23116" lon="175.37817">
        <ele>96.7</ele>
      </trkpt>
      <trkpt lat="-38.23067" lon="175.37841">
        <ele>96.3</ele>
      </trkpt>
      <trkpt lat="-38.23021" lon="175.37876">
        <ele>96.8</ele>
      </trkpt>
      <trkpt lat="-38.22975" lon="175.37912">
        <ele>96.6</ele>
      </trkpt>
      <trkpt lat="-38.22945" lon="175.37928">
        <ele>97.4</ele>
      </trkpt>
      <trkpt lat="-38.22917" lon="175.37933">
        <ele>97.6</ele>
      </trkpt>
      <trkpt lat="-38.22829" lon="175.37938">
        <ele>96.9</ele>
      </trkpt>
      <trkpt lat="-38.2274" lon="175.37943">
        <ele>99.1</ele>
      </trkpt>
      <trkpt lat="-38.22658" lon="175.37956">
        <ele>99.3</ele>
      </trkpt>
      <trkpt lat="-38.2265" lon="175.37958">
        <ele>99.3</ele>
      </trkpt>
      <trkpt lat="-38.22633" lon="175.3796">
        <ele>99.4</ele>
      </trkpt>
      <trkpt lat="-38.22553" lon="175.37966">
        <ele>99.7</ele>
      </trkpt>
      <trkpt lat="-38.22467" lon="175.37962">
        <ele>97.7</ele>
      </trkpt>
      <trkpt lat="-38.22411" lon="175.3795">
        <ele>97.7</ele>
      </trkpt>
      <trkpt lat="-38.22356" lon="175.37937">
        <ele>98.2</ele>
      </trkpt>
      <trkpt lat="-38.22347" lon="175.37935">
        <ele>98.2</ele>
      </trkpt>
      <trkpt lat="-38.22324" lon="175.37932">
        <ele>98.5</ele>
      </trkpt>
      <trkpt lat="-38.2227" lon="175.37936">
        <ele>100.7</ele>
      </trkpt>
      <trkpt lat="-38.22219" lon="175.37956">
        <ele>101.5</ele>
      </trkpt>
      <trkpt lat="-38.22149" lon="175.38005">
        <ele>104.9</ele>
      </trkpt>
      <trkpt lat="-38.2208" lon="175.38055">
        <ele>108.9</ele>
      </trkpt>
      <trkpt lat="-38.2201" lon="175.38104">
        <ele>109.5</ele>
      </trkpt>
      <trkpt lat="-38.21977" lon="175.3813">
        <ele>110.4</ele>
      </trkpt>
      <trkpt lat="-38.21944" lon="175.38168">
        <ele>110.8</ele>
      </trkpt>
      <trkpt lat="-38.21899" lon="175.38256">
        <ele>115.6</ele>
      </trkpt>
      <trkpt lat="-38.21875" lon="175.38297">
        <ele>116.4</ele>
      </trkpt>
      <trkpt lat="-38.21834" lon="175.38354">
        <ele>116.3</ele>
      </trkpt>
      <trkpt lat="-38.21814" lon="175.38374">
        <ele>117.2</ele>
      </trkpt>
      <trkpt lat="-38.21787" lon="175.38388">
        <ele>117.9</ele>
      </trkpt>
      <trkpt lat="-38.21776" lon="175.38392">
        <ele>118.1</ele>
      </trkpt>
      <trkpt lat="-38.2173" lon="175.38394">
        <ele>118.8</ele>
      </trkpt>
      <trkpt lat="-38.21684" lon="175.38397">
        <ele>120.4</ele>
      </trkpt>
      <trkpt lat="-38.21665" lon="175.38396">
        <ele>121.0</ele>
      </trkpt>
      <trkpt lat="-38.21613" lon="175.38391">
        <ele>120.7</ele>
      </trkpt>
      <trkpt lat="-38.21606" lon="175.38397">
        <ele>120.4</ele>
      </trkpt>
      <trkpt lat="-38.21595" lon="175.38401">
        <ele>120.1</ele>
      </trkpt>
      <trkpt lat="-38.21586" lon="175.38406">
        <ele>119.7</ele>
      </trkpt>
      <trkpt lat="-38.2158" lon="175.38413">
        <ele>118.9</ele>
      </trkpt>
      <trkpt lat="-38.21571" lon="175.38425">
        <ele>117.0</ele>
      </trkpt>
      <trkpt lat="-38.21552" lon="175.38462">
        <ele>112.1</ele>
      </trkpt>
      <trkpt lat="-38.21606" lon="175.38513">
        <ele>111.4</ele>
      </trkpt>
      <trkpt lat="-38.21644" lon="175.3854">
        <ele>112.7</ele>
      </trkpt>
      <trkpt lat="-38.21677" lon="175.38556">
        <ele>113.3</ele>
      </trkpt>
      <trkpt lat="-38.21677" lon="175.38556">
        <ele>113.3</ele>
      </trkpt>
      <trkpt lat="-38.21705" lon="175.3857">
        <ele>113.3</ele>
      </trkpt>
      <trkpt lat="-38.21752" lon="175.38602">
        <ele>113.7</ele>
      </trkpt>
      <trkpt lat="-38.218" lon="175.38634">
        <ele>112.9</ele>
      </trkpt>
      <trkpt lat="-38.21849" lon="175.38671">
        <ele>112.4</ele>
      </trkpt>
      <trkpt lat="-38.21864" lon="175.38685">
        <ele>112.1</ele>
      </trkpt>
      <trkpt lat="-38.21887" lon="175.38712">
        <ele>111.7</ele>
      </trkpt>
      <trkpt lat="-38.21903" lon="175.38737">
        <ele>111.5</ele>
      </trkpt>
      <trkpt lat="-38.21941" lon="175.38819">
        <ele>113.4</ele>
      </trkpt>
      <trkpt lat="-38.21979" lon="175.38901">
        <ele>116.1</ele>
      </trkpt>
      <trkpt lat="-38.22016" lon="175.38989">
        <ele>120.1</ele>
      </trkpt>
      <trkpt lat="-38.22053" lon="175.39076">
        <ele>117.8</ele>
      </trkpt>
      <trkpt lat="-38.22071" lon="175.39111">
        <ele>117.4</ele>
      </trkpt>
      <trkpt lat="-38.2212" lon="175.39203">
        <ele>115.8</ele>
      </trkpt>
      <trkpt lat="-38.22139" lon="175.39233">
        <ele>114.0</ele>
      </trkpt>
      <trkpt lat="-38.22184" lon="175.39297">
        <ele>113.9</ele>
      </trkpt>
      <trkpt lat="-38.22199" lon="175.39322">
        <ele>114.6</ele>
      </trkpt>
      <trkpt lat="-38.22249" lon="175.39413">
        <ele>114.3</ele>
      </trkpt>
      <trkpt lat="-38.22254" lon="175.39423">
        <ele>114.2</ele>
      </trkpt>
      <trkpt lat="-38.22272" lon="175.39455">
        <ele>114.2</ele>
      </trkpt>
      <trkpt lat="-38.22325" lon="175.39536">
        <ele>115.7</ele>
      </trkpt>
      <trkpt lat="-38.22378" lon="175.39617">
        <ele>117.4</ele>
      </trkpt>
      <trkpt lat="-38.22431" lon="175.39697">
        <ele>119.5</ele>
      </trkpt>
      <trkpt lat="-38.22434" lon="175.39704">
        <ele>119.6</ele>
      </trkpt>
      <trkpt lat="-38.22436" lon="175.39712">
        <ele>119.7</ele>
      </trkpt>
      <trkpt lat="-38.22436" lon="175.39719">
        <ele>119.8</ele>
      </trkpt>
      <trkpt lat="-38.22436" lon="175.39726">
        <ele>119.8</ele>
      </trkpt>
      <trkpt lat="-38.22433" lon="175.39736">
        <ele>119.7</ele>
      </trkpt>
      <trkpt lat="-38.22429" lon="175.39748">
        <ele>119.6</ele>
      </trkpt>
      <trkpt lat="-38.22387" lon="175.39839">
        <ele>118.9</ele>
      </trkpt>
      <trkpt lat="-38.22345" lon="175.3993">
        <ele>117.3</ele>
      </trkpt>
      <trkpt lat="-38.22304" lon="175.40022">
        <ele>120.4</ele>
      </trkpt>
      <trkpt lat="-38.22298" lon="175.4004">
        <ele>120.5</ele>
      </trkpt>
      <trkpt lat="-38.22293" lon="175.4006">
        <ele>120.3</ele>
      </trkpt>
      <trkpt lat="-38.22291" lon="175.40087">
        <ele>119.5</ele>
      </trkpt>
      <trkpt lat="-38.22296" lon="175.40173">
        <ele>118.0</ele>
      </trkpt>
      <trkpt lat="-38.22301" lon="175.4026">
        <ele>117.6</ele>
      </trkpt>
      <trkpt lat="-38.22305" lon="175.40347">
        <ele>119.7</ele>
      </trkpt>
      <trkpt lat="-38.22309" lon="175.40377">
        <ele>120.4</ele>
      </trkpt>
      <trkpt lat="-38.22314" lon="175.40401">
        <ele>121.1</ele>
      </trkpt>
      <trkpt lat="-38.22338" lon="175.40484">
        <ele>122.9</ele>
      </trkpt>
      <trkpt lat="-38.22362" lon="175.40566">
        <ele>123.1</ele>
      </trkpt>
      <trkpt lat="-38.22386" lon="175.40649">
        <ele>123.5</ele>
      </trkpt>
      <trkpt lat="-38.22411" lon="175.40732">
        <ele>123.9</ele>
      </trkpt>
      <trkpt lat="-38.22423" lon="175.40758">
        <ele>124.4</ele>
      </trkpt>
      <trkpt lat="-38.22435" lon="175.40773">
        <ele>124.9</ele>
      </trkpt>
      <trkpt lat="-38.22446" lon="175.40785">
        <ele>125.3</ele>
      </trkpt>
      <trkpt lat="-38.22473" lon="175.40801">
        <ele>126.1</ele>
      </trkpt>
      <trkpt lat="-38.22528" lon="175.40829">
        <ele>126.1</ele>
      </trkpt>
      <trkpt lat="-38.22552" lon="175.40849">
        <ele>126.6</ele>
      </trkpt>
      <trkpt lat="-38.2259" lon="175.40901">
        <ele>128.8</ele>
      </trkpt>
      <trkpt lat="-38.2263" lon="175.40943">
        <ele>131.0</ele>
      </trkpt>
      <trkpt lat="-38.2267" lon="175.40985">
        <ele>132.6</ele>
      </trkpt>
      <trkpt lat="-38.22693" lon="175.41022">
        <ele>134.8</ele>
      </trkpt>
      <trkpt lat="-38.22708" lon="175.41051">
        <ele>136.4</ele>
      </trkpt>
      <trkpt lat="-38.22723" lon="175.41118">
        <ele>136.7</ele>
      </trkpt>
      <trkpt lat="-38.22742" lon="175.41157">
        <ele>136.1</ele>
      </trkpt>
      <trkpt lat="-38.22785" lon="175.41239">
        <ele>138.2</ele>
      </trkpt>
      <trkpt lat="-38.22827" lon="175.41321">
        <ele>139.8</ele>
      </trkpt>
      <trkpt lat="-38.2287" lon="175.41402">
        <ele>140.2</ele>
      </trkpt>
      <trkpt lat="-38.22913" lon="175.41484">
        <ele>140.8</ele>
      </trkpt>
      <trkpt lat="-38.22921" lon="175.41506">
        <ele>141.3</ele>
      </trkpt>
      <trkpt lat="-38.22935" lon="175.41567">
        <ele>142.1</ele>
      </trkpt>
      <trkpt lat="-38.22946" lon="175.41589">
        <ele>142.7</ele>
      </trkpt>
      <trkpt lat="-38.22999" lon="175.41655">
        <ele>145.1</ele>
      </trkpt>
      <trkpt lat="-38.23063" lon="175.41704">
        <ele>145.6</ele>
      </trkpt>
      <trkpt lat="-38.23127" lon="175.41753">
        <ele>146.5</ele>
      </trkpt>
      <trkpt lat="-38.23132" lon="175.41759">
        <ele>146.5</ele>
      </trkpt>
      <trkpt lat="-38.23136" lon="175.41767">
        <ele>146.3</ele>
      </trkpt>
      <trkpt lat="-38.23138" lon="175.41775">
        <ele>146.1</ele>
      </trkpt>
      <trkpt lat="-38.23138" lon="175.41784">
        <ele>145.8</ele>
      </trkpt>
      <trkpt lat="-38.23135" lon="175.41794">
        <ele>145.3</ele>
      </trkpt>
      <trkpt lat="-38.23089" lon="175.41882">
        <ele>142.2</ele>
      </trkpt>
      <trkpt lat="-38.23043" lon="175.41971">
        <ele>139.5</ele>
      </trkpt>
      <trkpt lat="-38.22998" lon="175.42059">
        <ele>138.8</ele>
      </trkpt>
      <trkpt lat="-38.22952" lon="175.42148">
        <ele>139.5</ele>
      </trkpt>
      <trkpt lat="-38.22906" lon="175.42237">
        <ele>139.3</ele>
      </trkpt>
      <trkpt lat="-38.2286" lon="175.42325">
        <ele>139.1</ele>
      </trkpt>
      <trkpt lat="-38.22814" lon="175.42414">
        <ele>139.0</ele>
      </trkpt>
      <trkpt lat="-38.22769" lon="175.42502">
        <ele>142.5</ele>
      </trkpt>
      <trkpt lat="-38.22763" lon="175.42519">
        <ele>143.0</ele>
      </trkpt>
      <trkpt lat="-38.22761" lon="175.42539">
        <ele>143.7</ele>
      </trkpt>
      <trkpt lat="-38.22761" lon="175.42557">
        <ele>144.4</ele>
      </trkpt>
      <trkpt lat="-38.2277" lon="175.42643">
        <ele>146.1</ele>
      </trkpt>
      <trkpt lat="-38.22778" lon="175.42728">
        <ele>148.2</ele>
      </trkpt>
      <trkpt lat="-38.22786" lon="175.42813">
        <ele>151.7</ele>
      </trkpt>
      <trkpt lat="-38.22794" lon="175.42899">
        <ele>154.8</ele>
      </trkpt>
      <trkpt lat="-38.22795" lon="175.42925">
        <ele>155.8</ele>
      </trkpt>
      <trkpt lat="-38.22792" lon="175.42949">
        <ele>156.8</ele>
      </trkpt>
      <trkpt lat="-38.22789" lon="175.42963">
        <ele>157.3</ele>
      </trkpt>
      <trkpt lat="-38.22783" lon="175.4298">
        <ele>157.8</ele>
      </trkpt>
      <trkpt lat="-38.22733" lon="175.43066">
        <ele>158.4</ele>
      </trkpt>
      <trkpt lat="-38.22682" lon="175.43153">
        <ele>158.4</ele>
      </trkpt>
      <trkpt lat="-38.22675" lon="175.43169">
        <ele>158.4</ele>
      </trkpt>
      <trkpt lat="-38.22664" lon="175.432">
        <ele>158.2</ele>
      </trkpt>
      <trkpt lat="-38.22659" lon="175.4322">
        <ele>158.2</ele>
      </trkpt>
      <trkpt lat="-38.22642" lon="175.43315">
        <ele>160.3</ele>
      </trkpt>
      <trkpt lat="-38.22625" lon="175.43411">
        <ele>160.5</ele>
      </trkpt>
      <trkpt lat="-38.22609" lon="175.43506">
        <ele>161.7</ele>
      </trkpt>
      <trkpt lat="-38.22608" lon="175.43523">
        <ele>161.1</ele>
      </trkpt>
      <trkpt lat="-38.22609" lon="175.4354">
        <ele>160.7</ele>
      </trkpt>
      <trkpt lat="-38.22618" lon="175.43597">
        <ele>159.9</ele>
      </trkpt>
      <trkpt lat="-38.22627" lon="175.43654">
        <ele>158.6</ele>
      </trkpt>
      <trkpt lat="-38.2263" lon="175.43678">
        <ele>158.2</ele>
      </trkpt>
      <trkpt lat="-38.22632" lon="175.43691">
        <ele>158.0</ele>
      </trkpt>
      <trkpt lat="-38.22638" lon="175.43754">
        <ele>157.1</ele>
      </trkpt>
      <trkpt lat="-38.22644" lon="175.43816">
        <ele>157.8</ele>
      </trkpt>
      <trkpt lat="-38.22645" lon="175.43841">
        <ele>158.4</ele>
      </trkpt>
      <trkpt lat="-38.22645" lon="175.43864">
        <ele>159.3</ele>
      </trkpt>
      <trkpt lat="-38.22644" lon="175.43879">
        <ele>160.0</ele>
      </trkpt>
      <trkpt lat="-38.22639" lon="175.43905">
        <ele>161.2</ele>
      </trkpt>
      <trkpt lat="-38.22635" lon="175.43922">
        <ele>162.2</ele>
      </trkpt>
      <trkpt lat="-38.2263" lon="175.43934">
        <ele>163.2</ele>
      </trkpt>
      <trkpt lat="-38.22623" lon="175.43943">
        <ele>163.9</ele>
      </trkpt>
      <trkpt lat="-38.22613" lon="175.43951">
        <ele>164.4</ele>
      </trkpt>
      <trkpt lat="-38.22603" lon="175.43956">
        <ele>164.6</ele>
      </trkpt>
      <trkpt lat="-38.22592" lon="175.43957">
        <ele>164.5</ele>
      </trkpt>
      <trkpt lat="-38.22577" lon="175.43954">
        <ele>164.2</ele>
      </trkpt>
      <trkpt lat="-38.22508" lon="175.43931">
        <ele>162.1</ele>
      </trkpt>
      <trkpt lat="-38.2244" lon="175.43909">
        <ele>163.2</ele>
      </trkpt>
      <trkpt lat="-38.22372" lon="175.43887">
        <ele>162.5</ele>
      </trkpt>
      <trkpt lat="-38.22304" lon="175.43865">
        <ele>162.0</ele>
      </trkpt>
      <trkpt lat="-38.22254" lon="175.4385">
        <ele>161.3</ele>
      </trkpt>
      <trkpt lat="-38.22204" lon="175.43835">
        <ele>160.3</ele>
      </trkpt>
      <trkpt lat="-38.22164" lon="175.43824">
        <ele>159.4</ele>
      </trkpt>
      <trkpt lat="-38.2214" lon="175.43822">
        <ele>159.0</ele>
      </trkpt>
      <trkpt lat="-38.2211" lon="175.43822">
        <ele>158.5</ele>
      </trkpt>
      <trkpt lat="-38.22032" lon="175.43834">
        <ele>159.2</ele>
      </trkpt>
      <trkpt lat="-38.21954" lon="175.43845">
        <ele>161.7</ele>
      </trkpt>
      <trkpt lat="-38.21876" lon="175.43857">
        <ele>163.8</ele>
      </trkpt>
      <trkpt lat="-38.21858" lon="175.43857">
        <ele>164.2</ele>
      </trkpt>
      <trkpt lat="-38.21847" lon="175.43853">
        <ele>164.5</ele>
      </trkpt>
      <trkpt lat="-38.21835" lon="175.43847">
        <ele>164.8</ele>
      </trkpt>
      <trkpt lat="-38.21764" lon="175.43795">
        <ele>165.8</ele>
      </trkpt>
      <trkpt lat="-38.21693" lon="175.43744">
        <ele>166.4</ele>
      </trkpt>
      <trkpt lat="-38.21621" lon="175.43692">
        <ele>168.3</ele>
      </trkpt>
      <trkpt lat="-38.2155" lon="175.43641">
        <ele>167.5</ele>
      </trkpt>
      <trkpt lat="-38.21537" lon="175.43635">
        <ele>167.2</ele>
      </trkpt>
      <trkpt lat="-38.21526" lon="175.43633">
        <ele>167.0</ele>
      </trkpt>
      <trkpt lat="-38.21512" lon="175.43634">
        <ele>166.8</ele>
      </trkpt>
      <trkpt lat="-38.21488" lon="175.43643">
        <ele>166.3</ele>
      </trkpt>
      <trkpt lat="-38.21472" lon="175.43651">
        <ele>165.9</ele>
      </trkpt>
      <trkpt lat="-38.21456" lon="175.43659">
        <ele>165.4</ele>
      </trkpt>
      <trkpt lat="-38.21441" lon="175.4367">
        <ele>164.9</ele>
      </trkpt>
      <trkpt lat="-38.21426" lon="175.43683">
        <ele>164.5</ele>
      </trkpt>
      <trkpt lat="-38.21376" lon="175.43739">
        <ele>165.8</ele>
      </trkpt>
      <trkpt lat="-38.21325" lon="175.43796">
        <ele>166.8</ele>
      </trkpt>
      <trkpt lat="-38.21275" lon="175.43853">
        <ele>168.2</ele>
      </trkpt>
      <trkpt lat="-38.21265" lon="175.43865">
        <ele>168.2</ele>
      </trkpt>
      <trkpt lat="-38.21256" lon="175.43882">
        <ele>168.0</ele>
      </trkpt>
      <trkpt lat="-38.21249" lon="175.43899">
        <ele>167.6</ele>
      </trkpt>
      <trkpt lat="-38.21213" lon="175.44001">
        <ele>165.0</ele>
      </trkpt>
      <trkpt lat="-38.21176" lon="175.44103">
        <ele>163.8</ele>
      </trkpt>
      <trkpt lat="-38.2114" lon="175.44205">
        <ele>162.7</ele>
      </trkpt>
      <trkpt lat="-38.21104" lon="175.44307">
        <ele>162.2</ele>
      </trkpt>
      <trkpt lat="-38.21095" lon="175.44322">
        <ele>162.4</ele>
      </trkpt>
      <trkpt lat="-38.21057" lon="175.44359">
        <ele>160.3</ele>
      </trkpt>
      <trkpt lat="-38.21018" lon="175.44397">
        <ele>159.3</ele>
      </trkpt>
      <trkpt lat="-38.21007" lon="175.44404">
        <ele>159.5</ele>
      </trkpt>
      <trkpt lat="-38.20991" lon="175.44406">
        <ele>159.4</ele>
      </trkpt>
      <trkpt lat="-38.20974" lon="175.44404">
        <ele>159.0</ele>
      </trkpt>
      <trkpt lat="-38.20918" lon="175.44384">
        <ele>157.2</ele>
      </trkpt>
      <trkpt lat="-38.20863" lon="175.44364">
        <ele>156.2</ele>
      </trkpt>
      <trkpt lat="-38.20853" lon="175.44364">
        <ele>156.1</ele>
      </trkpt>
      <trkpt lat="-38.2084" lon="175.44365">
        <ele>155.9</ele>
      </trkpt>
      <trkpt lat="-38.20828" lon="175.44369">
        <ele>155.3</ele>
      </trkpt>
      <trkpt lat="-38.20817" lon="175.44377">
        <ele>154.3</ele>
      </trkpt>
      <trkpt lat="-38.20751" lon="175.44431">
        <ele>148.5</ele>
      </trkpt>
      <trkpt lat="-38.20685" lon="175.44484">
        <ele>144.7</ele>
      </trkpt>
      <trkpt lat="-38.2062" lon="175.44538">
        <ele>142.1</ele>
      </trkpt>
      <trkpt lat="-38.20554" lon="175.44592">
        <ele>142.0</ele>
      </trkpt>
      <trkpt lat="-38.20488" lon="175.44646">
        <ele>142.0</ele>
      </trkpt>
      <trkpt lat="-38.20473" lon="175.44655">
        <ele>141.3</ele>
      </trkpt>
      <trkpt lat="-38.20402" lon="175.44668">
        <ele>138.3</ele>
      </trkpt>
      <trkpt lat="-38.20387" lon="175.44675">
        <ele>137.0</ele>
      </trkpt>
      <trkpt lat="-38.20375" lon="175.44685">
        <ele>135.6</ele>
      </trkpt>
      <trkpt lat="-38.2034" lon="175.44734">
        <ele>131.1</ele>
      </trkpt>
      <trkpt lat="-38.20323" lon="175.44755">
        <ele>129.2</ele>
      </trkpt>
      <trkpt lat="-38.20278" lon="175.4479">
        <ele>125.5</ele>
      </trkpt>
      <trkpt lat="-38.20218" lon="175.44826">
        <ele>123.6</ele>
      </trkpt>
      <trkpt lat="-38.20159" lon="175.44861">
        <ele>122.8</ele>
      </trkpt>
      <trkpt lat="-38.20099" lon="175.44897">
        <ele>124.9</ele>
      </trkpt>
      <trkpt lat="-38.20076" lon="175.44916">
        <ele>125.1</ele>
      </trkpt>
      <trkpt lat="-38.20056" lon="175.44938">
        <ele>124.0</ele>
      </trkpt>
      <trkpt lat="-38.20007" lon="175.44995">
        <ele>121.2</ele>
      </trkpt>
      <trkpt lat="-38.19958" lon="175.45053">
        <ele>120.2</ele>
      </trkpt>
      <trkpt lat="-38.1991" lon="175.45111">
        <ele>117.3</ele>
      </trkpt>
      <trkpt lat="-38.19898" lon="175.4513">
        <ele>116.4</ele>
      </trkpt>
      <trkpt lat="-38.19888" lon="175.45155">
        <ele>115.2</ele>
      </trkpt>
      <trkpt lat="-38.19883" lon="175.45174">
        <ele>114.6</ele>
      </trkpt>
      <trkpt lat="-38.19883" lon="175.45201">
        <ele>113.9</ele>
      </trkpt>
      <trkpt lat="-38.19892" lon="175.45285">
        <ele>111.3</ele>
      </trkpt>
      <trkpt lat="-38.19892" lon="175.45309">
        <ele>110.8</ele>
      </trkpt>
      <trkpt lat="-38.1989" lon="175.45328">
        <ele>110.4</ele>
      </trkpt>
      <trkpt lat="-38.19886" lon="175.45354">
        <ele>109.5</ele>
      </trkpt>
      <trkpt lat="-38.19857" lon="175.45418">
        <ele>107.3</ele>
      </trkpt>
      <trkpt lat="-38.19842" lon="175.45436">
        <ele>105.2</ele>
      </trkpt>
      <trkpt lat="-38.19825" lon="175.45448">
        <ele>103.1</ele>
      </trkpt>
      <trkpt lat="-38.19811" lon="175.45456">
        <ele>101.4</ele>
      </trkpt>
      <trkpt lat="-38.19795" lon="175.4546">
        <ele>100.2</ele>
      </trkpt>
      <trkpt lat="-38.19749" lon="175.45463">
        <ele>97.8</ele>
      </trkpt>
      <trkpt lat="-38.19704" lon="175.45466">
        <ele>94.8</ele>
      </trkpt>
      <trkpt lat="-38.19646" lon="175.45474">
        <ele>90.9</ele>
      </trkpt>
      <trkpt lat="-38.19616" lon="175.45474">
        <ele>89.5</ele>
      </trkpt>
      <trkpt lat="-38.19565" lon="175.45464">
        <ele>88.3</ele>
      </trkpt>
      <trkpt lat="-38.19515" lon="175.45455">
        <ele>89.2</ele>
      </trkpt>
      <trkpt lat="-38.19494" lon="175.45454">
        <ele>89.6</ele>
      </trkpt>
      <trkpt lat="-38.19474" lon="175.45458">
        <ele>90.3</ele>
      </trkpt>
      <trkpt lat="-38.19421" lon="175.45469">
        <ele>92.1</ele>
      </trkpt>
      <trkpt lat="-38.19369" lon="175.45481">
        <ele>88.9</ele>
      </trkpt>
      <trkpt lat="-38.19364" lon="175.45481">
        <ele>88.6</ele>
      </trkpt>
      <trkpt lat="-38.19359" lon="175.45549">
        <ele>91.2</ele>
      </trkpt>
      <trkpt lat="-38.1935" lon="175.456">
        <ele>92.2</ele>
      </trkpt>
      <trkpt lat="-38.19338" lon="175.45654">
        <ele>90.7</ele>
      </trkpt>
      <trkpt lat="-38.19326" lon="175.45701">
        <ele>89.4</ele>
      </trkpt>
      <trkpt lat="-38.1931" lon="175.45764">
        <ele>87.7</ele>
      </trkpt>
      <trkpt lat="-38.19294" lon="175.45827">
        <ele>88.4</ele>
      </trkpt>
      <trkpt lat="-38.19281" lon="175.45899">
        <ele>89.6</ele>
      </trkpt>
      <trkpt lat="-38.19265" lon="175.46007">
        <ele>91.3</ele>
      </trkpt>
      <trkpt lat="-38.19248" lon="175.46115">
        <ele>89.7</ele>
      </trkpt>
      <trkpt lat="-38.19232" lon="175.46223">
        <ele>92.0</ele>
      </trkpt>
      <trkpt lat="-38.1922" lon="175.46314">
        <ele>96.6</ele>
      </trkpt>
      <trkpt lat="-38.19208" lon="175.46404">
        <ele>98.7</ele>
      </trkpt>
      <trkpt lat="-38.19196" lon="175.46495">
        <ele>98.1</ele>
      </trkpt>
      <trkpt lat="-38.19184" lon="175.46586">
        <ele>103.2</ele>
      </trkpt>
      <trkpt lat="-38.19181" lon="175.46629">
        <ele>102.7</ele>
      </trkpt>
      <trkpt lat="-38.19184" lon="175.46673">
        <ele>102.3</ele>
      </trkpt>
      <trkpt lat="-38.19197" lon="175.46765">
        <ele>102.7</ele>
      </trkpt>
      <trkpt lat="-38.19209" lon="175.46856">
        <ele>107.0</ele>
      </trkpt>
      <trkpt lat="-38.19222" lon="175.46948">
        <ele>111.4</ele>
      </trkpt>
      <trkpt lat="-38.19231" lon="175.47031">
        <ele>112.3</ele>
      </trkpt>
      <trkpt lat="-38.1924" lon="175.47115">
        <ele>114.2</ele>
      </trkpt>
      <trkpt lat="-38.19249" lon="175.47199">
        <ele>113.8</ele>
      </trkpt>
      <trkpt lat="-38.19255" lon="175.47239">
        <ele>110.9</ele>
      </trkpt>
      <trkpt lat="-38.19266" lon="175.47279">
        <ele>110.5</ele>
      </trkpt>
      <trkpt lat="-38.1928" lon="175.47315">
        <ele>110.0</ele>
      </trkpt>
      <trkpt lat="-38.193" lon="175.47343">
        <ele>110.0</ele>
      </trkpt>
      <trkpt lat="-38.1932" lon="175.47362">
        <ele>109.9</ele>
      </trkpt>
      <trkpt lat="-38.19377" lon="175.4739">
        <ele>111.7</ele>
      </trkpt>
      <trkpt lat="-38.19416" lon="175.47421">
        <ele>111.9</ele>
      </trkpt>
      <trkpt lat="-38.19479" lon="175.47499">
        <ele>110.9</ele>
      </trkpt>
      <trkpt lat="-38.19542" lon="175.47576">
        <ele>113.5</ele>
      </trkpt>
      <trkpt lat="-38.19567" lon="175.47596">
        <ele>114.5</ele>
      </trkpt>
      <trkpt lat="-38.19645" lon="175.47643">
        <ele>120.6</ele>
      </trkpt>
      <trkpt lat="-38.19723" lon="175.4769">
        <ele>127.1</ele>
      </trkpt>
      <trkpt lat="-38.19801" lon="175.47737">
        <ele>133.9</ele>
      </trkpt>
      <trkpt lat="-38.19829" lon="175.47751">
        <ele>134.9</ele>
      </trkpt>
      <trkpt lat="-38.19895" lon="175.47778">
        <ele>137.5</ele>
      </trkpt>
      <trkpt lat="-38.19961" lon="175.47805">
        <ele>140.5</ele>
      </trkpt>
      <trkpt lat="-38.20027" lon="175.47832">
        <ele>144.0</ele>
      </trkpt>
      <trkpt lat="-38.20083" lon="175.47862">
        <ele>149.2</ele>
      </trkpt>
      <trkpt lat="-38.20139" lon="175.47892">
        <ele>152.1</ele>
      </trkpt>
      <trkpt lat="-38.20194" lon="175.47922">
        <ele>155.7</ele>
      </trkpt>
      <trkpt lat="-38.2023" lon="175.47944">
        <ele>159.5</ele>
      </trkpt>
      <trkpt lat="-38.20262" lon="175.47966">
        <ele>161.4</ele>
      </trkpt>
      <trkpt lat="-38.20321" lon="175.48015">
        <ele>167.0</ele>
      </trkpt>
      <trkpt lat="-38.2038" lon="175.48064">
        <ele>170.1</ele>
      </trkpt>
      <trkpt lat="-38.20439" lon="175.48113">
        <ele>171.5</ele>
      </trkpt>
      <trkpt lat="-38.20467" lon="175.4814">
        <ele>170.9</ele>
      </trkpt>
      <trkpt lat="-38.20513" lon="175.4819">
        <ele>170.4</ele>
      </trkpt>
      <trkpt lat="-38.2056" lon="175.4824">
        <ele>172.6</ele>
      </trkpt>
      <trkpt lat="-38.20606" lon="175.48291">
        <ele>175.2</ele>
      </trkpt>
      <trkpt lat="-38.20632" lon="175.48324">
        <ele>176.1</ele>
      </trkpt>
      <trkpt lat="-38.20685" lon="175.484">
        <ele>176.5</ele>
      </trkpt>
      <trkpt lat="-38.20737" lon="175.48477">
        <ele>178.8</ele>
      </trkpt>
      <trkpt lat="-38.2079" lon="175.48553">
        <ele>179.5</ele>
      </trkpt>
      <trkpt lat="-38.20842" lon="175.48629">
        <ele>177.5</ele>
      </trkpt>
      <trkpt lat="-38.20894" lon="175.48705">
        <ele>177.5</ele>
      </trkpt>
      <trkpt lat="-38.20911" lon="175.48748">
        <ele>177.7</ele>
      </trkpt>
      <trkpt lat="-38.2092" lon="175.48794">
        <ele>181.4</ele>
      </trkpt>
      <trkpt lat="-38.2092" lon="175.48832">
        <ele>184.1</ele>
      </trkpt>
      <trkpt lat="-38.20918" lon="175.48843">
        <ele>184.3</ele>
      </trkpt>
      <trkpt lat="-38.20918" lon="175.48843">
        <ele>184.3</ele>
      </trkpt>
      <trkpt lat="-38.20914" lon="175.48867">
        <ele>184.5</ele>
      </trkpt>
      <trkpt lat="-38.20907" lon="175.48897">
        <ele>184.5</ele>
      </trkpt>
      <trkpt lat="-38.20891" lon="175.48932">
        <ele>184.3</ele>
      </trkpt>
      <trkpt lat="-38.2087" lon="175.4896">
        <ele>183.9</ele>
      </trkpt>
      <trkpt lat="-38.2085" lon="175.4898">
        <ele>183.2</ele>
      </trkpt>
      <trkpt lat="-38.2083" lon="175.48993">
        <ele>182.4</ele>
      </trkpt>
      <trkpt lat="-38.20768" lon="175.49029">
        <ele>181.1</ele>
      </trkpt>
      <trkpt lat="-38.20748" lon="175.49043">
        <ele>180.4</ele>
      </trkpt>
      <trkpt lat="-38.20707" lon="175.49036">
        <ele>178.1</ele>
      </trkpt>
      <trkpt lat="-38.20695" lon="175.49035">
        <ele>177.4</ele>
      </trkpt>
      <trkpt lat="-38.20616" lon="175.49055">
        <ele>173.6</ele>
      </trkpt>
      <trkpt lat="-38.20537" lon="175.49074">
        <ele>172.7</ele>
      </trkpt>
      <trkpt lat="-38.20458" lon="175.49094">
        <ele>174.1</ele>
      </trkpt>
      <trkpt lat="-38.20379" lon="175.49114">
        <ele>174.5</ele>
      </trkpt>
      <trkpt lat="-38.203" lon="175.49133">
        <ele>172.8</ele>
      </trkpt>
      <trkpt lat="-38.2022" lon="175.49153">
        <ele>172.4</ele>
      </trkpt>
      <trkpt lat="-38.20141" lon="175.49173">
        <ele>172.6</ele>
      </trkpt>
      <trkpt lat="-38.20062" lon="175.49192">
        <ele>167.4</ele>
      </trkpt>
      <trkpt lat="-38.19983" lon="175.49212">
        <ele>167.0</ele>
      </trkpt>
      <trkpt lat="-38.19964" lon="175.4922">
        <ele>167.3</ele>
      </trkpt>
      <trkpt lat="-38.19891" lon="175.49261">
        <ele>171.3</ele>
      </trkpt>
      <trkpt lat="-38.19874" lon="175.4927">
        <ele>171.3</ele>
      </trkpt>
      <trkpt lat="-38.19851" lon="175.49274">
        <ele>171.0</ele>
      </trkpt>
      <trkpt lat="-38.19765" lon="175.49278">
        <ele>166.6</ele>
      </trkpt>
      <trkpt lat="-38.19678" lon="175.49281">
        <ele>167.3</ele>
      </trkpt>
      <trkpt lat="-38.19592" lon="175.49284">
        <ele>169.0</ele>
      </trkpt>
      <trkpt lat="-38.1952" lon="175.49295">
        <ele>167.3</ele>
      </trkpt>
      <trkpt lat="-38.19448" lon="175.49306">
        <ele>168.4</ele>
      </trkpt>
      <trkpt lat="-38.19377" lon="175.49317">
        <ele>168.3</ele>
      </trkpt>
      <trkpt lat="-38.19305" lon="175.49328">
        <ele>166.1</ele>
      </trkpt>
      <trkpt lat="-38.1922" lon="175.4934">
        <ele>164.7</ele>
      </trkpt>
      <trkpt lat="-38.19136" lon="175.49352">
        <ele>168.9</ele>
      </trkpt>
      <trkpt lat="-38.19116" lon="175.49358">
        <ele>170.5</ele>
      </trkpt>
      <trkpt lat="-38.19093" lon="175.49367">
        <ele>172.3</ele>
      </trkpt>
      <trkpt lat="-38.19072" lon="175.4938">
        <ele>173.3</ele>
      </trkpt>
      <trkpt lat="-38.19045" lon="175.494">
        <ele>173.6</ele>
      </trkpt>
      <trkpt lat="-38.18976" lon="175.49451">
        <ele>173.7</ele>
      </trkpt>
      <trkpt lat="-38.18906" lon="175.49502">
        <ele>170.8</ele>
      </trkpt>
      <trkpt lat="-38.1888" lon="175.49524">
        <ele>171.5</ele>
      </trkpt>
      <trkpt lat="-38.18861" lon="175.49544">
        <ele>171.5</ele>
      </trkpt>
      <trkpt lat="-38.18846" lon="175.49568">
        <ele>170.6</ele>
      </trkpt>
      <trkpt lat="-38.18808" lon="175.49646">
        <ele>167.8</ele>
      </trkpt>
      <trkpt lat="-38.1877" lon="175.49724">
        <ele>168.9</ele>
      </trkpt>
      <trkpt lat="-38.18742" lon="175.49705">
        <ele>169.6</ele>
      </trkpt>
      <trkpt lat="-38.18732" lon="175.49697">
        <ele>169.0</ele>
      </trkpt>
      <trkpt lat="-38.18724" lon="175.49688">
        <ele>168.6</ele>
      </trkpt>
      <trkpt lat="-38.18679" lon="175.49605">
        <ele>165.6</ele>
      </trkpt>
      <trkpt lat="-38.18633" lon="175.49523">
        <ele>162.7</ele>
      </trkpt>
      <trkpt lat="-38.18587" lon="175.4944">
        <ele>160.9</ele>
      </trkpt>
      <trkpt lat="-38.18541" lon="175.49358">
        <ele>160.0</ele>
      </trkpt>
      <trkpt lat="-38.18519" lon="175.49328">
        <ele>160.2</ele>
      </trkpt>
      <trkpt lat="-38.18487" lon="175.49299">
        <ele>160.2</ele>
      </trkpt>
      <trkpt lat="-38.18457" lon="175.49286">
        <ele>160.9</ele>
      </trkpt>
      <trkpt lat="-38.18426" lon="175.49274">
        <ele>162.3</ele>
      </trkpt>
      <trkpt lat="-38.1838" lon="175.49268">
        <ele>163.8</ele>
      </trkpt>
      <trkpt lat="-38.18335" lon="175.49261">
        <ele>165.3</ele>
      </trkpt>
      <trkpt lat="-38.18302" lon="175.49258">
        <ele>163.7</ele>
      </trkpt>
      <trkpt lat="-38.18272" lon="175.49258">
        <ele>162.0</ele>
      </trkpt>
      <trkpt lat="-38.18246" lon="175.49265">
        <ele>160.5</ele>
      </trkpt>
      <trkpt lat="-38.18173" lon="175.49287">
        <ele>161.7</ele>
      </trkpt>
      <trkpt lat="-38.18099" lon="175.49309">
        <ele>163.8</ele>
      </trkpt>
      <trkpt lat="-38.18026" lon="175.49331">
        <ele>164.1</ele>
      </trkpt>
      <trkpt lat="-38.17953" lon="175.49353">
        <ele>160.3</ele>
      </trkpt>
      <trkpt lat="-38.1788" lon="175.49375">
        <ele>155.6</ele>
      </trkpt>
      <trkpt lat="-38.17853" lon="175.49376">
        <ele>153.8</ele>
      </trkpt>
      <trkpt lat="-38.17826" lon="175.49376">
        <ele>151.9</ele>
      </trkpt>
      <trkpt lat="-38.17795" lon="175.49366">
        <ele>148.9</ele>
      </trkpt>
      <trkpt lat="-38.17763" lon="175.49342">
        <ele>145.9</ele>
      </trkpt>
      <trkpt lat="-38.17736" lon="175.49316">
        <ele>146.9</ele>
      </trkpt>
      <trkpt lat="-38.17693" lon="175.49277">
        <ele>151.3</ele>
      </trkpt>
      <trkpt lat="-38.1765" lon="175.49238">
        <ele>154.5</ele>
      </trkpt>
      <trkpt lat="-38.17591" lon="175.49203">
        <ele>154.7</ele>
      </trkpt>
      <trkpt lat="-38.17532" lon="175.49168">
        <ele>155.6</ele>
      </trkpt>
      <trkpt lat="-38.1745" lon="175.49131">
        <ele>159.1</ele>
      </trkpt>
      <trkpt lat="-38.17367" lon="175.49093">
        <ele>154.9</ele>
      </trkpt>
      <trkpt lat="-38.17285" lon="175.49056">
        <ele>150.6</ele>
      </trkpt>
      <trkpt lat="-38.17202" lon="175.49019">
        <ele>149.8</ele>
      </trkpt>
      <trkpt lat="-38.17146" lon="175.49013">
        <ele>151.5</ele>
      </trkpt>
      <trkpt lat="-38.17089" lon="175.49008">
        <ele>153.3</ele>
      </trkpt>
      <trkpt lat="-38.17062" lon="175.49001">
        <ele>152.7</ele>
      </trkpt>
      <trkpt lat="-38.17036" lon="175.48986">
        <ele>152.8</ele>
      </trkpt>
      <trkpt lat="-38.1701" lon="175.48953">
        <ele>154.0</ele>
      </trkpt>
      <trkpt lat="-38.16976" lon="175.48883">
        <ele>155.9</ele>
      </trkpt>
      <trkpt lat="-38.16943" lon="175.48813">
        <ele>153.5</ele>
      </trkpt>
      <trkpt lat="-38.16911" lon="175.48751">
        <ele>148.0</ele>
      </trkpt>
      <trkpt lat="-38.1688" lon="175.48689">
        <ele>144.3</ele>
      </trkpt>
      <trkpt lat="-38.16863" lon="175.48641">
        <ele>142.0</ele>
      </trkpt>
      <trkpt lat="-38.16853" lon="175.48564">
        <ele>140.6</ele>
      </trkpt>
      <trkpt lat="-38.16842" lon="175.48521">
        <ele>141.0</ele>
      </trkpt>
      <trkpt lat="-38.16802" lon="175.48437">
        <ele>140.2</ele>
      </trkpt>
      <trkpt lat="-38.16769" lon="175.48384">
        <ele>139.5</ele>
      </trkpt>
      <trkpt lat="-38.16738" lon="175.4831">
        <ele>140.2</ele>
      </trkpt>
      <trkpt lat="-38.16707" lon="175.48236">
        <ele>142.5</ele>
      </trkpt>
      <trkpt lat="-38.16678" lon="175.4819">
        <ele>142.0</ele>
      </trkpt>
      <trkpt lat="-38.16643" lon="175.48157">
        <ele>142.7</ele>
      </trkpt>
      <trkpt lat="-38.16579" lon="175.48113">
        <ele>143.9</ele>
      </trkpt>
      <trkpt lat="-38.16516" lon="175.4807">
        <ele>143.7</ele>
      </trkpt>
      <trkpt lat="-38.1647" lon="175.48023">
        <ele>145.9</ele>
      </trkpt>
      <trkpt lat="-38.16412" lon="175.47959">
        <ele>145.9</ele>
      </trkpt>
      <trkpt lat="-38.16355" lon="175.47896">
        <ele>145.7</ele>
      </trkpt>
      <trkpt lat="-38.16298" lon="175.47832">
        <ele>147.9</ele>
      </trkpt>
      <trkpt lat="-38.16241" lon="175.47769">
        <ele>151.1</ele>
      </trkpt>
      <trkpt lat="-38.16183" lon="175.47705">
        <ele>151.0</ele>
      </trkpt>
      <trkpt lat="-38.16126" lon="175.47642">
        <ele>155.5</ele>
      </trkpt>
      <trkpt lat="-38.16101" lon="175.47616">
        <ele>158.3</ele>
      </trkpt>
      <trkpt lat="-38.16076" lon="175.47605">
        <ele>159.4</ele>
      </trkpt>
      <trkpt lat="-38.16027" lon="175.47596">
        <ele>158.9</ele>
      </trkpt>
      <trkpt lat="-38.15977" lon="175.47588">
        <ele>158.2</ele>
      </trkpt>
      <trkpt lat="-38.1592" lon="175.47577">
        <ele>156.5</ele>
      </trkpt>
      <trkpt lat="-38.15863" lon="175.47566">
        <ele>157.5</ele>
      </trkpt>
      <trkpt lat="-38.15805" lon="175.47554">
        <ele>157.1</ele>
      </trkpt>
      <trkpt lat="-38.15748" lon="175.47541">
        <ele>154.8</ele>
      </trkpt>
      <trkpt lat="-38.15688" lon="175.47515">
        <ele>147.6</ele>
      </trkpt>
      <trkpt lat="-38.15676" lon="175.47542">
        <ele>145.7</ele>
      </trkpt>
      <trkpt lat="-38.15676" lon="175.47542">
        <ele>145.7</ele>
      </trkpt>
      <trkpt lat="-38.15635" lon="175.47636">
        <ele>139.9</ele>
      </trkpt>
      <trkpt lat="-38.15602" lon="175.47711">
        <ele>134.5</ele>
      </trkpt>
      <trkpt lat="-38.15568" lon="175.47787">
        <ele>132.2</ele>
      </trkpt>
      <trkpt lat="-38.15535" lon="175.47862">
        <ele>133.1</ele>
      </trkpt>
      <trkpt lat="-38.15515" lon="175.47921">
        <ele>133.3</ele>
      </trkpt>
      <trkpt lat="-38.15502" lon="175.47967">
        <ele>135.1</ele>
      </trkpt>
      <trkpt lat="-38.15487" lon="175.48055">
        <ele>140.1</ele>
      </trkpt>
      <trkpt lat="-38.15473" lon="175.48143">
        <ele>145.9</ele>
      </trkpt>
      <trkpt lat="-38.15451" lon="175.48193">
        <ele>150.8</ele>
      </trkpt>
      <trkpt lat="-38.1542" lon="175.48244">
        <ele>156.4</ele>
      </trkpt>
      <trkpt lat="-38.15383" lon="175.48277">
        <ele>158.1</ele>
      </trkpt>
      <trkpt lat="-38.15354" lon="175.48287">
        <ele>158.7</ele>
      </trkpt>
      <trkpt lat="-38.15328" lon="175.48293">
        <ele>159.3</ele>
      </trkpt>
      <trkpt lat="-38.15289" lon="175.48287">
        <ele>162.0</ele>
      </trkpt>
      <trkpt lat="-38.15231" lon="175.48268">
        <ele>164.9</ele>
      </trkpt>
      <trkpt lat="-38.15173" lon="175.48249">
        <ele>166.8</ele>
      </trkpt>
      <trkpt lat="-38.15114" lon="175.4823">
        <ele>166.6</ele>
      </trkpt>
      <trkpt lat="-38.15028" lon="175.48208">
        <ele>167.3</ele>
      </trkpt>
      <trkpt lat="-38.14991" lon="175.48209">
        <ele>167.3</ele>
      </trkpt>
      <trkpt lat="-38.14951" lon="175.48216">
        <ele>166.1</ele>
      </trkpt>
      <trkpt lat="-38.14903" lon="175.48231">
        <ele>164.6</ele>
      </trkpt>
      <trkpt lat="-38.14873" lon="175.48247">
        <ele>164.5</ele>
      </trkpt>
      <trkpt lat="-38.14833" lon="175.48277">
        <ele>162.8</ele>
      </trkpt>
      <trkpt lat="-38.14799" lon="175.48316">
        <ele>161.0</ele>
      </trkpt>
      <trkpt lat="-38.14767" lon="175.48362">
        <ele>158.6</ele>
      </trkpt>
      <trkpt lat="-38.14727" lon="175.48428">
        <ele>151.1</ele>
      </trkpt>
      <trkpt lat="-38.14688" lon="175.48495">
        <ele>145.0</ele>
      </trkpt>
      <trkpt lat="-38.14667" lon="175.48541">
        <ele>142.5</ele>
      </trkpt>
      <trkpt lat="-38.14652" lon="175.48593">
        <ele>137.0</ele>
      </trkpt>
      <trkpt lat="-38.14641" lon="175.48642">
        <ele>129.6</ele>
      </trkpt>
      <trkpt lat="-38.14634" lon="175.48696">
        <ele>124.0</ele>
      </trkpt>
      <trkpt lat="-38.14633" lon="175.48753">
        <ele>120.3</ele>
      </trkpt>
      <trkpt lat="-38.14638" lon="175.48818">
        <ele>117.1</ele>
      </trkpt>
      <trkpt lat="-38.14645" lon="175.48878">
        <ele>115.5</ele>
      </trkpt>
      <trkpt lat="-38.1465" lon="175.48939">
        <ele>114.7</ele>
      </trkpt>
      <trkpt lat="-38.14648" lon="175.48988">
        <ele>114.0</ele>
      </trkpt>
      <trkpt lat="-38.1464" lon="175.49035">
        <ele>112.4</ele>
      </trkpt>
      <trkpt lat="-38.14613" lon="175.49123">
        <ele>109.4</ele>
      </trkpt>
      <trkpt lat="-38.14587" lon="175.4921">
        <ele>105.5</ele>
      </trkpt>
      <trkpt lat="-38.1458" lon="175.49235">
        <ele>103.8</ele>
      </trkpt>
      <trkpt lat="-38.14573" lon="175.49268">
        <ele>101.4</ele>
      </trkpt>
      <trkpt lat="-38.14558" lon="175.4934">
        <ele>96.7</ele>
      </trkpt>
      <trkpt lat="-38.14544" lon="175.49412">
        <ele>94.5</ele>
      </trkpt>
      <trkpt lat="-38.1454" lon="175.49447">
        <ele>94.6</ele>
      </trkpt>
      <trkpt lat="-38.14538" lon="175.49481">
        <ele>94.6</ele>
      </trkpt>
      <trkpt lat="-38.14542" lon="175.49528">
        <ele>94.3</ele>
      </trkpt>
      <trkpt lat="-38.14554" lon="175.49601">
        <ele>93.0</ele>
      </trkpt>
      <trkpt lat="-38.14569" lon="175.49692">
        <ele>90.7</ele>
      </trkpt>
      <trkpt lat="-38.14573" lon="175.49736">
        <ele>90.8</ele>
      </trkpt>
      <trkpt lat="-38.14574" lon="175.49765">
        <ele>91.0</ele>
      </trkpt>
      <trkpt lat="-38.1457" lon="175.49842">
        <ele>92.0</ele>
      </trkpt>
      <trkpt lat="-38.14567" lon="175.49918">
        <ele>89.7</ele>
      </trkpt>
      <trkpt lat="-38.14564" lon="175.49995">
        <ele>87.9</ele>
      </trkpt>
      <trkpt lat="-38.14564" lon="175.50027">
        <ele>88.3</ele>
      </trkpt>
      <trkpt lat="-38.14567" lon="175.50058">
        <ele>89.1</ele>
      </trkpt>
      <trkpt lat="-38.14577" lon="175.50143">
        <ele>91.3</ele>
      </trkpt>
      <trkpt lat="-38.1458" lon="175.50172">
        <ele>91.9</ele>
      </trkpt>
      <trkpt lat="-38.14579" lon="175.50207">
        <ele>92.1</ele>
      </trkpt>
      <trkpt lat="-38.14576" lon="175.5024">
        <ele>92.1</ele>
      </trkpt>
      <trkpt lat="-38.14553" lon="175.50344">
        <ele>90.9</ele>
      </trkpt>
      <trkpt lat="-38.14549" lon="175.50376">
        <ele>89.2</ele>
      </trkpt>
      <trkpt lat="-38.14547" lon="175.50428">
        <ele>86.9</ele>
      </trkpt>
      <trkpt lat="-38.1455" lon="175.50457">
        <ele>86.0</ele>
      </trkpt>
      <trkpt lat="-38.1456" lon="175.50549">
        <ele>84.2</ele>
      </trkpt>
      <trkpt lat="-38.1457" lon="175.50642">
        <ele>85.0</ele>
      </trkpt>
      <trkpt lat="-38.1458" lon="175.50734">
        <ele>85.1</ele>
      </trkpt>
      <trkpt lat="-38.14585" lon="175.50811">
        <ele>83.6</ele>
      </trkpt>
      <trkpt lat="-38.14588" lon="175.50861">
        <ele>84.5</ele>
      </trkpt>
      <trkpt lat="-38.14591" lon="175.50902">
        <ele>85.3</ele>
      </trkpt>
      <trkpt lat="-38.14599" lon="175.51003">
        <ele>87.3</ele>
      </trkpt>
      <trkpt lat="-38.14607" lon="175.51103">
        <ele>90.7</ele>
      </trkpt>
      <trkpt lat="-38.14614" lon="175.51204">
        <ele>95.1</ele>
      </trkpt>
      <trkpt lat="-38.14619" lon="175.51238">
        <ele>96.6</ele>
      </trkpt>
      <trkpt lat="-38.14627" lon="175.51268">
        <ele>98.1</ele>
      </trkpt>
      <trkpt lat="-38.14667" lon="175.51359">
        <ele>107.5</ele>
      </trkpt>
      <trkpt lat="-38.14672" lon="175.51383">
        <ele>110.5</ele>
      </trkpt>
      <trkpt lat="-38.14672" lon="175.51399">
        <ele>112.2</ele>
      </trkpt>
      <trkpt lat="-38.14671" lon="175.51423">
        <ele>114.5</ele>
      </trkpt>
      <trkpt lat="-38.14663" lon="175.51453">
        <ele>116.2</ele>
      </trkpt>
      <trkpt lat="-38.14634" lon="175.51526">
        <ele>116.7</ele>
      </trkpt>
      <trkpt lat="-38.14625" lon="175.51555">
        <ele>117.1</ele>
      </trkpt>
      <trkpt lat="-38.1462" lon="175.51582">
        <ele>118.2</ele>
      </trkpt>
      <trkpt lat="-38.14613" lon="175.51641">
        <ele>123.8</ele>
      </trkpt>
      <trkpt lat="-38.14605" lon="175.51701">
        <ele>129.2</ele>
      </trkpt>
      <trkpt lat="-38.14598" lon="175.51727">
        <ele>130.7</ele>
      </trkpt>
      <trkpt lat="-38.14587" lon="175.51748">
        <ele>131.3</ele>
      </trkpt>
      <trkpt lat="-38.14568" lon="175.5177">
        <ele>133.4</ele>
      </trkpt>
      <trkpt lat="-38.14518" lon="175.51816">
        <ele>141.0</ele>
      </trkpt>
      <trkpt lat="-38.14469" lon="175.51862">
        <ele>147.9</ele>
      </trkpt>
      <trkpt lat="-38.14457" lon="175.51877">
        <ele>149.5</ele>
      </trkpt>
      <trkpt lat="-38.14447" lon="175.51901">
        <ele>153.2</ele>
      </trkpt>
      <trkpt lat="-38.14444" lon="175.51921">
        <ele>156.7</ele>
      </trkpt>
      <trkpt lat="-38.14448" lon="175.52028">
        <ele>166.1</ele>
      </trkpt>
      <trkpt lat="-38.1445" lon="175.52049">
        <ele>166.8</ele>
      </trkpt>
      <trkpt lat="-38.14455" lon="175.52078">
        <ele>167.7</ele>
      </trkpt>
      <trkpt lat="-38.14465" lon="175.52093">
        <ele>167.6</ele>
      </trkpt>
      <trkpt lat="-38.14501" lon="175.5214">
        <ele>166.2</ele>
      </trkpt>
      <trkpt lat="-38.14537" lon="175.52187">
        <ele>163.7</ele>
      </trkpt>
      <trkpt lat="-38.14549" lon="175.52207">
        <ele>163.1</ele>
      </trkpt>
      <trkpt lat="-38.14557" lon="175.52232">
        <ele>162.3</ele>
      </trkpt>
      <trkpt lat="-38.1456" lon="175.5226">
        <ele>161.5</ele>
      </trkpt>
      <trkpt lat="-38.14557" lon="175.52283">
        <ele>161.0</ele>
      </trkpt>
      <trkpt lat="-38.14547" lon="175.5231">
        <ele>159.1</ele>
      </trkpt>
      <trkpt lat="-38.14507" lon="175.52385">
        <ele>152.1</ele>
      </trkpt>
      <trkpt lat="-38.14494" lon="175.52417">
        <ele>149.9</ele>
      </trkpt>
      <trkpt lat="-38.14488" lon="175.52444">
        <ele>148.2</ele>
      </trkpt>
      <trkpt lat="-38.14488" lon="175.52476">
        <ele>147.5</ele>
      </trkpt>
      <trkpt lat="-38.14494" lon="175.52528">
        <ele>146.2</ele>
      </trkpt>
      <trkpt lat="-38.14495" lon="175.52545">
        <ele>145.2</ele>
      </trkpt>
      <trkpt lat="-38.14495" lon="175.52566">
        <ele>143.8</ele>
      </trkpt>
      <trkpt lat="-38.1448" lon="175.52657">
        <ele>140.7</ele>
      </trkpt>
      <trkpt lat="-38.14464" lon="175.52748">
        <ele>141.6</ele>
      </trkpt>
      <trkpt lat="-38.14445" lon="175.52855">
        <ele>142.3</ele>
      </trkpt>
      <trkpt lat="-38.14425" lon="175.52962">
        <ele>143.7</ele>
      </trkpt>
      <trkpt lat="-38.14406" lon="175.53069">
        <ele>145.7</ele>
      </trkpt>
      <trkpt lat="-38.14386" lon="175.53176">
        <ele>145.2</ele>
      </trkpt>
      <trkpt lat="-38.14367" lon="175.53283">
        <ele>147.7</ele>
      </trkpt>
      <trkpt lat="-38.14347" lon="175.5339">
        <ele>150.1</ele>
      </trkpt>
      <trkpt lat="-38.14328" lon="175.53497">
        <ele>151.1</ele>
      </trkpt>
      <trkpt lat="-38.14309" lon="175.53604">
        <ele>158.5</ele>
      </trkpt>
      <trkpt lat="-38.14305" lon="175.53615">
        <ele>158.0</ele>
      </trkpt>
      <trkpt lat="-38.14302" lon="175.53622">
        <ele>157.5</ele>
      </trkpt>
      <trkpt lat="-38.14297" lon="175.53628">
        <ele>156.7</ele>
      </trkpt>
      <trkpt lat="-38.14291" lon="175.5363">
        <ele>155.7</ele>
      </trkpt>
      <trkpt lat="-38.14295" lon="175.53638">
        <ele>156.4</ele>
      </trkpt>
      <trkpt lat="-38.14298" lon="175.53648">
        <ele>157.1</ele>
      </trkpt>
      <trkpt lat="-38.14298" lon="175.53657">
        <ele>157.1</ele>
      </trkpt>
      <trkpt lat="-38.14296" lon="175.53673">
        <ele>157.4</ele>
      </trkpt>
      <trkpt lat="-38.14289" lon="175.53699">
        <ele>158.6</ele>
      </trkpt>
      <trkpt lat="-38.14267" lon="175.53767">
        <ele>161.2</ele>
      </trkpt>
      <trkpt lat="-38.14245" lon="175.53835">
        <ele>160.3</ele>
      </trkpt>
      <trkpt lat="-38.14235" lon="175.53861">
        <ele>161.5</ele>
      </trkpt>
      <trkpt lat="-38.14223" lon="175.53888">
        <ele>162.4</ele>
      </trkpt>
      <trkpt lat="-38.14197" lon="175.5393">
        <ele>162.7</ele>
      </trkpt>
      <trkpt lat="-38.14179" lon="175.53965">
        <ele>164.9</ele>
      </trkpt>
      <trkpt lat="-38.14167" lon="175.54003">
        <ele>169.1</ele>
      </trkpt>
      <trkpt lat="-38.14151" lon="175.54071">
        <ele>170.3</ele>
      </trkpt>
      <trkpt lat="-38.14117" lon="175.54166">
        <ele>170.8</ele>
      </trkpt>
      <trkpt lat="-38.14082" lon="175.54261">
        <ele>168.9</ele>
      </trkpt>
      <trkpt lat="-38.14048" lon="175.54356">
        <ele>172.7</ele>
      </trkpt>
      <trkpt lat="-38.14048" lon="175.54356">
        <ele>172.7</ele>
      </trkpt>
      <trkpt lat="-38.14043" lon="175.5437">
        <ele>174.0</ele>
      </trkpt>
      <trkpt lat="-38.14037" lon="175.54392">
        <ele>176.1</ele>
      </trkpt>
      <trkpt lat="-38.14036" lon="175.54405">
        <ele>177.1</ele>
      </trkpt>
      <trkpt lat="-38.14036" lon="175.54415">
        <ele>177.7</ele>
      </trkpt>
      <trkpt lat="-38.14038" lon="175.54427">
        <ele>177.7</ele>
      </trkpt>
      <trkpt lat="-38.14041" lon="175.54436">
        <ele>177.4</ele>
      </trkpt>
      <trkpt lat="-38.14046" lon="175.54446">
        <ele>177.1</ele>
      </trkpt>
      <trkpt lat="-38.14051" lon="175.54453">
        <ele>176.8</ele>
      </trkpt>
      <trkpt lat="-38.14059" lon="175.54464">
        <ele>176.4</ele>
      </trkpt>
      <trkpt lat="-38.1407" lon="175.54475">
        <ele>176.1</ele>
      </trkpt>
      <trkpt lat="-38.14081" lon="175.54484">
        <ele>176.0</ele>
      </trkpt>
      <trkpt lat="-38.14129" lon="175.54517">
        <ele>174.4</ele>
      </trkpt>
      <trkpt lat="-38.14178" lon="175.5455">
        <ele>175.6</ele>
      </trkpt>
      <trkpt lat="-38.1425" lon="175.54595">
        <ele>177.3</ele>
      </trkpt>
      <trkpt lat="-38.14322" lon="175.5464">
        <ele>178.7</ele>
      </trkpt>
      <trkpt lat="-38.14394" lon="175.54685">
        <ele>175.6</ele>
      </trkpt>
      <trkpt lat="-38.14458" lon="175.54722">
        <ele>177.0</ele>
      </trkpt>
      <trkpt lat="-38.14522" lon="175.54759">
        <ele>176.9</ele>
      </trkpt>
      <trkpt lat="-38.14586" lon="175.54796">
        <ele>173.8</ele>
      </trkpt>
      <trkpt lat="-38.1465" lon="175.54832">
        <ele>172.2</ele>
      </trkpt>
      <trkpt lat="-38.14648" lon="175.54838">
        <ele>172.3</ele>
      </trkpt>
      <trkpt lat="-38.14639" lon="175.54915">
        <ele>174.0</ele>
      </trkpt>
      <trkpt lat="-38.1463" lon="175.54993">
        <ele>175.4</ele>
      </trkpt>
      <trkpt lat="-38.14622" lon="175.55024">
        <ele>176.0</ele>
      </trkpt>
      <trkpt lat="-38.14603" lon="175.55083">
        <ele>176.7</ele>
      </trkpt>
      <trkpt lat="-38.14585" lon="175.55141">
        <ele>174.0</ele>
      </trkpt>
      <trkpt lat="-38.14579" lon="175.55167">
        <ele>172.7</ele>
      </trkpt>
      <trkpt lat="-38.14577" lon="175.55201">
        <ele>171.3</ele>
      </trkpt>
      <trkpt lat="-38.1458" lon="175.55244">
        <ele>169.9</ele>
      </trkpt>
      <trkpt lat="-38.14591" lon="175.55278">
        <ele>167.3</ele>
      </trkpt>
      <trkpt lat="-38.14626" lon="175.55345">
        <ele>167.4</ele>
      </trkpt>
      <trkpt lat="-38.14662" lon="175.55411">
        <ele>166.3</ele>
      </trkpt>
      <trkpt lat="-38.14697" lon="175.55478">
        <ele>161.5</ele>
      </trkpt>
      <trkpt lat="-38.14737" lon="175.55577">
        <ele>156.7</ele>
      </trkpt>
      <trkpt lat="-38.14746" lon="175.55616">
        <ele>156.5</ele>
      </trkpt>
      <trkpt lat="-38.14745" lon="175.55649">
        <ele>155.4</ele>
      </trkpt>
      <trkpt lat="-38.14729" lon="175.55709">
        <ele>152.6</ele>
      </trkpt>
      <trkpt lat="-38.14714" lon="175.55769">
        <ele>148.0</ele>
      </trkpt>
      <trkpt lat="-38.14702" lon="175.55802">
        <ele>144.0</ele>
      </trkpt>
      <trkpt lat="-38.14689" lon="175.55824">
        <ele>141.0</ele>
      </trkpt>
      <trkpt lat="-38.14646" lon="175.55884">
        <ele>136.4</ele>
      </trkpt>
      <trkpt lat="-38.14604" lon="175.55943">
        <ele>135.4</ele>
      </trkpt>
      <trkpt lat="-38.14581" lon="175.55977">
        <ele>135.7</ele>
      </trkpt>
      <trkpt lat="-38.14565" lon="175.56007">
        <ele>135.9</ele>
      </trkpt>
      <trkpt lat="-38.14552" lon="175.56049">
        <ele>135.5</ele>
      </trkpt>
      <trkpt lat="-38.14535" lon="175.56157">
        <ele>130.6</ele>
      </trkpt>
      <trkpt lat="-38.14519" lon="175.56264">
        <ele>124.0</ele>
      </trkpt>
      <trkpt lat="-38.14512" lon="175.56294">
        <ele>123.5</ele>
      </trkpt>
      <trkpt lat="-38.14504" lon="175.56317">
        <ele>123.2</ele>
      </trkpt>
      <trkpt lat="-38.14484" lon="175.56351">
        <ele>123.9</ele>
      </trkpt>
      <trkpt lat="-38.14453" lon="175.56388">
        <ele>125.3</ele>
      </trkpt>
      <trkpt lat="-38.14445" lon="175.56395">
        <ele>125.6</ele>
      </trkpt>
      <trkpt lat="-38.14429" lon="175.56412">
        <ele>126.4</ele>
      </trkpt>
      <trkpt lat="-38.14383" lon="175.56454">
        <ele>133.1</ele>
      </trkpt>
      <trkpt lat="-38.14338" lon="175.56497">
        <ele>134.0</ele>
      </trkpt>
      <trkpt lat="-38.14303" lon="175.56524">
        <ele>134.8</ele>
      </trkpt>
      <trkpt lat="-38.1427" lon="175.56535">
        <ele>136.5</ele>
      </trkpt>
      <trkpt lat="-38.14243" lon="175.56538">
        <ele>137.9</ele>
      </trkpt>
      <trkpt lat="-38.14202" lon="175.56525">
        <ele>140.1</ele>
      </trkpt>
      <trkpt lat="-38.14158" lon="175.56498">
        <ele>144.0</ele>
      </trkpt>
      <trkpt lat="-38.14129" lon="175.56483">
        <ele>146.4</ele>
      </trkpt>
      <trkpt lat="-38.14072" lon="175.56466">
        <ele>149.6</ele>
      </trkpt>
      <trkpt lat="-38.14036" lon="175.56458">
        <ele>156.0</ele>
      </trkpt>
      <trkpt lat="-38.14007" lon="175.56458">
        <ele>159.3</ele>
      </trkpt>
      <trkpt lat="-38.13927" lon="175.56468">
        <ele>163.8</ele>
      </trkpt>
      <trkpt lat="-38.13847" lon="175.56477">
        <ele>169.7</ele>
      </trkpt>
      <trkpt lat="-38.13825" lon="175.56485">
        <ele>168.8</ele>
      </trkpt>
      <trkpt lat="-38.13806" lon="175.56499">
        <ele>164.9</ele>
      </trkpt>
      <trkpt lat="-38.13794" lon="175.56516">
        <ele>164.2</ele>
      </trkpt>
      <trkpt lat="-38.13779" lon="175.56542">
        <ele>163.7</ele>
      </trkpt>
      <trkpt lat="-38.13755" lon="175.56586">
        <ele>162.9</ele>
      </trkpt>
      <trkpt lat="-38.13736" lon="175.56617">
        <ele>161.2</ele>
      </trkpt>
      <trkpt lat="-38.13676" lon="175.56677">
        <ele>163.3</ele>
      </trkpt>
      <trkpt lat="-38.13616" lon="175.56736">
        <ele>164.4</ele>
      </trkpt>
      <trkpt lat="-38.13556" lon="175.56796">
        <ele>175.0</ele>
      </trkpt>
      <trkpt lat="-38.13496" lon="175.56855">
        <ele>187.6</ele>
      </trkpt>
      <trkpt lat="-38.13468" lon="175.56885">
        <ele>186.3</ele>
      </trkpt>
      <trkpt lat="-38.13447" lon="175.56916">
        <ele>185.9</ele>
      </trkpt>
      <trkpt lat="-38.13431" lon="175.56944">
        <ele>184.3</ele>
      </trkpt>
      <trkpt lat="-38.13388" lon="175.57029">
        <ele>181.2</ele>
      </trkpt>
      <trkpt lat="-38.1337" lon="175.57067">
        <ele>179.7</ele>
      </trkpt>
      <trkpt lat="-38.13363" lon="175.57088">
        <ele>179.1</ele>
      </trkpt>
      <trkpt lat="-38.13356" lon="175.57111">
        <ele>178.4</ele>
      </trkpt>
      <trkpt lat="-38.13353" lon="175.57132">
        <ele>178.0</ele>
      </trkpt>
      <trkpt lat="-38.13352" lon="175.57152">
        <ele>177.7</ele>
      </trkpt>
      <trkpt lat="-38.13353" lon="175.5717">
        <ele>177.7</ele>
      </trkpt>
      <trkpt lat="-38.13354" lon="175.57187">
        <ele>178.1</ele>
      </trkpt>
      <trkpt lat="-38.13357" lon="175.57203">
        <ele>178.6</ele>
      </trkpt>
      <trkpt lat="-38.13361" lon="175.57219">
        <ele>179.0</ele>
      </trkpt>
      <trkpt lat="-38.13366" lon="175.57235">
        <ele>179.3</ele>
      </trkpt>
      <trkpt lat="-38.13374" lon="175.5725">
        <ele>179.5</ele>
      </trkpt>
      <trkpt lat="-38.13382" lon="175.57266">
        <ele>179.4</ele>
      </trkpt>
      <trkpt lat="-38.13391" lon="175.57279">
        <ele>179.2</ele>
      </trkpt>
      <trkpt lat="-38.13407" lon="175.57299">
        <ele>178.5</ele>
      </trkpt>
      <trkpt lat="-38.13403" lon="175.57304">
        <ele>178.4</ele>
      </trkpt>
      <trkpt lat="-38.13387" lon="175.57336">
        <ele>178.5</ele>
      </trkpt>
      <trkpt lat="-38.13375" lon="175.57368">
        <ele>180.2</ele>
      </trkpt>
      <trkpt lat="-38.13369" lon="175.57389">
        <ele>181.0</ele>
      </trkpt>
      <trkpt lat="-38.13369" lon="175.57389">
        <ele>181.0</ele>
      </trkpt>
      <trkpt lat="-38.13362" lon="175.57416">
        <ele>181.7</ele>
      </trkpt>
      <trkpt lat="-38.13339" lon="175.57523">
        <ele>183.7</ele>
      </trkpt>
      <trkpt lat="-38.13326" lon="175.57561">
        <ele>185.7</ele>
      </trkpt>
      <trkpt lat="-38.13309" lon="175.57592">
        <ele>186.9</ele>
      </trkpt>
      <trkpt lat="-38.13283" lon="175.57619">
        <ele>186.7</ele>
      </trkpt>
      <trkpt lat="-38.13265" lon="175.57633">
        <ele>186.4</ele>
      </trkpt>
      <trkpt lat="-38.13246" lon="175.57641">
        <ele>185.7</ele>
      </trkpt>
      <trkpt lat="-38.13231" lon="175.57644">
        <ele>184.7</ele>
      </trkpt>
      <trkpt lat="-38.13219" lon="175.57646">
        <ele>183.9</ele>
      </trkpt>
      <trkpt lat="-38.132" lon="175.57646">
        <ele>182.5</ele>
      </trkpt>
      <trkpt lat="-38.13134" lon="175.57639">
        <ele>178.1</ele>
      </trkpt>
      <trkpt lat="-38.13068" lon="175.57632">
        <ele>173.2</ele>
      </trkpt>
      <trkpt lat="-38.13002" lon="175.57626">
        <ele>166.2</ele>
      </trkpt>
      <trkpt lat="-38.12979" lon="175.57625">
        <ele>163.7</ele>
      </trkpt>
      <trkpt lat="-38.12951" lon="175.57628">
        <ele>160.7</ele>
      </trkpt>
      <trkpt lat="-38.12919" lon="175.57642">
        <ele>157.3</ele>
      </trkpt>
      <trkpt lat="-38.1288" lon="175.57671">
        <ele>156.5</ele>
      </trkpt>
      <trkpt lat="-38.12826" lon="175.5772">
        <ele>155.7</ele>
      </trkpt>
      <trkpt lat="-38.12806" lon="175.57739">
        <ele>156.4</ele>
      </trkpt>
      <trkpt lat="-38.12795" lon="175.57757">
        <ele>156.7</ele>
      </trkpt>
      <trkpt lat="-38.12785" lon="175.57777">
        <ele>157.0</ele>
      </trkpt>
      <trkpt lat="-38.12756" lon="175.5786">
        <ele>158.6</ele>
      </trkpt>
      <trkpt lat="-38.12727" lon="175.57944">
        <ele>160.0</ele>
      </trkpt>
      <trkpt lat="-38.12714" lon="175.57989">
        <ele>159.9</ele>
      </trkpt>
      <trkpt lat="-38.12711" lon="175.58003">
        <ele>159.8</ele>
      </trkpt>
      <trkpt lat="-38.12707" lon="175.58061">
        <ele>159.4</ele>
      </trkpt>
      <trkpt lat="-38.12704" lon="175.58118">
        <ele>160.5</ele>
      </trkpt>
      <trkpt lat="-38.127" lon="175.58141">
        <ele>161.8</ele>
      </trkpt>
      <trkpt lat="-38.1269" lon="175.58162">
        <ele>164.3</ele>
      </trkpt>
      <trkpt lat="-38.12681" lon="175.58178">
        <ele>165.5</ele>
      </trkpt>
      <trkpt lat="-38.12642" lon="175.58234">
        <ele>167.2</ele>
      </trkpt>
      <trkpt lat="-38.12604" lon="175.5829">
        <ele>168.4</ele>
      </trkpt>
      <trkpt lat="-38.12544" lon="175.58369">
        <ele>170.5</ele>
      </trkpt>
      <trkpt lat="-38.12484" lon="175.58448">
        <ele>169.7</ele>
      </trkpt>
      <trkpt lat="-38.12424" lon="175.58528">
        <ele>165.7</ele>
      </trkpt>
      <trkpt lat="-38.12364" lon="175.58607">
        <ele>163.8</ele>
      </trkpt>
      <trkpt lat="-38.12345" lon="175.58629">
        <ele>163.2</ele>
      </trkpt>
      <trkpt lat="-38.12326" lon="175.58645">
        <ele>162.6</ele>
      </trkpt>
      <trkpt lat="-38.12306" lon="175.58655">
        <ele>161.6</ele>
      </trkpt>
      <trkpt lat="-38.12286" lon="175.58661">
        <ele>160.6</ele>
      </trkpt>
      <trkpt lat="-38.12196" lon="175.58664">
        <ele>158.7</ele>
      </trkpt>
      <trkpt lat="-38.12107" lon="175.58666">
        <ele>158.1</ele>
      </trkpt>
      <trkpt lat="-38.12017" lon="175.58669">
        <ele>159.4</ele>
      </trkpt>
      <trkpt lat="-38.11928" lon="175.58672">
        <ele>158.0</ele>
      </trkpt>
      <trkpt lat="-38.11838" lon="175.58674">
        <ele>155.1</ele>
      </trkpt>
      <trkpt lat="-38.11763" lon="175.5869">
        <ele>156.5</ele>
      </trkpt>
      <trkpt lat="-38.11688" lon="175.58706">
        <ele>162.2</ele>
      </trkpt>
      <trkpt lat="-38.11642" lon="175.58704">
        <ele>165.1</ele>
      </trkpt>
      <trkpt lat="-38.11596" lon="175.58702">
        <ele>166.5</ele>
      </trkpt>
      <trkpt lat="-38.11521" lon="175.58697">
        <ele>161.6</ele>
      </trkpt>
      <trkpt lat="-38.11478" lon="175.58701">
        <ele>160.2</ele>
      </trkpt>
      <trkpt lat="-38.11433" lon="175.58709">
        <ele>161.2</ele>
      </trkpt>
      <trkpt lat="-38.11384" lon="175.58729">
        <ele>161.5</ele>
      </trkpt>
      <trkpt lat="-38.11307" lon="175.58761">
        <ele>158.3</ele>
      </trkpt>
      <trkpt lat="-38.1123" lon="175.58793">
        <ele>154.1</ele>
      </trkpt>
      <trkpt lat="-38.11173" lon="175.58827">
        <ele>157.1</ele>
      </trkpt>
      <trkpt lat="-38.11133" lon="175.58856">
        <ele>157.7</ele>
      </trkpt>
      <trkpt lat="-38.11093" lon="175.58885">
        <ele>159.2</ele>
      </trkpt>
      <trkpt lat="-38.11038" lon="175.58937">
        <ele>162.0</ele>
      </trkpt>
      <trkpt lat="-38.10983" lon="175.58989">
        <ele>162.1</ele>
      </trkpt>
      <trkpt lat="-38.10928" lon="175.59041">
        <ele>160.6</ele>
      </trkpt>
      <trkpt lat="-38.10904" lon="175.5906">
        <ele>158.6</ele>
      </trkpt>
      <trkpt lat="-38.10873" lon="175.59076">
        <ele>155.0</ele>
      </trkpt>
      <trkpt lat="-38.10824" lon="175.59095">
        <ele>151.3</ele>
      </trkpt>
      <trkpt lat="-38.10772" lon="175.59118">
        <ele>149.6</ele>
      </trkpt>
      <trkpt lat="-38.1072" lon="175.59142">
        <ele>148.8</ele>
      </trkpt>
      <trkpt lat="-38.10664" lon="175.59171">
        <ele>147.7</ele>
      </trkpt>
      <trkpt lat="-38.1063" lon="175.59198">
        <ele>146.5</ele>
      </trkpt>
      <trkpt lat="-38.10604" lon="175.59226">
        <ele>145.5</ele>
      </trkpt>
      <trkpt lat="-38.10588" lon="175.59254">
        <ele>144.8</ele>
      </trkpt>
      <trkpt lat="-38.10569" lon="175.59294">
        <ele>144.3</ele>
      </trkpt>
      <trkpt lat="-38.10559" lon="175.5933">
        <ele>144.0</ele>
      </trkpt>
      <trkpt lat="-38.10554" lon="175.59377">
        <ele>144.6</ele>
      </trkpt>
      <trkpt lat="-38.10553" lon="175.59436">
        <ele>145.7</ele>
      </trkpt>
      <trkpt lat="-38.10552" lon="175.59494">
        <ele>147.7</ele>
      </trkpt>
      <trkpt lat="-38.10551" lon="175.59513">
        <ele>148.2</ele>
      </trkpt>
      <trkpt lat="-38.10548" lon="175.59534">
        <ele>148.8</ele>
      </trkpt>
      <trkpt lat="-38.10543" lon="175.59556">
        <ele>149.7</ele>
      </trkpt>
      <trkpt lat="-38.10537" lon="175.59576">
        <ele>150.8</ele>
      </trkpt>
      <trkpt lat="-38.1053" lon="175.59597">
        <ele>151.1</ele>
      </trkpt>
      <trkpt lat="-38.10521" lon="175.59617">
        <ele>151.1</ele>
      </trkpt>
      <trkpt lat="-38.10503" lon="175.59655">
        <ele>151.2</ele>
      </trkpt>
      <trkpt lat="-38.10495" lon="175.59678">
        <ele>151.1</ele>
      </trkpt>
      <trkpt lat="-38.10483" lon="175.59721">
        <ele>150.6</ele>
      </trkpt>
      <trkpt lat="-38.10479" lon="175.59742">
        <ele>150.2</ele>
      </trkpt>
      <trkpt lat="-38.10476" lon="175.59764">
        <ele>149.7</ele>
      </trkpt>
      <trkpt lat="-38.10474" lon="175.59787">
        <ele>149.1</ele>
      </trkpt>
      <trkpt lat="-38.10475" lon="175.59833">
        <ele>146.9</ele>
      </trkpt>
      <trkpt lat="-38.10477" lon="175.59856">
        <ele>146.7</ele>
      </trkpt>
      <trkpt lat="-38.10486" lon="175.59942">
        <ele>145.9</ele>
      </trkpt>
      <trkpt lat="-38.10495" lon="175.60028">
        <ele>146.5</ele>
      </trkpt>
      <trkpt lat="-38.10504" lon="175.60114">
        <ele>146.7</ele>
      </trkpt>
      <trkpt lat="-38.10508" lon="175.60169">
        <ele>146.4</ele>
      </trkpt>
      <trkpt lat="-38.10503" lon="175.60248">
        <ele>146.9</ele>
      </trkpt>
      <trkpt lat="-38.10497" lon="175.60275">
        <ele>147.3</ele>
      </trkpt>
      <trkpt lat="-38.10473" lon="175.60338">
        <ele>148.8</ele>
      </trkpt>
      <trkpt lat="-38.10448" lon="175.604">
        <ele>147.4</ele>
      </trkpt>
      <trkpt lat="-38.10427" lon="175.60456">
        <ele>146.0</ele>
      </trkpt>
      <trkpt lat="-38.10407" lon="175.60512">
        <ele>143.9</ele>
      </trkpt>
      <trkpt lat="-38.10401" lon="175.60545">
        <ele>141.4</ele>
      </trkpt>
      <trkpt lat="-38.10401" lon="175.60604">
        <ele>138.1</ele>
      </trkpt>
      <trkpt lat="-38.10401" lon="175.60664">
        <ele>136.0</ele>
      </trkpt>
      <trkpt lat="-38.10393" lon="175.607">
        <ele>133.5</ele>
      </trkpt>
      <trkpt lat="-38.10378" lon="175.60734">
        <ele>130.9</ele>
      </trkpt>
      <trkpt lat="-38.10357" lon="175.60778">
        <ele>129.3</ele>
      </trkpt>
      <trkpt lat="-38.10318" lon="175.60844">
        <ele>129.6</ele>
      </trkpt>
      <trkpt lat="-38.1028" lon="175.6091">
        <ele>134.7</ele>
      </trkpt>
      <trkpt lat="-38.10241" lon="175.60976">
        <ele>139.5</ele>
      </trkpt>
      <trkpt lat="-38.10226" lon="175.60999">
        <ele>140.0</ele>
      </trkpt>
      <trkpt lat="-38.10197" lon="175.61028">
        <ele>139.5</ele>
      </trkpt>
      <trkpt lat="-38.10168" lon="175.61049">
        <ele>138.8</ele>
      </trkpt>
      <trkpt lat="-38.10102" lon="175.61084">
        <ele>139.5</ele>
      </trkpt>
      <trkpt lat="-38.10035" lon="175.61118">
        <ele>140.2</ele>
      </trkpt>
      <trkpt lat="-38.09969" lon="175.61153">
        <ele>140.4</ele>
      </trkpt>
      <trkpt lat="-38.09897" lon="175.61206">
        <ele>141.0</ele>
      </trkpt>
      <trkpt lat="-38.09825" lon="175.61258">
        <ele>140.1</ele>
      </trkpt>
      <trkpt lat="-38.09753" lon="175.61311">
        <ele>141.4</ele>
      </trkpt>
      <trkpt lat="-38.09681" lon="175.61363">
        <ele>140.4</ele>
      </trkpt>
      <trkpt lat="-38.09608" lon="175.61416">
        <ele>140.7</ele>
      </trkpt>
      <trkpt lat="-38.09536" lon="175.61469">
        <ele>140.1</ele>
      </trkpt>
      <trkpt lat="-38.09474" lon="175.61516">
        <ele>139.7</ele>
      </trkpt>
      <trkpt lat="-38.09411" lon="175.61563">
        <ele>139.4</ele>
      </trkpt>
      <trkpt lat="-38.09348" lon="175.6161">
        <ele>140.8</ele>
      </trkpt>
      <trkpt lat="-38.09333" lon="175.61621">
        <ele>141.0</ele>
      </trkpt>
      <trkpt lat="-38.09317" lon="175.61628">
        <ele>140.7</ele>
      </trkpt>
      <trkpt lat="-38.09299" lon="175.61627">
        <ele>140.4</ele>
      </trkpt>
      <trkpt lat="-38.09267" lon="175.61621">
        <ele>139.8</ele>
      </trkpt>
      <trkpt lat="-38.09264" lon="175.61635">
        <ele>139.7</ele>
      </trkpt>
      <trkpt lat="-38.09258" lon="175.61653">
        <ele>139.3</ele>
      </trkpt>
      <trkpt lat="-38.09249" lon="175.6167">
        <ele>139.0</ele>
      </trkpt>
      <trkpt lat="-38.09237" lon="175.61686">
        <ele>139.2</ele>
      </trkpt>
      <trkpt lat="-38.09223" lon="175.617">
        <ele>139.4</ele>
      </trkpt>
      <trkpt lat="-38.09205" lon="175.61714">
        <ele>139.6</ele>
      </trkpt>
      <trkpt lat="-38.09132" lon="175.61767">
        <ele>139.9</ele>
      </trkpt>
      <trkpt lat="-38.09059" lon="175.61821">
        <ele>139.1</ele>
      </trkpt>
      <trkpt lat="-38.08986" lon="175.61874">
        <ele>139.5</ele>
      </trkpt>
      <trkpt lat="-38.08913" lon="175.61928">
        <ele>140.0</ele>
      </trkpt>
      <trkpt lat="-38.08841" lon="175.61981">
        <ele>139.1</ele>
      </trkpt>
      <trkpt lat="-38.08768" lon="175.62035">
        <ele>141.1</ele>
      </trkpt>
      <trkpt lat="-38.08695" lon="175.62088">
        <ele>142.5</ele>
      </trkpt>
      <trkpt lat="-38.08622" lon="175.62142">
        <ele>140.4</ele>
      </trkpt>
      <trkpt lat="-38.08549" lon="175.62195">
        <ele>138.9</ele>
      </trkpt>
      <trkpt lat="-38.0853" lon="175.62213">
        <ele>138.9</ele>
      </trkpt>
      <trkpt lat="-38.08506" lon="175.6224">
        <ele>139.0</ele>
      </trkpt>
      <trkpt lat="-38.08478" lon="175.62282">
        <ele>139.9</ele>
      </trkpt>
      <trkpt lat="-38.08471" lon="175.62299">
        <ele>140.3</ele>
      </trkpt>
      <trkpt lat="-38.08446" lon="175.62358">
        <ele>141.5</ele>
      </trkpt>
      <trkpt lat="-38.08412" lon="175.62449">
        <ele>143.3</ele>
      </trkpt>
      <trkpt lat="-38.08379" lon="175.62541">
        <ele>146.4</ele>
      </trkpt>
      <trkpt lat="-38.08368" lon="175.62572">
        <ele>146.3</ele>
      </trkpt>
      <trkpt lat="-38.08362" lon="175.62593">
        <ele>146.0</ele>
      </trkpt>
      <trkpt lat="-38.0835" lon="175.62638">
        <ele>145.2</ele>
      </trkpt>
      <trkpt lat="-38.08345" lon="175.62664">
        <ele>144.6</ele>
      </trkpt>
      <trkpt lat="-38.0834" lon="175.62692">
        <ele>144.2</ele>
      </trkpt>
      <trkpt lat="-38.08329" lon="175.62794">
        <ele>142.5</ele>
      </trkpt>
      <trkpt lat="-38.08324" lon="175.62827">
        <ele>142.1</ele>
      </trkpt>
      <trkpt lat="-38.08313" lon="175.62895">
        <ele>142.6</ele>
      </trkpt>
      <trkpt lat="-38.08303" lon="175.62963">
        <ele>141.8</ele>
      </trkpt>
      <trkpt lat="-38.08298" lon="175.63008">
        <ele>141.0</ele>
      </trkpt>
      <trkpt lat="-38.08293" lon="175.63111">
        <ele>139.8</ele>
      </trkpt>
      <trkpt lat="-38.08291" lon="175.63133">
        <ele>138.9</ele>
      </trkpt>
      <trkpt lat="-38.08288" lon="175.63156">
        <ele>138.1</ele>
      </trkpt>
      <trkpt lat="-38.08282" lon="175.6319">
        <ele>137.8</ele>
      </trkpt>
      <trkpt lat="-38.08275" lon="175.63211">
        <ele>137.9</ele>
      </trkpt>
      <trkpt lat="-38.08264" lon="175.63241">
        <ele>137.9</ele>
      </trkpt>
      <trkpt lat="-38.08245" lon="175.6328">
        <ele>139.7</ele>
      </trkpt>
      <trkpt lat="-38.08215" lon="175.63337">
        <ele>140.6</ele>
      </trkpt>
      <trkpt lat="-38.08185" lon="175.63394">
        <ele>142.7</ele>
      </trkpt>
      <trkpt lat="-38.0815" lon="175.63459">
        <ele>143.5</ele>
      </trkpt>
      <trkpt lat="-38.08115" lon="175.63525">
        <ele>143.0</ele>
      </trkpt>
      <trkpt lat="-38.0808" lon="175.6359">
        <ele>140.8</ele>
      </trkpt>
      <trkpt lat="-38.08068" lon="175.63608">
        <ele>140.1</ele>
      </trkpt>
      <trkpt lat="-38.08057" lon="175.6362">
        <ele>139.7</ele>
      </trkpt>
      <trkpt lat="-38.08043" lon="175.63633">
        <ele>139.3</ele>
      </trkpt>
      <trkpt lat="-38.08021" lon="175.63649">
        <ele>139.0</ele>
      </trkpt>
      <trkpt lat="-38.08008" lon="175.6366">
        <ele>139.0</ele>
      </trkpt>
      <trkpt lat="-38.08003" lon="175.63666">
        <ele>139.0</ele>
      </trkpt>
      <trkpt lat="-38.07999" lon="175.63673">
        <ele>138.5</ele>
      </trkpt>
      <trkpt lat="-38.07993" lon="175.63686">
        <ele>137.1</ele>
      </trkpt>
      <trkpt lat="-38.0799" lon="175.63698">
        <ele>136.0</ele>
      </trkpt>
      <trkpt lat="-38.0799" lon="175.63709">
        <ele>135.3</ele>
      </trkpt>
      <trkpt lat="-38.07994" lon="175.63726">
        <ele>134.4</ele>
      </trkpt>
      <trkpt lat="-38.07996" lon="175.63734">
        <ele>133.9</ele>
      </trkpt>
      <trkpt lat="-38.08002" lon="175.63744">
        <ele>133.4</ele>
      </trkpt>
      <trkpt lat="-38.08012" lon="175.63753">
        <ele>132.7</ele>
      </trkpt>
      <trkpt lat="-38.08026" lon="175.63763">
        <ele>131.4</ele>
      </trkpt>
      <trkpt lat="-38.08042" lon="175.6377">
        <ele>130.5</ele>
      </trkpt>
      <trkpt lat="-38.0806" lon="175.63776">
        <ele>129.5</ele>
      </trkpt>
      <trkpt lat="-38.0807" lon="175.63777">
        <ele>129.3</ele>
      </trkpt>
      <trkpt lat="-38.08096" lon="175.63778">
        <ele>130.8</ele>
      </trkpt>
      <trkpt lat="-38.08106" lon="175.6378">
        <ele>131.9</ele>
      </trkpt>
      <trkpt lat="-38.08112" lon="175.63783">
        <ele>132.2</ele>
      </trkpt>
      <trkpt lat="-38.08117" lon="175.63788">
        <ele>131.2</ele>
      </trkpt>
      <trkpt lat="-38.0812" lon="175.63797">
        <ele>130.1</ele>
      </trkpt>
      <trkpt lat="-38.08123" lon="175.63808">
        <ele>128.8</ele>
      </trkpt>
      <trkpt lat="-38.08128" lon="175.63869">
        <ele>122.0</ele>
      </trkpt>
      <trkpt lat="-38.08129" lon="175.63878">
        <ele>120.9</ele>
      </trkpt>
      <trkpt lat="-38.08131" lon="175.63883">
        <ele>120.3</ele>
      </trkpt>
      <trkpt lat="-38.08136" lon="175.6389">
        <ele>119.3</ele>
      </trkpt>
      <trkpt lat="-38.0814" lon="175.63894">
        <ele>118.6</ele>
      </trkpt>
      <trkpt lat="-38.08148" lon="175.63896">
        <ele>117.8</ele>
      </trkpt>
      <trkpt lat="-38.08155" lon="175.63895">
        <ele>117.5</ele>
      </trkpt>
      <trkpt lat="-38.08174" lon="175.63884">
        <ele>117.5</ele>
      </trkpt>
      <trkpt lat="-38.08182" lon="175.63883">
        <ele>117.5</ele>
      </trkpt>
      <trkpt lat="-38.08192" lon="175.63884">
        <ele>117.5</ele>
      </trkpt>
      <trkpt lat="-38.08203" lon="175.63887">
        <ele>117.5</ele>
      </trkpt>
      <trkpt lat="-38.08212" lon="175.63892">
        <ele>117.5</ele>
      </trkpt>
      <trkpt lat="-38.08212" lon="175.63892">
        <ele>117.5</ele>
      </trkpt>
      <trkpt lat="-38.08203" lon="175.63887">
        <ele>117.5</ele>
      </trkpt>
      <trkpt lat="-38.08192" lon="175.63884">
        <ele>117.5</ele>
      </trkpt>
      <trkpt lat="-38.08182" lon="175.63883">
        <ele>117.5</ele>
      </trkpt>
      <trkpt lat="-38.08174" lon="175.63884">
        <ele>117.5</ele>
      </trkpt>
      <trkpt lat="-38.08155" lon="175.63895">
        <ele>117.5</ele>
      </trkpt>
      <trkpt lat="-38.08148" lon="175.63896">
        <ele>117.8</ele>
      </trkpt>
      <trkpt lat="-38.0814" lon="175.63894">
        <ele>118.6</ele>
      </trkpt>
      <trkpt lat="-38.08136" lon="175.6389">
        <ele>119.3</ele>
      </trkpt>
      <trkpt lat="-38.08131" lon="175.63883">
        <ele>120.3</ele>
      </trkpt>
      <trkpt lat="-38.08129" lon="175.63878">
        <ele>120.9</ele>
      </trkpt>
      <trkpt lat="-38.08128" lon="175.63869">
        <ele>122.0</ele>
      </trkpt>
      <trkpt lat="-38.08123" lon="175.63808">
        <ele>128.8</ele>
      </trkpt>
      <trkpt lat="-38.0812" lon="175.63797">
        <ele>130.1</ele>
      </trkpt>
      <trkpt lat="-38.08117" lon="175.63788">
        <ele>131.2</ele>
      </trkpt>
      <trkpt lat="-38.08112" lon="175.63783">
        <ele>132.2</ele>
      </trkpt>
      <trkpt lat="-38.08106" lon="175.6378">
        <ele>131.9</ele>
      </trkpt>
      <trkpt lat="-38.08096" lon="175.63778">
        <ele>130.8</ele>
      </trkpt>
      <trkpt lat="-38.0807" lon="175.63777">
        <ele>129.3</ele>
      </trkpt>
      <trkpt lat="-38.0806" lon="175.63776">
        <ele>129.5</ele>
      </trkpt>
      <trkpt lat="-38.08042" lon="175.6377">
        <ele>130.5</ele>
      </trkpt>
      <trkpt lat="-38.08026" lon="175.63763">
        <ele>131.4</ele>
      </trkpt>
      <trkpt lat="-38.08012" lon="175.63753">
        <ele>132.7</ele>
      </trkpt>
      <trkpt lat="-38.08002" lon="175.63744">
        <ele>133.4</ele>
      </trkpt>
      <trkpt lat="-38.07996" lon="175.63734">
        <ele>133.9</ele>
      </trkpt>
      <trkpt lat="-38.07994" lon="175.63726">
        <ele>134.4</ele>
      </trkpt>
      <trkpt lat="-38.0799" lon="175.63709">
        <ele>135.3</ele>
      </trkpt>
      <trkpt lat="-38.0799" lon="175.63698">
        <ele>136.0</ele>
      </trkpt>
      <trkpt lat="-38.07993" lon="175.63686">
        <ele>137.1</ele>
      </trkpt>
      <trkpt lat="-38.07999" lon="175.63673">
        <ele>138.5</ele>
      </trkpt>
      <trkpt lat="-38.08003" lon="175.63666">
        <ele>139.0</ele>
      </trkpt>
      <trkpt lat="-38.08008" lon="175.6366">
        <ele>139.0</ele>
      </trkpt>
      <trkpt lat="-38.08021" lon="175.63649">
        <ele>139.0</ele>
      </trkpt>
      <trkpt lat="-38.08043" lon="175.63633">
        <ele>139.3</ele>
      </trkpt>
      <trkpt lat="-38.08057" lon="175.6362">
        <ele>139.7</ele>
      </trkpt>
      <trkpt lat="-38.08068" lon="175.63608">
        <ele>140.1</ele>
      </trkpt>
      <trkpt lat="-38.0808" lon="175.6359">
        <ele>140.8</ele>
      </trkpt>
      <trkpt lat="-38.08115" lon="175.63525">
        <ele>143.0</ele>
      </trkpt>
      <trkpt lat="-38.0815" lon="175.63459">
        <ele>143.5</ele>
      </trkpt>
      <trkpt lat="-38.08185" lon="175.63394">
        <ele>142.7</ele>
      </trkpt>
      <trkpt lat="-38.08215" lon="175.63337">
        <ele>140.6</ele>
      </trkpt>
      <trkpt lat="-38.08245" lon="175.6328">
        <ele>139.7</ele>
      </trkpt>
      <trkpt lat="-38.08264" lon="175.63241">
        <ele>137.9</ele>
      </trkpt>
      <trkpt lat="-38.08275" lon="175.63211">
        <ele>137.9</ele>
      </trkpt>
      <trkpt lat="-38.08282" lon="175.6319">
        <ele>137.8</ele>
      </trkpt>
      <trkpt lat="-38.08288" lon="175.63156">
        <ele>138.1</ele>
      </trkpt>
      <trkpt lat="-38.08291" lon="175.63133">
        <ele>138.9</ele>
      </trkpt>
      <trkpt lat="-38.08293" lon="175.63111">
        <ele>139.8</ele>
      </trkpt>
      <trkpt lat="-38.08298" lon="175.63008">
        <ele>141.0</ele>
      </trkpt>
      <trkpt lat="-38.08303" lon="175.62963">
        <ele>141.8</ele>
      </trkpt>
      <trkpt lat="-38.08313" lon="175.62895">
        <ele>142.6</ele>
      </trkpt>
      <trkpt lat="-38.08324" lon="175.62827">
        <ele>142.1</ele>
      </trkpt>
      <trkpt lat="-38.08329" lon="175.62794">
        <ele>142.5</ele>
      </trkpt>
      <trkpt lat="-38.0834" lon="175.62692">
        <ele>144.2</ele>
      </trkpt>
      <trkpt lat="-38.08345" lon="175.62664">
        <ele>144.6</ele>
      </trkpt>
      <trkpt lat="-38.0835" lon="175.62638">
        <ele>145.2</ele>
      </trkpt>
      <trkpt lat="-38.08362" lon="175.62593">
        <ele>146.0</ele>
      </trkpt>
      <trkpt lat="-38.08368" lon="175.62572">
        <ele>146.3</ele>
      </trkpt>
      <trkpt lat="-38.08379" lon="175.62541">
        <ele>146.4</ele>
      </trkpt>
      <trkpt lat="-38.08412" lon="175.62449">
        <ele>143.3</ele>
      </trkpt>
      <trkpt lat="-38.08446" lon="175.62358">
        <ele>141.5</ele>
      </trkpt>
      <trkpt lat="-38.08471" lon="175.62299">
        <ele>140.3</ele>
      </trkpt>
      <trkpt lat="-38.08478" lon="175.62282">
        <ele>139.9</ele>
      </trkpt>
      <trkpt lat="-38.08466" lon="175.62274">
        <ele>139.9</ele>
      </trkpt>
      <trkpt lat="-38.08458" lon="175.6227">
        <ele>139.9</ele>
      </trkpt>
      <trkpt lat="-38.08449" lon="175.6227">
        <ele>139.9</ele>
      </trkpt>
      <trkpt lat="-38.08441" lon="175.62274">
        <ele>140.1</ele>
      </trkpt>
      <trkpt lat="-38.0843" lon="175.62282">
        <ele>140.3</ele>
      </trkpt>
      <trkpt lat="-38.08352" lon="175.62338">
        <ele>140.3</ele>
      </trkpt>
      <trkpt lat="-38.08275" lon="175.62395">
        <ele>140.1</ele>
      </trkpt>
      <trkpt lat="-38.08197" lon="175.62451">
        <ele>139.0</ele>
      </trkpt>
      <trkpt lat="-38.0812" lon="175.62508">
        <ele>137.6</ele>
      </trkpt>
      <trkpt lat="-38.08042" lon="175.62565">
        <ele>138.1</ele>
      </trkpt>
      <trkpt lat="-38.07964" lon="175.62621">
        <ele>137.8</ele>
      </trkpt>
      <trkpt lat="-38.07887" lon="175.62678">
        <ele>138.2</ele>
      </trkpt>
      <trkpt lat="-38.07809" lon="175.62735">
        <ele>138.0</ele>
      </trkpt>
      <trkpt lat="-38.07732" lon="175.62791">
        <ele>138.3</ele>
      </trkpt>
      <trkpt lat="-38.07654" lon="175.62848">
        <ele>137.7</ele>
      </trkpt>
      <trkpt lat="-38.07576" lon="175.62905">
        <ele>136.9</ele>
      </trkpt>
      <trkpt lat="-38.07503" lon="175.62958">
        <ele>137.9</ele>
      </trkpt>
      <trkpt lat="-38.0743" lon="175.63012">
        <ele>136.3</ele>
      </trkpt>
      <trkpt lat="-38.07356" lon="175.63066">
        <ele>136.6</ele>
      </trkpt>
      <trkpt lat="-38.07283" lon="175.6312">
        <ele>135.5</ele>
      </trkpt>
      <trkpt lat="-38.0721" lon="175.63174">
        <ele>136.0</ele>
      </trkpt>
      <trkpt lat="-38.07137" lon="175.63227">
        <ele>136.7</ele>
      </trkpt>
      <trkpt lat="-38.07065" lon="175.6328">
        <ele>135.5</ele>
      </trkpt>
      <trkpt lat="-38.06994" lon="175.63332">
        <ele>135.0</ele>
      </trkpt>
      <trkpt lat="-38.06923" lon="175.63384">
        <ele>134.3</ele>
      </trkpt>
      <trkpt lat="-38.06852" lon="175.63437">
        <ele>136.9</ele>
      </trkpt>
      <trkpt lat="-38.0678" lon="175.63489">
        <ele>134.7</ele>
      </trkpt>
      <trkpt lat="-38.06759" lon="175.63499">
        <ele>134.2</ele>
      </trkpt>
      <trkpt lat="-38.06708" lon="175.63517">
        <ele>134.4</ele>
      </trkpt>
      <trkpt lat="-38.06657" lon="175.63535">
        <ele>132.2</ele>
      </trkpt>
      <trkpt lat="-38.06638" lon="175.63541">
        <ele>126.7</ele>
      </trkpt>
      <trkpt lat="-38.06618" lon="175.63539">
        <ele>121.0</ele>
      </trkpt>
      <trkpt lat="-38.06607" lon="175.6353">
        <ele>118.0</ele>
      </trkpt>
      <trkpt lat="-38.06603" lon="175.63519">
        <ele>117.1</ele>
      </trkpt>
      <trkpt lat="-38.066" lon="175.63495">
        <ele>116.8</ele>
      </trkpt>
      <trkpt lat="-38.06599" lon="175.63424">
        <ele>119.9</ele>
      </trkpt>
      <trkpt lat="-38.06582" lon="175.6335">
        <ele>119.8</ele>
      </trkpt>
      <trkpt lat="-38.06548" lon="175.63268">
        <ele>113.2</ele>
      </trkpt>
      <trkpt lat="-38.06518" lon="175.63232">
        <ele>105.5</ele>
      </trkpt>
      <trkpt lat="-38.06511" lon="175.63215">
        <ele>103.7</ele>
      </trkpt>
      <trkpt lat="-38.06512" lon="175.63189">
        <ele>104.4</ele>
      </trkpt>
      <trkpt lat="-38.06529" lon="175.63084">
        <ele>101.0</ele>
      </trkpt>
      <trkpt lat="-38.06529" lon="175.63047">
        <ele>97.5</ele>
      </trkpt>
      <trkpt lat="-38.06525" lon="175.63024">
        <ele>95.0</ele>
      </trkpt>
      <trkpt lat="-38.06493" lon="175.62943">
        <ele>86.1</ele>
      </trkpt>
      <trkpt lat="-38.06481" lon="175.62919">
        <ele>83.0</ele>
      </trkpt>
      <trkpt lat="-38.06453" lon="175.6287">
        <ele>82.3</ele>
      </trkpt>
      <trkpt lat="-38.06437" lon="175.62854">
        <ele>83.1</ele>
      </trkpt>
      <trkpt lat="-38.06415" lon="175.62838">
        <ele>84.7</ele>
      </trkpt>
      <trkpt lat="-38.06393" lon="175.62825">
        <ele>85.0</ele>
      </trkpt>
      <trkpt lat="-38.06361" lon="175.62814">
        <ele>85.5</ele>
      </trkpt>
      <trkpt lat="-38.06339" lon="175.6281">
        <ele>86.1</ele>
      </trkpt>
      <trkpt lat="-38.06322" lon="175.62812">
        <ele>87.7</ele>
      </trkpt>
      <trkpt lat="-38.06301" lon="175.62825">
        <ele>90.3</ele>
      </trkpt>
      <trkpt lat="-38.06289" lon="175.6284">
        <ele>91.4</ele>
      </trkpt>
      <trkpt lat="-38.06253" lon="175.62915">
        <ele>92.6</ele>
      </trkpt>
      <trkpt lat="-38.062" lon="175.62983">
        <ele>102.5</ele>
      </trkpt>
      <trkpt lat="-38.06192" lon="175.63003">
        <ele>104.3</ele>
      </trkpt>
      <trkpt lat="-38.0619" lon="175.63029">
        <ele>105.5</ele>
      </trkpt>
      <trkpt lat="-38.06196" lon="175.63059">
        <ele>104.3</ele>
      </trkpt>
      <trkpt lat="-38.06203" lon="175.63076">
        <ele>102.5</ele>
      </trkpt>
      <trkpt lat="-38.06211" lon="175.63098">
        <ele>100.8</ele>
      </trkpt>
      <trkpt lat="-38.06224" lon="175.63139">
        <ele>98.6</ele>
      </trkpt>
      <trkpt lat="-38.06224" lon="175.63174">
        <ele>99.5</ele>
      </trkpt>
      <trkpt lat="-38.0622" lon="175.63203">
        <ele>99.7</ele>
      </trkpt>
      <trkpt lat="-38.06208" lon="175.6324">
        <ele>102.0</ele>
      </trkpt>
      <trkpt lat="-38.06188" lon="175.63272">
        <ele>106.5</ele>
      </trkpt>
      <trkpt lat="-38.06163" lon="175.63298">
        <ele>112.1</ele>
      </trkpt>
      <trkpt lat="-38.06134" lon="175.63316">
        <ele>114.1</ele>
      </trkpt>
      <trkpt lat="-38.06091" lon="175.63338">
        <ele>116.9</ele>
      </trkpt>
      <trkpt lat="-38.06054" lon="175.63349">
        <ele>115.0</ele>
      </trkpt>
      <trkpt lat="-38.05969" lon="175.6337">
        <ele>110.0</ele>
      </trkpt>
      <trkpt lat="-38.05884" lon="175.6339">
        <ele>109.6</ele>
      </trkpt>
      <trkpt lat="-38.05842" lon="175.63391">
        <ele>112.1</ele>
      </trkpt>
      <trkpt lat="-38.05767" lon="175.63374">
        <ele>114.5</ele>
      </trkpt>
      <trkpt lat="-38.05742" lon="175.63371">
        <ele>115.0</ele>
      </trkpt>
      <trkpt lat="-38.05689" lon="175.63389">
        <ele>115.1</ele>
      </trkpt>
      <trkpt lat="-38.05624" lon="175.63431">
        <ele>113.8</ele>
      </trkpt>
      <trkpt lat="-38.0555" lon="175.6346">
        <ele>116.1</ele>
      </trkpt>
      <trkpt lat="-38.05475" lon="175.63489">
        <ele>119.6</ele>
      </trkpt>
      <trkpt lat="-38.054" lon="175.63518">
        <ele>120.4</ele>
      </trkpt>
      <trkpt lat="-38.05325" lon="175.63548">
        <ele>123.3</ele>
      </trkpt>
      <trkpt lat="-38.05289" lon="175.63559">
        <ele>127.3</ele>
      </trkpt>
      <trkpt lat="-38.05255" lon="175.63564">
        <ele>131.2</ele>
      </trkpt>
      <trkpt lat="-38.05236" lon="175.63565">
        <ele>131.8</ele>
      </trkpt>
      <trkpt lat="-38.05217" lon="175.63564">
        <ele>131.8</ele>
      </trkpt>
      <trkpt lat="-38.052" lon="175.63563">
        <ele>131.8</ele>
      </trkpt>
      <trkpt lat="-38.05182" lon="175.63559">
        <ele>131.7</ele>
      </trkpt>
      <trkpt lat="-38.05148" lon="175.63547">
        <ele>130.9</ele>
      </trkpt>
      <trkpt lat="-38.05084" lon="175.63518">
        <ele>128.8</ele>
      </trkpt>
      <trkpt lat="-38.05021" lon="175.63489">
        <ele>130.3</ele>
      </trkpt>
      <trkpt lat="-38.05003" lon="175.63482">
        <ele>130.5</ele>
      </trkpt>
      <trkpt lat="-38.04986" lon="175.63477">
        <ele>130.9</ele>
      </trkpt>
      <trkpt lat="-38.04969" lon="175.63475">
        <ele>131.3</ele>
      </trkpt>
      <trkpt lat="-38.04951" lon="175.63475">
        <ele>131.8</ele>
      </trkpt>
      <trkpt lat="-38.04932" lon="175.63479">
        <ele>132.5</ele>
      </trkpt>
      <trkpt lat="-38.04915" lon="175.63484">
        <ele>133.2</ele>
      </trkpt>
      <trkpt lat="-38.04898" lon="175.63492">
        <ele>133.7</ele>
      </trkpt>
      <trkpt lat="-38.04882" lon="175.63501">
        <ele>134.0</ele>
      </trkpt>
      <trkpt lat="-38.04866" lon="175.63512">
        <ele>134.4</ele>
      </trkpt>
      <trkpt lat="-38.04819" lon="175.63549">
        <ele>136.9</ele>
      </trkpt>
      <trkpt lat="-38.04773" lon="175.63585">
        <ele>142.1</ele>
      </trkpt>
      <trkpt lat="-38.04758" lon="175.63594">
        <ele>143.1</ele>
      </trkpt>
      <trkpt lat="-38.04741" lon="175.63602">
        <ele>144.4</ele>
      </trkpt>
      <trkpt lat="-38.04724" lon="175.63607">
        <ele>145.8</ele>
      </trkpt>
      <trkpt lat="-38.04705" lon="175.63611">
        <ele>147.3</ele>
      </trkpt>
      <trkpt lat="-38.04655" lon="175.63609">
        <ele>151.2</ele>
      </trkpt>
      <trkpt lat="-38.04604" lon="175.63608">
        <ele>153.1</ele>
      </trkpt>
      <trkpt lat="-38.04588" lon="175.63609">
        <ele>153.6</ele>
      </trkpt>
      <trkpt lat="-38.04572" lon="175.63612">
        <ele>154.7</ele>
      </trkpt>
      <trkpt lat="-38.04554" lon="175.63617">
        <ele>156.3</ele>
      </trkpt>
      <trkpt lat="-38.04536" lon="175.63625">
        <ele>157.8</ele>
      </trkpt>
      <trkpt lat="-38.04478" lon="175.63661">
        <ele>163.4</ele>
      </trkpt>
      <trkpt lat="-38.04463" lon="175.63668">
        <ele>164.9</ele>
      </trkpt>
      <trkpt lat="-38.04448" lon="175.63672">
        <ele>166.4</ele>
      </trkpt>
      <trkpt lat="-38.04436" lon="175.63674">
        <ele>167.6</ele>
      </trkpt>
      <trkpt lat="-38.04419" lon="175.63676">
        <ele>169.4</ele>
      </trkpt>
      <trkpt lat="-38.04373" lon="175.63679">
        <ele>169.6</ele>
      </trkpt>
      <trkpt lat="-38.04355" lon="175.63681">
        <ele>169.6</ele>
      </trkpt>
      <trkpt lat="-38.04338" lon="175.63686">
        <ele>169.5</ele>
      </trkpt>
      <trkpt lat="-38.04313" lon="175.63699">
        <ele>168.9</ele>
      </trkpt>
      <trkpt lat="-38.04296" lon="175.6371">
        <ele>168.5</ele>
      </trkpt>
      <trkpt lat="-38.04223" lon="175.63763">
        <ele>168.4</ele>
      </trkpt>
      <trkpt lat="-38.04149" lon="175.63816">
        <ele>169.0</ele>
      </trkpt>
      <trkpt lat="-38.04117" lon="175.63836">
        <ele>168.3</ele>
      </trkpt>
      <trkpt lat="-38.04082" lon="175.63854">
        <ele>167.5</ele>
      </trkpt>
      <trkpt lat="-38.04021" lon="175.63882">
        <ele>168.0</ele>
      </trkpt>
      <trkpt lat="-38.0396" lon="175.6391">
        <ele>169.0</ele>
      </trkpt>
      <trkpt lat="-38.03899" lon="175.63938">
        <ele>167.7</ele>
      </trkpt>
      <trkpt lat="-38.03863" lon="175.63956">
        <ele>165.0</ele>
      </trkpt>
      <trkpt lat="-38.03829" lon="175.63977">
        <ele>163.1</ele>
      </trkpt>
      <trkpt lat="-38.03763" lon="175.64019">
        <ele>159.2</ele>
      </trkpt>
      <trkpt lat="-38.03696" lon="175.64062">
        <ele>158.4</ele>
      </trkpt>
      <trkpt lat="-38.0363" lon="175.64104">
        <ele>156.6</ele>
      </trkpt>
      <trkpt lat="-38.03563" lon="175.64147">
        <ele>155.7</ele>
      </trkpt>
      <trkpt lat="-38.03497" lon="175.6419">
        <ele>154.7</ele>
      </trkpt>
      <trkpt lat="-38.0348" lon="175.64198">
        <ele>154.3</ele>
      </trkpt>
      <trkpt lat="-38.03463" lon="175.64206">
        <ele>154.0</ele>
      </trkpt>
      <trkpt lat="-38.03444" lon="175.64212">
        <ele>153.7</ele>
      </trkpt>
      <trkpt lat="-38.03426" lon="175.64217">
        <ele>153.5</ele>
      </trkpt>
      <trkpt lat="-38.03361" lon="175.6423">
        <ele>150.2</ele>
      </trkpt>
      <trkpt lat="-38.03326" lon="175.6424">
        <ele>148.7</ele>
      </trkpt>
      <trkpt lat="-38.03291" lon="175.64258">
        <ele>146.0</ele>
      </trkpt>
      <trkpt lat="-38.03275" lon="175.64269">
        <ele>144.8</ele>
      </trkpt>
      <trkpt lat="-38.03258" lon="175.64282">
        <ele>144.0</ele>
      </trkpt>
      <trkpt lat="-38.03228" lon="175.64309">
        <ele>142.6</ele>
      </trkpt>
      <trkpt lat="-38.032" lon="175.64339">
        <ele>139.7</ele>
      </trkpt>
      <trkpt lat="-38.03172" lon="175.64372">
        <ele>135.8</ele>
      </trkpt>
      <trkpt lat="-38.03158" lon="175.64387">
        <ele>134.6</ele>
      </trkpt>
      <trkpt lat="-38.03127" lon="175.64414">
        <ele>132.2</ele>
      </trkpt>
      <trkpt lat="-38.03109" lon="175.64421">
        <ele>130.5</ele>
      </trkpt>
      <trkpt lat="-38.03091" lon="175.64428">
        <ele>128.7</ele>
      </trkpt>
      <trkpt lat="-38.0302" lon="175.64448">
        <ele>125.4</ele>
      </trkpt>
      <trkpt lat="-38.02949" lon="175.64469">
        <ele>128.7</ele>
      </trkpt>
      <trkpt lat="-38.02933" lon="175.64472">
        <ele>130.0</ele>
      </trkpt>
      <trkpt lat="-38.02915" lon="175.64474">
        <ele>131.3</ele>
      </trkpt>
      <trkpt lat="-38.02869" lon="175.64473">
        <ele>133.4</ele>
      </trkpt>
      <trkpt lat="-38.02824" lon="175.64472">
        <ele>134.8</ele>
      </trkpt>
      <trkpt lat="-38.02807" lon="175.64471">
        <ele>134.6</ele>
      </trkpt>
      <trkpt lat="-38.02789" lon="175.64469">
        <ele>134.4</ele>
      </trkpt>
      <trkpt lat="-38.02772" lon="175.64464">
        <ele>134.5</ele>
      </trkpt>
      <trkpt lat="-38.02754" lon="175.64454">
        <ele>135.0</ele>
      </trkpt>
      <trkpt lat="-38.02738" lon="175.64441">
        <ele>135.4</ele>
      </trkpt>
      <trkpt lat="-38.02725" lon="175.64427">
        <ele>135.7</ele>
      </trkpt>
      <trkpt lat="-38.02702" lon="175.64397">
        <ele>136.2</ele>
      </trkpt>
      <trkpt lat="-38.02666" lon="175.64354">
        <ele>136.0</ele>
      </trkpt>
      <trkpt lat="-38.02644" lon="175.64331">
        <ele>137.8</ele>
      </trkpt>
      <trkpt lat="-38.02625" lon="175.64313">
        <ele>138.6</ele>
      </trkpt>
      <trkpt lat="-38.02603" lon="175.64296">
        <ele>139.6</ele>
      </trkpt>
      <trkpt lat="-38.02588" lon="175.64287">
        <ele>140.4</ele>
      </trkpt>
      <trkpt lat="-38.02574" lon="175.64281">
        <ele>141.4</ele>
      </trkpt>
      <trkpt lat="-38.02557" lon="175.64277">
        <ele>142.7</ele>
      </trkpt>
      <trkpt lat="-38.02537" lon="175.64275">
        <ele>144.1</ele>
      </trkpt>
      <trkpt lat="-38.0251" lon="175.64276">
        <ele>146.2</ele>
      </trkpt>
      <trkpt lat="-38.0249" lon="175.64279">
        <ele>147.5</ele>
      </trkpt>
      <trkpt lat="-38.02475" lon="175.64284">
        <ele>148.2</ele>
      </trkpt>
      <trkpt lat="-38.0244" lon="175.64299">
        <ele>149.7</ele>
      </trkpt>
      <trkpt lat="-38.02364" lon="175.64335">
        <ele>150.0</ele>
      </trkpt>
      <trkpt lat="-38.02288" lon="175.64371">
        <ele>149.6</ele>
      </trkpt>
      <trkpt lat="-38.02212" lon="175.64406">
        <ele>150.2</ele>
      </trkpt>
      <trkpt lat="-38.02136" lon="175.64442">
        <ele>150.7</ele>
      </trkpt>
      <trkpt lat="-38.0206" lon="175.64478">
        <ele>151.5</ele>
      </trkpt>
      <trkpt lat="-38.01984" lon="175.64514">
        <ele>156.4</ele>
      </trkpt>
      <trkpt lat="-38.01908" lon="175.64549">
        <ele>161.9</ele>
      </trkpt>
      <trkpt lat="-38.01832" lon="175.64585">
        <ele>159.3</ele>
      </trkpt>
      <trkpt lat="-38.01814" lon="175.64591">
        <ele>161.2</ele>
      </trkpt>
      <trkpt lat="-38.01797" lon="175.64594">
        <ele>162.7</ele>
      </trkpt>
      <trkpt lat="-38.01779" lon="175.64595">
        <ele>164.0</ele>
      </trkpt>
      <trkpt lat="-38.01761" lon="175.64591">
        <ele>164.9</ele>
      </trkpt>
      <trkpt lat="-38.01743" lon="175.64585">
        <ele>165.5</ele>
      </trkpt>
      <trkpt lat="-38.01678" lon="175.64558">
        <ele>163.2</ele>
      </trkpt>
      <trkpt lat="-38.01613" lon="175.6453">
        <ele>156.9</ele>
      </trkpt>
      <trkpt lat="-38.01548" lon="175.64502">
        <ele>155.3</ele>
      </trkpt>
      <trkpt lat="-38.0153" lon="175.64495">
        <ele>155.2</ele>
      </trkpt>
      <trkpt lat="-38.01512" lon="175.6449">
        <ele>155.1</ele>
      </trkpt>
      <trkpt lat="-38.01494" lon="175.64486">
        <ele>154.5</ele>
      </trkpt>
      <trkpt lat="-38.01477" lon="175.64484">
        <ele>153.2</ele>
      </trkpt>
      <trkpt lat="-38.01459" lon="175.64484">
        <ele>152.4</ele>
      </trkpt>
      <trkpt lat="-38.01373" lon="175.64491">
        <ele>148.0</ele>
      </trkpt>
      <trkpt lat="-38.01286" lon="175.64497">
        <ele>142.3</ele>
      </trkpt>
      <trkpt lat="-38.012" lon="175.64503">
        <ele>138.8</ele>
      </trkpt>
      <trkpt lat="-38.01113" lon="175.6451">
        <ele>139.1</ele>
      </trkpt>
      <trkpt lat="-38.01026" lon="175.64516">
        <ele>137.7</ele>
      </trkpt>
      <trkpt lat="-38.00989" lon="175.64515">
        <ele>136.9</ele>
      </trkpt>
      <trkpt lat="-38.00909" lon="175.64504">
        <ele>139.0</ele>
      </trkpt>
      <trkpt lat="-38.00873" lon="175.64504">
        <ele>137.7</ele>
      </trkpt>
      <trkpt lat="-38.00855" lon="175.64505">
        <ele>137.2</ele>
      </trkpt>
      <trkpt lat="-38.00783" lon="175.64514">
        <ele>133.3</ele>
      </trkpt>
      <trkpt lat="-38.00764" lon="175.64518">
        <ele>132.2</ele>
      </trkpt>
      <trkpt lat="-38.00747" lon="175.64523">
        <ele>131.5</ele>
      </trkpt>
      <trkpt lat="-38.00729" lon="175.64529">
        <ele>130.5</ele>
      </trkpt>
      <trkpt lat="-38.00693" lon="175.64545">
        <ele>128.4</ele>
      </trkpt>
      <trkpt lat="-38.00658" lon="175.64559">
        <ele>126.2</ele>
      </trkpt>
      <trkpt lat="-38.00643" lon="175.64562">
        <ele>125.8</ele>
      </trkpt>
      <trkpt lat="-38.00624" lon="175.64565">
        <ele>125.3</ele>
      </trkpt>
      <trkpt lat="-38.00588" lon="175.64566">
        <ele>124.1</ele>
      </trkpt>
      <trkpt lat="-38.00518" lon="175.64562">
        <ele>122.1</ele>
      </trkpt>
      <trkpt lat="-38.00449" lon="175.64557">
        <ele>120.5</ele>
      </trkpt>
      <trkpt lat="-38.00379" lon="175.64553">
        <ele>119.4</ele>
      </trkpt>
      <trkpt lat="-38.00361" lon="175.64553">
        <ele>119.3</ele>
      </trkpt>
      <trkpt lat="-38.00342" lon="175.64554">
        <ele>119.1</ele>
      </trkpt>
      <trkpt lat="-38.00325" lon="175.64557">
        <ele>118.8</ele>
      </trkpt>
      <trkpt lat="-38.00307" lon="175.64562">
        <ele>118.4</ele>
      </trkpt>
      <trkpt lat="-38.00291" lon="175.6457">
        <ele>118.0</ele>
      </trkpt>
      <trkpt lat="-38.00275" lon="175.64579">
        <ele>117.6</ele>
      </trkpt>
      <trkpt lat="-38.00263" lon="175.64588">
        <ele>117.4</ele>
      </trkpt>
      <trkpt lat="-38.00192" lon="175.64644">
        <ele>117.5</ele>
      </trkpt>
      <trkpt lat="-38.00121" lon="175.647">
        <ele>114.5</ele>
      </trkpt>
      <trkpt lat="-38.00105" lon="175.64709">
        <ele>113.3</ele>
      </trkpt>
      <trkpt lat="-38.00086" lon="175.64716">
        <ele>112.0</ele>
      </trkpt>
      <trkpt lat="-38.00068" lon="175.6472">
        <ele>111.3</ele>
      </trkpt>
      <trkpt lat="-38.00051" lon="175.64723">
        <ele>110.9</ele>
      </trkpt>
      <trkpt lat="-38.00033" lon="175.64722">
        <ele>111.3</ele>
      </trkpt>
      <trkpt lat="-38.00015" lon="175.6472">
        <ele>111.8</ele>
      </trkpt>
      <trkpt lat="-37.99951" lon="175.64708">
        <ele>116.2</ele>
      </trkpt>
      <trkpt lat="-37.99934" lon="175.64706">
        <ele>117.2</ele>
      </trkpt>
      <trkpt lat="-37.99915" lon="175.64706">
        <ele>118.1</ele>
      </trkpt>
      <trkpt lat="-37.99897" lon="175.64707">
        <ele>118.3</ele>
      </trkpt>
      <trkpt lat="-37.99878" lon="175.6471">
        <ele>118.4</ele>
      </trkpt>
      <trkpt lat="-37.99807" lon="175.64726">
        <ele>117.6</ele>
      </trkpt>
      <trkpt lat="-37.99735" lon="175.64742">
        <ele>116.4</ele>
      </trkpt>
      <trkpt lat="-37.99663" lon="175.64759">
        <ele>115.7</ele>
      </trkpt>
      <trkpt lat="-37.99628" lon="175.64764">
        <ele>115.3</ele>
      </trkpt>
      <trkpt lat="-37.99611" lon="175.64764">
        <ele>115.2</ele>
      </trkpt>
      <trkpt lat="-37.99593" lon="175.64761">
        <ele>115.4</ele>
      </trkpt>
      <trkpt lat="-37.99575" lon="175.64756">
        <ele>116.0</ele>
      </trkpt>
      <trkpt lat="-37.99558" lon="175.64749">
        <ele>116.8</ele>
      </trkpt>
      <trkpt lat="-37.9954" lon="175.64738">
        <ele>117.6</ele>
      </trkpt>
      <trkpt lat="-37.99525" lon="175.64727">
        <ele>118.8</ele>
      </trkpt>
      <trkpt lat="-37.99511" lon="175.64714">
        <ele>120.5</ele>
      </trkpt>
      <trkpt lat="-37.99484" lon="175.64683">
        <ele>125.3</ele>
      </trkpt>
      <trkpt lat="-37.99461" lon="175.64647">
        <ele>129.0</ele>
      </trkpt>
      <trkpt lat="-37.99445" lon="175.6462">
        <ele>130.6</ele>
      </trkpt>
      <trkpt lat="-37.9942" lon="175.64586">
        <ele>131.9</ele>
      </trkpt>
      <trkpt lat="-37.99407" lon="175.64571">
        <ele>133.5</ele>
      </trkpt>
      <trkpt lat="-37.99392" lon="175.64558">
        <ele>135.1</ele>
      </trkpt>
      <trkpt lat="-37.99376" lon="175.64547">
        <ele>136.5</ele>
      </trkpt>
      <trkpt lat="-37.99343" lon="175.64527">
        <ele>138.9</ele>
      </trkpt>
      <trkpt lat="-37.99312" lon="175.64505">
        <ele>140.9</ele>
      </trkpt>
      <trkpt lat="-37.99296" lon="175.64491">
        <ele>142.2</ele>
      </trkpt>
      <trkpt lat="-37.9927" lon="175.64461">
        <ele>144.7</ele>
      </trkpt>
      <trkpt lat="-37.99258" lon="175.64445">
        <ele>145.9</ele>
      </trkpt>
      <trkpt lat="-37.99207" lon="175.64371">
        <ele>148.6</ele>
      </trkpt>
      <trkpt lat="-37.99157" lon="175.64297">
        <ele>147.1</ele>
      </trkpt>
      <trkpt lat="-37.99132" lon="175.64263">
        <ele>146.8</ele>
      </trkpt>
      <trkpt lat="-37.99119" lon="175.64247">
        <ele>146.6</ele>
      </trkpt>
      <trkpt lat="-37.99105" lon="175.64232">
        <ele>146.4</ele>
      </trkpt>
      <trkpt lat="-37.99077" lon="175.64208">
        <ele>146.0</ele>
      </trkpt>
      <trkpt lat="-37.99047" lon="175.64186">
        <ele>147.7</ele>
      </trkpt>
      <trkpt lat="-37.99031" lon="175.64177">
        <ele>148.7</ele>
      </trkpt>
      <trkpt lat="-37.99" lon="175.64163">
        <ele>150.3</ele>
      </trkpt>
      <trkpt lat="-37.98949" lon="175.64146">
        <ele>152.3</ele>
      </trkpt>
      <trkpt lat="-37.98899" lon="175.64129">
        <ele>155.4</ele>
      </trkpt>
      <trkpt lat="-37.98881" lon="175.64122">
        <ele>157.0</ele>
      </trkpt>
      <trkpt lat="-37.98863" lon="175.64112">
        <ele>158.6</ele>
      </trkpt>
      <trkpt lat="-37.98848" lon="175.64102">
        <ele>159.8</ele>
      </trkpt>
      <trkpt lat="-37.98833" lon="175.64088">
        <ele>160.9</ele>
      </trkpt>
      <trkpt lat="-37.9882" lon="175.64074">
        <ele>161.1</ele>
      </trkpt>
      <trkpt lat="-37.98795" lon="175.64043">
        <ele>161.0</ele>
      </trkpt>
      <trkpt lat="-37.98783" lon="175.64027">
        <ele>160.4</ele>
      </trkpt>
      <trkpt lat="-37.98776" lon="175.64014">
        <ele>159.9</ele>
      </trkpt>
      <trkpt lat="-37.9877" lon="175.64">
        <ele>159.4</ele>
      </trkpt>
      <trkpt lat="-37.98769" lon="175.63992">
        <ele>159.2</ele>
      </trkpt>
      <trkpt lat="-37.98769" lon="175.63985">
        <ele>159.2</ele>
      </trkpt>
      <trkpt lat="-37.98772" lon="175.63953">
        <ele>159.5</ele>
      </trkpt>
      <trkpt lat="-37.98772" lon="175.63926">
        <ele>159.5</ele>
      </trkpt>
      <trkpt lat="-37.98766" lon="175.63902">
        <ele>160.3</ele>
      </trkpt>
      <trkpt lat="-37.98761" lon="175.63892">
        <ele>160.9</ele>
      </trkpt>
      <trkpt lat="-37.98754" lon="175.63881">
        <ele>161.6</ele>
      </trkpt>
      <trkpt lat="-37.98747" lon="175.63873">
        <ele>162.2</ele>
      </trkpt>
      <trkpt lat="-37.98728" lon="175.63858">
        <ele>163.5</ele>
      </trkpt>
      <trkpt lat="-37.98682" lon="175.63839">
        <ele>163.4</ele>
      </trkpt>
      <trkpt lat="-37.98674" lon="175.63833">
        <ele>163.5</ele>
      </trkpt>
      <trkpt lat="-37.98667" lon="175.63827">
        <ele>163.8</ele>
      </trkpt>
      <trkpt lat="-37.9866" lon="175.63819">
        <ele>164.1</ele>
      </trkpt>
      <trkpt lat="-37.98655" lon="175.63811">
        <ele>164.5</ele>
      </trkpt>
      <trkpt lat="-37.9865" lon="175.638">
        <ele>165.1</ele>
      </trkpt>
      <trkpt lat="-37.98643" lon="175.63779">
        <ele>166.1</ele>
      </trkpt>
      <trkpt lat="-37.98641" lon="175.63771">
        <ele>166.6</ele>
      </trkpt>
      <trkpt lat="-37.9864" lon="175.63758">
        <ele>167.5</ele>
      </trkpt>
      <trkpt lat="-37.98641" lon="175.63736">
        <ele>168.6</ele>
      </trkpt>
      <trkpt lat="-37.98644" lon="175.63725">
        <ele>169.1</ele>
      </trkpt>
      <trkpt lat="-37.98647" lon="175.63716">
        <ele>169.6</ele>
      </trkpt>
      <trkpt lat="-37.98653" lon="175.63705">
        <ele>170.3</ele>
      </trkpt>
      <trkpt lat="-37.98706" lon="175.63616">
        <ele>174.5</ele>
      </trkpt>
      <trkpt lat="-37.98716" lon="175.63597">
        <ele>174.4</ele>
      </trkpt>
      <trkpt lat="-37.98724" lon="175.63576">
        <ele>174.1</ele>
      </trkpt>
      <trkpt lat="-37.98728" lon="175.63554">
        <ele>174.2</ele>
      </trkpt>
      <trkpt lat="-37.98728" lon="175.63531">
        <ele>174.2</ele>
      </trkpt>
      <trkpt lat="-37.98726" lon="175.6351">
        <ele>174.3</ele>
      </trkpt>
      <trkpt lat="-37.98716" lon="175.63453">
        <ele>175.7</ele>
      </trkpt>
      <trkpt lat="-37.98715" lon="175.63442">
        <ele>176.0</ele>
      </trkpt>
      <trkpt lat="-37.98716" lon="175.6342">
        <ele>176.5</ele>
      </trkpt>
      <trkpt lat="-37.98718" lon="175.63396">
        <ele>177.7</ele>
      </trkpt>
      <trkpt lat="-37.98724" lon="175.63375">
        <ele>178.6</ele>
      </trkpt>
      <trkpt lat="-37.98731" lon="175.63354">
        <ele>179.3</ele>
      </trkpt>
      <trkpt lat="-37.9876" lon="175.63286">
        <ele>184.1</ele>
      </trkpt>
      <trkpt lat="-37.98775" lon="175.63244">
        <ele>187.1</ele>
      </trkpt>
      <trkpt lat="-37.98782" lon="175.63222">
        <ele>188.5</ele>
      </trkpt>
      <trkpt lat="-37.98785" lon="175.63199">
        <ele>190.4</ele>
      </trkpt>
      <trkpt lat="-37.98785" lon="175.63187">
        <ele>191.6</ele>
      </trkpt>
      <trkpt lat="-37.98783" lon="175.63164">
        <ele>193.8</ele>
      </trkpt>
      <trkpt lat="-37.98778" lon="175.6314">
        <ele>195.3</ele>
      </trkpt>
      <trkpt lat="-37.98762" lon="175.63078">
        <ele>198.9</ele>
      </trkpt>
      <trkpt lat="-37.98745" lon="175.63016">
        <ele>202.0</ele>
      </trkpt>
      <trkpt lat="-37.98718" lon="175.62954">
        <ele>201.6</ele>
      </trkpt>
      <trkpt lat="-37.98682" lon="175.62887">
        <ele>197.8</ele>
      </trkpt>
      <trkpt lat="-37.98645" lon="175.62819">
        <ele>192.1</ele>
      </trkpt>
      <trkpt lat="-37.98621" lon="175.62768">
        <ele>189.7</ele>
      </trkpt>
      <trkpt lat="-37.98597" lon="175.62716">
        <ele>186.7</ele>
      </trkpt>
      <trkpt lat="-37.98577" lon="175.62687">
        <ele>184.8</ele>
      </trkpt>
      <trkpt lat="-37.98558" lon="175.62667">
        <ele>182.2</ele>
      </trkpt>
      <trkpt lat="-37.98535" lon="175.62652">
        <ele>179.8</ele>
      </trkpt>
      <trkpt lat="-37.98483" lon="175.62637">
        <ele>176.0</ele>
      </trkpt>
      <trkpt lat="-37.9843" lon="175.62623">
        <ele>173.8</ele>
      </trkpt>
      <trkpt lat="-37.98411" lon="175.62616">
        <ele>172.8</ele>
      </trkpt>
      <trkpt lat="-37.98347" lon="175.62565">
        <ele>168.8</ele>
      </trkpt>
      <trkpt lat="-37.9829" lon="175.62507">
        <ele>162.1</ele>
      </trkpt>
      <trkpt lat="-37.98233" lon="175.62449">
        <ele>152.2</ele>
      </trkpt>
      <trkpt lat="-37.98226" lon="175.62439">
        <ele>151.5</ele>
      </trkpt>
      <trkpt lat="-37.98221" lon="175.62428">
        <ele>150.8</ele>
      </trkpt>
      <trkpt lat="-37.98219" lon="175.62414">
        <ele>150.0</ele>
      </trkpt>
      <trkpt lat="-37.98215" lon="175.62305">
        <ele>144.3</ele>
      </trkpt>
      <trkpt lat="-37.98212" lon="175.62281">
        <ele>143.3</ele>
      </trkpt>
      <trkpt lat="-37.98211" lon="175.62272">
        <ele>143.0</ele>
      </trkpt>
      <trkpt lat="-37.98205" lon="175.62251">
        <ele>142.1</ele>
      </trkpt>
      <trkpt lat="-37.98201" lon="175.62241">
        <ele>142.3</ele>
      </trkpt>
      <trkpt lat="-37.98192" lon="175.62221">
        <ele>142.4</ele>
      </trkpt>
      <trkpt lat="-37.98146" lon="175.62154">
        <ele>138.5</ele>
      </trkpt>
      <trkpt lat="-37.9811" lon="175.62095">
        <ele>133.9</ele>
      </trkpt>
      <trkpt lat="-37.98075" lon="175.62037">
        <ele>134.1</ele>
      </trkpt>
      <trkpt lat="-37.9806" lon="175.62018">
        <ele>135.1</ele>
      </trkpt>
      <trkpt lat="-37.98002" lon="175.61963">
        <ele>138.7</ele>
      </trkpt>
      <trkpt lat="-37.97966" lon="175.61909">
        <ele>145.7</ele>
      </trkpt>
      <trkpt lat="-37.97933" lon="175.61842">
        <ele>155.1</ele>
      </trkpt>
      <trkpt lat="-37.979" lon="175.61775">
        <ele>161.7</ele>
      </trkpt>
      <trkpt lat="-37.97861" lon="175.61692">
        <ele>166.1</ele>
      </trkpt>
      <trkpt lat="-37.97852" lon="175.6167">
        <ele>166.9</ele>
      </trkpt>
      <trkpt lat="-37.97847" lon="175.61651">
        <ele>168.2</ele>
      </trkpt>
      <trkpt lat="-37.97845" lon="175.61627">
        <ele>170.2</ele>
      </trkpt>
      <trkpt lat="-37.97845" lon="175.61603">
        <ele>172.3</ele>
      </trkpt>
      <trkpt lat="-37.97848" lon="175.61579">
        <ele>174.0</ele>
      </trkpt>
      <trkpt lat="-37.97852" lon="175.61557">
        <ele>173.7</ele>
      </trkpt>
      <trkpt lat="-37.9786" lon="175.61531">
        <ele>174.3</ele>
      </trkpt>
      <trkpt lat="-37.9788" lon="175.61466">
        <ele>179.6</ele>
      </trkpt>
      <trkpt lat="-37.97901" lon="175.614">
        <ele>185.6</ele>
      </trkpt>
      <trkpt lat="-37.97908" lon="175.61382">
        <ele>186.6</ele>
      </trkpt>
      <trkpt lat="-37.97916" lon="175.61362">
        <ele>187.3</ele>
      </trkpt>
      <trkpt lat="-37.97957" lon="175.61278">
        <ele>189.5</ele>
      </trkpt>
      <trkpt lat="-37.97966" lon="175.61257">
        <ele>190.4</ele>
      </trkpt>
      <trkpt lat="-37.97972" lon="175.61239">
        <ele>191.0</ele>
      </trkpt>
      <trkpt lat="-37.97975" lon="175.61226">
        <ele>191.3</ele>
      </trkpt>
      <trkpt lat="-37.97976" lon="175.6121">
        <ele>191.4</ele>
      </trkpt>
      <trkpt lat="-37.97977" lon="175.61193">
        <ele>191.5</ele>
      </trkpt>
      <trkpt lat="-37.97976" lon="175.61178">
        <ele>191.4</ele>
      </trkpt>
      <trkpt lat="-37.97974" lon="175.61163">
        <ele>191.3</ele>
      </trkpt>
      <trkpt lat="-37.97965" lon="175.61132">
        <ele>191.3</ele>
      </trkpt>
      <trkpt lat="-37.97959" lon="175.61118">
        <ele>191.6</ele>
      </trkpt>
      <trkpt lat="-37.97915" lon="175.61038">
        <ele>194.9</ele>
      </trkpt>
      <trkpt lat="-37.97872" lon="175.60958">
        <ele>193.5</ele>
      </trkpt>
      <trkpt lat="-37.97849" lon="175.60922">
        <ele>195.2</ele>
      </trkpt>
      <trkpt lat="-37.97836" lon="175.60907">
        <ele>195.4</ele>
      </trkpt>
      <trkpt lat="-37.97828" lon="175.609">
        <ele>195.2</ele>
      </trkpt>
      <trkpt lat="-37.97813" lon="175.60889">
        <ele>195.0</ele>
      </trkpt>
      <trkpt lat="-37.97795" lon="175.60881">
        <ele>194.7</ele>
      </trkpt>
      <trkpt lat="-37.97787" lon="175.60878">
        <ele>194.5</ele>
      </trkpt>
      <trkpt lat="-37.97769" lon="175.60876">
        <ele>194.0</ele>
      </trkpt>
      <trkpt lat="-37.9775" lon="175.60876">
        <ele>193.5</ele>
      </trkpt>
      <trkpt lat="-37.97661" lon="175.60882">
        <ele>192.4</ele>
      </trkpt>
      <trkpt lat="-37.97573" lon="175.60888">
        <ele>191.8</ele>
      </trkpt>
      <trkpt lat="-37.97485" lon="175.60894">
        <ele>185.9</ele>
      </trkpt>
      <trkpt lat="-37.97396" lon="175.609">
        <ele>183.2</ele>
      </trkpt>
      <trkpt lat="-37.97308" lon="175.60906">
        <ele>185.0</ele>
      </trkpt>
      <trkpt lat="-37.97289" lon="175.60905">
        <ele>183.9</ele>
      </trkpt>
      <trkpt lat="-37.97274" lon="175.60903">
        <ele>182.8</ele>
      </trkpt>
      <trkpt lat="-37.97257" lon="175.60897">
        <ele>181.1</ele>
      </trkpt>
      <trkpt lat="-37.9724" lon="175.60889">
        <ele>179.0</ele>
      </trkpt>
      <trkpt lat="-37.97178" lon="175.60854">
        <ele>172.7</ele>
      </trkpt>
      <trkpt lat="-37.97117" lon="175.60819">
        <ele>167.3</ele>
      </trkpt>
      <trkpt lat="-37.971" lon="175.60808">
        <ele>165.6</ele>
      </trkpt>
      <trkpt lat="-37.97087" lon="175.60797">
        <ele>164.1</ele>
      </trkpt>
      <trkpt lat="-37.97074" lon="175.60784">
        <ele>163.2</ele>
      </trkpt>
      <trkpt lat="-37.97059" lon="175.60766">
        <ele>162.4</ele>
      </trkpt>
      <trkpt lat="-37.96998" lon="175.60684">
        <ele>155.3</ele>
      </trkpt>
      <trkpt lat="-37.96989" lon="175.60669">
        <ele>153.2</ele>
      </trkpt>
      <trkpt lat="-37.9698" lon="175.60648">
        <ele>151.5</ele>
      </trkpt>
      <trkpt lat="-37.96975" lon="175.60633">
        <ele>150.4</ele>
      </trkpt>
      <trkpt lat="-37.96971" lon="175.60616">
        <ele>149.2</ele>
      </trkpt>
      <trkpt lat="-37.96969" lon="175.60594">
        <ele>147.7</ele>
      </trkpt>
      <trkpt lat="-37.96971" lon="175.60557">
        <ele>146.4</ele>
      </trkpt>
      <trkpt lat="-37.96985" lon="175.60464">
        <ele>143.8</ele>
      </trkpt>
      <trkpt lat="-37.96999" lon="175.60372">
        <ele>142.0</ele>
      </trkpt>
      <trkpt lat="-37.97013" lon="175.6031">
        <ele>142.4</ele>
      </trkpt>
      <trkpt lat="-37.97051" lon="175.60223">
        <ele>142.5</ele>
      </trkpt>
      <trkpt lat="-37.97089" lon="175.60141">
        <ele>141.4</ele>
      </trkpt>
      <trkpt lat="-37.97128" lon="175.60058">
        <ele>140.9</ele>
      </trkpt>
      <trkpt lat="-37.97166" lon="175.59976">
        <ele>135.6</ele>
      </trkpt>
      <trkpt lat="-37.97179" lon="175.59945">
        <ele>131.5</ele>
      </trkpt>
      <trkpt lat="-37.97188" lon="175.59907">
        <ele>126.0</ele>
      </trkpt>
      <trkpt lat="-37.97197" lon="175.59857">
        <ele>121.3</ele>
      </trkpt>
      <trkpt lat="-37.97197" lon="175.5981">
        <ele>118.4</ele>
      </trkpt>
      <trkpt lat="-37.97193" lon="175.59774">
        <ele>117.0</ele>
      </trkpt>
      <trkpt lat="-37.9718" lon="175.59733">
        <ele>116.0</ele>
      </trkpt>
      <trkpt lat="-37.97156" lon="175.59678">
        <ele>117.1</ele>
      </trkpt>
      <trkpt lat="-37.97131" lon="175.59633">
        <ele>116.6</ele>
      </trkpt>
      <trkpt lat="-37.97113" lon="175.59592">
        <ele>115.5</ele>
      </trkpt>
      <trkpt lat="-37.97095" lon="175.59531">
        <ele>115.7</ele>
      </trkpt>
      <trkpt lat="-37.97078" lon="175.59469">
        <ele>117.9</ele>
      </trkpt>
      <trkpt lat="-37.97065" lon="175.59442">
        <ele>119.0</ele>
      </trkpt>
      <trkpt lat="-37.97038" lon="175.594">
        <ele>117.7</ele>
      </trkpt>
      <trkpt lat="-37.96974" lon="175.59337">
        <ele>112.7</ele>
      </trkpt>
      <trkpt lat="-37.9691" lon="175.59274">
        <ele>109.9</ele>
      </trkpt>
      <trkpt lat="-37.96885" lon="175.5924">
        <ele>109.3</ele>
      </trkpt>
      <trkpt lat="-37.9686" lon="175.59192">
        <ele>108.5</ele>
      </trkpt>
      <trkpt lat="-37.9684" lon="175.59122">
        <ele>109.1</ele>
      </trkpt>
      <trkpt lat="-37.96819" lon="175.59053">
        <ele>109.0</ele>
      </trkpt>
      <trkpt lat="-37.96792" lon="175.58988">
        <ele>107.1</ele>
      </trkpt>
      <trkpt lat="-37.96765" lon="175.58923">
        <ele>109.1</ele>
      </trkpt>
      <trkpt lat="-37.96741" lon="175.58882">
        <ele>110.2</ele>
      </trkpt>
      <trkpt lat="-37.96699" lon="175.58847">
        <ele>112.7</ele>
      </trkpt>
      <trkpt lat="-37.9665" lon="175.58816">
        <ele>113.3</ele>
      </trkpt>
      <trkpt lat="-37.96636" lon="175.58802">
        <ele>112.1</ele>
      </trkpt>
      <trkpt lat="-37.96624" lon="175.58786">
        <ele>111.4</ele>
      </trkpt>
      <trkpt lat="-37.96616" lon="175.58766">
        <ele>111.4</ele>
      </trkpt>
      <trkpt lat="-37.96612" lon="175.58743">
        <ele>112.0</ele>
      </trkpt>
      <trkpt lat="-37.96612" lon="175.58721">
        <ele>112.7</ele>
      </trkpt>
      <trkpt lat="-37.96615" lon="175.58698">
        <ele>113.7</ele>
      </trkpt>
      <trkpt lat="-37.96621" lon="175.58677">
        <ele>114.8</ele>
      </trkpt>
      <trkpt lat="-37.9663" lon="175.58659">
        <ele>115.0</ele>
      </trkpt>
      <trkpt lat="-37.96643" lon="175.58644">
        <ele>114.2</ele>
      </trkpt>
      <trkpt lat="-37.96659" lon="175.5863">
        <ele>113.9</ele>
      </trkpt>
      <trkpt lat="-37.96678" lon="175.58619">
        <ele>114.1</ele>
      </trkpt>
      <trkpt lat="-37.96701" lon="175.58609">
        <ele>114.7</ele>
      </trkpt>
      <trkpt lat="-37.96726" lon="175.58599">
        <ele>115.6</ele>
      </trkpt>
      <trkpt lat="-37.968" lon="175.58574">
        <ele>118.8</ele>
      </trkpt>
      <trkpt lat="-37.96875" lon="175.58548">
        <ele>121.7</ele>
      </trkpt>
      <trkpt lat="-37.96895" lon="175.58538">
        <ele>121.8</ele>
      </trkpt>
      <trkpt lat="-37.96914" lon="175.58526">
        <ele>121.4</ele>
      </trkpt>
      <trkpt lat="-37.96931" lon="175.5851">
        <ele>120.8</ele>
      </trkpt>
      <trkpt lat="-37.96943" lon="175.58494">
        <ele>121.2</ele>
      </trkpt>
      <trkpt lat="-37.96953" lon="175.58479">
        <ele>122.8</ele>
      </trkpt>
      <trkpt lat="-37.96969" lon="175.58451">
        <ele>125.3</ele>
      </trkpt>
      <trkpt lat="-37.96995" lon="175.58394">
        <ele>128.3</ele>
      </trkpt>
      <trkpt lat="-37.97033" lon="175.58304">
        <ele>129.2</ele>
      </trkpt>
      <trkpt lat="-37.9707" lon="175.58214">
        <ele>127.8</ele>
      </trkpt>
      <trkpt lat="-37.97108" lon="175.58124">
        <ele>130.6</ele>
      </trkpt>
      <trkpt lat="-37.97116" lon="175.58103">
        <ele>131.7</ele>
      </trkpt>
      <trkpt lat="-37.97124" lon="175.58081">
        <ele>132.7</ele>
      </trkpt>
      <trkpt lat="-37.9713" lon="175.5806">
        <ele>133.7</ele>
      </trkpt>
      <trkpt lat="-37.97134" lon="175.58039">
        <ele>134.7</ele>
      </trkpt>
      <trkpt lat="-37.97139" lon="175.58008">
        <ele>136.2</ele>
      </trkpt>
      <trkpt lat="-37.97141" lon="175.57991">
        <ele>136.3</ele>
      </trkpt>
      <trkpt lat="-37.97141" lon="175.57945">
        <ele>135.4</ele>
      </trkpt>
      <trkpt lat="-37.97139" lon="175.5792">
        <ele>134.8</ele>
      </trkpt>
      <trkpt lat="-37.97131" lon="175.57876">
        <ele>131.8</ele>
      </trkpt>
      <trkpt lat="-37.97103" lon="175.57783">
        <ele>125.6</ele>
      </trkpt>
      <trkpt lat="-37.97075" lon="175.57689">
        <ele>119.6</ele>
      </trkpt>
      <trkpt lat="-37.97054" lon="175.57604">
        <ele>111.9</ele>
      </trkpt>
      <trkpt lat="-37.97032" lon="175.57519">
        <ele>108.5</ele>
      </trkpt>
      <trkpt lat="-37.9701" lon="175.57435">
        <ele>108.3</ele>
      </trkpt>
      <trkpt lat="-37.96998" lon="175.57399">
        <ele>108.8</ele>
      </trkpt>
      <trkpt lat="-37.96976" lon="175.5736">
        <ele>109.9</ele>
      </trkpt>
      <trkpt lat="-37.96939" lon="175.57325">
        <ele>109.2</ele>
      </trkpt>
      <trkpt lat="-37.96869" lon="175.57267">
        <ele>107.2</ele>
      </trkpt>
      <trkpt lat="-37.96799" lon="175.57209">
        <ele>110.3</ele>
      </trkpt>
      <trkpt lat="-37.9673" lon="175.57151">
        <ele>114.1</ele>
      </trkpt>
      <trkpt lat="-37.9666" lon="175.57093">
        <ele>115.1</ele>
      </trkpt>
      <trkpt lat="-37.9659" lon="175.57035">
        <ele>113.0</ele>
      </trkpt>
      <trkpt lat="-37.96575" lon="175.57024">
        <ele>112.4</ele>
      </trkpt>
      <trkpt lat="-37.96546" lon="175.57004">
        <ele>111.6</ele>
      </trkpt>
      <trkpt lat="-37.96472" lon="175.56959">
        <ele>109.0</ele>
      </trkpt>
      <trkpt lat="-37.96398" lon="175.56914">
        <ele>107.2</ele>
      </trkpt>
      <trkpt lat="-37.96325" lon="175.56869">
        <ele>106.6</ele>
      </trkpt>
      <trkpt lat="-37.96251" lon="175.56824">
        <ele>106.0</ele>
      </trkpt>
      <trkpt lat="-37.96179" lon="175.56765">
        <ele>105.2</ele>
      </trkpt>
      <trkpt lat="-37.96107" lon="175.56706">
        <ele>103.0</ele>
      </trkpt>
      <trkpt lat="-37.96048" lon="175.56659">
        <ele>99.4</ele>
      </trkpt>
      <trkpt lat="-37.9599" lon="175.56612">
        <ele>97.6</ele>
      </trkpt>
      <trkpt lat="-37.95932" lon="175.56565">
        <ele>96.4</ele>
      </trkpt>
      <trkpt lat="-37.95873" lon="175.56518">
        <ele>94.9</ele>
      </trkpt>
      <trkpt lat="-37.95834" lon="175.56474">
        <ele>94.4</ele>
      </trkpt>
      <trkpt lat="-37.95776" lon="175.56404">
        <ele>93.6</ele>
      </trkpt>
      <trkpt lat="-37.95719" lon="175.56334">
        <ele>93.4</ele>
      </trkpt>
      <trkpt lat="-37.95662" lon="175.56264">
        <ele>95.6</ele>
      </trkpt>
      <trkpt lat="-37.95605" lon="175.56194">
        <ele>93.0</ele>
      </trkpt>
      <trkpt lat="-37.95548" lon="175.56124">
        <ele>92.6</ele>
      </trkpt>
      <trkpt lat="-37.95491" lon="175.56054">
        <ele>92.2</ele>
      </trkpt>
      <trkpt lat="-37.95431" lon="175.55982">
        <ele>92.6</ele>
      </trkpt>
      <trkpt lat="-37.95372" lon="175.5591">
        <ele>92.5</ele>
      </trkpt>
      <trkpt lat="-37.95312" lon="175.55837">
        <ele>94.0</ele>
      </trkpt>
      <trkpt lat="-37.95253" lon="175.55765">
        <ele>94.8</ele>
      </trkpt>
      <trkpt lat="-37.95238" lon="175.5575">
        <ele>95.0</ele>
      </trkpt>
      <trkpt lat="-37.95212" lon="175.55726">
        <ele>94.8</ele>
      </trkpt>
      <trkpt lat="-37.95195" lon="175.55715">
        <ele>94.9</ele>
      </trkpt>
      <trkpt lat="-37.95176" lon="175.55703">
        <ele>94.9</ele>
      </trkpt>
      <trkpt lat="-37.9516" lon="175.55696">
        <ele>95.5</ele>
      </trkpt>
      <trkpt lat="-37.95143" lon="175.55689">
        <ele>96.6</ele>
      </trkpt>
      <trkpt lat="-37.95117" lon="175.55681">
        <ele>98.2</ele>
      </trkpt>
      <trkpt lat="-37.95032" lon="175.55656">
        <ele>98.2</ele>
      </trkpt>
      <trkpt lat="-37.94947" lon="175.55631">
        <ele>95.3</ele>
      </trkpt>
      <trkpt lat="-37.94862" lon="175.55606">
        <ele>92.0</ele>
      </trkpt>
      <trkpt lat="-37.94777" lon="175.55582">
        <ele>91.7</ele>
      </trkpt>
      <trkpt lat="-37.94693" lon="175.55557">
        <ele>91.9</ele>
      </trkpt>
      <trkpt lat="-37.94608" lon="175.55532">
        <ele>92.3</ele>
      </trkpt>
      <trkpt lat="-37.94591" lon="175.55529">
        <ele>92.3</ele>
      </trkpt>
      <trkpt lat="-37.94575" lon="175.55529">
        <ele>91.6</ele>
      </trkpt>
      <trkpt lat="-37.94503" lon="175.55533">
        <ele>85.7</ele>
      </trkpt>
      <trkpt lat="-37.94481" lon="175.55527">
        <ele>83.0</ele>
      </trkpt>
      <trkpt lat="-37.94438" lon="175.55509">
        <ele>78.2</ele>
      </trkpt>
      <trkpt lat="-37.94364" lon="175.55466">
        <ele>72.4</ele>
      </trkpt>
      <trkpt lat="-37.94351" lon="175.55456">
        <ele>72.0</ele>
      </trkpt>
      <trkpt lat="-37.9432" lon="175.55423">
        <ele>72.1</ele>
      </trkpt>
      <trkpt lat="-37.94293" lon="175.55384">
        <ele>71.4</ele>
      </trkpt>
      <trkpt lat="-37.94251" lon="175.55316">
        <ele>70.7</ele>
      </trkpt>
      <trkpt lat="-37.94225" lon="175.55266">
        <ele>68.7</ele>
      </trkpt>
      <trkpt lat="-37.94199" lon="175.55215">
        <ele>66.2</ele>
      </trkpt>
      <trkpt lat="-37.9417" lon="175.55164">
        <ele>64.7</ele>
      </trkpt>
      <trkpt lat="-37.94141" lon="175.55113">
        <ele>67.3</ele>
      </trkpt>
      <trkpt lat="-37.9411" lon="175.55072">
        <ele>68.1</ele>
      </trkpt>
      <trkpt lat="-37.94079" lon="175.55031">
        <ele>68.9</ele>
      </trkpt>
      <trkpt lat="-37.94048" lon="175.54986">
        <ele>68.3</ele>
      </trkpt>
      <trkpt lat="-37.94018" lon="175.54941">
        <ele>70.6</ele>
      </trkpt>
      <trkpt lat="-37.93984" lon="175.54885">
        <ele>71.8</ele>
      </trkpt>
      <trkpt lat="-37.93982" lon="175.54897">
        <ele>71.0</ele>
      </trkpt>
      <trkpt lat="-37.93985" lon="175.54919">
        <ele>70.4</ele>
      </trkpt>
      <trkpt lat="-37.93981" lon="175.54911">
        <ele>70.3</ele>
      </trkpt>
      <trkpt lat="-37.93967" lon="175.54878">
        <ele>69.6</ele>
      </trkpt>
      <trkpt lat="-37.93924" lon="175.54809">
        <ele>68.4</ele>
      </trkpt>
      <trkpt lat="-37.93881" lon="175.54741">
        <ele>68.9</ele>
      </trkpt>
      <trkpt lat="-37.93839" lon="175.54672">
        <ele>72.5</ele>
      </trkpt>
      <trkpt lat="-37.93818" lon="175.54645">
        <ele>72.1</ele>
      </trkpt>
      <trkpt lat="-37.93749" lon="175.54576">
        <ele>70.6</ele>
      </trkpt>
      <trkpt lat="-37.93741" lon="175.54571">
        <ele>70.6</ele>
      </trkpt>
      <trkpt lat="-37.93686" lon="175.54552">
        <ele>69.3</ele>
      </trkpt>
      <trkpt lat="-37.93678" lon="175.54548">
        <ele>69.1</ele>
      </trkpt>
      <trkpt lat="-37.93631" lon="175.54511">
        <ele>68.3</ele>
      </trkpt>
      <trkpt lat="-37.93584" lon="175.54473">
        <ele>65.7</ele>
      </trkpt>
      <trkpt lat="-37.93578" lon="175.54463">
        <ele>65.5</ele>
      </trkpt>
      <trkpt lat="-37.93579" lon="175.54455">
        <ele>65.8</ele>
      </trkpt>
      <trkpt lat="-37.93594" lon="175.54427">
        <ele>67.6</ele>
      </trkpt>
      <trkpt lat="-37.93596" lon="175.54417">
        <ele>68.1</ele>
      </trkpt>
      <trkpt lat="-37.93589" lon="175.54394">
        <ele>66.6</ele>
      </trkpt>
      <trkpt lat="-37.9359" lon="175.54382">
        <ele>66.2</ele>
      </trkpt>
      <trkpt lat="-37.93596" lon="175.54373">
        <ele>66.3</ele>
      </trkpt>
      <trkpt lat="-37.93599" lon="175.54363">
        <ele>66.0</ele>
      </trkpt>
      <trkpt lat="-37.936" lon="175.54356">
        <ele>65.8</ele>
      </trkpt>
      <trkpt lat="-37.93595" lon="175.54339">
        <ele>64.8</ele>
      </trkpt>
      <trkpt lat="-37.93563" lon="175.54294">
        <ele>67.5</ele>
      </trkpt>
      <trkpt lat="-37.93554" lon="175.54284">
        <ele>68.3</ele>
      </trkpt>
      <trkpt lat="-37.93548" lon="175.54281">
        <ele>68.4</ele>
      </trkpt>
      <trkpt lat="-37.93541" lon="175.54281">
        <ele>68.1</ele>
      </trkpt>
      <trkpt lat="-37.93526" lon="175.54289">
        <ele>66.7</ele>
      </trkpt>
      <trkpt lat="-37.93518" lon="175.5429">
        <ele>66.3</ele>
      </trkpt>
      <trkpt lat="-37.93516" lon="175.54284">
        <ele>66.9</ele>
      </trkpt>
      <trkpt lat="-37.93517" lon="175.54277">
        <ele>67.7</ele>
      </trkpt>
      <trkpt lat="-37.93522" lon="175.54271">
        <ele>68.5</ele>
      </trkpt>
      <trkpt lat="-37.93523" lon="175.54261">
        <ele>69.6</ele>
      </trkpt>
      <trkpt lat="-37.93521" lon="175.54253">
        <ele>70.4</ele>
      </trkpt>
      <trkpt lat="-37.93489" lon="175.54221">
        <ele>74.3</ele>
      </trkpt>
      <trkpt lat="-37.93461" lon="175.54177">
        <ele>79.2</ele>
      </trkpt>
      <trkpt lat="-37.93452" lon="175.54167">
        <ele>79.9</ele>
      </trkpt>
      <trkpt lat="-37.93401" lon="175.54126">
        <ele>80.2</ele>
      </trkpt>
      <trkpt lat="-37.93349" lon="175.54084">
        <ele>80.9</ele>
      </trkpt>
      <trkpt lat="-37.93281" lon="175.54042">
        <ele>80.7</ele>
      </trkpt>
      <trkpt lat="-37.93212" lon="175.54009">
        <ele>80.7</ele>
      </trkpt>
      <trkpt lat="-37.93143" lon="175.53977">
        <ele>81.6</ele>
      </trkpt>
      <trkpt lat="-37.93074" lon="175.53945">
        <ele>79.9</ele>
      </trkpt>
      <trkpt lat="-37.9304" lon="175.53939">
        <ele>79.6</ele>
      </trkpt>
      <trkpt lat="-37.93009" lon="175.53939">
        <ele>79.3</ele>
      </trkpt>
      <trkpt lat="-37.92999" lon="175.53945">
        <ele>79.3</ele>
      </trkpt>
      <trkpt lat="-37.92987" lon="175.53953">
        <ele>78.5</ele>
      </trkpt>
      <trkpt lat="-37.92981" lon="175.53955">
        <ele>78.0</ele>
      </trkpt>
      <trkpt lat="-37.92965" lon="175.5395">
        <ele>76.8</ele>
      </trkpt>
      <trkpt lat="-37.92934" lon="175.53944">
        <ele>74.6</ele>
      </trkpt>
      <trkpt lat="-37.92847" lon="175.53944">
        <ele>73.1</ele>
      </trkpt>
      <trkpt lat="-37.92836" lon="175.53935">
        <ele>73.3</ele>
      </trkpt>
      <trkpt lat="-37.92805" lon="175.53922">
        <ele>73.1</ele>
      </trkpt>
      <trkpt lat="-37.92795" lon="175.53922">
        <ele>72.9</ele>
      </trkpt>
      <trkpt lat="-37.92782" lon="175.53929">
        <ele>72.3</ele>
      </trkpt>
      <trkpt lat="-37.92775" lon="175.53928">
        <ele>72.2</ele>
      </trkpt>
      <trkpt lat="-37.92756" lon="175.53913">
        <ele>72.2</ele>
      </trkpt>
      <trkpt lat="-37.92747" lon="175.53909">
        <ele>71.8</ele>
      </trkpt>
      <trkpt lat="-37.92739" lon="175.53891">
        <ele>71.5</ele>
      </trkpt>
      <trkpt lat="-37.92728" lon="175.53879">
        <ele>70.9</ele>
      </trkpt>
      <trkpt lat="-37.92719" lon="175.53862">
        <ele>70.9</ele>
      </trkpt>
      <trkpt lat="-37.92682" lon="175.53822">
        <ele>70.8</ele>
      </trkpt>
      <trkpt lat="-37.92647" lon="175.53787">
        <ele>71.5</ele>
      </trkpt>
      <trkpt lat="-37.92632" lon="175.5377">
        <ele>72.3</ele>
      </trkpt>
      <trkpt lat="-37.92622" lon="175.53754">
        <ele>73.3</ele>
      </trkpt>
      <trkpt lat="-37.9261" lon="175.53745">
        <ele>73.7</ele>
      </trkpt>
      <trkpt lat="-37.92596" lon="175.53732">
        <ele>74.0</ele>
      </trkpt>
      <trkpt lat="-37.92577" lon="175.53705">
        <ele>74.0</ele>
      </trkpt>
      <trkpt lat="-37.92562" lon="175.53695">
        <ele>72.9</ele>
      </trkpt>
      <trkpt lat="-37.92522" lon="175.53672">
        <ele>70.4</ele>
      </trkpt>
      <trkpt lat="-37.92511" lon="175.53668">
        <ele>69.7</ele>
      </trkpt>
      <trkpt lat="-37.92499" lon="175.53668">
        <ele>69.0</ele>
      </trkpt>
      <trkpt lat="-37.92487" lon="175.53665">
        <ele>69.8</ele>
      </trkpt>
      <trkpt lat="-37.92456" lon="175.53659">
        <ele>72.3</ele>
      </trkpt>
      <trkpt lat="-37.92443" lon="175.53653">
        <ele>74.2</ele>
      </trkpt>
      <trkpt lat="-37.92436" lon="175.53651">
        <ele>74.9</ele>
      </trkpt>
      <trkpt lat="-37.92369" lon="175.5364">
        <ele>74.2</ele>
      </trkpt>
      <trkpt lat="-37.92358" lon="175.53637">
        <ele>73.9</ele>
      </trkpt>
      <trkpt lat="-37.9235" lon="175.53632">
        <ele>74.4</ele>
      </trkpt>
      <trkpt lat="-37.9235" lon="175.53632">
        <ele>74.4</ele>
      </trkpt>
      <trkpt lat="-37.92335" lon="175.53621">
        <ele>75.6</ele>
      </trkpt>
      <trkpt lat="-37.92319" lon="175.53601">
        <ele>76.4</ele>
      </trkpt>
      <trkpt lat="-37.92313" lon="175.53596">
        <ele>76.2</ele>
      </trkpt>
      <trkpt lat="-37.92303" lon="175.53588">
        <ele>75.9</ele>
      </trkpt>
      <trkpt lat="-37.92294" lon="175.53584">
        <ele>74.9</ele>
      </trkpt>
      <trkpt lat="-37.92269" lon="175.53572">
        <ele>71.6</ele>
      </trkpt>
      <trkpt lat="-37.92229" lon="175.53548">
        <ele>71.7</ele>
      </trkpt>
      <trkpt lat="-37.92217" lon="175.53543">
        <ele>72.2</ele>
      </trkpt>
      <trkpt lat="-37.92194" lon="175.53529">
        <ele>74.4</ele>
      </trkpt>
      <trkpt lat="-37.92168" lon="175.53518">
        <ele>76.1</ele>
      </trkpt>
      <trkpt lat="-37.92143" lon="175.53504">
        <ele>75.7</ele>
      </trkpt>
      <trkpt lat="-37.92101" lon="175.5347">
        <ele>74.7</ele>
      </trkpt>
      <trkpt lat="-37.9206" lon="175.53435">
        <ele>72.9</ele>
      </trkpt>
      <trkpt lat="-37.92052" lon="175.53425">
        <ele>72.5</ele>
      </trkpt>
      <trkpt lat="-37.92045" lon="175.53413">
        <ele>72.3</ele>
      </trkpt>
      <trkpt lat="-37.92039" lon="175.53398">
        <ele>72.2</ele>
      </trkpt>
      <trkpt lat="-37.92035" lon="175.5338">
        <ele>73.2</ele>
      </trkpt>
      <trkpt lat="-37.92034" lon="175.53361">
        <ele>75.1</ele>
      </trkpt>
      <trkpt lat="-37.92033" lon="175.53344">
        <ele>76.9</ele>
      </trkpt>
      <trkpt lat="-37.92033" lon="175.53266">
        <ele>82.5</ele>
      </trkpt>
      <trkpt lat="-37.92032" lon="175.53188">
        <ele>84.2</ele>
      </trkpt>
      <trkpt lat="-37.92036" lon="175.53117">
        <ele>86.4</ele>
      </trkpt>
      <trkpt lat="-37.92045" lon="175.53011">
        <ele>87.3</ele>
      </trkpt>
      <trkpt lat="-37.92054" lon="175.52905">
        <ele>84.7</ele>
      </trkpt>
      <trkpt lat="-37.92064" lon="175.528">
        <ele>84.7</ele>
      </trkpt>
      <trkpt lat="-37.92073" lon="175.52694">
        <ele>84.5</ele>
      </trkpt>
      <trkpt lat="-37.92082" lon="175.52589">
        <ele>85.9</ele>
      </trkpt>
      <trkpt lat="-37.92091" lon="175.52483">
        <ele>88.6</ele>
      </trkpt>
      <trkpt lat="-37.921" lon="175.52377">
        <ele>84.9</ele>
      </trkpt>
      <trkpt lat="-37.92109" lon="175.52272">
        <ele>86.4</ele>
      </trkpt>
      <trkpt lat="-37.92118" lon="175.52166">
        <ele>84.6</ele>
      </trkpt>
      <trkpt lat="-37.92125" lon="175.52069">
        <ele>85.2</ele>
      </trkpt>
      <trkpt lat="-37.92122" lon="175.52024">
        <ele>85.7</ele>
      </trkpt>
      <trkpt lat="-37.92115" lon="175.51979">
        <ele>86.1</ele>
      </trkpt>
      <trkpt lat="-37.92099" lon="175.5187">
        <ele>86.3</ele>
      </trkpt>
      <trkpt lat="-37.92083" lon="175.51762">
        <ele>85.1</ele>
      </trkpt>
      <trkpt lat="-37.92067" lon="175.51653">
        <ele>84.4</ele>
      </trkpt>
      <trkpt lat="-37.92051" lon="175.51545">
        <ele>83.1</ele>
      </trkpt>
      <trkpt lat="-37.92035" lon="175.51437">
        <ele>82.9</ele>
      </trkpt>
      <trkpt lat="-37.92019" lon="175.51328">
        <ele>84.3</ele>
      </trkpt>
      <trkpt lat="-37.92003" lon="175.5122">
        <ele>82.9</ele>
      </trkpt>
      <trkpt lat="-37.91987" lon="175.51111">
        <ele>81.2</ele>
      </trkpt>
      <trkpt lat="-37.91971" lon="175.51003">
        <ele>83.3</ele>
      </trkpt>
      <trkpt lat="-37.91955" lon="175.50895">
        <ele>82.9</ele>
      </trkpt>
      <trkpt lat="-37.91939" lon="175.5079">
        <ele>80.8</ele>
      </trkpt>
      <trkpt lat="-37.91924" lon="175.50686">
        <ele>81.6</ele>
      </trkpt>
      <trkpt lat="-37.91908" lon="175.50582">
        <ele>84.7</ele>
      </trkpt>
      <trkpt lat="-37.91892" lon="175.50478">
        <ele>83.8</ele>
      </trkpt>
      <trkpt lat="-37.91876" lon="175.50374">
        <ele>81.5</ele>
      </trkpt>
      <trkpt lat="-37.91861" lon="175.5027">
        <ele>82.4</ele>
      </trkpt>
      <trkpt lat="-37.91845" lon="175.50165">
        <ele>82.8</ele>
      </trkpt>
      <trkpt lat="-37.91829" lon="175.50061">
        <ele>81.0</ele>
      </trkpt>
      <trkpt lat="-37.91813" lon="175.49957">
        <ele>80.8</ele>
      </trkpt>
      <trkpt lat="-37.91797" lon="175.49853">
        <ele>81.3</ele>
      </trkpt>
      <trkpt lat="-37.91782" lon="175.49749">
        <ele>83.0</ele>
      </trkpt>
      <trkpt lat="-37.91766" lon="175.49645">
        <ele>81.1</ele>
      </trkpt>
      <trkpt lat="-37.91752" lon="175.49549">
        <ele>82.9</ele>
      </trkpt>
      <trkpt lat="-37.91738" lon="175.49454">
        <ele>82.4</ele>
      </trkpt>
      <trkpt lat="-37.91734" lon="175.49416">
        <ele>82.2</ele>
      </trkpt>
      <trkpt lat="-37.91716" lon="175.49304">
        <ele>81.9</ele>
      </trkpt>
      <trkpt lat="-37.91698" lon="175.49193">
        <ele>81.7</ele>
      </trkpt>
      <trkpt lat="-37.91686" lon="175.49099">
        <ele>81.3</ele>
      </trkpt>
      <trkpt lat="-37.91674" lon="175.49029">
        <ele>80.4</ele>
      </trkpt>
      <trkpt lat="-37.91662" lon="175.48958">
        <ele>80.5</ele>
      </trkpt>
      <trkpt lat="-37.91661" lon="175.48937">
        <ele>80.8</ele>
      </trkpt>
      <trkpt lat="-37.91654" lon="175.48902">
        <ele>81.0</ele>
      </trkpt>
      <trkpt lat="-37.91642" lon="175.4886">
        <ele>80.8</ele>
      </trkpt>
      <trkpt lat="-37.91634" lon="175.48845">
        <ele>80.7</ele>
      </trkpt>
      <trkpt lat="-37.91583" lon="175.48761">
        <ele>84.3</ele>
      </trkpt>
      <trkpt lat="-37.91532" lon="175.48678">
        <ele>82.4</ele>
      </trkpt>
      <trkpt lat="-37.91481" lon="175.48595">
        <ele>81.3</ele>
      </trkpt>
      <trkpt lat="-37.9143" lon="175.48512">
        <ele>83.3</ele>
      </trkpt>
      <trkpt lat="-37.91379" lon="175.48429">
        <ele>85.7</ele>
      </trkpt>
      <trkpt lat="-37.91328" lon="175.48346">
        <ele>86.3</ele>
      </trkpt>
      <trkpt lat="-37.91307" lon="175.48312">
        <ele>84.4</ele>
      </trkpt>
      <trkpt lat="-37.91295" lon="175.48285">
        <ele>82.1</ele>
      </trkpt>
      <trkpt lat="-37.9126" lon="175.48188">
        <ele>78.1</ele>
      </trkpt>
      <trkpt lat="-37.91225" lon="175.4809">
        <ele>80.3</ele>
      </trkpt>
      <trkpt lat="-37.91142" lon="175.48131">
        <ele>80.6</ele>
      </trkpt>
      <trkpt lat="-37.91058" lon="175.48172">
        <ele>83.5</ele>
      </trkpt>
      <trkpt lat="-37.90991" lon="175.48204">
        <ele>78.5</ele>
      </trkpt>
      <trkpt lat="-37.90923" lon="175.48236">
        <ele>79.4</ele>
      </trkpt>
      <trkpt lat="-37.90855" lon="175.48268">
        <ele>79.4</ele>
      </trkpt>
      <trkpt lat="-37.9085" lon="175.48269">
        <ele>79.4</ele>
      </trkpt>
      <trkpt lat="-37.90835" lon="175.48269">
        <ele>79.5</ele>
      </trkpt>
      <trkpt lat="-37.90828" lon="175.4827">
        <ele>79.4</ele>
      </trkpt>
      <trkpt lat="-37.90802" lon="175.4828">
        <ele>78.8</ele>
      </trkpt>
      <trkpt lat="-37.90802" lon="175.48278">
        <ele>78.8</ele>
      </trkpt>
      <trkpt lat="-37.908" lon="175.48271">
        <ele>78.8</ele>
      </trkpt>
      <trkpt lat="-37.90728" lon="175.48305">
        <ele>78.0</ele>
      </trkpt>
      <trkpt lat="-37.90657" lon="175.48338">
        <ele>75.9</ele>
      </trkpt>
      <trkpt lat="-37.90585" lon="175.48371">
        <ele>75.0</ele>
      </trkpt>
      <trkpt lat="-37.90514" lon="175.48405">
        <ele>74.8</ele>
      </trkpt>
      <trkpt lat="-37.90442" lon="175.48438">
        <ele>74.1</ele>
      </trkpt>
      <trkpt lat="-37.90412" lon="175.48336">
        <ele>73.9</ele>
      </trkpt>
      <trkpt lat="-37.90382" lon="175.48234">
        <ele>74.8</ele>
      </trkpt>
      <trkpt lat="-37.90352" lon="175.48132">
        <ele>75.9</ele>
      </trkpt>
      <trkpt lat="-37.90322" lon="175.4803">
        <ele>76.8</ele>
      </trkpt>
      <trkpt lat="-37.90292" lon="175.47927">
        <ele>74.7</ele>
      </trkpt>
      <trkpt lat="-37.90262" lon="175.47825">
        <ele>74.7</ele>
      </trkpt>
      <trkpt lat="-37.90232" lon="175.47723">
        <ele>72.6</ele>
      </trkpt>
      <trkpt lat="-37.90227" lon="175.47724">
        <ele>72.6</ele>
      </trkpt>
      <trkpt lat="-37.90217" lon="175.47728">
        <ele>72.7</ele>
      </trkpt>
      <trkpt lat="-37.9021" lon="175.47734">
        <ele>72.9</ele>
      </trkpt>
      <trkpt lat="-37.90148" lon="175.47763">
        <ele>71.2</ele>
      </trkpt>
      <trkpt lat="-37.9014" lon="175.47759">
        <ele>69.9</ele>
      </trkpt>
      <trkpt lat="-37.90138" lon="175.47758">
        <ele>69.6</ele>
      </trkpt>
      <trkpt lat="-37.90119" lon="175.47766">
        <ele>66.9</ele>
      </trkpt>
      <trkpt lat="-37.90112" lon="175.47768">
        <ele>65.9</ele>
      </trkpt>
      <trkpt lat="-37.90099" lon="175.47768">
        <ele>64.0</ele>
      </trkpt>
      <trkpt lat="-37.9009" lon="175.47765">
        <ele>62.5</ele>
      </trkpt>
      <trkpt lat="-37.90084" lon="175.47762">
        <ele>61.5</ele>
      </trkpt>
      <trkpt lat="-37.90078" lon="175.47756">
        <ele>61.1</ele>
      </trkpt>
      <trkpt lat="-37.90072" lon="175.47749">
        <ele>60.9</ele>
      </trkpt>
      <trkpt lat="-37.90068" lon="175.47741">
        <ele>60.9</ele>
      </trkpt>
      <trkpt lat="-37.90058" lon="175.47714">
        <ele>61.4</ele>
      </trkpt>
      <trkpt lat="-37.90056" lon="175.47713">
        <ele>61.4</ele>
      </trkpt>
      <trkpt lat="-37.90053" lon="175.47712">
        <ele>61.5</ele>
      </trkpt>
      <trkpt lat="-37.9003" lon="175.47634">
        <ele>64.5</ele>
      </trkpt>
      <trkpt lat="-37.90007" lon="175.47556">
        <ele>66.0</ele>
      </trkpt>
      <trkpt lat="-37.90008" lon="175.47546">
        <ele>65.5</ele>
      </trkpt>
      <trkpt lat="-37.90008" lon="175.47543">
        <ele>65.3</ele>
      </trkpt>
      <trkpt lat="-37.90002" lon="175.47521">
        <ele>64.2</ele>
      </trkpt>
      <trkpt lat="-37.89988" lon="175.47525">
        <ele>63.3</ele>
      </trkpt>
      <trkpt lat="-37.89984" lon="175.47504">
        <ele>61.4</ele>
      </trkpt>
      <trkpt lat="-37.89982" lon="175.47486">
        <ele>60.3</ele>
      </trkpt>
      <trkpt lat="-37.89982" lon="175.47481">
        <ele>60.1</ele>
      </trkpt>
      <trkpt lat="-37.89986" lon="175.47458">
        <ele>59.9</ele>
      </trkpt>
      <trkpt lat="-37.89986" lon="175.47443">
        <ele>59.3</ele>
      </trkpt>
      <trkpt lat="-37.8999" lon="175.47439">
        <ele>59.1</ele>
      </trkpt>
      <trkpt lat="-37.89991" lon="175.47432">
        <ele>58.8</ele>
      </trkpt>
      <trkpt lat="-37.89984" lon="175.47431">
        <ele>58.5</ele>
      </trkpt>
      <trkpt lat="-37.89921" lon="175.47416">
        <ele>55.4</ele>
      </trkpt>
      <trkpt lat="-37.89859" lon="175.47402">
        <ele>52.4</ele>
      </trkpt>
      <trkpt lat="-37.89855" lon="175.47401">
        <ele>52.3</ele>
      </trkpt>
      <trkpt lat="-37.89845" lon="175.47395">
        <ele>51.7</ele>
      </trkpt>
      <trkpt lat="-37.89832" lon="175.47378">
        <ele>50.9</ele>
      </trkpt>
      <trkpt lat="-37.89806" lon="175.47337">
        <ele>56.6</ele>
      </trkpt>
      <trkpt lat="-37.89788" lon="175.47311">
        <ele>59.9</ele>
      </trkpt>
      <trkpt lat="-37.89756" lon="175.47262">
        <ele>65.0</ele>
      </trkpt>
      <trkpt lat="-37.89725" lon="175.47214">
        <ele>66.9</ele>
      </trkpt>
      <trkpt lat="-37.89715" lon="175.47201">
        <ele>67.3</ele>
      </trkpt>
      <trkpt lat="-37.89707" lon="175.47191">
        <ele>67.7</ele>
      </trkpt>
      <trkpt lat="-37.89683" lon="175.47167">
        <ele>69.0</ele>
      </trkpt>
      <trkpt lat="-37.8962" lon="175.47106">
        <ele>68.1</ele>
      </trkpt>
      <trkpt lat="-37.89599" lon="175.47087">
        <ele>67.9</ele>
      </trkpt>
      <trkpt lat="-37.8953" lon="175.47023">
        <ele>67.3</ele>
      </trkpt>
      <trkpt lat="-37.89507" lon="175.47002">
        <ele>67.0</ele>
      </trkpt>
      <trkpt lat="-37.89502" lon="175.46996">
        <ele>67.1</ele>
      </trkpt>
      <trkpt lat="-37.89502" lon="175.4699">
        <ele>67.2</ele>
      </trkpt>
      <trkpt lat="-37.895" lon="175.46987">
        <ele>67.3</ele>
      </trkpt>
      <trkpt lat="-37.89496" lon="175.46983">
        <ele>67.5</ele>
      </trkpt>
      <trkpt lat="-37.8949" lon="175.46982">
        <ele>67.7</ele>
      </trkpt>
      <trkpt lat="-37.89479" lon="175.46974">
        <ele>68.2</ele>
      </trkpt>
      <trkpt lat="-37.89439" lon="175.46937">
        <ele>69.6</ele>
      </trkpt>
      <trkpt lat="-37.89398" lon="175.469">
        <ele>70.0</ele>
      </trkpt>
      <trkpt lat="-37.89352" lon="175.4686">
        <ele>72.1</ele>
      </trkpt>
      <trkpt lat="-37.89342" lon="175.46848">
        <ele>72.9</ele>
      </trkpt>
      <trkpt lat="-37.8934" lon="175.46841">
        <ele>73.3</ele>
      </trkpt>
      <trkpt lat="-37.89338" lon="175.46839">
        <ele>73.5</ele>
      </trkpt>
      <trkpt lat="-37.89334" lon="175.46806">
        <ele>74.3</ele>
      </trkpt>
      <trkpt lat="-37.89336" lon="175.46759">
        <ele>74.6</ele>
      </trkpt>
      <trkpt lat="-37.89336" lon="175.46759">
        <ele>74.6</ele>
      </trkpt>
      <trkpt lat="-37.8934" lon="175.46682">
        <ele>73.7</ele>
      </trkpt>
      <trkpt lat="-37.89344" lon="175.46605">
        <ele>72.4</ele>
      </trkpt>
      <trkpt lat="-37.89348" lon="175.46535">
        <ele>72.4</ele>
      </trkpt>
      <trkpt lat="-37.89352" lon="175.46466">
        <ele>72.6</ele>
      </trkpt>
      <trkpt lat="-37.89274" lon="175.46458">
        <ele>73.4</ele>
      </trkpt>
      <trkpt lat="-37.89195" lon="175.46451">
        <ele>72.6</ele>
      </trkpt>
      <trkpt lat="-37.8911" lon="175.46446">
        <ele>72.5</ele>
      </trkpt>
      <trkpt lat="-37.89029" lon="175.46439">
        <ele>73.7</ele>
      </trkpt>
      <trkpt lat="-37.88947" lon="175.46432">
        <ele>74.8</ele>
      </trkpt>
      <trkpt lat="-37.88951" lon="175.46347">
        <ele>74.7</ele>
      </trkpt>
      <trkpt lat="-37.88955" lon="175.46261">
        <ele>74.6</ele>
      </trkpt>
      <trkpt lat="-37.88959" lon="175.46176">
        <ele>74.9</ele>
      </trkpt>
      <trkpt lat="-37.88964" lon="175.46071">
        <ele>76.6</ele>
      </trkpt>
      <trkpt lat="-37.8897" lon="175.45965">
        <ele>74.8</ele>
      </trkpt>
      <trkpt lat="-37.88975" lon="175.4586">
        <ele>73.8</ele>
      </trkpt>
      <trkpt lat="-37.8898" lon="175.45754">
        <ele>72.3</ele>
      </trkpt>
      <trkpt lat="-37.88986" lon="175.45649">
        <ele>73.8</ele>
      </trkpt>
      <trkpt lat="-37.88989" lon="175.45641">
        <ele>74.5</ele>
      </trkpt>
      <trkpt lat="-37.88996" lon="175.45632">
        <ele>75.3</ele>
      </trkpt>
      <trkpt lat="-37.88998" lon="175.45626">
        <ele>75.8</ele>
      </trkpt>
      <trkpt lat="-37.88998" lon="175.45611">
        <ele>76.9</ele>
      </trkpt>
      <trkpt lat="-37.88996" lon="175.45587">
        <ele>78.5</ele>
      </trkpt>
      <trkpt lat="-37.88997" lon="175.45572">
        <ele>78.4</ele>
      </trkpt>
      <trkpt lat="-37.89" lon="175.4556">
        <ele>78.2</ele>
      </trkpt>
      <trkpt lat="-37.89001" lon="175.45549">
        <ele>77.7</ele>
      </trkpt>
      <trkpt lat="-37.89" lon="175.45541">
        <ele>77.5</ele>
      </trkpt>
      <trkpt lat="-37.88996" lon="175.45525">
        <ele>76.7</ele>
      </trkpt>
      <trkpt lat="-37.88992" lon="175.45492">
        <ele>75.5</ele>
      </trkpt>
      <trkpt lat="-37.88989" lon="175.45435">
        <ele>74.3</ele>
      </trkpt>
      <trkpt lat="-37.88987" lon="175.45378">
        <ele>72.8</ele>
      </trkpt>
      <trkpt lat="-37.88988" lon="175.45341">
        <ele>71.5</ele>
      </trkpt>
      <trkpt lat="-37.88987" lon="175.45337">
        <ele>71.4</ele>
      </trkpt>
      <trkpt lat="-37.88985" lon="175.45332">
        <ele>71.4</ele>
      </trkpt>
      <trkpt lat="-37.88982" lon="175.45328">
        <ele>71.4</ele>
      </trkpt>
      <trkpt lat="-37.88973" lon="175.45321">
        <ele>71.6</ele>
      </trkpt>
      <trkpt lat="-37.88971" lon="175.45316">
        <ele>71.6</ele>
      </trkpt>
      <trkpt lat="-37.88966" lon="175.45218">
        <ele>71.2</ele>
      </trkpt>
      <trkpt lat="-37.8897" lon="175.45197">
        <ele>71.4</ele>
      </trkpt>
      <trkpt lat="-37.88969" lon="175.45188">
        <ele>71.5</ele>
      </trkpt>
      <trkpt lat="-37.88964" lon="175.45164">
        <ele>71.5</ele>
      </trkpt>
      <trkpt lat="-37.88964" lon="175.45146">
        <ele>71.2</ele>
      </trkpt>
      <trkpt lat="-37.8896" lon="175.45038">
        <ele>69.2</ele>
      </trkpt>
      <trkpt lat="-37.88956" lon="175.4493">
        <ele>69.7</ele>
      </trkpt>
      <trkpt lat="-37.88951" lon="175.44821">
        <ele>71.0</ele>
      </trkpt>
      <trkpt lat="-37.88947" lon="175.44713">
        <ele>68.0</ele>
      </trkpt>
      <trkpt lat="-37.88948" lon="175.44695">
        <ele>67.6</ele>
      </trkpt>
      <trkpt lat="-37.88947" lon="175.44681">
        <ele>67.3</ele>
      </trkpt>
      <trkpt lat="-37.88935" lon="175.44681">
        <ele>67.2</ele>
      </trkpt>
      <trkpt lat="-37.88934" lon="175.44596">
        <ele>69.2</ele>
      </trkpt>
      <trkpt lat="-37.88939" lon="175.44595">
        <ele>69.1</ele>
      </trkpt>
      <trkpt lat="-37.88943" lon="175.44592">
        <ele>69.1</ele>
      </trkpt>
      <trkpt lat="-37.88947" lon="175.44588">
        <ele>69.1</ele>
      </trkpt>
      <trkpt lat="-37.88949" lon="175.44583">
        <ele>69.2</ele>
      </trkpt>
      <trkpt lat="-37.88951" lon="175.44577">
        <ele>69.3</ele>
      </trkpt>
      <trkpt lat="-37.8895" lon="175.4457">
        <ele>69.4</ele>
      </trkpt>
      <trkpt lat="-37.88949" lon="175.44564">
        <ele>69.5</ele>
      </trkpt>
      <trkpt lat="-37.88946" lon="175.44559">
        <ele>69.7</ele>
      </trkpt>
      <trkpt lat="-37.88942" lon="175.44555">
        <ele>69.8</ele>
      </trkpt>
      <trkpt lat="-37.88938" lon="175.44553">
        <ele>69.9</ele>
      </trkpt>
      <trkpt lat="-37.88931" lon="175.44552">
        <ele>70.1</ele>
      </trkpt>
      <trkpt lat="-37.88926" lon="175.44468">
        <ele>70.9</ele>
      </trkpt>
      <trkpt lat="-37.88921" lon="175.44384">
        <ele>70.5</ele>
      </trkpt>
      <trkpt lat="-37.88916" lon="175.44301">
        <ele>68.8</ele>
      </trkpt>
      <trkpt lat="-37.88911" lon="175.44251">
        <ele>67.0</ele>
      </trkpt>
      <trkpt lat="-37.88907" lon="175.44222">
        <ele>66.4</ele>
      </trkpt>
      <trkpt lat="-37.889" lon="175.44186">
        <ele>65.9</ele>
      </trkpt>
      <trkpt lat="-37.88881" lon="175.44112">
        <ele>67.0</ele>
      </trkpt>
      <trkpt lat="-37.88862" lon="175.44039">
        <ele>67.7</ele>
      </trkpt>
      <trkpt lat="-37.88843" lon="175.43965">
        <ele>67.1</ele>
      </trkpt>
      <trkpt lat="-37.88835" lon="175.43918">
        <ele>67.0</ele>
      </trkpt>
      <trkpt lat="-37.88831" lon="175.43883">
        <ele>66.2</ele>
      </trkpt>
      <trkpt lat="-37.8883" lon="175.43867">
        <ele>65.9</ele>
      </trkpt>
      <trkpt lat="-37.88839" lon="175.43863">
        <ele>65.4</ele>
      </trkpt>
      <trkpt lat="-37.88841" lon="175.4386">
        <ele>65.2</ele>
      </trkpt>
      <trkpt lat="-37.88839" lon="175.43841">
        <ele>64.8</ele>
      </trkpt>
      <trkpt lat="-37.88839" lon="175.43834">
        <ele>64.6</ele>
      </trkpt>
      <trkpt lat="-37.88841" lon="175.4381">
        <ele>64.4</ele>
      </trkpt>
      <trkpt lat="-37.88848" lon="175.43767">
        <ele>63.8</ele>
      </trkpt>
      <trkpt lat="-37.88859" lon="175.43716">
        <ele>65.5</ele>
      </trkpt>
      <trkpt lat="-37.88871" lon="175.43652">
        <ele>69.6</ele>
      </trkpt>
      <trkpt lat="-37.88885" lon="175.43608">
        <ele>69.8</ele>
      </trkpt>
      <trkpt lat="-37.88888" lon="175.43602">
        <ele>69.8</ele>
      </trkpt>
      <trkpt lat="-37.88893" lon="175.43599">
        <ele>70.1</ele>
      </trkpt>
      <trkpt lat="-37.88894" lon="175.43593">
        <ele>70.0</ele>
      </trkpt>
      <trkpt lat="-37.88899" lon="175.43572">
        <ele>69.8</ele>
      </trkpt>
      <trkpt lat="-37.88905" lon="175.43561">
        <ele>69.7</ele>
      </trkpt>
      <trkpt lat="-37.88909" lon="175.4355">
        <ele>69.5</ele>
      </trkpt>
      <trkpt lat="-37.88911" lon="175.43525">
        <ele>68.7</ele>
      </trkpt>
      <trkpt lat="-37.8891" lon="175.43513">
        <ele>68.2</ele>
      </trkpt>
      <trkpt lat="-37.88906" lon="175.43503">
        <ele>67.7</ele>
      </trkpt>
      <trkpt lat="-37.88908" lon="175.43454">
        <ele>67.9</ele>
      </trkpt>
      <trkpt lat="-37.88909" lon="175.43446">
        <ele>68.0</ele>
      </trkpt>
      <trkpt lat="-37.88911" lon="175.43439">
        <ele>68.0</ele>
      </trkpt>
      <trkpt lat="-37.88928" lon="175.43401">
        <ele>68.3</ele>
      </trkpt>
      <trkpt lat="-37.8893" lon="175.43389">
        <ele>68.6</ele>
      </trkpt>
      <trkpt lat="-37.88925" lon="175.43384">
        <ele>68.7</ele>
      </trkpt>
      <trkpt lat="-37.88924" lon="175.43382">
        <ele>68.8</ele>
      </trkpt>
      <trkpt lat="-37.88921" lon="175.43372">
        <ele>69.0</ele>
      </trkpt>
      <trkpt lat="-37.88913" lon="175.43361">
        <ele>69.4</ele>
      </trkpt>
      <trkpt lat="-37.88913" lon="175.43354">
        <ele>69.5</ele>
      </trkpt>
      <trkpt lat="-37.88915" lon="175.43348">
        <ele>69.7</ele>
      </trkpt>
      <trkpt lat="-37.88918" lon="175.43342">
        <ele>69.8</ele>
      </trkpt>
      <trkpt lat="-37.88921" lon="175.43338">
        <ele>69.8</ele>
      </trkpt>
      <trkpt lat="-37.88917" lon="175.43327">
        <ele>70.1</ele>
      </trkpt>
      <trkpt lat="-37.88915" lon="175.43313">
        <ele>70.5</ele>
      </trkpt>
      <trkpt lat="-37.88914" lon="175.43308">
        <ele>70.6</ele>
      </trkpt>
      <trkpt lat="-37.8891" lon="175.43301">
        <ele>70.9</ele>
      </trkpt>
      <trkpt lat="-37.88903" lon="175.4329">
        <ele>71.3</ele>
      </trkpt>
      <trkpt lat="-37.88899" lon="175.43282">
        <ele>71.6</ele>
      </trkpt>
      <trkpt lat="-37.88883" lon="175.43281">
        <ele>71.9</ele>
      </trkpt>
      <trkpt lat="-37.88875" lon="175.43279">
        <ele>72.1</ele>
      </trkpt>
      <trkpt lat="-37.88866" lon="175.43275">
        <ele>72.4</ele>
      </trkpt>
      <trkpt lat="-37.88839" lon="175.43257">
        <ele>73.6</ele>
      </trkpt>
      <trkpt lat="-37.88834" lon="175.43254">
        <ele>73.8</ele>
      </trkpt>
      <trkpt lat="-37.88826" lon="175.43253">
        <ele>73.6</ele>
      </trkpt>
      <trkpt lat="-37.88816" lon="175.43243">
        <ele>73.0</ele>
      </trkpt>
      <trkpt lat="-37.888" lon="175.43232">
        <ele>72.1</ele>
      </trkpt>
      <trkpt lat="-37.88747" lon="175.4317">
        <ele>70.0</ele>
      </trkpt>
      <trkpt lat="-37.88693" lon="175.43108">
        <ele>68.6</ele>
      </trkpt>
      <trkpt lat="-37.88647" lon="175.43053">
        <ele>68.1</ele>
      </trkpt>
      <trkpt lat="-37.88601" lon="175.42997">
        <ele>68.6</ele>
      </trkpt>
      <trkpt lat="-37.88554" lon="175.42942">
        <ele>70.4</ele>
      </trkpt>
      <trkpt lat="-37.88498" lon="175.42876">
        <ele>69.5</ele>
      </trkpt>
      <trkpt lat="-37.88441" lon="175.42811">
        <ele>69.7</ele>
      </trkpt>
      <trkpt lat="-37.88385" lon="175.42745">
        <ele>67.1</ele>
      </trkpt>
      <trkpt lat="-37.88326" lon="175.42681">
        <ele>63.7</ele>
      </trkpt>
      <trkpt lat="-37.88267" lon="175.42618">
        <ele>65.9</ele>
      </trkpt>
      <trkpt lat="-37.88209" lon="175.42554">
        <ele>67.5</ele>
      </trkpt>
      <trkpt lat="-37.8815" lon="175.4249">
        <ele>67.2</ele>
      </trkpt>
      <trkpt lat="-37.88122" lon="175.42458">
        <ele>68.0</ele>
      </trkpt>
      <trkpt lat="-37.88095" lon="175.42421">
        <ele>69.6</ele>
      </trkpt>
      <trkpt lat="-37.88074" lon="175.42385">
        <ele>68.7</ele>
      </trkpt>
      <trkpt lat="-37.88053" lon="175.42343">
        <ele>67.3</ele>
      </trkpt>
      <trkpt lat="-37.88013" lon="175.42247">
        <ele>66.9</ele>
      </trkpt>
      <trkpt lat="-37.87973" lon="175.42151">
        <ele>64.2</ele>
      </trkpt>
      <trkpt lat="-37.87933" lon="175.42055">
        <ele>65.3</ele>
      </trkpt>
      <trkpt lat="-37.87893" lon="175.41959">
        <ele>66.8</ele>
      </trkpt>
      <trkpt lat="-37.87853" lon="175.41863">
        <ele>66.8</ele>
      </trkpt>
      <trkpt lat="-37.87812" lon="175.41767">
        <ele>68.1</ele>
      </trkpt>
      <trkpt lat="-37.87772" lon="175.41671">
        <ele>64.9</ele>
      </trkpt>
      <trkpt lat="-37.87732" lon="175.41575">
        <ele>65.3</ele>
      </trkpt>
      <trkpt lat="-37.87692" lon="175.41479">
        <ele>63.4</ele>
      </trkpt>
      <trkpt lat="-37.87652" lon="175.41383">
        <ele>65.5</ele>
      </trkpt>
      <trkpt lat="-37.87612" lon="175.41287">
        <ele>65.6</ele>
      </trkpt>
      <trkpt lat="-37.87572" lon="175.41191">
        <ele>65.4</ele>
      </trkpt>
      <trkpt lat="-37.87532" lon="175.41096">
        <ele>66.5</ele>
      </trkpt>
      <trkpt lat="-37.87495" lon="175.41015">
        <ele>66.4</ele>
      </trkpt>
      <trkpt lat="-37.87487" lon="175.41">
        <ele>66.2</ele>
      </trkpt>
      <trkpt lat="-37.87463" lon="175.40963">
        <ele>66.1</ele>
      </trkpt>
      <trkpt lat="-37.87441" lon="175.40936">
        <ele>66.1</ele>
      </trkpt>
      <trkpt lat="-37.8745" lon="175.40923">
        <ele>67.0</ele>
      </trkpt>
      <trkpt lat="-37.87455" lon="175.40912">
        <ele>67.4</ele>
      </trkpt>
      <trkpt lat="-37.87456" lon="175.40907">
        <ele>67.4</ele>
      </trkpt>
      <trkpt lat="-37.87453" lon="175.40895">
        <ele>67.3</ele>
      </trkpt>
      <trkpt lat="-37.87429" lon="175.40824">
        <ele>65.7</ele>
      </trkpt>
      <trkpt lat="-37.87404" lon="175.40753">
        <ele>64.8</ele>
      </trkpt>
      <trkpt lat="-37.87372" lon="175.40653">
        <ele>64.0</ele>
      </trkpt>
      <trkpt lat="-37.87339" lon="175.40554">
        <ele>64.0</ele>
      </trkpt>
      <trkpt lat="-37.87307" lon="175.40454">
        <ele>63.7</ele>
      </trkpt>
      <trkpt lat="-37.87275" lon="175.40355">
        <ele>64.8</ele>
      </trkpt>
      <trkpt lat="-37.87242" lon="175.40255">
        <ele>64.7</ele>
      </trkpt>
      <trkpt lat="-37.8721" lon="175.40156">
        <ele>64.0</ele>
      </trkpt>
      <trkpt lat="-37.87178" lon="175.40056">
        <ele>62.9</ele>
      </trkpt>
      <trkpt lat="-37.87159" lon="175.39987">
        <ele>60.0</ele>
      </trkpt>
      <trkpt lat="-37.87153" lon="175.39989">
        <ele>60.2</ele>
      </trkpt>
      <trkpt lat="-37.87129" lon="175.39887">
        <ele>61.6</ele>
      </trkpt>
      <trkpt lat="-37.87105" lon="175.39786">
        <ele>64.7</ele>
      </trkpt>
      <trkpt lat="-37.87081" lon="175.39684">
        <ele>64.2</ele>
      </trkpt>
      <trkpt lat="-37.87056" lon="175.39583">
        <ele>64.0</ele>
      </trkpt>
      <trkpt lat="-37.87032" lon="175.39482">
        <ele>64.3</ele>
      </trkpt>
      <trkpt lat="-37.87008" lon="175.3938">
        <ele>62.9</ele>
      </trkpt>
      <trkpt lat="-37.86984" lon="175.39279">
        <ele>62.9</ele>
      </trkpt>
      <trkpt lat="-37.86959" lon="175.39178">
        <ele>63.9</ele>
      </trkpt>
      <trkpt lat="-37.86935" lon="175.39076">
        <ele>61.2</ele>
      </trkpt>
      <trkpt lat="-37.86911" lon="175.38975">
        <ele>60.7</ele>
      </trkpt>
      <trkpt lat="-37.86887" lon="175.38873">
        <ele>60.8</ele>
      </trkpt>
      <trkpt lat="-37.86881" lon="175.38843">
        <ele>61.1</ele>
      </trkpt>
      <trkpt lat="-37.86872" lon="175.38816">
        <ele>60.6</ele>
      </trkpt>
      <trkpt lat="-37.86804" lon="175.38745">
        <ele>59.9</ele>
      </trkpt>
      <trkpt lat="-37.86736" lon="175.38675">
        <ele>60.7</ele>
      </trkpt>
      <trkpt lat="-37.86668" lon="175.38604">
        <ele>60.0</ele>
      </trkpt>
      <trkpt lat="-37.866" lon="175.38533">
        <ele>60.2</ele>
      </trkpt>
      <trkpt lat="-37.86532" lon="175.38463">
        <ele>59.8</ele>
      </trkpt>
      <trkpt lat="-37.86515" lon="175.38438">
        <ele>60.0</ele>
      </trkpt>
      <trkpt lat="-37.86474" lon="175.38342">
        <ele>60.6</ele>
      </trkpt>
      <trkpt lat="-37.86432" lon="175.38245">
        <ele>59.6</ele>
      </trkpt>
      <trkpt lat="-37.86391" lon="175.38149">
        <ele>59.7</ele>
      </trkpt>
      <trkpt lat="-37.8635" lon="175.38052">
        <ele>59.3</ele>
      </trkpt>
      <trkpt lat="-37.8635" lon="175.38052">
        <ele>59.3</ele>
      </trkpt>
      <trkpt lat="-37.86308" lon="175.37953">
        <ele>59.6</ele>
      </trkpt>
      <trkpt lat="-37.86265" lon="175.37855">
        <ele>59.9</ele>
      </trkpt>
      <trkpt lat="-37.86223" lon="175.37756">
        <ele>58.7</ele>
      </trkpt>
      <trkpt lat="-37.86181" lon="175.37657">
        <ele>58.0</ele>
      </trkpt>
      <trkpt lat="-37.86176" lon="175.37654">
        <ele>57.8</ele>
      </trkpt>
      <trkpt lat="-37.86107" lon="175.37696">
        <ele>58.5</ele>
      </trkpt>
      <trkpt lat="-37.86038" lon="175.37739">
        <ele>58.8</ele>
      </trkpt>
      <trkpt lat="-37.85969" lon="175.37782">
        <ele>58.0</ele>
      </trkpt>
      <trkpt lat="-37.859" lon="175.37825">
        <ele>58.8</ele>
      </trkpt>
      <trkpt lat="-37.85831" lon="175.37868">
        <ele>59.4</ele>
      </trkpt>
      <trkpt lat="-37.85763" lon="175.37911">
        <ele>59.9</ele>
      </trkpt>
      <trkpt lat="-37.8574" lon="175.37931">
        <ele>60.4</ele>
      </trkpt>
      <trkpt lat="-37.85663" lon="175.37979">
        <ele>62.6</ele>
      </trkpt>
      <trkpt lat="-37.85587" lon="175.38027">
        <ele>63.2</ele>
      </trkpt>
      <trkpt lat="-37.8551" lon="175.38075">
        <ele>61.7</ele>
      </trkpt>
      <trkpt lat="-37.85433" lon="175.38124">
        <ele>59.5</ele>
      </trkpt>
      <trkpt lat="-37.85356" lon="175.38172">
        <ele>59.6</ele>
      </trkpt>
      <trkpt lat="-37.85279" lon="175.3822">
        <ele>60.1</ele>
      </trkpt>
      <trkpt lat="-37.85203" lon="175.38268">
        <ele>57.9</ele>
      </trkpt>
      <trkpt lat="-37.85126" lon="175.38317">
        <ele>60.0</ele>
      </trkpt>
      <trkpt lat="-37.85049" lon="175.38365">
        <ele>60.7</ele>
      </trkpt>
      <trkpt lat="-37.84972" lon="175.38413">
        <ele>59.0</ele>
      </trkpt>
      <trkpt lat="-37.84951" lon="175.38418">
        <ele>58.2</ele>
      </trkpt>
      <trkpt lat="-37.8494" lon="175.38416">
        <ele>57.8</ele>
      </trkpt>
      <trkpt lat="-37.84927" lon="175.38411">
        <ele>57.4</ele>
      </trkpt>
      <trkpt lat="-37.84916" lon="175.38401">
        <ele>57.0</ele>
      </trkpt>
      <trkpt lat="-37.84898" lon="175.38373">
        <ele>57.2</ele>
      </trkpt>
      <trkpt lat="-37.84855" lon="175.38309">
        <ele>59.3</ele>
      </trkpt>
      <trkpt lat="-37.84812" lon="175.38245">
        <ele>60.1</ele>
      </trkpt>
      <trkpt lat="-37.84765" lon="175.38159">
        <ele>57.4</ele>
      </trkpt>
      <trkpt lat="-37.84719" lon="175.38074">
        <ele>56.7</ele>
      </trkpt>
      <trkpt lat="-37.84672" lon="175.37988">
        <ele>57.1</ele>
      </trkpt>
      <trkpt lat="-37.84625" lon="175.37903">
        <ele>58.1</ele>
      </trkpt>
      <trkpt lat="-37.84617" lon="175.37897">
        <ele>58.0</ele>
      </trkpt>
      <trkpt lat="-37.8461" lon="175.37884">
        <ele>58.0</ele>
      </trkpt>
      <trkpt lat="-37.84605" lon="175.37874">
        <ele>57.9</ele>
      </trkpt>
      <trkpt lat="-37.84604" lon="175.3787">
        <ele>57.9</ele>
      </trkpt>
      <trkpt lat="-37.84605" lon="175.3786">
        <ele>57.9</ele>
      </trkpt>
      <trkpt lat="-37.84604" lon="175.37857">
        <ele>57.8</ele>
      </trkpt>
      <trkpt lat="-37.84574" lon="175.37803">
        <ele>58.9</ele>
      </trkpt>
      <trkpt lat="-37.84544" lon="175.3775">
        <ele>62.5</ele>
      </trkpt>
      <trkpt lat="-37.845" lon="175.37679">
        <ele>65.6</ele>
      </trkpt>
      <trkpt lat="-37.84456" lon="175.37609">
        <ele>58.7</ele>
      </trkpt>
      <trkpt lat="-37.84413" lon="175.37539">
        <ele>60.0</ele>
      </trkpt>
      <trkpt lat="-37.84363" lon="175.37461">
        <ele>59.2</ele>
      </trkpt>
      <trkpt lat="-37.84313" lon="175.37382">
        <ele>60.5</ele>
      </trkpt>
      <trkpt lat="-37.84296" lon="175.37352">
        <ele>60.8</ele>
      </trkpt>
      <trkpt lat="-37.84285" lon="175.37326">
        <ele>60.6</ele>
      </trkpt>
      <trkpt lat="-37.84272" lon="175.37287">
        <ele>59.1</ele>
      </trkpt>
      <trkpt lat="-37.84252" lon="175.37182">
        <ele>58.0</ele>
      </trkpt>
      <trkpt lat="-37.84254" lon="175.37161">
        <ele>57.8</ele>
      </trkpt>
      <trkpt lat="-37.84258" lon="175.37149">
        <ele>57.4</ele>
      </trkpt>
      <trkpt lat="-37.8424" lon="175.37045">
        <ele>54.6</ele>
      </trkpt>
      <trkpt lat="-37.84223" lon="175.36941">
        <ele>54.7</ele>
      </trkpt>
      <trkpt lat="-37.84205" lon="175.36838">
        <ele>54.6</ele>
      </trkpt>
      <trkpt lat="-37.84188" lon="175.36734">
        <ele>53.1</ele>
      </trkpt>
      <trkpt lat="-37.84176" lon="175.36739">
        <ele>53.0</ele>
      </trkpt>
      <trkpt lat="-37.84158" lon="175.36633">
        <ele>52.6</ele>
      </trkpt>
      <trkpt lat="-37.84139" lon="175.36527">
        <ele>52.3</ele>
      </trkpt>
      <trkpt lat="-37.8413" lon="175.36485">
        <ele>51.6</ele>
      </trkpt>
      <trkpt lat="-37.84119" lon="175.36442">
        <ele>50.7</ele>
      </trkpt>
      <trkpt lat="-37.84112" lon="175.36421">
        <ele>50.4</ele>
      </trkpt>
      <trkpt lat="-37.84103" lon="175.36401">
        <ele>51.5</ele>
      </trkpt>
      <trkpt lat="-37.84094" lon="175.36381">
        <ele>53.1</ele>
      </trkpt>
      <trkpt lat="-37.84085" lon="175.36364">
        <ele>54.7</ele>
      </trkpt>
      <trkpt lat="-37.84063" lon="175.36329">
        <ele>56.7</ele>
      </trkpt>
      <trkpt lat="-37.84039" lon="175.36296">
        <ele>56.3</ele>
      </trkpt>
      <trkpt lat="-37.83992" lon="175.36246">
        <ele>57.8</ele>
      </trkpt>
      <trkpt lat="-37.83944" lon="175.36196">
        <ele>57.9</ele>
      </trkpt>
      <trkpt lat="-37.83896" lon="175.36145">
        <ele>54.5</ele>
      </trkpt>
      <trkpt lat="-37.83875" lon="175.36126">
        <ele>53.0</ele>
      </trkpt>
      <trkpt lat="-37.83843" lon="175.36102">
        <ele>52.1</ele>
      </trkpt>
      <trkpt lat="-37.83823" lon="175.3609">
        <ele>52.4</ele>
      </trkpt>
      <trkpt lat="-37.83797" lon="175.36077">
        <ele>52.7</ele>
      </trkpt>
      <trkpt lat="-37.83756" lon="175.36058">
        <ele>52.7</ele>
      </trkpt>
      <trkpt lat="-37.83685" lon="175.36031">
        <ele>54.1</ele>
      </trkpt>
      <trkpt lat="-37.83637" lon="175.36011">
        <ele>54.7</ele>
      </trkpt>
      <trkpt lat="-37.83589" lon="175.35992">
        <ele>53.1</ele>
      </trkpt>
      <trkpt lat="-37.83589" lon="175.35992">
        <ele>53.1</ele>
      </trkpt>
      <trkpt lat="-37.83505" lon="175.35957">
        <ele>53.5</ele>
      </trkpt>
      <trkpt lat="-37.8346" lon="175.35935">
        <ele>53.7</ele>
      </trkpt>
      <trkpt lat="-37.83415" lon="175.35907">
        <ele>54.1</ele>
      </trkpt>
      <trkpt lat="-37.8337" lon="175.35879">
        <ele>53.8</ele>
      </trkpt>
      <trkpt lat="-37.8332" lon="175.35852">
        <ele>54.5</ele>
      </trkpt>
      <trkpt lat="-37.83289" lon="175.35839">
        <ele>54.5</ele>
      </trkpt>
      <trkpt lat="-37.83275" lon="175.35834">
        <ele>54.5</ele>
      </trkpt>
      <trkpt lat="-37.83259" lon="175.35829">
        <ele>54.2</ele>
      </trkpt>
      <trkpt lat="-37.83259" lon="175.35822">
        <ele>54.2</ele>
      </trkpt>
      <trkpt lat="-37.83186" lon="175.35806">
        <ele>51.4</ele>
      </trkpt>
      <trkpt lat="-37.83113" lon="175.3579">
        <ele>53.0</ele>
      </trkpt>
      <trkpt lat="-37.8304" lon="175.35774">
        <ele>54.0</ele>
      </trkpt>
      <trkpt lat="-37.83021" lon="175.35727">
        <ele>53.7</ele>
      </trkpt>
      <trkpt lat="-37.82996" lon="175.35674">
        <ele>52.3</ele>
      </trkpt>
      <trkpt lat="-37.82994" lon="175.35668">
        <ele>52.2</ele>
      </trkpt>
      <trkpt lat="-37.82994" lon="175.35664">
        <ele>52.2</ele>
      </trkpt>
      <trkpt lat="-37.82995" lon="175.35656">
        <ele>52.2</ele>
      </trkpt>
      <trkpt lat="-37.82999" lon="175.35648">
        <ele>52.0</ele>
      </trkpt>
      <trkpt lat="-37.83043" lon="175.35619">
        <ele>51.6</ele>
      </trkpt>
      <trkpt lat="-37.83044" lon="175.35616">
        <ele>51.6</ele>
      </trkpt>
      <trkpt lat="-37.8305" lon="175.35586">
        <ele>51.5</ele>
      </trkpt>
      <trkpt lat="-37.83091" lon="175.35545">
        <ele>51.2</ele>
      </trkpt>
      <trkpt lat="-37.83092" lon="175.35536">
        <ele>51.3</ele>
      </trkpt>
      <trkpt lat="-37.83049" lon="175.35442">
        <ele>51.4</ele>
      </trkpt>
      <trkpt lat="-37.83007" lon="175.35347">
        <ele>51.2</ele>
      </trkpt>
      <trkpt lat="-37.82981" lon="175.35283">
        <ele>49.9</ele>
      </trkpt>
      <trkpt lat="-37.82941" lon="175.35194">
        <ele>50.8</ele>
      </trkpt>
      <trkpt lat="-37.82902" lon="175.35105">
        <ele>52.4</ele>
      </trkpt>
      <trkpt lat="-37.82917" lon="175.35094">
        <ele>52.0</ele>
      </trkpt>
      <trkpt lat="-37.82906" lon="175.35067">
        <ele>52.5</ele>
      </trkpt>
      <trkpt lat="-37.82908" lon="175.35056">
        <ele>52.7</ele>
      </trkpt>
      <trkpt lat="-37.82986" lon="175.35013">
        <ele>52.3</ele>
      </trkpt>
      <trkpt lat="-37.83064" lon="175.3497">
        <ele>51.7</ele>
      </trkpt>
      <trkpt lat="-37.83072" lon="175.34961">
        <ele>51.6</ele>
      </trkpt>
      <trkpt lat="-37.83076" lon="175.34952">
        <ele>51.5</ele>
      </trkpt>
      <trkpt lat="-37.83098" lon="175.34887">
        <ele>51.2</ele>
      </trkpt>
      <trkpt lat="-37.83103" lon="175.34877">
        <ele>51.2</ele>
      </trkpt>
      <trkpt lat="-37.83108" lon="175.34869">
        <ele>51.3</ele>
      </trkpt>
      <trkpt lat="-37.83114" lon="175.34863">
        <ele>51.4</ele>
      </trkpt>
      <trkpt lat="-37.83164" lon="175.34834">
        <ele>52.0</ele>
      </trkpt>
      <trkpt lat="-37.83214" lon="175.34803">
        <ele>53.4</ele>
      </trkpt>
      <trkpt lat="-37.83219" lon="175.34797">
        <ele>53.4</ele>
      </trkpt>
      <trkpt lat="-37.83188" lon="175.34732">
        <ele>52.5</ele>
      </trkpt>
      <trkpt lat="-37.83185" lon="175.34716">
        <ele>53.0</ele>
      </trkpt>
      <trkpt lat="-37.83168" lon="175.34674">
        <ele>54.7</ele>
      </trkpt>
      <trkpt lat="-37.83161" lon="175.34663">
        <ele>54.7</ele>
      </trkpt>
      <trkpt lat="-37.83147" lon="175.34624">
        <ele>54.3</ele>
      </trkpt>
      <trkpt lat="-37.83137" lon="175.34607">
        <ele>54.1</ele>
      </trkpt>
      <trkpt lat="-37.83102" lon="175.34523">
        <ele>53.8</ele>
      </trkpt>
      <trkpt lat="-37.8307" lon="175.34471">
        <ele>55.8</ele>
      </trkpt>
      <trkpt lat="-37.83012" lon="175.34385">
        <ele>56.9</ele>
      </trkpt>
      <trkpt lat="-37.82954" lon="175.34299">
        <ele>54.1</ele>
      </trkpt>
      <trkpt lat="-37.82906" lon="175.34232">
        <ele>53.9</ele>
      </trkpt>
      <trkpt lat="-37.82859" lon="175.34166">
        <ele>53.3</ele>
      </trkpt>
      <trkpt lat="-37.82811" lon="175.34084">
        <ele>52.0</ele>
      </trkpt>
      <trkpt lat="-37.82789" lon="175.34042">
        <ele>52.3</ele>
      </trkpt>
      <trkpt lat="-37.82759" lon="175.33972">
        <ele>52.6</ele>
      </trkpt>
      <trkpt lat="-37.82727" lon="175.3389">
        <ele>52.5</ele>
      </trkpt>
      <trkpt lat="-37.82695" lon="175.33808">
        <ele>53.0</ele>
      </trkpt>
      <trkpt lat="-37.82663" lon="175.33727">
        <ele>52.7</ele>
      </trkpt>
      <trkpt lat="-37.8263" lon="175.33642">
        <ele>52.0</ele>
      </trkpt>
      <trkpt lat="-37.82596" lon="175.33557">
        <ele>51.5</ele>
      </trkpt>
      <trkpt lat="-37.82563" lon="175.33473">
        <ele>53.2</ele>
      </trkpt>
      <trkpt lat="-37.82549" lon="175.33437">
        <ele>52.8</ele>
      </trkpt>
      <trkpt lat="-37.82545" lon="175.33431">
        <ele>52.8</ele>
      </trkpt>
      <trkpt lat="-37.82543" lon="175.33427">
        <ele>52.8</ele>
      </trkpt>
      <trkpt lat="-37.82538" lon="175.33424">
        <ele>52.9</ele>
      </trkpt>
      <trkpt lat="-37.82533" lon="175.33418">
        <ele>52.9</ele>
      </trkpt>
      <trkpt lat="-37.82494" lon="175.33395">
        <ele>53.1</ele>
      </trkpt>
      <trkpt lat="-37.82475" lon="175.33388">
        <ele>52.7</ele>
      </trkpt>
      <trkpt lat="-37.82408" lon="175.33381">
        <ele>51.8</ele>
      </trkpt>
      <trkpt lat="-37.82377" lon="175.33379">
        <ele>51.9</ele>
      </trkpt>
      <trkpt lat="-37.82305" lon="175.33372">
        <ele>52.5</ele>
      </trkpt>
      <trkpt lat="-37.82234" lon="175.33365">
        <ele>54.0</ele>
      </trkpt>
      <trkpt lat="-37.82162" lon="175.33358">
        <ele>55.9</ele>
      </trkpt>
      <trkpt lat="-37.82091" lon="175.33352">
        <ele>55.8</ele>
      </trkpt>
      <trkpt lat="-37.82086" lon="175.33351">
        <ele>55.8</ele>
      </trkpt>
      <trkpt lat="-37.82075" lon="175.33345">
        <ele>55.4</ele>
      </trkpt>
      <trkpt lat="-37.82061" lon="175.33347">
        <ele>54.7</ele>
      </trkpt>
      <trkpt lat="-37.81988" lon="175.33341">
        <ele>51.9</ele>
      </trkpt>
      <trkpt lat="-37.81915" lon="175.33335">
        <ele>52.0</ele>
      </trkpt>
      <trkpt lat="-37.81844" lon="175.33327">
        <ele>49.3</ele>
      </trkpt>
      <trkpt lat="-37.81772" lon="175.3332">
        <ele>50.4</ele>
      </trkpt>
      <trkpt lat="-37.81701" lon="175.33312">
        <ele>51.0</ele>
      </trkpt>
      <trkpt lat="-37.81697" lon="175.33308">
        <ele>51.0</ele>
      </trkpt>
      <trkpt lat="-37.81691" lon="175.33318">
        <ele>51.0</ele>
      </trkpt>
      <trkpt lat="-37.81635" lon="175.33314">
        <ele>51.7</ele>
      </trkpt>
      <trkpt lat="-37.8157" lon="175.33307">
        <ele>52.3</ele>
      </trkpt>
      <trkpt lat="-37.81505" lon="175.333">
        <ele>50.3</ele>
      </trkpt>
      <trkpt lat="-37.8144" lon="175.33294">
        <ele>51.2</ele>
      </trkpt>
      <trkpt lat="-37.81363" lon="175.33286">
        <ele>51.4</ele>
      </trkpt>
      <trkpt lat="-37.81286" lon="175.33278">
        <ele>50.2</ele>
      </trkpt>
      <trkpt lat="-37.81209" lon="175.33271">
        <ele>50.6</ele>
      </trkpt>
      <trkpt lat="-37.81132" lon="175.33263">
        <ele>51.2</ele>
      </trkpt>
      <trkpt lat="-37.81055" lon="175.33256">
        <ele>48.8</ele>
      </trkpt>
      <trkpt lat="-37.81033" lon="175.33255">
        <ele>47.8</ele>
      </trkpt>
      <trkpt lat="-37.81014" lon="175.33256">
        <ele>46.9</ele>
      </trkpt>
      <trkpt lat="-37.80974" lon="175.33265">
        <ele>45.0</ele>
      </trkpt>
      <trkpt lat="-37.80957" lon="175.33266">
        <ele>44.0</ele>
      </trkpt>
      <trkpt lat="-37.80947" lon="175.33265">
        <ele>43.2</ele>
      </trkpt>
      <trkpt lat="-37.80938" lon="175.33263">
        <ele>42.5</ele>
      </trkpt>
      <trkpt lat="-37.80882" lon="175.33242">
        <ele>41.4</ele>
      </trkpt>
      <trkpt lat="-37.80828" lon="175.33231">
        <ele>43.5</ele>
      </trkpt>
      <trkpt lat="-37.80774" lon="175.33221">
        <ele>40.7</ele>
      </trkpt>
      <trkpt lat="-37.80757" lon="175.33215">
        <ele>39.9</ele>
      </trkpt>
      <trkpt lat="-37.80748" lon="175.3321">
        <ele>39.3</ele>
      </trkpt>
      <trkpt lat="-37.80743" lon="175.33207">
        <ele>38.7</ele>
      </trkpt>
      <trkpt lat="-37.80702" lon="175.33164">
        <ele>33.8</ele>
      </trkpt>
      <trkpt lat="-37.80671" lon="175.33134">
        <ele>30.1</ele>
      </trkpt>
      <trkpt lat="-37.80666" lon="175.3313">
        <ele>29.7</ele>
      </trkpt>
      <trkpt lat="-37.80659" lon="175.33117">
        <ele>29.3</ele>
      </trkpt>
      <trkpt lat="-37.80651" lon="175.33108">
        <ele>29.1</ele>
      </trkpt>
      <trkpt lat="-37.80641" lon="175.33087">
        <ele>28.7</ele>
      </trkpt>
      <trkpt lat="-37.80624" lon="175.33044">
        <ele>32.5</ele>
      </trkpt>
      <trkpt lat="-37.80617" lon="175.33021">
        <ele>34.5</ele>
      </trkpt>
      <trkpt lat="-37.80602" lon="175.32961">
        <ele>39.6</ele>
      </trkpt>
      <trkpt lat="-37.80583" lon="175.3288">
        <ele>42.9</ele>
      </trkpt>
      <trkpt lat="-37.80563" lon="175.328">
        <ele>45.4</ele>
      </trkpt>
      <trkpt lat="-37.8054" lon="175.32692">
        <ele>47.1</ele>
      </trkpt>
      <trkpt lat="-37.80539" lon="175.32687">
        <ele>47.2</ele>
      </trkpt>
      <trkpt lat="-37.80541" lon="175.32681">
        <ele>47.2</ele>
      </trkpt>
      <trkpt lat="-37.80539" lon="175.32678">
        <ele>47.3</ele>
      </trkpt>
      <trkpt lat="-37.80539" lon="175.32664">
        <ele>47.5</ele>
      </trkpt>
      <trkpt lat="-37.80541" lon="175.32657">
        <ele>47.6</ele>
      </trkpt>
      <trkpt lat="-37.80546" lon="175.32651">
        <ele>47.6</ele>
      </trkpt>
      <trkpt lat="-37.80483" lon="175.32577">
        <ele>47.1</ele>
      </trkpt>
      <trkpt lat="-37.80483" lon="175.32577">
        <ele>47.1</ele>
      </trkpt>
      <trkpt lat="-37.80424" lon="175.32507">
        <ele>47.2</ele>
      </trkpt>
      <trkpt lat="-37.8041" lon="175.32493">
        <ele>47.4</ele>
      </trkpt>
      <trkpt lat="-37.80395" lon="175.32481">
        <ele>48.0</ele>
      </trkpt>
      <trkpt lat="-37.80391" lon="175.32471">
        <ele>48.4</ele>
      </trkpt>
      <trkpt lat="-37.80384" lon="175.32467">
        <ele>48.5</ele>
      </trkpt>
      <trkpt lat="-37.80387" lon="175.32452">
        <ele>49.0</ele>
      </trkpt>
      <trkpt lat="-37.80394" lon="175.32388">
        <ele>50.8</ele>
      </trkpt>
      <trkpt lat="-37.80395" lon="175.32372">
        <ele>51.0</ele>
      </trkpt>
      <trkpt lat="-37.80393" lon="175.32341">
        <ele>51.3</ele>
      </trkpt>
      <trkpt lat="-37.80393" lon="175.32329">
        <ele>51.4</ele>
      </trkpt>
      <trkpt lat="-37.80405" lon="175.32243">
        <ele>49.8</ele>
      </trkpt>
      <trkpt lat="-37.80417" lon="175.32158">
        <ele>47.0</ele>
      </trkpt>
      <trkpt lat="-37.80434" lon="175.32084">
        <ele>47.4</ele>
      </trkpt>
      <trkpt lat="-37.80444" lon="175.3204">
        <ele>48.4</ele>
      </trkpt>
      <trkpt lat="-37.80447" lon="175.31993">
        <ele>49.0</ele>
      </trkpt>
      <trkpt lat="-37.80447" lon="175.31967">
        <ele>49.2</ele>
      </trkpt>
      <trkpt lat="-37.80451" lon="175.31914">
        <ele>49.4</ele>
      </trkpt>
      <trkpt lat="-37.80459" lon="175.31837">
        <ele>49.4</ele>
      </trkpt>
      <trkpt lat="-37.80469" lon="175.3176">
        <ele>49.7</ele>
      </trkpt>
      <trkpt lat="-37.8047" lon="175.3174">
        <ele>49.7</ele>
      </trkpt>
      <trkpt lat="-37.8047" lon="175.31718">
        <ele>49.6</ele>
      </trkpt>
      <trkpt lat="-37.80454" lon="175.31661">
        <ele>50.2</ele>
      </trkpt>
      <trkpt lat="-37.80461" lon="175.31659">
        <ele>49.6</ele>
      </trkpt>
      <trkpt lat="-37.80459" lon="175.31651">
        <ele>49.6</ele>
      </trkpt>
      <trkpt lat="-37.80454" lon="175.31636">
        <ele>49.7</ele>
      </trkpt>
      <trkpt lat="-37.80448" lon="175.31629">
        <ele>50.2</ele>
      </trkpt>
      <trkpt lat="-37.80445" lon="175.31617">
        <ele>50.3</ele>
      </trkpt>
      <trkpt lat="-37.80438" lon="175.31601">
        <ele>51.0</ele>
      </trkpt>
      <trkpt lat="-37.80435" lon="175.31595">
        <ele>51.4</ele>
      </trkpt>
      <trkpt lat="-37.80419" lon="175.31573">
        <ele>53.8</ele>
      </trkpt>
      <trkpt lat="-37.80414" lon="175.31566">
        <ele>54.4</ele>
      </trkpt>
      <trkpt lat="-37.80413" lon="175.31564">
        <ele>54.5</ele>
      </trkpt>
      <trkpt lat="-37.80409" lon="175.31565">
        <ele>54.8</ele>
      </trkpt>
      <trkpt lat="-37.804" lon="175.3156">
        <ele>55.6</ele>
      </trkpt>
      <trkpt lat="-37.80338" lon="175.31513">
        <ele>60.7</ele>
      </trkpt>
      <trkpt lat="-37.80331" lon="175.31506">
        <ele>61.1</ele>
      </trkpt>
      <trkpt lat="-37.8031" lon="175.31489">
        <ele>61.4</ele>
      </trkpt>
      <trkpt lat="-37.80309" lon="175.31483">
        <ele>61.3</ele>
      </trkpt>
      <trkpt lat="-37.80312" lon="175.3147">
        <ele>61.1</ele>
      </trkpt>
      <trkpt lat="-37.80316" lon="175.3146">
        <ele>60.9</ele>
      </trkpt>
      <trkpt lat="-37.80321" lon="175.31453">
        <ele>60.9</ele>
      </trkpt>
      <trkpt lat="-37.80325" lon="175.31444">
        <ele>60.9</ele>
      </trkpt>
      <trkpt lat="-37.80328" lon="175.3143">
        <ele>60.9</ele>
      </trkpt>
      <trkpt lat="-37.80326" lon="175.31416">
        <ele>60.7</ele>
      </trkpt>
      <trkpt lat="-37.80327" lon="175.31394">
        <ele>60.5</ele>
      </trkpt>
      <trkpt lat="-37.80325" lon="175.31345">
        <ele>59.8</ele>
      </trkpt>
      <trkpt lat="-37.80324" lon="175.31335">
        <ele>59.7</ele>
      </trkpt>
      <trkpt lat="-37.8031" lon="175.31286">
        <ele>53.8</ele>
      </trkpt>
      <trkpt lat="-37.80309" lon="175.31279">
        <ele>53.0</ele>
      </trkpt>
      <trkpt lat="-37.8031" lon="175.31275">
        <ele>52.5</ele>
      </trkpt>
      <trkpt lat="-37.80314" lon="175.3127">
        <ele>51.8</ele>
      </trkpt>
      <trkpt lat="-37.80317" lon="175.31268">
        <ele>51.4</ele>
      </trkpt>
      <trkpt lat="-37.80369" lon="175.31248">
        <ele>43.3</ele>
      </trkpt>
      <trkpt lat="-37.80375" lon="175.31244">
        <ele>42.7</ele>
      </trkpt>
      <trkpt lat="-37.80381" lon="175.31238">
        <ele>43.0</ele>
      </trkpt>
      <trkpt lat="-37.80385" lon="175.31232">
        <ele>43.3</ele>
      </trkpt>
      <trkpt lat="-37.80388" lon="175.31222">
        <ele>43.7</ele>
      </trkpt>
      <trkpt lat="-37.80393" lon="175.31198">
        <ele>44.7</ele>
      </trkpt>
      <trkpt lat="-37.80393" lon="175.31168">
        <ele>45.9</ele>
      </trkpt>
      <trkpt lat="-37.80391" lon="175.31155">
        <ele>46.4</ele>
      </trkpt>
      <trkpt lat="-37.80388" lon="175.31142">
        <ele>46.9</ele>
      </trkpt>
      <trkpt lat="-37.80375" lon="175.31114">
        <ele>48.2</ele>
      </trkpt>
      <trkpt lat="-37.80365" lon="175.31101">
        <ele>49.8</ele>
      </trkpt>
      <trkpt lat="-37.8035" lon="175.31085">
        <ele>52.3</ele>
      </trkpt>
      <trkpt lat="-37.80346" lon="175.3108">
        <ele>53.0</ele>
      </trkpt>
      <trkpt lat="-37.80342" lon="175.31073">
        <ele>53.6</ele>
      </trkpt>
      <trkpt lat="-37.80336" lon="175.31056">
        <ele>54.8</ele>
      </trkpt>
      <trkpt lat="-37.80333" lon="175.31051">
        <ele>55.1</ele>
      </trkpt>
      <trkpt lat="-37.80331" lon="175.31047">
        <ele>55.1</ele>
      </trkpt>
      <trkpt lat="-37.80326" lon="175.31042">
        <ele>54.9</ele>
      </trkpt>
      <trkpt lat="-37.80319" lon="175.31036">
        <ele>54.6</ele>
      </trkpt>
      <trkpt lat="-37.80312" lon="175.31034">
        <ele>54.1</ele>
      </trkpt>
      <trkpt lat="-37.80304" lon="175.31034">
        <ele>53.5</ele>
      </trkpt>
      <trkpt lat="-37.80289" lon="175.31036">
        <ele>52.2</ele>
      </trkpt>
      <trkpt lat="-37.8028" lon="175.31036">
        <ele>51.5</ele>
      </trkpt>
      <trkpt lat="-37.80273" lon="175.31033">
        <ele>51.0</ele>
      </trkpt>
      <trkpt lat="-37.80266" lon="175.31027">
        <ele>50.6</ele>
      </trkpt>
      <trkpt lat="-37.80261" lon="175.3102">
        <ele>50.4</ele>
      </trkpt>
      <trkpt lat="-37.80258" lon="175.31015">
        <ele>50.3</ele>
      </trkpt>
      <trkpt lat="-37.80255" lon="175.31005">
        <ele>50.3</ele>
      </trkpt>
      <trkpt lat="-37.80254" lon="175.30995">
        <ele>50.5</ele>
      </trkpt>
      <trkpt lat="-37.80254" lon="175.30973">
        <ele>51.0</ele>
      </trkpt>
      <trkpt lat="-37.80254" lon="175.30971">
        <ele>51.0</ele>
      </trkpt>
      <trkpt lat="-37.80251" lon="175.30966">
        <ele>50.9</ele>
      </trkpt>
      <trkpt lat="-37.80247" lon="175.30963">
        <ele>50.7</ele>
      </trkpt>
      <trkpt lat="-37.80242" lon="175.30961">
        <ele>50.5</ele>
      </trkpt>
      <trkpt lat="-37.80229" lon="175.30955">
        <ele>49.9</ele>
      </trkpt>
      <trkpt lat="-37.80202" lon="175.30936">
        <ele>48.2</ele>
      </trkpt>
      <trkpt lat="-37.80194" lon="175.30928">
        <ele>47.5</ele>
      </trkpt>
      <trkpt lat="-37.80185" lon="175.30914">
        <ele>46.6</ele>
      </trkpt>
      <trkpt lat="-37.80182" lon="175.30906">
        <ele>46.4</ele>
      </trkpt>
      <trkpt lat="-37.80179" lon="175.30897">
        <ele>46.2</ele>
      </trkpt>
      <trkpt lat="-37.80178" lon="175.30887">
        <ele>46.3</ele>
      </trkpt>
      <trkpt lat="-37.80175" lon="175.30847">
        <ele>46.5</ele>
      </trkpt>
      <trkpt lat="-37.80174" lon="175.3082">
        <ele>46.1</ele>
      </trkpt>
      <trkpt lat="-37.8018" lon="175.3076">
        <ele>44.5</ele>
      </trkpt>
      <trkpt lat="-37.80185" lon="175.30726">
        <ele>44.2</ele>
      </trkpt>
      <trkpt lat="-37.80192" lon="175.30693">
        <ele>43.9</ele>
      </trkpt>
      <trkpt lat="-37.80201" lon="175.30662">
        <ele>43.4</ele>
      </trkpt>
      <trkpt lat="-37.80206" lon="175.30652">
        <ele>43.3</ele>
      </trkpt>
      <trkpt lat="-37.80212" lon="175.30643">
        <ele>43.2</ele>
      </trkpt>
      <trkpt lat="-37.80219" lon="175.30633">
        <ele>42.9</ele>
      </trkpt>
      <trkpt lat="-37.80227" lon="175.30625">
        <ele>42.6</ele>
      </trkpt>
      <trkpt lat="-37.80236" lon="175.30616">
        <ele>42.0</ele>
      </trkpt>
      <trkpt lat="-37.80253" lon="175.306">
        <ele>40.9</ele>
      </trkpt>
      <trkpt lat="-37.80255" lon="175.30597">
        <ele>40.8</ele>
      </trkpt>
      <trkpt lat="-37.80259" lon="175.30585">
        <ele>40.2</ele>
      </trkpt>
      <trkpt lat="-37.8026" lon="175.30579">
        <ele>40.5</ele>
      </trkpt>
      <trkpt lat="-37.80273" lon="175.30574">
        <ele>41.0</ele>
      </trkpt>
      <trkpt lat="-37.80269" lon="175.30553">
        <ele>42.6</ele>
      </trkpt>
      <trkpt lat="-37.80269" lon="175.3055">
        <ele>42.8</ele>
      </trkpt>
      <trkpt lat="-37.80271" lon="175.30545">
        <ele>43.2</ele>
      </trkpt>
      <trkpt lat="-37.80268" lon="175.3054">
        <ele>43.6</ele>
      </trkpt>
      <trkpt lat="-37.80265" lon="175.30536">
        <ele>44.0</ele>
      </trkpt>
      <trkpt lat="-37.80264" lon="175.30532">
        <ele>44.3</ele>
      </trkpt>
      <trkpt lat="-37.80265" lon="175.3052">
        <ele>45.2</ele>
      </trkpt>
      <trkpt lat="-37.80263" lon="175.30509">
        <ele>46.1</ele>
      </trkpt>
      <trkpt lat="-37.80262" lon="175.30504">
        <ele>46.5</ele>
      </trkpt>
      <trkpt lat="-37.80257" lon="175.30495">
        <ele>46.9</ele>
      </trkpt>
      <trkpt lat="-37.80249" lon="175.30485">
        <ele>47.0</ele>
      </trkpt>
      <trkpt lat="-37.80246" lon="175.30476">
        <ele>47.0</ele>
      </trkpt>
      <trkpt lat="-37.8025" lon="175.30436">
        <ele>47.0</ele>
      </trkpt>
      <trkpt lat="-37.80249" lon="175.30425">
        <ele>47.0</ele>
      </trkpt>
      <trkpt lat="-37.80258" lon="175.30367">
        <ele>48.2</ele>
      </trkpt>
      <trkpt lat="-37.80273" lon="175.30287">
        <ele>49.6</ele>
      </trkpt>
      <trkpt lat="-37.80297" lon="175.30178">
        <ele>49.7</ele>
      </trkpt>
      <trkpt lat="-37.80305" lon="175.30164">
        <ele>49.6</ele>
      </trkpt>
      <trkpt lat="-37.80309" lon="175.30155">
        <ele>49.2</ele>
      </trkpt>
      <trkpt lat="-37.80311" lon="175.30144">
        <ele>48.8</ele>
      </trkpt>
      <trkpt lat="-37.80315" lon="175.30131">
        <ele>48.3</ele>
      </trkpt>
      <trkpt lat="-37.80322" lon="175.30123">
        <ele>47.9</ele>
      </trkpt>
      <trkpt lat="-37.80325" lon="175.30116">
        <ele>47.6</ele>
      </trkpt>
      <trkpt lat="-37.80327" lon="175.30107">
        <ele>47.2</ele>
      </trkpt>
      <trkpt lat="-37.80328" lon="175.30103">
        <ele>47.0</ele>
      </trkpt>
      <trkpt lat="-37.80322" lon="175.30092">
        <ele>46.5</ele>
      </trkpt>
      <trkpt lat="-37.80323" lon="175.30086">
        <ele>46.2</ele>
      </trkpt>
      <trkpt lat="-37.80335" lon="175.30044">
        <ele>46.4</ele>
      </trkpt>
      <trkpt lat="-37.80341" lon="175.30006">
        <ele>46.1</ele>
      </trkpt>
      <trkpt lat="-37.80356" lon="175.29933">
        <ele>45.8</ele>
      </trkpt>
      <trkpt lat="-37.80371" lon="175.2986">
        <ele>42.7</ele>
      </trkpt>
      <trkpt lat="-37.80377" lon="175.29868">
        <ele>42.6</ele>
      </trkpt>
      <trkpt lat="-37.80373" lon="175.29895">
        <ele>43.9</ele>
      </trkpt>
      <trkpt lat="-37.80374" lon="175.29918">
        <ele>44.6</ele>
      </trkpt>
      <trkpt lat="-37.8037" lon="175.2994">
        <ele>45.2</ele>
      </trkpt>
      <trkpt lat="-37.80362" lon="175.29937">
        <ele>45.4</ele>
      </trkpt>
      <trkpt lat="-37.80335" lon="175.29927">
        <ele>46.4</ele>
      </trkpt>
      <trkpt lat="-37.80339" lon="175.29908">
        <ele>46.9</ele>
      </trkpt>
      <trkpt lat="-37.80337" lon="175.29904">
        <ele>47.1</ele>
      </trkpt>
      <trkpt lat="-37.80341" lon="175.29898">
        <ele>46.5</ele>
      </trkpt>
      <trkpt lat="-37.80343" lon="175.29887">
        <ele>45.8</ele>
      </trkpt>
      <trkpt lat="-37.80362" lon="175.29803">
        <ele>41.8</ele>
      </trkpt>
      <trkpt lat="-37.80362" lon="175.29803">
        <ele>41.8</ele>
      </trkpt>
      <trkpt lat="-37.80384" lon="175.29704">
        <ele>40.8</ele>
      </trkpt>
      <trkpt lat="-37.80392" lon="175.29705">
        <ele>40.6</ele>
      </trkpt>
      <trkpt lat="-37.804" lon="175.29666">
        <ele>41.2</ele>
      </trkpt>
      <trkpt lat="-37.80406" lon="175.29649">
        <ele>41.1</ele>
      </trkpt>
      <trkpt lat="-37.80413" lon="175.29631">
        <ele>41.0</ele>
      </trkpt>
      <trkpt lat="-37.80421" lon="175.29613">
        <ele>40.4</ele>
      </trkpt>
      <trkpt lat="-37.8044" lon="175.29583">
        <ele>38.2</ele>
      </trkpt>
      <trkpt lat="-37.80448" lon="175.29574">
        <ele>37.4</ele>
      </trkpt>
      <trkpt lat="-37.80459" lon="175.29562">
        <ele>36.3</ele>
      </trkpt>
      <trkpt lat="-37.80501" lon="175.29527">
        <ele>35.5</ele>
      </trkpt>
      <trkpt lat="-37.80509" lon="175.29521">
        <ele>35.4</ele>
      </trkpt>
      <trkpt lat="-37.80564" lon="175.29478">
        <ele>34.5</ele>
      </trkpt>
      <trkpt lat="-37.80618" lon="175.29436">
        <ele>33.6</ele>
      </trkpt>
      <trkpt lat="-37.8063" lon="175.29418">
        <ele>33.4</ele>
      </trkpt>
      <trkpt lat="-37.80632" lon="175.29409">
        <ele>34.2</ele>
      </trkpt>
      <trkpt lat="-37.80633" lon="175.29402">
        <ele>34.7</ele>
      </trkpt>
      <trkpt lat="-37.80632" lon="175.29389">
        <ele>35.2</ele>
      </trkpt>
      <trkpt lat="-37.80629" lon="175.29376">
        <ele>35.4</ele>
      </trkpt>
      <trkpt lat="-37.80624" lon="175.29361">
        <ele>35.3</ele>
      </trkpt>
      <trkpt lat="-37.80623" lon="175.29352">
        <ele>35.6</ele>
      </trkpt>
      <trkpt lat="-37.80598" lon="175.29269">
        <ele>34.8</ele>
      </trkpt>
      <trkpt lat="-37.80577" lon="175.29231">
        <ele>34.2</ele>
      </trkpt>
      <trkpt lat="-37.80536" lon="175.29142">
        <ele>35.9</ele>
      </trkpt>
      <trkpt lat="-37.8053" lon="175.29137">
        <ele>35.3</ele>
      </trkpt>
      <trkpt lat="-37.80517" lon="175.29132">
        <ele>33.8</ele>
      </trkpt>
      <trkpt lat="-37.80497" lon="175.29129">
        <ele>31.6</ele>
      </trkpt>
      <trkpt lat="-37.80484" lon="175.29124">
        <ele>31.3</ele>
      </trkpt>
      <trkpt lat="-37.8047" lon="175.29115">
        <ele>31.0</ele>
      </trkpt>
      <trkpt lat="-37.80451" lon="175.29097">
        <ele>30.5</ele>
      </trkpt>
      <trkpt lat="-37.80443" lon="175.29088">
        <ele>30.1</ele>
      </trkpt>
      <trkpt lat="-37.80438" lon="175.29079">
        <ele>30.0</ele>
      </trkpt>
      <trkpt lat="-37.80437" lon="175.29069">
        <ele>30.5</ele>
      </trkpt>
      <trkpt lat="-37.80434" lon="175.29028">
        <ele>32.5</ele>
      </trkpt>
      <trkpt lat="-37.8043" lon="175.29009">
        <ele>33.3</ele>
      </trkpt>
      <trkpt lat="-37.80425" lon="175.28996">
        <ele>33.9</ele>
      </trkpt>
      <trkpt lat="-37.80407" lon="175.28972">
        <ele>35.0</ele>
      </trkpt>
      <trkpt lat="-37.80399" lon="175.28954">
        <ele>36.1</ele>
      </trkpt>
      <trkpt lat="-37.80382" lon="175.28911">
        <ele>38.4</ele>
      </trkpt>
      <trkpt lat="-37.80361" lon="175.28882">
        <ele>37.1</ele>
      </trkpt>
      <trkpt lat="-37.80333" lon="175.28849">
        <ele>36.2</ele>
      </trkpt>
      <trkpt lat="-37.80326" lon="175.28835">
        <ele>35.9</ele>
      </trkpt>
      <trkpt lat="-37.8031" lon="175.28809">
        <ele>34.2</ele>
      </trkpt>
      <trkpt lat="-37.80275" lon="175.28772">
        <ele>33.0</ele>
      </trkpt>
      <trkpt lat="-37.80252" lon="175.28757">
        <ele>33.3</ele>
      </trkpt>
      <trkpt lat="-37.80237" lon="175.28732">
        <ele>34.4</ele>
      </trkpt>
      <trkpt lat="-37.80172" lon="175.28686">
        <ele>33.4</ele>
      </trkpt>
      <trkpt lat="-37.80108" lon="175.28639">
        <ele>31.3</ele>
      </trkpt>
      <trkpt lat="-37.80067" lon="175.28612">
        <ele>33.1</ele>
      </trkpt>
      <trkpt lat="-37.80012" lon="175.28595">
        <ele>36.4</ele>
      </trkpt>
      <trkpt lat="-37.79954" lon="175.28594">
        <ele>37.4</ele>
      </trkpt>
      <trkpt lat="-37.79925" lon="175.28604">
        <ele>36.5</ele>
      </trkpt>
      <trkpt lat="-37.79879" lon="175.28645">
        <ele>32.5</ele>
      </trkpt>
      <trkpt lat="-37.79854" lon="175.28661">
        <ele>30.6</ele>
      </trkpt>
      <trkpt lat="-37.79844" lon="175.28665">
        <ele>30.1</ele>
      </trkpt>
      <trkpt lat="-37.79832" lon="175.28668">
        <ele>30.2</ele>
      </trkpt>
      <trkpt lat="-37.79827" lon="175.28671">
        <ele>30.8</ele>
      </trkpt>
      <trkpt lat="-37.79824" lon="175.28676">
        <ele>31.0</ele>
      </trkpt>
      <trkpt lat="-37.79821" lon="175.28673">
        <ele>31.6</ele>
      </trkpt>
      <trkpt lat="-37.79785" lon="175.2874">
        <ele>31.3</ele>
      </trkpt>
      <trkpt lat="-37.79756" lon="175.28776">
        <ele>31.8</ele>
      </trkpt>
      <trkpt lat="-37.79723" lon="175.28807">
        <ele>33.5</ele>
      </trkpt>
      <trkpt lat="-37.7967" lon="175.28847">
        <ele>33.3</ele>
      </trkpt>
      <trkpt lat="-37.7967" lon="175.28847">
        <ele>33.3</ele>
      </trkpt>
      <trkpt lat="-37.79631" lon="175.28876">
        <ele>31.8</ele>
      </trkpt>
      <trkpt lat="-37.79592" lon="175.28906">
        <ele>29.3</ele>
      </trkpt>
      <trkpt lat="-37.79571" lon="175.28919">
        <ele>28.4</ele>
      </trkpt>
      <trkpt lat="-37.79556" lon="175.28927">
        <ele>29.0</ele>
      </trkpt>
      <trkpt lat="-37.79554" lon="175.28935">
        <ele>29.2</ele>
      </trkpt>
      <trkpt lat="-37.79542" lon="175.28941">
        <ele>29.2</ele>
      </trkpt>
      <trkpt lat="-37.79498" lon="175.2897">
        <ele>26.8</ele>
      </trkpt>
      <trkpt lat="-37.79425" lon="175.29015">
        <ele>22.1</ele>
      </trkpt>
      <trkpt lat="-37.79395" lon="175.29033">
        <ele>21.7</ele>
      </trkpt>
      <trkpt lat="-37.79386" lon="175.29017">
        <ele>22.9</ele>
      </trkpt>
      <trkpt lat="-37.7937" lon="175.29031">
        <ele>22.9</ele>
      </trkpt>
      <trkpt lat="-37.79357" lon="175.29038">
        <ele>23.3</ele>
      </trkpt>
      <trkpt lat="-37.79327" lon="175.29043">
        <ele>24.6</ele>
      </trkpt>
      <trkpt lat="-37.79299" lon="175.29044">
        <ele>25.2</ele>
      </trkpt>
      <trkpt lat="-37.79273" lon="175.29039">
        <ele>25.4</ele>
      </trkpt>
      <trkpt lat="-37.7925" lon="175.29032">
        <ele>25.1</ele>
      </trkpt>
      <trkpt lat="-37.7924" lon="175.29025">
        <ele>24.5</ele>
      </trkpt>
      <trkpt lat="-37.79218" lon="175.28998">
        <ele>22.1</ele>
      </trkpt>
      <trkpt lat="-37.79208" lon="175.28989">
        <ele>22.6</ele>
      </trkpt>
      <trkpt lat="-37.79198" lon="175.28981">
        <ele>23.1</ele>
      </trkpt>
      <trkpt lat="-37.79182" lon="175.28974">
        <ele>23.5</ele>
      </trkpt>
      <trkpt lat="-37.79133" lon="175.28922">
        <ele>23.2</ele>
      </trkpt>
      <trkpt lat="-37.79119" lon="175.28904">
        <ele>23.6</ele>
      </trkpt>
      <trkpt lat="-37.79099" lon="175.28887">
        <ele>24.1</ele>
      </trkpt>
      <trkpt lat="-37.79075" lon="175.28863">
        <ele>26.8</ele>
      </trkpt>
      <trkpt lat="-37.79053" lon="175.28837">
        <ele>30.6</ele>
      </trkpt>
      <trkpt lat="-37.7903" lon="175.28813">
        <ele>31.8</ele>
      </trkpt>
      <trkpt lat="-37.78969" lon="175.28752">
        <ele>31.2</ele>
      </trkpt>
      <trkpt lat="-37.78957" lon="175.28738">
        <ele>31.4</ele>
      </trkpt>
      <trkpt lat="-37.78943" lon="175.28716">
        <ele>31.4</ele>
      </trkpt>
      <trkpt lat="-37.78921" lon="175.28679">
        <ele>30.4</ele>
      </trkpt>
      <trkpt lat="-37.78905" lon="175.28642">
        <ele>32.9</ele>
      </trkpt>
      <trkpt lat="-37.78896" lon="175.2862">
        <ele>35.3</ele>
      </trkpt>
      <trkpt lat="-37.78889" lon="175.28607">
        <ele>36.5</ele>
      </trkpt>
      <trkpt lat="-37.78884" lon="175.28602">
        <ele>36.9</ele>
      </trkpt>
      <trkpt lat="-37.78857" lon="175.28578">
        <ele>38.1</ele>
      </trkpt>
      <trkpt lat="-37.78844" lon="175.28569">
        <ele>38.1</ele>
      </trkpt>
      <trkpt lat="-37.78827" lon="175.28554">
        <ele>38.0</ele>
      </trkpt>
      <trkpt lat="-37.78805" lon="175.28525">
        <ele>38.6</ele>
      </trkpt>
      <trkpt lat="-37.7877" lon="175.28492">
        <ele>40.3</ele>
      </trkpt>
      <trkpt lat="-37.78757" lon="175.28482">
        <ele>41.3</ele>
      </trkpt>
      <trkpt lat="-37.78745" lon="175.2847">
        <ele>42.2</ele>
      </trkpt>
      <trkpt lat="-37.78734" lon="175.28462">
        <ele>42.1</ele>
      </trkpt>
      <trkpt lat="-37.78714" lon="175.28452">
        <ele>41.5</ele>
      </trkpt>
      <trkpt lat="-37.78697" lon="175.28433">
        <ele>42.1</ele>
      </trkpt>
      <trkpt lat="-37.78692" lon="175.28426">
        <ele>42.4</ele>
      </trkpt>
      <trkpt lat="-37.78673" lon="175.28403">
        <ele>43.1</ele>
      </trkpt>
      <trkpt lat="-37.78636" lon="175.28369">
        <ele>44.7</ele>
      </trkpt>
      <trkpt lat="-37.78573" lon="175.28321">
        <ele>44.3</ele>
      </trkpt>
      <trkpt lat="-37.78534" lon="175.28295">
        <ele>41.9</ele>
      </trkpt>
      <trkpt lat="-37.78513" lon="175.28276">
        <ele>42.5</ele>
      </trkpt>
      <trkpt lat="-37.78495" lon="175.28263">
        <ele>42.4</ele>
      </trkpt>
      <trkpt lat="-37.78483" lon="175.28257">
        <ele>40.4</ele>
      </trkpt>
      <trkpt lat="-37.78479" lon="175.28254">
        <ele>39.9</ele>
      </trkpt>
      <trkpt lat="-37.7847" lon="175.2824">
        <ele>39.2</ele>
      </trkpt>
      <trkpt lat="-37.78452" lon="175.28225">
        <ele>37.1</ele>
      </trkpt>
      <trkpt lat="-37.78441" lon="175.28209">
        <ele>37.4</ele>
      </trkpt>
      <trkpt lat="-37.78441" lon="175.28208">
        <ele>37.6</ele>
      </trkpt>
      <trkpt lat="-37.78441" lon="175.28208">
        <ele>37.6</ele>
      </trkpt>
      <trkpt lat="-37.7844" lon="175.28199">
        <ele>38.9</ele>
      </trkpt>
      <trkpt lat="-37.78457" lon="175.28165">
        <ele>46.4</ele>
      </trkpt>
      <trkpt lat="-37.78499" lon="175.28095">
        <ele>53.5</ele>
      </trkpt>
      <trkpt lat="-37.78535" lon="175.28032">
        <ele>50.6</ele>
      </trkpt>
      <trkpt lat="-37.78571" lon="175.2797">
        <ele>47.9</ele>
      </trkpt>
      <trkpt lat="-37.78608" lon="175.27907">
        <ele>47.3</ele>
      </trkpt>
      <trkpt lat="-37.78624" lon="175.27876">
        <ele>47.2</ele>
      </trkpt>
      <trkpt lat="-37.78656" lon="175.27823">
        <ele>45.8</ele>
      </trkpt>
      <trkpt lat="-37.78659" lon="175.27814">
        <ele>45.5</ele>
      </trkpt>
      <trkpt lat="-37.78668" lon="175.27799">
        <ele>45.2</ele>
      </trkpt>
      <trkpt lat="-37.78685" lon="175.27779">
        <ele>45.2</ele>
      </trkpt>
      <trkpt lat="-37.78721" lon="175.27717">
        <ele>46.7</ele>
      </trkpt>
      <trkpt lat="-37.7873" lon="175.277">
        <ele>47.2</ele>
      </trkpt>
      <trkpt lat="-37.78739" lon="175.27674">
        <ele>47.6</ele>
      </trkpt>
      <trkpt lat="-37.78756" lon="175.27645">
        <ele>46.3</ele>
      </trkpt>
      <trkpt lat="-37.78797" lon="175.27682">
        <ele>48.6</ele>
      </trkpt>
      <trkpt lat="-37.78801" lon="175.27677">
        <ele>48.6</ele>
      </trkpt>
      <trkpt lat="-37.78801" lon="175.27677">
        <ele>48.6</ele>
      </trkpt>
      <trkpt lat="-37.78808" lon="175.27669">
        <ele>48.7</ele>
      </trkpt>
      <trkpt lat="-37.78821" lon="175.27654">
        <ele>48.4</ele>
      </trkpt>
      <trkpt lat="-37.78845" lon="175.27638">
        <ele>48.4</ele>
      </trkpt>
      <trkpt lat="-37.78838" lon="175.27619">
        <ele>47.9</ele>
      </trkpt>
      <trkpt lat="-37.78837" lon="175.27612">
        <ele>47.7</ele>
      </trkpt>
      <trkpt lat="-37.78837" lon="175.27606">
        <ele>47.6</ele>
      </trkpt>
      <trkpt lat="-37.7884" lon="175.27576">
        <ele>46.8</ele>
      </trkpt>
      <trkpt lat="-37.78842" lon="175.27568">
        <ele>46.5</ele>
      </trkpt>
      <trkpt lat="-37.78852" lon="175.27541">
        <ele>46.0</ele>
      </trkpt>
      <trkpt lat="-37.78853" lon="175.27534">
        <ele>45.9</ele>
      </trkpt>
      <trkpt lat="-37.78854" lon="175.27526">
        <ele>45.8</ele>
      </trkpt>
      <trkpt lat="-37.78853" lon="175.27493">
        <ele>45.3</ele>
      </trkpt>
      <trkpt lat="-37.7885" lon="175.2746">
        <ele>45.8</ele>
      </trkpt>
      <trkpt lat="-37.78845" lon="175.27456">
        <ele>45.6</ele>
      </trkpt>
      <trkpt lat="-37.78853" lon="175.27443">
        <ele>46.2</ele>
      </trkpt>
      <trkpt lat="-37.78846" lon="175.27435">
        <ele>46.1</ele>
      </trkpt>
      <trkpt lat="-37.78862" lon="175.2733">
        <ele>47.9</ele>
      </trkpt>
      <trkpt lat="-37.78878" lon="175.27224">
        <ele>46.6</ele>
      </trkpt>
      <trkpt lat="-37.78893" lon="175.27151">
        <ele>45.6</ele>
      </trkpt>
      <trkpt lat="-37.78898" lon="175.27128">
        <ele>45.4</ele>
      </trkpt>
      <trkpt lat="-37.78898" lon="175.27117">
        <ele>45.3</ele>
      </trkpt>
      <trkpt lat="-37.78914" lon="175.27013">
        <ele>45.4</ele>
      </trkpt>
      <trkpt lat="-37.78917" lon="175.26998">
        <ele>45.4</ele>
      </trkpt>
      <trkpt lat="-37.78928" lon="175.2696">
        <ele>45.5</ele>
      </trkpt>
      <trkpt lat="-37.78928" lon="175.26956">
        <ele>45.4</ele>
      </trkpt>
      <trkpt lat="-37.78925" lon="175.26949">
        <ele>45.2</ele>
      </trkpt>
      <trkpt lat="-37.78926" lon="175.26948">
        <ele>45.2</ele>
      </trkpt>
      <trkpt lat="-37.78933" lon="175.26941">
        <ele>44.9</ele>
      </trkpt>
      <trkpt lat="-37.78964" lon="175.26885">
        <ele>43.1</ele>
      </trkpt>
      <trkpt lat="-37.78994" lon="175.26842">
        <ele>41.6</ele>
      </trkpt>
      <trkpt lat="-37.79033" lon="175.26791">
        <ele>43.3</ele>
      </trkpt>
      <trkpt lat="-37.7904" lon="175.26778">
        <ele>43.6</ele>
      </trkpt>
      <trkpt lat="-37.79048" lon="175.26762">
        <ele>43.8</ele>
      </trkpt>
      <trkpt lat="-37.79063" lon="175.26723">
        <ele>44.1</ele>
      </trkpt>
      <trkpt lat="-37.79068" lon="175.26712">
        <ele>44.2</ele>
      </trkpt>
      <trkpt lat="-37.79071" lon="175.26706">
        <ele>44.2</ele>
      </trkpt>
      <trkpt lat="-37.79079" lon="175.267">
        <ele>44.3</ele>
      </trkpt>
      <trkpt lat="-37.79092" lon="175.26692">
        <ele>44.2</ele>
      </trkpt>
      <trkpt lat="-37.79131" lon="175.26683">
        <ele>43.0</ele>
      </trkpt>
      <trkpt lat="-37.7915" lon="175.26675">
        <ele>42.1</ele>
      </trkpt>
      <trkpt lat="-37.79201" lon="175.2664">
        <ele>40.8</ele>
      </trkpt>
      <trkpt lat="-37.79218" lon="175.26633">
        <ele>40.8</ele>
      </trkpt>
      <trkpt lat="-37.79229" lon="175.2663">
        <ele>40.9</ele>
      </trkpt>
      <trkpt lat="-37.79254" lon="175.26631">
        <ele>41.0</ele>
      </trkpt>
      <trkpt lat="-37.79264" lon="175.26633">
        <ele>40.8</ele>
      </trkpt>
      <trkpt lat="-37.7927" lon="175.26632">
        <ele>40.6</ele>
      </trkpt>
      <trkpt lat="-37.7928" lon="175.26628">
        <ele>40.3</ele>
      </trkpt>
      <trkpt lat="-37.79285" lon="175.26625">
        <ele>40.2</ele>
      </trkpt>
      <trkpt lat="-37.79288" lon="175.26617">
        <ele>40.0</ele>
      </trkpt>
      <trkpt lat="-37.79275" lon="175.26614">
        <ele>40.2</ele>
      </trkpt>
      <trkpt lat="-37.79233" lon="175.26607">
        <ele>40.4</ele>
      </trkpt>
      <trkpt lat="-37.79195" lon="175.26595">
        <ele>39.6</ele>
      </trkpt>
      <trkpt lat="-37.79188" lon="175.2659">
        <ele>39.4</ele>
      </trkpt>
      <trkpt lat="-37.7917" lon="175.26583">
        <ele>39.1</ele>
      </trkpt>
      <trkpt lat="-37.79162" lon="175.26581">
        <ele>39.3</ele>
      </trkpt>
      <trkpt lat="-37.79122" lon="175.26554">
        <ele>41.4</ele>
      </trkpt>
      <trkpt lat="-37.79117" lon="175.26552">
        <ele>41.6</ele>
      </trkpt>
      <trkpt lat="-37.79111" lon="175.26553">
        <ele>41.8</ele>
      </trkpt>
      <trkpt lat="-37.79103" lon="175.26558">
        <ele>42.0</ele>
      </trkpt>
      <trkpt lat="-37.79097" lon="175.26571">
        <ele>42.3</ele>
      </trkpt>
    </trkseg>
  </trk>
</gpx>
