<?xml version="1.0" encoding="UTF-8"?>
<gpx xmlns:gpxdata="http://www.cluetrust.com/XML/GPXDATA/1/0" xmlns:xsi="http://www.w3.org/2001/XMLSchema-instance" xmlns="http://www.topografix.com/GPX/1/1" version="1.1" creator="http://ridewithgps.com/" xsi:schemaLocation="http://www.topografix.com/GPX/1/1 http://www.topografix.com/GPX/1/1/gpx.xsd http://www.cluetrust.com/XML/GPXDATA/1/0 http://www.cluetrust.com/Schemas/gpxdata10.xsd">
  <metadata>
    <name>Motu Trails 320</name>
    <link href="https://ridewithgps.com/routes/56366732">
      <text>Motu Trails 320</text>
    </link>
    <time>2026-07-28T14:02:40Z</time>
  </metadata>
  <trk>
    <name>Motu Trails 320</name>
    <trkseg>
      <trkpt lat="-38.67149" lon="178.03">
        <ele>6.4</ele>
      </trkpt>
      <trkpt lat="-38.67122" lon="178.03043">
        <ele>6.5</ele>
      </trkpt>
      <trkpt lat="-38.67107" lon="178.0306">
        <ele>6.6</ele>
      </trkpt>
      <trkpt lat="-38.671" lon="178.03067">
        <ele>6.7</ele>
      </trkpt>
      <trkpt lat="-38.67082" lon="178.03078">
        <ele>6.8</ele>
      </trkpt>
      <trkpt lat="-38.67069" lon="178.03083">
        <ele>6.8</ele>
      </trkpt>
      <trkpt lat="-38.6705" lon="178.03085">
        <ele>6.7</ele>
      </trkpt>
      <trkpt lat="-38.67036" lon="178.03085">
        <ele>6.5</ele>
      </trkpt>
      <trkpt lat="-38.67022" lon="178.03081">
        <ele>6.2</ele>
      </trkpt>
      <trkpt lat="-38.67007" lon="178.03074">
        <ele>6.0</ele>
      </trkpt>
      <trkpt lat="-38.67005" lon="178.03081">
        <ele>6.0</ele>
      </trkpt>
      <trkpt lat="-38.67004" lon="178.03085">
        <ele>6.1</ele>
      </trkpt>
      <trkpt lat="-38.66987" lon="178.03074">
        <ele>6.5</ele>
      </trkpt>
      <trkpt lat="-38.6698" lon="178.03067">
        <ele>6.8</ele>
      </trkpt>
      <trkpt lat="-38.66971" lon="178.03065">
        <ele>7.2</ele>
      </trkpt>
      <trkpt lat="-38.66962" lon="178.03065">
        <ele>7.6</ele>
      </trkpt>
      <trkpt lat="-38.66957" lon="178.03067">
        <ele>7.9</ele>
      </trkpt>
      <trkpt lat="-38.66953" lon="178.03045">
        <ele>7.8</ele>
      </trkpt>
      <trkpt lat="-38.66935" lon="178.03003">
        <ele>8.2</ele>
      </trkpt>
      <trkpt lat="-38.66928" lon="178.0299">
        <ele>8.5</ele>
      </trkpt>
      <trkpt lat="-38.66908" lon="178.02959">
        <ele>9.2</ele>
      </trkpt>
      <trkpt lat="-38.66901" lon="178.02969">
        <ele>9.4</ele>
      </trkpt>
      <trkpt lat="-38.66895" lon="178.02975">
        <ele>9.6</ele>
      </trkpt>
      <trkpt lat="-38.66893" lon="178.02981">
        <ele>9.7</ele>
      </trkpt>
      <trkpt lat="-38.6683" lon="178.03008">
        <ele>11.8</ele>
      </trkpt>
      <trkpt lat="-38.66815" lon="178.03016">
        <ele>11.7</ele>
      </trkpt>
      <trkpt lat="-38.66807" lon="178.0302">
        <ele>11.6</ele>
      </trkpt>
      <trkpt lat="-38.6677" lon="178.0306">
        <ele>11.1</ele>
      </trkpt>
      <trkpt lat="-38.66732" lon="178.031">
        <ele>10.8</ele>
      </trkpt>
      <trkpt lat="-38.66727" lon="178.03107">
        <ele>10.7</ele>
      </trkpt>
      <trkpt lat="-38.6672" lon="178.03096">
        <ele>10.6</ele>
      </trkpt>
      <trkpt lat="-38.6671" lon="178.03083">
        <ele>10.6</ele>
      </trkpt>
      <trkpt lat="-38.66695" lon="178.03068">
        <ele>10.4</ele>
      </trkpt>
      <trkpt lat="-38.66688" lon="178.03062">
        <ele>10.4</ele>
      </trkpt>
      <trkpt lat="-38.66667" lon="178.03048">
        <ele>10.2</ele>
      </trkpt>
      <trkpt lat="-38.66656" lon="178.03042">
        <ele>10.2</ele>
      </trkpt>
      <trkpt lat="-38.66637" lon="178.03036">
        <ele>10.1</ele>
      </trkpt>
      <trkpt lat="-38.66624" lon="178.03033">
        <ele>10.8</ele>
      </trkpt>
      <trkpt lat="-38.66609" lon="178.03032">
        <ele>11.5</ele>
      </trkpt>
      <trkpt lat="-38.66546" lon="178.03034">
        <ele>13.0</ele>
      </trkpt>
      <trkpt lat="-38.66482" lon="178.03036">
        <ele>13.4</ele>
      </trkpt>
      <trkpt lat="-38.66481" lon="178.03029">
        <ele>13.3</ele>
      </trkpt>
      <trkpt lat="-38.6648" lon="178.03027">
        <ele>13.3</ele>
      </trkpt>
      <trkpt lat="-38.66474" lon="178.03024">
        <ele>13.3</ele>
      </trkpt>
      <trkpt lat="-38.6647" lon="178.03025">
        <ele>13.3</ele>
      </trkpt>
      <trkpt lat="-38.66468" lon="178.03027">
        <ele>13.3</ele>
      </trkpt>
      <trkpt lat="-38.66466" lon="178.0303">
        <ele>13.4</ele>
      </trkpt>
      <trkpt lat="-38.66465" lon="178.03036">
        <ele>13.4</ele>
      </trkpt>
      <trkpt lat="-38.66456" lon="178.03035">
        <ele>13.4</ele>
      </trkpt>
      <trkpt lat="-38.66401" lon="178.03029">
        <ele>13.8</ele>
      </trkpt>
      <trkpt lat="-38.66347" lon="178.03023">
        <ele>15.3</ele>
      </trkpt>
      <trkpt lat="-38.66338" lon="178.03024">
        <ele>15.6</ele>
      </trkpt>
      <trkpt lat="-38.66277" lon="178.03019">
        <ele>14.9</ele>
      </trkpt>
      <trkpt lat="-38.66261" lon="178.03018">
        <ele>14.6</ele>
      </trkpt>
      <trkpt lat="-38.66245" lon="178.03013">
        <ele>14.4</ele>
      </trkpt>
      <trkpt lat="-38.66224" lon="178.03013">
        <ele>14.6</ele>
      </trkpt>
      <trkpt lat="-38.66159" lon="178.03007">
        <ele>15.3</ele>
      </trkpt>
      <trkpt lat="-38.66139" lon="178.03004">
        <ele>15.7</ele>
      </trkpt>
      <trkpt lat="-38.66118" lon="178.02997">
        <ele>16.1</ele>
      </trkpt>
      <trkpt lat="-38.66101" lon="178.0299">
        <ele>16.1</ele>
      </trkpt>
      <trkpt lat="-38.66093" lon="178.02985">
        <ele>16.1</ele>
      </trkpt>
      <trkpt lat="-38.66082" lon="178.02975">
        <ele>15.8</ele>
      </trkpt>
      <trkpt lat="-38.66075" lon="178.02972">
        <ele>15.5</ele>
      </trkpt>
      <trkpt lat="-38.66052" lon="178.0296">
        <ele>14.7</ele>
      </trkpt>
      <trkpt lat="-38.6601" lon="178.02936">
        <ele>14.0</ele>
      </trkpt>
      <trkpt lat="-38.65968" lon="178.02913">
        <ele>14.0</ele>
      </trkpt>
      <trkpt lat="-38.65947" lon="178.02903">
        <ele>14.0</ele>
      </trkpt>
      <trkpt lat="-38.6594" lon="178.02898">
        <ele>14.0</ele>
      </trkpt>
      <trkpt lat="-38.65933" lon="178.0289">
        <ele>14.0</ele>
      </trkpt>
      <trkpt lat="-38.65904" lon="178.02876">
        <ele>13.9</ele>
      </trkpt>
      <trkpt lat="-38.65835" lon="178.02838">
        <ele>13.1</ele>
      </trkpt>
      <trkpt lat="-38.65815" lon="178.02823">
        <ele>13.0</ele>
      </trkpt>
      <trkpt lat="-38.65807" lon="178.02816">
        <ele>12.9</ele>
      </trkpt>
      <trkpt lat="-38.65805" lon="178.0281">
        <ele>12.9</ele>
      </trkpt>
      <trkpt lat="-38.65793" lon="178.02797">
        <ele>12.8</ele>
      </trkpt>
      <trkpt lat="-38.65777" lon="178.02783">
        <ele>12.6</ele>
      </trkpt>
      <trkpt lat="-38.65726" lon="178.02732">
        <ele>12.7</ele>
      </trkpt>
      <trkpt lat="-38.65674" lon="178.02681">
        <ele>13.9</ele>
      </trkpt>
      <trkpt lat="-38.65653" lon="178.02662">
        <ele>14.1</ele>
      </trkpt>
      <trkpt lat="-38.6565" lon="178.02659">
        <ele>14.1</ele>
      </trkpt>
      <trkpt lat="-38.65645" lon="178.02649">
        <ele>14.2</ele>
      </trkpt>
      <trkpt lat="-38.65619" lon="178.02626">
        <ele>14.5</ele>
      </trkpt>
      <trkpt lat="-38.65556" lon="178.02565">
        <ele>14.9</ele>
      </trkpt>
      <trkpt lat="-38.65494" lon="178.02504">
        <ele>14.1</ele>
      </trkpt>
      <trkpt lat="-38.6549" lon="178.02498">
        <ele>14.1</ele>
      </trkpt>
      <trkpt lat="-38.65478" lon="178.02485">
        <ele>14.3</ele>
      </trkpt>
      <trkpt lat="-38.65463" lon="178.02472">
        <ele>14.4</ele>
      </trkpt>
      <trkpt lat="-38.65401" lon="178.0241">
        <ele>15.0</ele>
      </trkpt>
      <trkpt lat="-38.65339" lon="178.02348">
        <ele>14.3</ele>
      </trkpt>
      <trkpt lat="-38.6534" lon="178.02345">
        <ele>14.2</ele>
      </trkpt>
      <trkpt lat="-38.6534" lon="178.0234">
        <ele>14.1</ele>
      </trkpt>
      <trkpt lat="-38.65339" lon="178.02337">
        <ele>14.0</ele>
      </trkpt>
      <trkpt lat="-38.65337" lon="178.02334">
        <ele>14.0</ele>
      </trkpt>
      <trkpt lat="-38.65334" lon="178.02333">
        <ele>14.0</ele>
      </trkpt>
      <trkpt lat="-38.65331" lon="178.02332">
        <ele>14.0</ele>
      </trkpt>
      <trkpt lat="-38.65328" lon="178.02334">
        <ele>14.0</ele>
      </trkpt>
      <trkpt lat="-38.65325" lon="178.02337">
        <ele>14.1</ele>
      </trkpt>
      <trkpt lat="-38.65267" lon="178.02279">
        <ele>13.2</ele>
      </trkpt>
      <trkpt lat="-38.65209" lon="178.02221">
        <ele>14.3</ele>
      </trkpt>
      <trkpt lat="-38.65151" lon="178.02164">
        <ele>14.2</ele>
      </trkpt>
      <trkpt lat="-38.6513" lon="178.02142">
        <ele>14.1</ele>
      </trkpt>
      <trkpt lat="-38.6508" lon="178.02091">
        <ele>14.2</ele>
      </trkpt>
      <trkpt lat="-38.6503" lon="178.02041">
        <ele>14.6</ele>
      </trkpt>
      <trkpt lat="-38.65023" lon="178.02035">
        <ele>14.6</ele>
      </trkpt>
      <trkpt lat="-38.65015" lon="178.0203">
        <ele>14.6</ele>
      </trkpt>
      <trkpt lat="-38.6496" lon="178.01975">
        <ele>14.1</ele>
      </trkpt>
      <trkpt lat="-38.64905" lon="178.01919">
        <ele>15.0</ele>
      </trkpt>
      <trkpt lat="-38.64846" lon="178.01863">
        <ele>14.9</ele>
      </trkpt>
      <trkpt lat="-38.64824" lon="178.01838">
        <ele>15.2</ele>
      </trkpt>
      <trkpt lat="-38.64761" lon="178.01776">
        <ele>16.8</ele>
      </trkpt>
      <trkpt lat="-38.64756" lon="178.01769">
        <ele>16.9</ele>
      </trkpt>
      <trkpt lat="-38.64731" lon="178.01719">
        <ele>16.5</ele>
      </trkpt>
      <trkpt lat="-38.64689" lon="178.01629">
        <ele>15.4</ele>
      </trkpt>
      <trkpt lat="-38.64647" lon="178.01538">
        <ele>15.2</ele>
      </trkpt>
      <trkpt lat="-38.64605" lon="178.01448">
        <ele>15.3</ele>
      </trkpt>
      <trkpt lat="-38.64586" lon="178.01416">
        <ele>15.0</ele>
      </trkpt>
      <trkpt lat="-38.64532" lon="178.01329">
        <ele>15.4</ele>
      </trkpt>
      <trkpt lat="-38.64479" lon="178.01242">
        <ele>15.5</ele>
      </trkpt>
      <trkpt lat="-38.64425" lon="178.01155">
        <ele>15.9</ele>
      </trkpt>
      <trkpt lat="-38.64372" lon="178.01067">
        <ele>16.0</ele>
      </trkpt>
      <trkpt lat="-38.64318" lon="178.0098">
        <ele>15.7</ele>
      </trkpt>
      <trkpt lat="-38.64265" lon="178.00893">
        <ele>15.9</ele>
      </trkpt>
      <trkpt lat="-38.64211" lon="178.00806">
        <ele>16.8</ele>
      </trkpt>
      <trkpt lat="-38.64158" lon="178.00719">
        <ele>17.0</ele>
      </trkpt>
      <trkpt lat="-38.64104" lon="178.00632">
        <ele>15.8</ele>
      </trkpt>
      <trkpt lat="-38.64051" lon="178.00545">
        <ele>15.6</ele>
      </trkpt>
      <trkpt lat="-38.64041" lon="178.0053">
        <ele>15.5</ele>
      </trkpt>
      <trkpt lat="-38.63991" lon="178.00449">
        <ele>15.4</ele>
      </trkpt>
      <trkpt lat="-38.63941" lon="178.00368">
        <ele>15.3</ele>
      </trkpt>
      <trkpt lat="-38.63897" lon="178.00295">
        <ele>16.6</ele>
      </trkpt>
      <trkpt lat="-38.6389" lon="178.00287">
        <ele>16.7</ele>
      </trkpt>
      <trkpt lat="-38.63882" lon="178.00272">
        <ele>16.8</ele>
      </trkpt>
      <trkpt lat="-38.63876" lon="178.00261">
        <ele>16.9</ele>
      </trkpt>
      <trkpt lat="-38.63863" lon="178.00239">
        <ele>16.7</ele>
      </trkpt>
      <trkpt lat="-38.63857" lon="178.00227">
        <ele>16.4</ele>
      </trkpt>
      <trkpt lat="-38.63848" lon="178.00213">
        <ele>16.1</ele>
      </trkpt>
      <trkpt lat="-38.63793" lon="178.00132">
        <ele>14.9</ele>
      </trkpt>
      <trkpt lat="-38.63738" lon="178.00051">
        <ele>13.9</ele>
      </trkpt>
      <trkpt lat="-38.63683" lon="177.9997">
        <ele>13.8</ele>
      </trkpt>
      <trkpt lat="-38.63628" lon="177.99889">
        <ele>14.4</ele>
      </trkpt>
      <trkpt lat="-38.63581" lon="177.99819">
        <ele>13.9</ele>
      </trkpt>
      <trkpt lat="-38.63532" lon="177.99746">
        <ele>12.9</ele>
      </trkpt>
      <trkpt lat="-38.63483" lon="177.99674">
        <ele>14.8</ele>
      </trkpt>
      <trkpt lat="-38.63434" lon="177.99602">
        <ele>14.8</ele>
      </trkpt>
      <trkpt lat="-38.63385" lon="177.99529">
        <ele>14.0</ele>
      </trkpt>
      <trkpt lat="-38.63336" lon="177.99457">
        <ele>11.0</ele>
      </trkpt>
      <trkpt lat="-38.63285" lon="177.9938">
        <ele>11.4</ele>
      </trkpt>
      <trkpt lat="-38.63233" lon="177.99303">
        <ele>11.4</ele>
      </trkpt>
      <trkpt lat="-38.63207" lon="177.99268">
        <ele>11.0</ele>
      </trkpt>
      <trkpt lat="-38.63166" lon="177.99223">
        <ele>10.3</ele>
      </trkpt>
      <trkpt lat="-38.63096" lon="177.99156">
        <ele>10.0</ele>
      </trkpt>
      <trkpt lat="-38.63057" lon="177.99117">
        <ele>11.5</ele>
      </trkpt>
      <trkpt lat="-38.63018" lon="177.99079">
        <ele>12.4</ele>
      </trkpt>
      <trkpt lat="-38.6295" lon="177.99012">
        <ele>10.8</ele>
      </trkpt>
      <trkpt lat="-38.62882" lon="177.98945">
        <ele>12.7</ele>
      </trkpt>
      <trkpt lat="-38.62814" lon="177.98877">
        <ele>13.5</ele>
      </trkpt>
      <trkpt lat="-38.62745" lon="177.9881">
        <ele>13.0</ele>
      </trkpt>
      <trkpt lat="-38.62678" lon="177.98743">
        <ele>13.0</ele>
      </trkpt>
      <trkpt lat="-38.6261" lon="177.98676">
        <ele>12.4</ele>
      </trkpt>
      <trkpt lat="-38.62542" lon="177.98609">
        <ele>11.5</ele>
      </trkpt>
      <trkpt lat="-38.62474" lon="177.98542">
        <ele>12.3</ele>
      </trkpt>
      <trkpt lat="-38.62406" lon="177.98474">
        <ele>13.1</ele>
      </trkpt>
      <trkpt lat="-38.62338" lon="177.98407">
        <ele>13.7</ele>
      </trkpt>
      <trkpt lat="-38.6227" lon="177.9834">
        <ele>16.3</ele>
      </trkpt>
      <trkpt lat="-38.62201" lon="177.98273">
        <ele>14.7</ele>
      </trkpt>
      <trkpt lat="-38.62134" lon="177.98206">
        <ele>15.3</ele>
      </trkpt>
      <trkpt lat="-38.62066" lon="177.98138">
        <ele>15.2</ele>
      </trkpt>
      <trkpt lat="-38.61997" lon="177.98071">
        <ele>15.0</ele>
      </trkpt>
      <trkpt lat="-38.6193" lon="177.98004">
        <ele>14.2</ele>
      </trkpt>
      <trkpt lat="-38.61862" lon="177.97937">
        <ele>14.2</ele>
      </trkpt>
      <trkpt lat="-38.61794" lon="177.9787">
        <ele>14.0</ele>
      </trkpt>
      <trkpt lat="-38.61726" lon="177.97802">
        <ele>13.7</ele>
      </trkpt>
      <trkpt lat="-38.61657" lon="177.97735">
        <ele>13.6</ele>
      </trkpt>
      <trkpt lat="-38.6159" lon="177.97668">
        <ele>12.9</ele>
      </trkpt>
      <trkpt lat="-38.61522" lon="177.97601">
        <ele>13.1</ele>
      </trkpt>
      <trkpt lat="-38.61508" lon="177.97587">
        <ele>13.1</ele>
      </trkpt>
      <trkpt lat="-38.61459" lon="177.9754">
        <ele>13.3</ele>
      </trkpt>
      <trkpt lat="-38.61411" lon="177.97492">
        <ele>12.9</ele>
      </trkpt>
      <trkpt lat="-38.61351" lon="177.9743">
        <ele>12.8</ele>
      </trkpt>
      <trkpt lat="-38.61283" lon="177.97358">
        <ele>11.7</ele>
      </trkpt>
      <trkpt lat="-38.61215" lon="177.97285">
        <ele>11.4</ele>
      </trkpt>
      <trkpt lat="-38.61147" lon="177.97213">
        <ele>11.3</ele>
      </trkpt>
      <trkpt lat="-38.61079" lon="177.9714">
        <ele>11.0</ele>
      </trkpt>
      <trkpt lat="-38.61011" lon="177.97068">
        <ele>11.0</ele>
      </trkpt>
      <trkpt lat="-38.60943" lon="177.96995">
        <ele>10.4</ele>
      </trkpt>
      <trkpt lat="-38.60875" lon="177.96922">
        <ele>13.3</ele>
      </trkpt>
      <trkpt lat="-38.60807" lon="177.9685">
        <ele>12.0</ele>
      </trkpt>
      <trkpt lat="-38.60739" lon="177.96777">
        <ele>10.4</ele>
      </trkpt>
      <trkpt lat="-38.60671" lon="177.96705">
        <ele>10.9</ele>
      </trkpt>
      <trkpt lat="-38.60603" lon="177.96632">
        <ele>11.1</ele>
      </trkpt>
      <trkpt lat="-38.60535" lon="177.9656">
        <ele>11.2</ele>
      </trkpt>
      <trkpt lat="-38.60467" lon="177.96487">
        <ele>11.9</ele>
      </trkpt>
      <trkpt lat="-38.60399" lon="177.96414">
        <ele>12.2</ele>
      </trkpt>
      <trkpt lat="-38.60331" lon="177.96342">
        <ele>12.1</ele>
      </trkpt>
      <trkpt lat="-38.60263" lon="177.96269">
        <ele>12.0</ele>
      </trkpt>
      <trkpt lat="-38.60195" lon="177.96197">
        <ele>11.8</ele>
      </trkpt>
      <trkpt lat="-38.60134" lon="177.96139">
        <ele>12.7</ele>
      </trkpt>
      <trkpt lat="-38.60062" lon="177.96073">
        <ele>13.7</ele>
      </trkpt>
      <trkpt lat="-38.59991" lon="177.96006">
        <ele>12.9</ele>
      </trkpt>
      <trkpt lat="-38.59919" lon="177.95944">
        <ele>12.0</ele>
      </trkpt>
      <trkpt lat="-38.59848" lon="177.95881">
        <ele>12.4</ele>
      </trkpt>
      <trkpt lat="-38.59776" lon="177.95819">
        <ele>15.9</ele>
      </trkpt>
      <trkpt lat="-38.59705" lon="177.95756">
        <ele>15.8</ele>
      </trkpt>
      <trkpt lat="-38.59634" lon="177.95694">
        <ele>15.3</ele>
      </trkpt>
      <trkpt lat="-38.59562" lon="177.95631">
        <ele>13.6</ele>
      </trkpt>
      <trkpt lat="-38.59491" lon="177.95568">
        <ele>12.4</ele>
      </trkpt>
      <trkpt lat="-38.5942" lon="177.95506">
        <ele>14.0</ele>
      </trkpt>
      <trkpt lat="-38.59348" lon="177.95443">
        <ele>13.7</ele>
      </trkpt>
      <trkpt lat="-38.59277" lon="177.95381">
        <ele>13.7</ele>
      </trkpt>
      <trkpt lat="-38.59206" lon="177.95318">
        <ele>12.9</ele>
      </trkpt>
      <trkpt lat="-38.59134" lon="177.95256">
        <ele>12.8</ele>
      </trkpt>
      <trkpt lat="-38.59063" lon="177.95193">
        <ele>14.0</ele>
      </trkpt>
      <trkpt lat="-38.59019" lon="177.95152">
        <ele>14.0</ele>
      </trkpt>
      <trkpt lat="-38.58989" lon="177.95117">
        <ele>14.6</ele>
      </trkpt>
      <trkpt lat="-38.58965" lon="177.95085">
        <ele>16.5</ele>
      </trkpt>
      <trkpt lat="-38.58954" lon="177.95068">
        <ele>17.0</ele>
      </trkpt>
      <trkpt lat="-38.58933" lon="177.95031">
        <ele>16.9</ele>
      </trkpt>
      <trkpt lat="-38.58917" lon="177.94993">
        <ele>15.9</ele>
      </trkpt>
      <trkpt lat="-38.58905" lon="177.94963">
        <ele>15.9</ele>
      </trkpt>
      <trkpt lat="-38.58869" lon="177.94862">
        <ele>15.0</ele>
      </trkpt>
      <trkpt lat="-38.58833" lon="177.9476">
        <ele>15.9</ele>
      </trkpt>
      <trkpt lat="-38.58798" lon="177.94659">
        <ele>15.4</ele>
      </trkpt>
      <trkpt lat="-38.58781" lon="177.94619">
        <ele>15.3</ele>
      </trkpt>
      <trkpt lat="-38.58763" lon="177.94582">
        <ele>15.0</ele>
      </trkpt>
      <trkpt lat="-38.5874" lon="177.94549">
        <ele>14.7</ele>
      </trkpt>
      <trkpt lat="-38.58726" lon="177.94532">
        <ele>14.7</ele>
      </trkpt>
      <trkpt lat="-38.58713" lon="177.94519">
        <ele>14.7</ele>
      </trkpt>
      <trkpt lat="-38.58699" lon="177.94507">
        <ele>14.7</ele>
      </trkpt>
      <trkpt lat="-38.58628" lon="177.94449">
        <ele>16.3</ele>
      </trkpt>
      <trkpt lat="-38.58557" lon="177.94391">
        <ele>15.7</ele>
      </trkpt>
      <trkpt lat="-38.58486" lon="177.94333">
        <ele>15.2</ele>
      </trkpt>
      <trkpt lat="-38.58415" lon="177.94275">
        <ele>15.3</ele>
      </trkpt>
      <trkpt lat="-38.58344" lon="177.94217">
        <ele>16.3</ele>
      </trkpt>
      <trkpt lat="-38.58273" lon="177.94159">
        <ele>16.3</ele>
      </trkpt>
      <trkpt lat="-38.58203" lon="177.94101">
        <ele>16.7</ele>
      </trkpt>
      <trkpt lat="-38.58189" lon="177.94088">
        <ele>16.8</ele>
      </trkpt>
      <trkpt lat="-38.58169" lon="177.94063">
        <ele>16.7</ele>
      </trkpt>
      <trkpt lat="-38.58155" lon="177.94039">
        <ele>16.6</ele>
      </trkpt>
      <trkpt lat="-38.58148" lon="177.94026">
        <ele>16.5</ele>
      </trkpt>
      <trkpt lat="-38.5814" lon="177.94001">
        <ele>16.3</ele>
      </trkpt>
      <trkpt lat="-38.58135" lon="177.93985">
        <ele>16.6</ele>
      </trkpt>
      <trkpt lat="-38.58131" lon="177.93965">
        <ele>17.0</ele>
      </trkpt>
      <trkpt lat="-38.58128" lon="177.9394">
        <ele>17.5</ele>
      </trkpt>
      <trkpt lat="-38.58127" lon="177.93917">
        <ele>17.9</ele>
      </trkpt>
      <trkpt lat="-38.58129" lon="177.93874">
        <ele>17.5</ele>
      </trkpt>
      <trkpt lat="-38.58129" lon="177.93866">
        <ele>17.4</ele>
      </trkpt>
      <trkpt lat="-38.58137" lon="177.93757">
        <ele>16.5</ele>
      </trkpt>
      <trkpt lat="-38.58144" lon="177.93649">
        <ele>16.6</ele>
      </trkpt>
      <trkpt lat="-38.58152" lon="177.9354">
        <ele>18.1</ele>
      </trkpt>
      <trkpt lat="-38.5816" lon="177.93432">
        <ele>18.8</ele>
      </trkpt>
      <trkpt lat="-38.58168" lon="177.93324">
        <ele>18.9</ele>
      </trkpt>
      <trkpt lat="-38.58175" lon="177.93215">
        <ele>18.2</ele>
      </trkpt>
      <trkpt lat="-38.58183" lon="177.93107">
        <ele>18.7</ele>
      </trkpt>
      <trkpt lat="-38.58191" lon="177.92998">
        <ele>18.7</ele>
      </trkpt>
      <trkpt lat="-38.58199" lon="177.9289">
        <ele>20.0</ele>
      </trkpt>
      <trkpt lat="-38.58206" lon="177.92781">
        <ele>20.8</ele>
      </trkpt>
      <trkpt lat="-38.58214" lon="177.92673">
        <ele>19.7</ele>
      </trkpt>
      <trkpt lat="-38.5823" lon="177.92675">
        <ele>19.9</ele>
      </trkpt>
      <trkpt lat="-38.5823" lon="177.92675">
        <ele>19.9</ele>
      </trkpt>
      <trkpt lat="-38.58146" lon="177.92665">
        <ele>19.0</ele>
      </trkpt>
      <trkpt lat="-38.58063" lon="177.92656">
        <ele>19.2</ele>
      </trkpt>
      <trkpt lat="-38.57979" lon="177.92646">
        <ele>19.4</ele>
      </trkpt>
      <trkpt lat="-38.57895" lon="177.92636">
        <ele>20.0</ele>
      </trkpt>
      <trkpt lat="-38.57811" lon="177.92627">
        <ele>20.9</ele>
      </trkpt>
      <trkpt lat="-38.57728" lon="177.92617">
        <ele>20.8</ele>
      </trkpt>
      <trkpt lat="-38.57644" lon="177.92608">
        <ele>21.0</ele>
      </trkpt>
      <trkpt lat="-38.5756" lon="177.92598">
        <ele>20.2</ele>
      </trkpt>
      <trkpt lat="-38.57477" lon="177.92589">
        <ele>20.9</ele>
      </trkpt>
      <trkpt lat="-38.57395" lon="177.9258">
        <ele>21.3</ele>
      </trkpt>
      <trkpt lat="-38.57314" lon="177.9257">
        <ele>22.2</ele>
      </trkpt>
      <trkpt lat="-38.57232" lon="177.92561">
        <ele>22.3</ele>
      </trkpt>
      <trkpt lat="-38.57151" lon="177.92552">
        <ele>23.3</ele>
      </trkpt>
      <trkpt lat="-38.57069" lon="177.92543">
        <ele>23.0</ele>
      </trkpt>
      <trkpt lat="-38.56988" lon="177.92534">
        <ele>23.0</ele>
      </trkpt>
      <trkpt lat="-38.56907" lon="177.92525">
        <ele>22.6</ele>
      </trkpt>
      <trkpt lat="-38.56825" lon="177.92516">
        <ele>22.1</ele>
      </trkpt>
      <trkpt lat="-38.56744" lon="177.92507">
        <ele>21.2</ele>
      </trkpt>
      <trkpt lat="-38.56662" lon="177.92498">
        <ele>22.1</ele>
      </trkpt>
      <trkpt lat="-38.56608" lon="177.92488">
        <ele>23.2</ele>
      </trkpt>
      <trkpt lat="-38.56556" lon="177.92476">
        <ele>23.0</ele>
      </trkpt>
      <trkpt lat="-38.56493" lon="177.92459">
        <ele>22.0</ele>
      </trkpt>
      <trkpt lat="-38.5643" lon="177.92443">
        <ele>21.4</ele>
      </trkpt>
      <trkpt lat="-38.56367" lon="177.92426">
        <ele>21.0</ele>
      </trkpt>
      <trkpt lat="-38.56284" lon="177.92404">
        <ele>21.7</ele>
      </trkpt>
      <trkpt lat="-38.562" lon="177.92383">
        <ele>23.6</ele>
      </trkpt>
      <trkpt lat="-38.56117" lon="177.92362">
        <ele>25.3</ele>
      </trkpt>
      <trkpt lat="-38.56033" lon="177.9234">
        <ele>25.9</ele>
      </trkpt>
      <trkpt lat="-38.5595" lon="177.92319">
        <ele>25.4</ele>
      </trkpt>
      <trkpt lat="-38.55867" lon="177.92297">
        <ele>24.5</ele>
      </trkpt>
      <trkpt lat="-38.55783" lon="177.92276">
        <ele>24.0</ele>
      </trkpt>
      <trkpt lat="-38.557" lon="177.92255">
        <ele>25.8</ele>
      </trkpt>
      <trkpt lat="-38.55616" lon="177.92233">
        <ele>26.6</ele>
      </trkpt>
      <trkpt lat="-38.55567" lon="177.92221">
        <ele>26.4</ele>
      </trkpt>
      <trkpt lat="-38.55518" lon="177.92209">
        <ele>25.7</ele>
      </trkpt>
      <trkpt lat="-38.55479" lon="177.92199">
        <ele>25.3</ele>
      </trkpt>
      <trkpt lat="-38.55462" lon="177.92193">
        <ele>25.1</ele>
      </trkpt>
      <trkpt lat="-38.55445" lon="177.92185">
        <ele>24.8</ele>
      </trkpt>
      <trkpt lat="-38.55412" lon="177.92166">
        <ele>24.1</ele>
      </trkpt>
      <trkpt lat="-38.55367" lon="177.92139">
        <ele>25.2</ele>
      </trkpt>
      <trkpt lat="-38.55297" lon="177.92098">
        <ele>25.5</ele>
      </trkpt>
      <trkpt lat="-38.5529" lon="177.92093">
        <ele>25.4</ele>
      </trkpt>
      <trkpt lat="-38.55282" lon="177.92084">
        <ele>25.4</ele>
      </trkpt>
      <trkpt lat="-38.55264" lon="177.92073">
        <ele>25.3</ele>
      </trkpt>
      <trkpt lat="-38.55218" lon="177.92046">
        <ele>25.4</ele>
      </trkpt>
      <trkpt lat="-38.55172" lon="177.92019">
        <ele>26.3</ele>
      </trkpt>
      <trkpt lat="-38.55098" lon="177.91973">
        <ele>26.3</ele>
      </trkpt>
      <trkpt lat="-38.55023" lon="177.91928">
        <ele>27.0</ele>
      </trkpt>
      <trkpt lat="-38.54948" lon="177.91882">
        <ele>26.6</ele>
      </trkpt>
      <trkpt lat="-38.54874" lon="177.91837">
        <ele>26.9</ele>
      </trkpt>
      <trkpt lat="-38.54799" lon="177.91791">
        <ele>27.2</ele>
      </trkpt>
      <trkpt lat="-38.54725" lon="177.91745">
        <ele>27.6</ele>
      </trkpt>
      <trkpt lat="-38.5465" lon="177.917">
        <ele>26.8</ele>
      </trkpt>
      <trkpt lat="-38.54575" lon="177.91654">
        <ele>26.7</ele>
      </trkpt>
      <trkpt lat="-38.54501" lon="177.91609">
        <ele>25.0</ele>
      </trkpt>
      <trkpt lat="-38.54426" lon="177.91564">
        <ele>25.0</ele>
      </trkpt>
      <trkpt lat="-38.54352" lon="177.91518">
        <ele>25.6</ele>
      </trkpt>
      <trkpt lat="-38.54277" lon="177.91473">
        <ele>26.1</ele>
      </trkpt>
      <trkpt lat="-38.54203" lon="177.91428">
        <ele>26.8</ele>
      </trkpt>
      <trkpt lat="-38.54128" lon="177.91383">
        <ele>27.0</ele>
      </trkpt>
      <trkpt lat="-38.54054" lon="177.91337">
        <ele>27.0</ele>
      </trkpt>
      <trkpt lat="-38.53979" lon="177.91292">
        <ele>26.4</ele>
      </trkpt>
      <trkpt lat="-38.53905" lon="177.91247">
        <ele>26.0</ele>
      </trkpt>
      <trkpt lat="-38.5383" lon="177.91201">
        <ele>26.0</ele>
      </trkpt>
      <trkpt lat="-38.53756" lon="177.91156">
        <ele>25.9</ele>
      </trkpt>
      <trkpt lat="-38.53681" lon="177.91111">
        <ele>25.6</ele>
      </trkpt>
      <trkpt lat="-38.53659" lon="177.91096">
        <ele>25.8</ele>
      </trkpt>
      <trkpt lat="-38.53643" lon="177.91088">
        <ele>25.9</ele>
      </trkpt>
      <trkpt lat="-38.53606" lon="177.9107">
        <ele>25.6</ele>
      </trkpt>
      <trkpt lat="-38.53589" lon="177.91063">
        <ele>25.3</ele>
      </trkpt>
      <trkpt lat="-38.53518" lon="177.91038">
        <ele>24.4</ele>
      </trkpt>
      <trkpt lat="-38.53448" lon="177.91013">
        <ele>25.7</ele>
      </trkpt>
      <trkpt lat="-38.53377" lon="177.90988">
        <ele>26.6</ele>
      </trkpt>
      <trkpt lat="-38.53307" lon="177.90963">
        <ele>25.9</ele>
      </trkpt>
      <trkpt lat="-38.5329" lon="177.90955">
        <ele>25.9</ele>
      </trkpt>
      <trkpt lat="-38.53273" lon="177.90946">
        <ele>26.0</ele>
      </trkpt>
      <trkpt lat="-38.53259" lon="177.90934">
        <ele>26.0</ele>
      </trkpt>
      <trkpt lat="-38.53244" lon="177.90919">
        <ele>26.5</ele>
      </trkpt>
      <trkpt lat="-38.53231" lon="177.90902">
        <ele>26.9</ele>
      </trkpt>
      <trkpt lat="-38.53209" lon="177.90867">
        <ele>27.5</ele>
      </trkpt>
      <trkpt lat="-38.53199" lon="177.90848">
        <ele>27.7</ele>
      </trkpt>
      <trkpt lat="-38.53182" lon="177.90812">
        <ele>28.5</ele>
      </trkpt>
      <trkpt lat="-38.53157" lon="177.90762">
        <ele>30.6</ele>
      </trkpt>
      <trkpt lat="-38.53131" lon="177.90712">
        <ele>34.5</ele>
      </trkpt>
      <trkpt lat="-38.53089" lon="177.90645">
        <ele>41.2</ele>
      </trkpt>
      <trkpt lat="-38.53048" lon="177.90578">
        <ele>46.0</ele>
      </trkpt>
      <trkpt lat="-38.53006" lon="177.90512">
        <ele>48.1</ele>
      </trkpt>
      <trkpt lat="-38.52959" lon="177.90442">
        <ele>44.3</ele>
      </trkpt>
      <trkpt lat="-38.52912" lon="177.90372">
        <ele>47.8</ele>
      </trkpt>
      <trkpt lat="-38.52865" lon="177.90302">
        <ele>42.3</ele>
      </trkpt>
      <trkpt lat="-38.52818" lon="177.90232">
        <ele>38.2</ele>
      </trkpt>
      <trkpt lat="-38.52801" lon="177.90206">
        <ele>35.7</ele>
      </trkpt>
      <trkpt lat="-38.52781" lon="177.90184">
        <ele>33.8</ele>
      </trkpt>
      <trkpt lat="-38.52766" lon="177.90171">
        <ele>32.9</ele>
      </trkpt>
      <trkpt lat="-38.5275" lon="177.90161">
        <ele>31.9</ele>
      </trkpt>
      <trkpt lat="-38.52733" lon="177.90153">
        <ele>31.4</ele>
      </trkpt>
      <trkpt lat="-38.52717" lon="177.90148">
        <ele>31.0</ele>
      </trkpt>
      <trkpt lat="-38.52696" lon="177.90145">
        <ele>30.4</ele>
      </trkpt>
      <trkpt lat="-38.52672" lon="177.90146">
        <ele>29.9</ele>
      </trkpt>
      <trkpt lat="-38.52647" lon="177.90151">
        <ele>29.3</ele>
      </trkpt>
      <trkpt lat="-38.52618" lon="177.90159">
        <ele>28.6</ele>
      </trkpt>
      <trkpt lat="-38.5256" lon="177.90179">
        <ele>28.1</ele>
      </trkpt>
      <trkpt lat="-38.52501" lon="177.902">
        <ele>28.6</ele>
      </trkpt>
      <trkpt lat="-38.52443" lon="177.9022">
        <ele>28.4</ele>
      </trkpt>
      <trkpt lat="-38.52379" lon="177.90246">
        <ele>28.9</ele>
      </trkpt>
      <trkpt lat="-38.52336" lon="177.90265">
        <ele>30.9</ele>
      </trkpt>
      <trkpt lat="-38.52293" lon="177.90283">
        <ele>32.4</ele>
      </trkpt>
      <trkpt lat="-38.52234" lon="177.90313">
        <ele>32.1</ele>
      </trkpt>
      <trkpt lat="-38.52174" lon="177.90343">
        <ele>32.0</ele>
      </trkpt>
      <trkpt lat="-38.52139" lon="177.90356">
        <ele>31.8</ele>
      </trkpt>
      <trkpt lat="-38.52111" lon="177.90363">
        <ele>31.4</ele>
      </trkpt>
      <trkpt lat="-38.52084" lon="177.90366">
        <ele>30.8</ele>
      </trkpt>
      <trkpt lat="-38.52055" lon="177.90367">
        <ele>30.3</ele>
      </trkpt>
      <trkpt lat="-38.52029" lon="177.90364">
        <ele>29.8</ele>
      </trkpt>
      <trkpt lat="-38.51998" lon="177.90357">
        <ele>30.0</ele>
      </trkpt>
      <trkpt lat="-38.5197" lon="177.90346">
        <ele>30.3</ele>
      </trkpt>
      <trkpt lat="-38.51949" lon="177.90337">
        <ele>30.5</ele>
      </trkpt>
      <trkpt lat="-38.5193" lon="177.90326">
        <ele>30.7</ele>
      </trkpt>
      <trkpt lat="-38.51914" lon="177.90315">
        <ele>30.8</ele>
      </trkpt>
      <trkpt lat="-38.51893" lon="177.90299">
        <ele>31.1</ele>
      </trkpt>
      <trkpt lat="-38.51867" lon="177.90273">
        <ele>31.4</ele>
      </trkpt>
      <trkpt lat="-38.51849" lon="177.90253">
        <ele>31.6</ele>
      </trkpt>
      <trkpt lat="-38.5184" lon="177.90241">
        <ele>31.7</ele>
      </trkpt>
      <trkpt lat="-38.51791" lon="177.90169">
        <ele>32.4</ele>
      </trkpt>
      <trkpt lat="-38.51774" lon="177.90147">
        <ele>31.3</ele>
      </trkpt>
      <trkpt lat="-38.51755" lon="177.90125">
        <ele>30.1</ele>
      </trkpt>
      <trkpt lat="-38.51713" lon="177.90094">
        <ele>28.8</ele>
      </trkpt>
      <trkpt lat="-38.51639" lon="177.90067">
        <ele>28.6</ele>
      </trkpt>
      <trkpt lat="-38.51565" lon="177.90039">
        <ele>29.1</ele>
      </trkpt>
      <trkpt lat="-38.51491" lon="177.90012">
        <ele>29.4</ele>
      </trkpt>
      <trkpt lat="-38.51418" lon="177.89985">
        <ele>30.6</ele>
      </trkpt>
      <trkpt lat="-38.51344" lon="177.89957">
        <ele>31.3</ele>
      </trkpt>
      <trkpt lat="-38.51284" lon="177.89939">
        <ele>30.8</ele>
      </trkpt>
      <trkpt lat="-38.51208" lon="177.89913">
        <ele>31.0</ele>
      </trkpt>
      <trkpt lat="-38.51133" lon="177.89887">
        <ele>30.1</ele>
      </trkpt>
      <trkpt lat="-38.51057" lon="177.89861">
        <ele>30.0</ele>
      </trkpt>
      <trkpt lat="-38.50981" lon="177.89834">
        <ele>31.2</ele>
      </trkpt>
      <trkpt lat="-38.50906" lon="177.89808">
        <ele>31.8</ele>
      </trkpt>
      <trkpt lat="-38.5083" lon="177.89782">
        <ele>31.8</ele>
      </trkpt>
      <trkpt lat="-38.50753" lon="177.89739">
        <ele>33.7</ele>
      </trkpt>
      <trkpt lat="-38.50676" lon="177.89695">
        <ele>33.7</ele>
      </trkpt>
      <trkpt lat="-38.50599" lon="177.89651">
        <ele>33.6</ele>
      </trkpt>
      <trkpt lat="-38.50581" lon="177.89642">
        <ele>33.2</ele>
      </trkpt>
      <trkpt lat="-38.50548" lon="177.89629">
        <ele>32.8</ele>
      </trkpt>
      <trkpt lat="-38.5052" lon="177.89625">
        <ele>32.4</ele>
      </trkpt>
      <trkpt lat="-38.50505" lon="177.89624">
        <ele>32.1</ele>
      </trkpt>
      <trkpt lat="-38.50492" lon="177.89624">
        <ele>32.0</ele>
      </trkpt>
      <trkpt lat="-38.50461" lon="177.8963">
        <ele>31.7</ele>
      </trkpt>
      <trkpt lat="-38.50444" lon="177.89635">
        <ele>31.7</ele>
      </trkpt>
      <trkpt lat="-38.50409" lon="177.89652">
        <ele>31.8</ele>
      </trkpt>
      <trkpt lat="-38.50391" lon="177.89661">
        <ele>31.7</ele>
      </trkpt>
      <trkpt lat="-38.50322" lon="177.89702">
        <ele>30.5</ele>
      </trkpt>
      <trkpt lat="-38.50252" lon="177.89742">
        <ele>30.4</ele>
      </trkpt>
      <trkpt lat="-38.50182" lon="177.89782">
        <ele>33.1</ele>
      </trkpt>
      <trkpt lat="-38.50113" lon="177.89823">
        <ele>31.5</ele>
      </trkpt>
      <trkpt lat="-38.50043" lon="177.89863">
        <ele>31.5</ele>
      </trkpt>
      <trkpt lat="-38.49976" lon="177.89899">
        <ele>34.1</ele>
      </trkpt>
      <trkpt lat="-38.49909" lon="177.89935">
        <ele>35.5</ele>
      </trkpt>
      <trkpt lat="-38.49842" lon="177.89971">
        <ele>39.8</ele>
      </trkpt>
      <trkpt lat="-38.49775" lon="177.90007">
        <ele>42.3</ele>
      </trkpt>
      <trkpt lat="-38.49708" lon="177.90043">
        <ele>41.8</ele>
      </trkpt>
      <trkpt lat="-38.49688" lon="177.90052">
        <ele>42.0</ele>
      </trkpt>
      <trkpt lat="-38.49655" lon="177.90074">
        <ele>40.6</ele>
      </trkpt>
      <trkpt lat="-38.49605" lon="177.90114">
        <ele>37.8</ele>
      </trkpt>
      <trkpt lat="-38.49556" lon="177.90154">
        <ele>36.9</ele>
      </trkpt>
      <trkpt lat="-38.49512" lon="177.90192">
        <ele>35.8</ele>
      </trkpt>
      <trkpt lat="-38.49491" lon="177.90211">
        <ele>34.5</ele>
      </trkpt>
      <trkpt lat="-38.49418" lon="177.90272">
        <ele>33.0</ele>
      </trkpt>
      <trkpt lat="-38.49346" lon="177.90333">
        <ele>34.7</ele>
      </trkpt>
      <trkpt lat="-38.49274" lon="177.90394">
        <ele>34.1</ele>
      </trkpt>
      <trkpt lat="-38.49258" lon="177.90405">
        <ele>34.0</ele>
      </trkpt>
      <trkpt lat="-38.49226" lon="177.90423">
        <ele>33.8</ele>
      </trkpt>
      <trkpt lat="-38.49176" lon="177.90448">
        <ele>33.8</ele>
      </trkpt>
      <trkpt lat="-38.49126" lon="177.90472">
        <ele>34.0</ele>
      </trkpt>
      <trkpt lat="-38.49099" lon="177.90483">
        <ele>33.9</ele>
      </trkpt>
      <trkpt lat="-38.49066" lon="177.90502">
        <ele>34.4</ele>
      </trkpt>
      <trkpt lat="-38.48988" lon="177.90543">
        <ele>35.9</ele>
      </trkpt>
      <trkpt lat="-38.48966" lon="177.90549">
        <ele>35.6</ele>
      </trkpt>
      <trkpt lat="-38.48926" lon="177.90487">
        <ele>34.9</ele>
      </trkpt>
      <trkpt lat="-38.48897" lon="177.90438">
        <ele>34.8</ele>
      </trkpt>
      <trkpt lat="-38.48886" lon="177.90416">
        <ele>35.1</ele>
      </trkpt>
      <trkpt lat="-38.48876" lon="177.9038">
        <ele>35.5</ele>
      </trkpt>
      <trkpt lat="-38.48868" lon="177.90364">
        <ele>35.8</ele>
      </trkpt>
      <trkpt lat="-38.48859" lon="177.90343">
        <ele>36.1</ele>
      </trkpt>
      <trkpt lat="-38.48852" lon="177.90322">
        <ele>36.2</ele>
      </trkpt>
      <trkpt lat="-38.48824" lon="177.90232">
        <ele>35.7</ele>
      </trkpt>
      <trkpt lat="-38.48797" lon="177.90142">
        <ele>37.2</ele>
      </trkpt>
      <trkpt lat="-38.48789" lon="177.90097">
        <ele>41.0</ele>
      </trkpt>
      <trkpt lat="-38.48787" lon="177.90076">
        <ele>42.1</ele>
      </trkpt>
      <trkpt lat="-38.48786" lon="177.90053">
        <ele>41.7</ele>
      </trkpt>
      <trkpt lat="-38.48788" lon="177.90031">
        <ele>41.0</ele>
      </trkpt>
      <trkpt lat="-38.48791" lon="177.90007">
        <ele>40.2</ele>
      </trkpt>
      <trkpt lat="-38.48796" lon="177.89984">
        <ele>39.7</ele>
      </trkpt>
      <trkpt lat="-38.48801" lon="177.89962">
        <ele>39.5</ele>
      </trkpt>
      <trkpt lat="-38.48808" lon="177.89942">
        <ele>39.2</ele>
      </trkpt>
      <trkpt lat="-38.48833" lon="177.89883">
        <ele>39.2</ele>
      </trkpt>
      <trkpt lat="-38.4886" lon="177.89829">
        <ele>42.0</ele>
      </trkpt>
      <trkpt lat="-38.48886" lon="177.89774">
        <ele>46.6</ele>
      </trkpt>
      <trkpt lat="-38.48905" lon="177.89725">
        <ele>48.9</ele>
      </trkpt>
      <trkpt lat="-38.48914" lon="177.8968">
        <ele>50.4</ele>
      </trkpt>
      <trkpt lat="-38.48917" lon="177.89657">
        <ele>51.3</ele>
      </trkpt>
      <trkpt lat="-38.48917" lon="177.89634">
        <ele>51.8</ele>
      </trkpt>
      <trkpt lat="-38.48916" lon="177.8961">
        <ele>52.3</ele>
      </trkpt>
      <trkpt lat="-38.4891" lon="177.89554">
        <ele>49.9</ele>
      </trkpt>
      <trkpt lat="-38.48897" lon="177.8946">
        <ele>42.2</ele>
      </trkpt>
      <trkpt lat="-38.48884" lon="177.89367">
        <ele>38.5</ele>
      </trkpt>
      <trkpt lat="-38.48869" lon="177.89265">
        <ele>38.4</ele>
      </trkpt>
      <trkpt lat="-38.48854" lon="177.89164">
        <ele>37.7</ele>
      </trkpt>
      <trkpt lat="-38.48839" lon="177.89063">
        <ele>36.2</ele>
      </trkpt>
      <trkpt lat="-38.48824" lon="177.88962">
        <ele>37.0</ele>
      </trkpt>
      <trkpt lat="-38.48809" lon="177.88861">
        <ele>37.4</ele>
      </trkpt>
      <trkpt lat="-38.48794" lon="177.8876">
        <ele>40.6</ele>
      </trkpt>
      <trkpt lat="-38.48779" lon="177.88659">
        <ele>40.6</ele>
      </trkpt>
      <trkpt lat="-38.48764" lon="177.88558">
        <ele>40.0</ele>
      </trkpt>
      <trkpt lat="-38.48757" lon="177.88525">
        <ele>40.0</ele>
      </trkpt>
      <trkpt lat="-38.48754" lon="177.88514">
        <ele>40.0</ele>
      </trkpt>
      <trkpt lat="-38.48746" lon="177.88493">
        <ele>40.1</ele>
      </trkpt>
      <trkpt lat="-38.48737" lon="177.88474">
        <ele>40.5</ele>
      </trkpt>
      <trkpt lat="-38.48728" lon="177.88458">
        <ele>40.9</ele>
      </trkpt>
      <trkpt lat="-38.48716" lon="177.88439">
        <ele>41.4</ele>
      </trkpt>
      <trkpt lat="-38.48695" lon="177.88418">
        <ele>42.3</ele>
      </trkpt>
      <trkpt lat="-38.48671" lon="177.884">
        <ele>42.9</ele>
      </trkpt>
      <trkpt lat="-38.48655" lon="177.88391">
        <ele>43.7</ele>
      </trkpt>
      <trkpt lat="-38.4863" lon="177.88381">
        <ele>45.0</ele>
      </trkpt>
      <trkpt lat="-38.48611" lon="177.88378">
        <ele>45.8</ele>
      </trkpt>
      <trkpt lat="-38.48589" lon="177.88377">
        <ele>46.9</ele>
      </trkpt>
      <trkpt lat="-38.48562" lon="177.88381">
        <ele>47.9</ele>
      </trkpt>
      <trkpt lat="-38.48513" lon="177.88396">
        <ele>50.8</ele>
      </trkpt>
      <trkpt lat="-38.48443" lon="177.8842">
        <ele>48.8</ele>
      </trkpt>
      <trkpt lat="-38.48372" lon="177.88445">
        <ele>44.4</ele>
      </trkpt>
      <trkpt lat="-38.48302" lon="177.8847">
        <ele>41.5</ele>
      </trkpt>
      <trkpt lat="-38.48226" lon="177.88485">
        <ele>41.6</ele>
      </trkpt>
      <trkpt lat="-38.48147" lon="177.88495">
        <ele>42.1</ele>
      </trkpt>
      <trkpt lat="-38.48069" lon="177.88504">
        <ele>42.7</ele>
      </trkpt>
      <trkpt lat="-38.4799" lon="177.88514">
        <ele>40.7</ele>
      </trkpt>
      <trkpt lat="-38.4792" lon="177.8852">
        <ele>38.6</ele>
      </trkpt>
      <trkpt lat="-38.47849" lon="177.88529">
        <ele>37.5</ele>
      </trkpt>
      <trkpt lat="-38.47779" lon="177.88538">
        <ele>38.7</ele>
      </trkpt>
      <trkpt lat="-38.47713" lon="177.88538">
        <ele>40.5</ele>
      </trkpt>
      <trkpt lat="-38.47659" lon="177.88527">
        <ele>41.9</ele>
      </trkpt>
      <trkpt lat="-38.47592" lon="177.88494">
        <ele>41.1</ele>
      </trkpt>
      <trkpt lat="-38.4751" lon="177.88449">
        <ele>40.6</ele>
      </trkpt>
      <trkpt lat="-38.47461" lon="177.88422">
        <ele>40.5</ele>
      </trkpt>
      <trkpt lat="-38.47413" lon="177.88394">
        <ele>40.3</ele>
      </trkpt>
      <trkpt lat="-38.47388" lon="177.88378">
        <ele>40.5</ele>
      </trkpt>
      <trkpt lat="-38.47363" lon="177.88357">
        <ele>40.7</ele>
      </trkpt>
      <trkpt lat="-38.47343" lon="177.88334">
        <ele>41.0</ele>
      </trkpt>
      <trkpt lat="-38.4732" lon="177.88299">
        <ele>41.2</ele>
      </trkpt>
      <trkpt lat="-38.47303" lon="177.88258">
        <ele>41.4</ele>
      </trkpt>
      <trkpt lat="-38.47289" lon="177.88205">
        <ele>41.3</ele>
      </trkpt>
      <trkpt lat="-38.4727" lon="177.88113">
        <ele>42.0</ele>
      </trkpt>
      <trkpt lat="-38.47251" lon="177.8802">
        <ele>45.1</ele>
      </trkpt>
      <trkpt lat="-38.47231" lon="177.87928">
        <ele>45.5</ele>
      </trkpt>
      <trkpt lat="-38.47214" lon="177.8785">
        <ele>45.8</ele>
      </trkpt>
      <trkpt lat="-38.47196" lon="177.87771">
        <ele>45.3</ele>
      </trkpt>
      <trkpt lat="-38.47172" lon="177.87662">
        <ele>45.4</ele>
      </trkpt>
      <trkpt lat="-38.47149" lon="177.87553">
        <ele>54.4</ele>
      </trkpt>
      <trkpt lat="-38.47141" lon="177.87512">
        <ele>56.5</ele>
      </trkpt>
      <trkpt lat="-38.47135" lon="177.87474">
        <ele>57.1</ele>
      </trkpt>
      <trkpt lat="-38.47133" lon="177.87451">
        <ele>57.5</ele>
      </trkpt>
      <trkpt lat="-38.4713" lon="177.87388">
        <ele>56.7</ele>
      </trkpt>
      <trkpt lat="-38.4713" lon="177.87352">
        <ele>54.9</ele>
      </trkpt>
      <trkpt lat="-38.47131" lon="177.87338">
        <ele>54.4</ele>
      </trkpt>
      <trkpt lat="-38.47125" lon="177.87337">
        <ele>53.2</ele>
      </trkpt>
      <trkpt lat="-38.47116" lon="177.87333">
        <ele>51.2</ele>
      </trkpt>
      <trkpt lat="-38.47111" lon="177.87329">
        <ele>50.0</ele>
      </trkpt>
      <trkpt lat="-38.47099" lon="177.87317">
        <ele>47.2</ele>
      </trkpt>
      <trkpt lat="-38.47095" lon="177.87306">
        <ele>46.1</ele>
      </trkpt>
      <trkpt lat="-38.4709" lon="177.87286">
        <ele>44.6</ele>
      </trkpt>
      <trkpt lat="-38.47069" lon="177.87183">
        <ele>43.5</ele>
      </trkpt>
      <trkpt lat="-38.47047" lon="177.87079">
        <ele>43.1</ele>
      </trkpt>
      <trkpt lat="-38.47026" lon="177.86976">
        <ele>44.7</ele>
      </trkpt>
      <trkpt lat="-38.47113" lon="177.86947">
        <ele>43.8</ele>
      </trkpt>
      <trkpt lat="-38.472" lon="177.86918">
        <ele>43.8</ele>
      </trkpt>
      <trkpt lat="-38.47207" lon="177.86914">
        <ele>44.0</ele>
      </trkpt>
      <trkpt lat="-38.47213" lon="177.8691">
        <ele>44.2</ele>
      </trkpt>
      <trkpt lat="-38.47221" lon="177.86901">
        <ele>44.4</ele>
      </trkpt>
      <trkpt lat="-38.47227" lon="177.86888">
        <ele>44.6</ele>
      </trkpt>
      <trkpt lat="-38.47233" lon="177.86875">
        <ele>44.8</ele>
      </trkpt>
      <trkpt lat="-38.4726" lon="177.86793">
        <ele>45.4</ele>
      </trkpt>
      <trkpt lat="-38.47287" lon="177.86711">
        <ele>45.6</ele>
      </trkpt>
      <trkpt lat="-38.47314" lon="177.8663">
        <ele>47.6</ele>
      </trkpt>
      <trkpt lat="-38.47318" lon="177.86615">
        <ele>48.2</ele>
      </trkpt>
      <trkpt lat="-38.47319" lon="177.86604">
        <ele>48.5</ele>
      </trkpt>
      <trkpt lat="-38.47319" lon="177.86599">
        <ele>48.6</ele>
      </trkpt>
      <trkpt lat="-38.47318" lon="177.86587">
        <ele>48.8</ele>
      </trkpt>
      <trkpt lat="-38.47294" lon="177.86476">
        <ele>45.8</ele>
      </trkpt>
      <trkpt lat="-38.47275" lon="177.86381">
        <ele>45.4</ele>
      </trkpt>
      <trkpt lat="-38.47257" lon="177.86298">
        <ele>46.2</ele>
      </trkpt>
      <trkpt lat="-38.47316" lon="177.86279">
        <ele>48.6</ele>
      </trkpt>
      <trkpt lat="-38.47375" lon="177.8626">
        <ele>50.1</ele>
      </trkpt>
      <trkpt lat="-38.47433" lon="177.86241">
        <ele>50.7</ele>
      </trkpt>
      <trkpt lat="-38.47442" lon="177.86241">
        <ele>51.1</ele>
      </trkpt>
      <trkpt lat="-38.47451" lon="177.86241">
        <ele>51.5</ele>
      </trkpt>
      <trkpt lat="-38.47457" lon="177.86243">
        <ele>51.8</ele>
      </trkpt>
      <trkpt lat="-38.47464" lon="177.86248">
        <ele>52.2</ele>
      </trkpt>
      <trkpt lat="-38.47481" lon="177.86215">
        <ele>51.8</ele>
      </trkpt>
      <trkpt lat="-38.47512" lon="177.86165">
        <ele>52.1</ele>
      </trkpt>
      <trkpt lat="-38.47559" lon="177.86102">
        <ele>53.0</ele>
      </trkpt>
      <trkpt lat="-38.47609" lon="177.86033">
        <ele>51.7</ele>
      </trkpt>
      <trkpt lat="-38.47659" lon="177.85964">
        <ele>51.4</ele>
      </trkpt>
      <trkpt lat="-38.47683" lon="177.85929">
        <ele>54.3</ele>
      </trkpt>
      <trkpt lat="-38.47693" lon="177.85912">
        <ele>56.3</ele>
      </trkpt>
      <trkpt lat="-38.47702" lon="177.85892">
        <ele>58.6</ele>
      </trkpt>
      <trkpt lat="-38.47709" lon="177.85873">
        <ele>61.0</ele>
      </trkpt>
      <trkpt lat="-38.47722" lon="177.85829">
        <ele>66.3</ele>
      </trkpt>
      <trkpt lat="-38.47741" lon="177.85744">
        <ele>63.8</ele>
      </trkpt>
      <trkpt lat="-38.47758" lon="177.85661">
        <ele>57.3</ele>
      </trkpt>
      <trkpt lat="-38.47778" lon="177.85566">
        <ele>59.9</ele>
      </trkpt>
      <trkpt lat="-38.47797" lon="177.8547">
        <ele>61.9</ele>
      </trkpt>
      <trkpt lat="-38.47817" lon="177.85375">
        <ele>58.6</ele>
      </trkpt>
      <trkpt lat="-38.47836" lon="177.85279">
        <ele>54.3</ele>
      </trkpt>
      <trkpt lat="-38.47856" lon="177.85176">
        <ele>57.7</ele>
      </trkpt>
      <trkpt lat="-38.47867" lon="177.85112">
        <ele>57.5</ele>
      </trkpt>
      <trkpt lat="-38.47882" lon="177.85013">
        <ele>55.9</ele>
      </trkpt>
      <trkpt lat="-38.47898" lon="177.84914">
        <ele>55.5</ele>
      </trkpt>
      <trkpt lat="-38.47913" lon="177.84815">
        <ele>53.3</ele>
      </trkpt>
      <trkpt lat="-38.47918" lon="177.84772">
        <ele>50.8</ele>
      </trkpt>
      <trkpt lat="-38.47919" lon="177.84747">
        <ele>49.2</ele>
      </trkpt>
      <trkpt lat="-38.4792" lon="177.84704">
        <ele>47.7</ele>
      </trkpt>
      <trkpt lat="-38.47919" lon="177.8466">
        <ele>46.2</ele>
      </trkpt>
      <trkpt lat="-38.47915" lon="177.84616">
        <ele>46.0</ele>
      </trkpt>
      <trkpt lat="-38.47908" lon="177.8457">
        <ele>46.1</ele>
      </trkpt>
      <trkpt lat="-38.47905" lon="177.84548">
        <ele>46.1</ele>
      </trkpt>
      <trkpt lat="-38.47886" lon="177.84458">
        <ele>45.8</ele>
      </trkpt>
      <trkpt lat="-38.47868" lon="177.84369">
        <ele>45.7</ele>
      </trkpt>
      <trkpt lat="-38.47862" lon="177.84325">
        <ele>45.8</ele>
      </trkpt>
      <trkpt lat="-38.47859" lon="177.84302">
        <ele>46.1</ele>
      </trkpt>
      <trkpt lat="-38.47857" lon="177.84253">
        <ele>46.9</ele>
      </trkpt>
      <trkpt lat="-38.47857" lon="177.84218">
        <ele>46.7</ele>
      </trkpt>
      <trkpt lat="-38.47858" lon="177.84154">
        <ele>46.3</ele>
      </trkpt>
      <trkpt lat="-38.47859" lon="177.84089">
        <ele>46.0</ele>
      </trkpt>
      <trkpt lat="-38.47862" lon="177.84017">
        <ele>45.8</ele>
      </trkpt>
      <trkpt lat="-38.47865" lon="177.83945">
        <ele>47.2</ele>
      </trkpt>
      <trkpt lat="-38.47865" lon="177.83904">
        <ele>48.8</ele>
      </trkpt>
      <trkpt lat="-38.47862" lon="177.83863">
        <ele>51.2</ele>
      </trkpt>
      <trkpt lat="-38.47854" lon="177.83808">
        <ele>53.4</ele>
      </trkpt>
      <trkpt lat="-38.47849" lon="177.83782">
        <ele>54.0</ele>
      </trkpt>
      <trkpt lat="-38.47842" lon="177.83754">
        <ele>54.1</ele>
      </trkpt>
      <trkpt lat="-38.47812" lon="177.83655">
        <ele>55.1</ele>
      </trkpt>
      <trkpt lat="-38.47782" lon="177.83555">
        <ele>54.4</ele>
      </trkpt>
      <trkpt lat="-38.47753" lon="177.83455">
        <ele>52.1</ele>
      </trkpt>
      <trkpt lat="-38.47743" lon="177.83425">
        <ele>51.8</ele>
      </trkpt>
      <trkpt lat="-38.47729" lon="177.83389">
        <ele>53.5</ele>
      </trkpt>
      <trkpt lat="-38.477" lon="177.83327">
        <ele>53.2</ele>
      </trkpt>
      <trkpt lat="-38.47672" lon="177.83266">
        <ele>49.4</ele>
      </trkpt>
      <trkpt lat="-38.47642" lon="177.83197">
        <ele>50.4</ele>
      </trkpt>
      <trkpt lat="-38.47626" lon="177.8315">
        <ele>51.7</ele>
      </trkpt>
      <trkpt lat="-38.47618" lon="177.83123">
        <ele>52.3</ele>
      </trkpt>
      <trkpt lat="-38.47599" lon="177.83056">
        <ele>51.5</ele>
      </trkpt>
      <trkpt lat="-38.47581" lon="177.82989">
        <ele>47.8</ele>
      </trkpt>
      <trkpt lat="-38.47571" lon="177.82956">
        <ele>47.2</ele>
      </trkpt>
      <trkpt lat="-38.47554" lon="177.8291">
        <ele>46.5</ele>
      </trkpt>
      <trkpt lat="-38.47544" lon="177.8289">
        <ele>47.0</ele>
      </trkpt>
      <trkpt lat="-38.4753" lon="177.82868">
        <ele>47.5</ele>
      </trkpt>
      <trkpt lat="-38.47522" lon="177.82856">
        <ele>47.7</ele>
      </trkpt>
      <trkpt lat="-38.47504" lon="177.82835">
        <ele>48.0</ele>
      </trkpt>
      <trkpt lat="-38.47494" lon="177.82826">
        <ele>48.3</ele>
      </trkpt>
      <trkpt lat="-38.4747" lon="177.8281">
        <ele>49.2</ele>
      </trkpt>
      <trkpt lat="-38.47443" lon="177.82798">
        <ele>50.2</ele>
      </trkpt>
      <trkpt lat="-38.47424" lon="177.82788">
        <ele>51.4</ele>
      </trkpt>
      <trkpt lat="-38.47398" lon="177.8278">
        <ele>51.6</ele>
      </trkpt>
      <trkpt lat="-38.47381" lon="177.82774">
        <ele>51.4</ele>
      </trkpt>
      <trkpt lat="-38.47333" lon="177.8275">
        <ele>50.0</ele>
      </trkpt>
      <trkpt lat="-38.47308" lon="177.82735">
        <ele>52.3</ele>
      </trkpt>
      <trkpt lat="-38.47252" lon="177.82698">
        <ele>52.9</ele>
      </trkpt>
      <trkpt lat="-38.47196" lon="177.8266">
        <ele>54.3</ele>
      </trkpt>
      <trkpt lat="-38.4716" lon="177.82635">
        <ele>53.4</ele>
      </trkpt>
      <trkpt lat="-38.47128" lon="177.8261">
        <ele>52.6</ele>
      </trkpt>
      <trkpt lat="-38.47087" lon="177.82573">
        <ele>53.3</ele>
      </trkpt>
      <trkpt lat="-38.47066" lon="177.8255">
        <ele>55.7</ele>
      </trkpt>
      <trkpt lat="-38.47013" lon="177.82491">
        <ele>57.6</ele>
      </trkpt>
      <trkpt lat="-38.46982" lon="177.82459">
        <ele>62.9</ele>
      </trkpt>
      <trkpt lat="-38.46962" lon="177.82441">
        <ele>65.1</ele>
      </trkpt>
      <trkpt lat="-38.46945" lon="177.8243">
        <ele>65.4</ele>
      </trkpt>
      <trkpt lat="-38.46896" lon="177.82403">
        <ele>63.0</ele>
      </trkpt>
      <trkpt lat="-38.46881" lon="177.82393">
        <ele>61.4</ele>
      </trkpt>
      <trkpt lat="-38.46867" lon="177.82381">
        <ele>59.4</ele>
      </trkpt>
      <trkpt lat="-38.46855" lon="177.82366">
        <ele>57.2</ele>
      </trkpt>
      <trkpt lat="-38.46844" lon="177.82351">
        <ele>54.5</ele>
      </trkpt>
      <trkpt lat="-38.46835" lon="177.82333">
        <ele>51.7</ele>
      </trkpt>
      <trkpt lat="-38.46826" lon="177.82313">
        <ele>51.3</ele>
      </trkpt>
      <trkpt lat="-38.46813" lon="177.82271">
        <ele>51.7</ele>
      </trkpt>
      <trkpt lat="-38.46808" lon="177.82249">
        <ele>51.9</ele>
      </trkpt>
      <trkpt lat="-38.46787" lon="177.82153">
        <ele>51.2</ele>
      </trkpt>
      <trkpt lat="-38.46766" lon="177.82057">
        <ele>51.1</ele>
      </trkpt>
      <trkpt lat="-38.46744" lon="177.81961">
        <ele>49.0</ele>
      </trkpt>
      <trkpt lat="-38.46723" lon="177.81865">
        <ele>49.7</ele>
      </trkpt>
      <trkpt lat="-38.46702" lon="177.81769">
        <ele>51.8</ele>
      </trkpt>
      <trkpt lat="-38.46681" lon="177.81673">
        <ele>52.0</ele>
      </trkpt>
      <trkpt lat="-38.46672" lon="177.81628">
        <ele>51.9</ele>
      </trkpt>
      <trkpt lat="-38.4666" lon="177.81562">
        <ele>52.4</ele>
      </trkpt>
      <trkpt lat="-38.46649" lon="177.81496">
        <ele>53.3</ele>
      </trkpt>
      <trkpt lat="-38.46643" lon="177.81469">
        <ele>52.7</ele>
      </trkpt>
      <trkpt lat="-38.46638" lon="177.8145">
        <ele>52.4</ele>
      </trkpt>
      <trkpt lat="-38.46632" lon="177.81432">
        <ele>52.1</ele>
      </trkpt>
      <trkpt lat="-38.46617" lon="177.81393">
        <ele>53.1</ele>
      </trkpt>
      <trkpt lat="-38.46599" lon="177.81359">
        <ele>54.2</ele>
      </trkpt>
      <trkpt lat="-38.46553" lon="177.81288">
        <ele>56.5</ele>
      </trkpt>
      <trkpt lat="-38.46507" lon="177.81217">
        <ele>57.8</ele>
      </trkpt>
      <trkpt lat="-38.46461" lon="177.81145">
        <ele>57.9</ele>
      </trkpt>
      <trkpt lat="-38.46415" lon="177.81074">
        <ele>59.5</ele>
      </trkpt>
      <trkpt lat="-38.46402" lon="177.81053">
        <ele>59.6</ele>
      </trkpt>
      <trkpt lat="-38.46372" lon="177.80997">
        <ele>59.5</ele>
      </trkpt>
      <trkpt lat="-38.46342" lon="177.80942">
        <ele>63.0</ele>
      </trkpt>
      <trkpt lat="-38.46321" lon="177.80906">
        <ele>64.7</ele>
      </trkpt>
      <trkpt lat="-38.46309" lon="177.80888">
        <ele>65.8</ele>
      </trkpt>
      <trkpt lat="-38.46284" lon="177.80855">
        <ele>66.4</ele>
      </trkpt>
      <trkpt lat="-38.46226" lon="177.80784">
        <ele>66.8</ele>
      </trkpt>
      <trkpt lat="-38.46175" lon="177.80716">
        <ele>62.8</ele>
      </trkpt>
      <trkpt lat="-38.46153" lon="177.80681">
        <ele>62.8</ele>
      </trkpt>
      <trkpt lat="-38.46144" lon="177.80661">
        <ele>63.0</ele>
      </trkpt>
      <trkpt lat="-38.46136" lon="177.80641">
        <ele>62.5</ele>
      </trkpt>
      <trkpt lat="-38.46128" lon="177.8062">
        <ele>61.7</ele>
      </trkpt>
      <trkpt lat="-38.46122" lon="177.80598">
        <ele>61.1</ele>
      </trkpt>
      <trkpt lat="-38.46112" lon="177.80553">
        <ele>59.6</ele>
      </trkpt>
      <trkpt lat="-38.46095" lon="177.80444">
        <ele>55.1</ele>
      </trkpt>
      <trkpt lat="-38.46092" lon="177.80421">
        <ele>54.0</ele>
      </trkpt>
      <trkpt lat="-38.4609" lon="177.80398">
        <ele>53.7</ele>
      </trkpt>
      <trkpt lat="-38.46089" lon="177.80375">
        <ele>53.6</ele>
      </trkpt>
      <trkpt lat="-38.46092" lon="177.80293">
        <ele>53.7</ele>
      </trkpt>
      <trkpt lat="-38.46094" lon="177.8021">
        <ele>54.1</ele>
      </trkpt>
      <trkpt lat="-38.46097" lon="177.80127">
        <ele>54.2</ele>
      </trkpt>
      <trkpt lat="-38.46098" lon="177.80104">
        <ele>53.9</ele>
      </trkpt>
      <trkpt lat="-38.46096" lon="177.80071">
        <ele>53.6</ele>
      </trkpt>
      <trkpt lat="-38.46091" lon="177.80037">
        <ele>53.5</ele>
      </trkpt>
      <trkpt lat="-38.46086" lon="177.80015">
        <ele>53.2</ele>
      </trkpt>
      <trkpt lat="-38.4607" lon="177.79975">
        <ele>53.0</ele>
      </trkpt>
      <trkpt lat="-38.46039" lon="177.7991">
        <ele>54.1</ele>
      </trkpt>
      <trkpt lat="-38.46033" lon="177.79898">
        <ele>54.4</ele>
      </trkpt>
      <trkpt lat="-38.46005" lon="177.79847">
        <ele>55.4</ele>
      </trkpt>
      <trkpt lat="-38.45979" lon="177.79806">
        <ele>58.1</ele>
      </trkpt>
      <trkpt lat="-38.45957" lon="177.79775">
        <ele>59.8</ele>
      </trkpt>
      <trkpt lat="-38.45924" lon="177.79734">
        <ele>60.9</ele>
      </trkpt>
      <trkpt lat="-38.45891" lon="177.79693">
        <ele>61.0</ele>
      </trkpt>
      <trkpt lat="-38.45866" lon="177.79656">
        <ele>61.9</ele>
      </trkpt>
      <trkpt lat="-38.45851" lon="177.79633">
        <ele>62.2</ele>
      </trkpt>
      <trkpt lat="-38.4584" lon="177.79615">
        <ele>62.7</ele>
      </trkpt>
      <trkpt lat="-38.45808" lon="177.79555">
        <ele>62.9</ele>
      </trkpt>
      <trkpt lat="-38.45793" lon="177.7951">
        <ele>63.6</ele>
      </trkpt>
      <trkpt lat="-38.45786" lon="177.79483">
        <ele>63.4</ele>
      </trkpt>
      <trkpt lat="-38.45773" lon="177.79399">
        <ele>62.5</ele>
      </trkpt>
      <trkpt lat="-38.4576" lon="177.79316">
        <ele>62.8</ele>
      </trkpt>
      <trkpt lat="-38.45752" lon="177.79273">
        <ele>63.5</ele>
      </trkpt>
      <trkpt lat="-38.45742" lon="177.79227">
        <ele>64.3</ele>
      </trkpt>
      <trkpt lat="-38.45716" lon="177.7913">
        <ele>65.6</ele>
      </trkpt>
      <trkpt lat="-38.45694" lon="177.79054">
        <ele>66.7</ele>
      </trkpt>
      <trkpt lat="-38.45672" lon="177.78978">
        <ele>68.3</ele>
      </trkpt>
      <trkpt lat="-38.45644" lon="177.78875">
        <ele>66.8</ele>
      </trkpt>
      <trkpt lat="-38.45616" lon="177.78772">
        <ele>66.7</ele>
      </trkpt>
      <trkpt lat="-38.45587" lon="177.78669">
        <ele>69.1</ele>
      </trkpt>
      <trkpt lat="-38.45559" lon="177.78566">
        <ele>67.6</ele>
      </trkpt>
      <trkpt lat="-38.45531" lon="177.78463">
        <ele>66.0</ele>
      </trkpt>
      <trkpt lat="-38.45503" lon="177.7836">
        <ele>66.5</ele>
      </trkpt>
      <trkpt lat="-38.45497" lon="177.78333">
        <ele>66.6</ele>
      </trkpt>
      <trkpt lat="-38.45491" lon="177.78306">
        <ele>66.1</ele>
      </trkpt>
      <trkpt lat="-38.45488" lon="177.78284">
        <ele>65.9</ele>
      </trkpt>
      <trkpt lat="-38.45484" lon="177.78234">
        <ele>65.5</ele>
      </trkpt>
      <trkpt lat="-38.45483" lon="177.78204">
        <ele>65.1</ele>
      </trkpt>
      <trkpt lat="-38.45483" lon="177.78182">
        <ele>64.9</ele>
      </trkpt>
      <trkpt lat="-38.45483" lon="177.78161">
        <ele>64.1</ele>
      </trkpt>
      <trkpt lat="-38.45487" lon="177.78071">
        <ele>55.0</ele>
      </trkpt>
      <trkpt lat="-38.45487" lon="177.78038">
        <ele>55.0</ele>
      </trkpt>
      <trkpt lat="-38.45487" lon="177.77974">
        <ele>55.0</ele>
      </trkpt>
      <trkpt lat="-38.45487" lon="177.7791">
        <ele>55.0</ele>
      </trkpt>
      <trkpt lat="-38.45487" lon="177.77803">
        <ele>55.1</ele>
      </trkpt>
      <trkpt lat="-38.45487" lon="177.77696">
        <ele>56.6</ele>
      </trkpt>
      <trkpt lat="-38.45487" lon="177.77589">
        <ele>60.0</ele>
      </trkpt>
      <trkpt lat="-38.45487" lon="177.77482">
        <ele>62.3</ele>
      </trkpt>
      <trkpt lat="-38.45483" lon="177.77376">
        <ele>59.8</ele>
      </trkpt>
      <trkpt lat="-38.45478" lon="177.77271">
        <ele>57.8</ele>
      </trkpt>
      <trkpt lat="-38.45478" lon="177.77239">
        <ele>57.5</ele>
      </trkpt>
      <trkpt lat="-38.45467" lon="177.77239">
        <ele>58.6</ele>
      </trkpt>
      <trkpt lat="-38.4546" lon="177.77237">
        <ele>59.4</ele>
      </trkpt>
      <trkpt lat="-38.45452" lon="177.77233">
        <ele>60.3</ele>
      </trkpt>
      <trkpt lat="-38.45443" lon="177.77226">
        <ele>61.2</ele>
      </trkpt>
      <trkpt lat="-38.45436" lon="177.77219">
        <ele>62.0</ele>
      </trkpt>
      <trkpt lat="-38.45425" lon="177.77199">
        <ele>63.2</ele>
      </trkpt>
      <trkpt lat="-38.45408" lon="177.77168">
        <ele>65.4</ele>
      </trkpt>
      <trkpt lat="-38.45395" lon="177.77142">
        <ele>66.2</ele>
      </trkpt>
      <trkpt lat="-38.45382" lon="177.77107">
        <ele>67.7</ele>
      </trkpt>
      <trkpt lat="-38.45374" lon="177.77067">
        <ele>68.4</ele>
      </trkpt>
      <trkpt lat="-38.45365" lon="177.77015">
        <ele>67.7</ele>
      </trkpt>
      <trkpt lat="-38.45357" lon="177.76977">
        <ele>66.0</ele>
      </trkpt>
      <trkpt lat="-38.45347" lon="177.76949">
        <ele>64.2</ele>
      </trkpt>
      <trkpt lat="-38.45335" lon="177.76925">
        <ele>62.2</ele>
      </trkpt>
      <trkpt lat="-38.45322" lon="177.76909">
        <ele>64.1</ele>
      </trkpt>
      <trkpt lat="-38.45299" lon="177.76886">
        <ele>67.8</ele>
      </trkpt>
      <trkpt lat="-38.45258" lon="177.76844">
        <ele>67.7</ele>
      </trkpt>
      <trkpt lat="-38.45218" lon="177.76802">
        <ele>71.1</ele>
      </trkpt>
      <trkpt lat="-38.45195" lon="177.76773">
        <ele>72.0</ele>
      </trkpt>
      <trkpt lat="-38.45185" lon="177.76753">
        <ele>70.3</ele>
      </trkpt>
      <trkpt lat="-38.45172" lon="177.76723">
        <ele>69.4</ele>
      </trkpt>
      <trkpt lat="-38.45161" lon="177.76695">
        <ele>68.8</ele>
      </trkpt>
      <trkpt lat="-38.45156" lon="177.76664">
        <ele>66.9</ele>
      </trkpt>
      <trkpt lat="-38.45153" lon="177.76644">
        <ele>66.8</ele>
      </trkpt>
      <trkpt lat="-38.45155" lon="177.7661">
        <ele>64.0</ele>
      </trkpt>
      <trkpt lat="-38.45162" lon="177.76562">
        <ele>60.5</ele>
      </trkpt>
      <trkpt lat="-38.45163" lon="177.76523">
        <ele>59.7</ele>
      </trkpt>
      <trkpt lat="-38.4516" lon="177.76485">
        <ele>59.4</ele>
      </trkpt>
      <trkpt lat="-38.45153" lon="177.76452">
        <ele>59.7</ele>
      </trkpt>
      <trkpt lat="-38.45137" lon="177.764">
        <ele>59.8</ele>
      </trkpt>
      <trkpt lat="-38.45125" lon="177.76373">
        <ele>59.5</ele>
      </trkpt>
      <trkpt lat="-38.45102" lon="177.76331">
        <ele>58.3</ele>
      </trkpt>
      <trkpt lat="-38.45089" lon="177.76312">
        <ele>58.3</ele>
      </trkpt>
      <trkpt lat="-38.45075" lon="177.76296">
        <ele>59.0</ele>
      </trkpt>
      <trkpt lat="-38.45061" lon="177.76287">
        <ele>60.0</ele>
      </trkpt>
      <trkpt lat="-38.45046" lon="177.76279">
        <ele>60.9</ele>
      </trkpt>
      <trkpt lat="-38.4503" lon="177.76273">
        <ele>61.8</ele>
      </trkpt>
      <trkpt lat="-38.44984" lon="177.76261">
        <ele>63.6</ele>
      </trkpt>
      <trkpt lat="-38.44939" lon="177.76249">
        <ele>63.7</ele>
      </trkpt>
      <trkpt lat="-38.44898" lon="177.76225">
        <ele>62.7</ele>
      </trkpt>
      <trkpt lat="-38.44861" lon="177.76198">
        <ele>60.7</ele>
      </trkpt>
      <trkpt lat="-38.44838" lon="177.76186">
        <ele>59.5</ele>
      </trkpt>
      <trkpt lat="-38.44808" lon="177.76177">
        <ele>59.7</ele>
      </trkpt>
      <trkpt lat="-38.44789" lon="177.76173">
        <ele>60.1</ele>
      </trkpt>
      <trkpt lat="-38.44762" lon="177.7617">
        <ele>60.9</ele>
      </trkpt>
      <trkpt lat="-38.4471" lon="177.76171">
        <ele>61.5</ele>
      </trkpt>
      <trkpt lat="-38.44658" lon="177.76171">
        <ele>61.6</ele>
      </trkpt>
      <trkpt lat="-38.44573" lon="177.76173">
        <ele>63.3</ele>
      </trkpt>
      <trkpt lat="-38.44533" lon="177.76169">
        <ele>66.4</ele>
      </trkpt>
      <trkpt lat="-38.44511" lon="177.76172">
        <ele>69.2</ele>
      </trkpt>
      <trkpt lat="-38.44483" lon="177.76181">
        <ele>73.1</ele>
      </trkpt>
      <trkpt lat="-38.44468" lon="177.76183">
        <ele>74.2</ele>
      </trkpt>
      <trkpt lat="-38.44455" lon="177.76183">
        <ele>74.7</ele>
      </trkpt>
      <trkpt lat="-38.44438" lon="177.7618">
        <ele>74.7</ele>
      </trkpt>
      <trkpt lat="-38.44422" lon="177.76172">
        <ele>73.8</ele>
      </trkpt>
      <trkpt lat="-38.44409" lon="177.76158">
        <ele>73.5</ele>
      </trkpt>
      <trkpt lat="-38.44396" lon="177.76136">
        <ele>74.2</ele>
      </trkpt>
      <trkpt lat="-38.44379" lon="177.76093">
        <ele>75.1</ele>
      </trkpt>
      <trkpt lat="-38.44354" lon="177.76011">
        <ele>72.6</ele>
      </trkpt>
      <trkpt lat="-38.44349" lon="177.75975">
        <ele>69.9</ele>
      </trkpt>
      <trkpt lat="-38.4435" lon="177.75956">
        <ele>68.1</ele>
      </trkpt>
      <trkpt lat="-38.44353" lon="177.75934">
        <ele>66.0</ele>
      </trkpt>
      <trkpt lat="-38.44365" lon="177.75893">
        <ele>63.7</ele>
      </trkpt>
      <trkpt lat="-38.44375" lon="177.75849">
        <ele>62.4</ele>
      </trkpt>
      <trkpt lat="-38.44378" lon="177.75817">
        <ele>61.5</ele>
      </trkpt>
      <trkpt lat="-38.44378" lon="177.75787">
        <ele>60.8</ele>
      </trkpt>
      <trkpt lat="-38.44375" lon="177.75754">
        <ele>60.1</ele>
      </trkpt>
      <trkpt lat="-38.44371" lon="177.7572">
        <ele>60.5</ele>
      </trkpt>
      <trkpt lat="-38.44361" lon="177.75682">
        <ele>61.2</ele>
      </trkpt>
      <trkpt lat="-38.44339" lon="177.75625">
        <ele>61.8</ele>
      </trkpt>
      <trkpt lat="-38.44328" lon="177.75606">
        <ele>62.3</ele>
      </trkpt>
      <trkpt lat="-38.44308" lon="177.75578">
        <ele>63.4</ele>
      </trkpt>
      <trkpt lat="-38.44278" lon="177.75544">
        <ele>65.0</ele>
      </trkpt>
      <trkpt lat="-38.44255" lon="177.75511">
        <ele>66.6</ele>
      </trkpt>
      <trkpt lat="-38.44209" lon="177.75428">
        <ele>71.4</ele>
      </trkpt>
      <trkpt lat="-38.44192" lon="177.75405">
        <ele>72.4</ele>
      </trkpt>
      <trkpt lat="-38.4418" lon="177.75394">
        <ele>72.7</ele>
      </trkpt>
      <trkpt lat="-38.44162" lon="177.75384">
        <ele>73.6</ele>
      </trkpt>
      <trkpt lat="-38.44145" lon="177.75377">
        <ele>74.9</ele>
      </trkpt>
      <trkpt lat="-38.4409" lon="177.75371">
        <ele>81.1</ele>
      </trkpt>
      <trkpt lat="-38.44067" lon="177.75363">
        <ele>81.2</ele>
      </trkpt>
      <trkpt lat="-38.44044" lon="177.7535">
        <ele>79.0</ele>
      </trkpt>
      <trkpt lat="-38.44028" lon="177.75337">
        <ele>75.9</ele>
      </trkpt>
      <trkpt lat="-38.44011" lon="177.75316">
        <ele>73.5</ele>
      </trkpt>
      <trkpt lat="-38.43998" lon="177.75292">
        <ele>71.0</ele>
      </trkpt>
      <trkpt lat="-38.43971" lon="177.75226">
        <ele>64.7</ele>
      </trkpt>
      <trkpt lat="-38.43941" lon="177.75156">
        <ele>63.1</ele>
      </trkpt>
      <trkpt lat="-38.43923" lon="177.75121">
        <ele>63.3</ele>
      </trkpt>
      <trkpt lat="-38.43894" lon="177.7507">
        <ele>63.2</ele>
      </trkpt>
      <trkpt lat="-38.43865" lon="177.75019">
        <ele>62.6</ele>
      </trkpt>
      <trkpt lat="-38.4385" lon="177.74985">
        <ele>62.8</ele>
      </trkpt>
      <trkpt lat="-38.43837" lon="177.74931">
        <ele>64.4</ele>
      </trkpt>
      <trkpt lat="-38.43818" lon="177.74833">
        <ele>70.0</ele>
      </trkpt>
      <trkpt lat="-38.43799" lon="177.74735">
        <ele>73.3</ele>
      </trkpt>
      <trkpt lat="-38.4379" lon="177.74673">
        <ele>71.7</ele>
      </trkpt>
      <trkpt lat="-38.4378" lon="177.74612">
        <ele>69.8</ele>
      </trkpt>
      <trkpt lat="-38.43772" lon="177.74545">
        <ele>66.7</ele>
      </trkpt>
      <trkpt lat="-38.43765" lon="177.74506">
        <ele>65.0</ele>
      </trkpt>
      <trkpt lat="-38.43756" lon="177.74478">
        <ele>63.9</ele>
      </trkpt>
      <trkpt lat="-38.43744" lon="177.74455">
        <ele>63.6</ele>
      </trkpt>
      <trkpt lat="-38.43706" lon="177.744">
        <ele>64.6</ele>
      </trkpt>
      <trkpt lat="-38.43669" lon="177.74345">
        <ele>64.6</ele>
      </trkpt>
      <trkpt lat="-38.43614" lon="177.74262">
        <ele>67.5</ele>
      </trkpt>
      <trkpt lat="-38.43605" lon="177.74254">
        <ele>67.4</ele>
      </trkpt>
      <trkpt lat="-38.43587" lon="177.74244">
        <ele>67.5</ele>
      </trkpt>
      <trkpt lat="-38.4357" lon="177.74239">
        <ele>67.9</ele>
      </trkpt>
      <trkpt lat="-38.43549" lon="177.74241">
        <ele>69.0</ele>
      </trkpt>
      <trkpt lat="-38.4353" lon="177.74247">
        <ele>70.3</ele>
      </trkpt>
      <trkpt lat="-38.43464" lon="177.74285">
        <ele>78.4</ele>
      </trkpt>
      <trkpt lat="-38.43398" lon="177.74324">
        <ele>77.9</ele>
      </trkpt>
      <trkpt lat="-38.4338" lon="177.74328">
        <ele>77.6</ele>
      </trkpt>
      <trkpt lat="-38.43348" lon="177.74327">
        <ele>76.0</ele>
      </trkpt>
      <trkpt lat="-38.43322" lon="177.74322">
        <ele>75.9</ele>
      </trkpt>
      <trkpt lat="-38.43291" lon="177.74311">
        <ele>77.5</ele>
      </trkpt>
      <trkpt lat="-38.43272" lon="177.74301">
        <ele>77.9</ele>
      </trkpt>
      <trkpt lat="-38.43255" lon="177.74285">
        <ele>77.2</ele>
      </trkpt>
      <trkpt lat="-38.43228" lon="177.74254">
        <ele>77.5</ele>
      </trkpt>
      <trkpt lat="-38.4321" lon="177.7423">
        <ele>78.4</ele>
      </trkpt>
      <trkpt lat="-38.4319" lon="177.74197">
        <ele>77.8</ele>
      </trkpt>
      <trkpt lat="-38.4318" lon="177.74172">
        <ele>75.7</ele>
      </trkpt>
      <trkpt lat="-38.43175" lon="177.74153">
        <ele>74.8</ele>
      </trkpt>
      <trkpt lat="-38.43174" lon="177.74137">
        <ele>74.1</ele>
      </trkpt>
      <trkpt lat="-38.43178" lon="177.74106">
        <ele>72.4</ele>
      </trkpt>
      <trkpt lat="-38.43183" lon="177.74085">
        <ele>71.1</ele>
      </trkpt>
      <trkpt lat="-38.43195" lon="177.74045">
        <ele>70.4</ele>
      </trkpt>
      <trkpt lat="-38.43199" lon="177.74019">
        <ele>70.2</ele>
      </trkpt>
      <trkpt lat="-38.43198" lon="177.73996">
        <ele>70.2</ele>
      </trkpt>
      <trkpt lat="-38.43188" lon="177.73967">
        <ele>69.7</ele>
      </trkpt>
      <trkpt lat="-38.43173" lon="177.73948">
        <ele>69.6</ele>
      </trkpt>
      <trkpt lat="-38.43151" lon="177.73927">
        <ele>70.1</ele>
      </trkpt>
      <trkpt lat="-38.43109" lon="177.73892">
        <ele>71.8</ele>
      </trkpt>
      <trkpt lat="-38.43044" lon="177.73846">
        <ele>73.0</ele>
      </trkpt>
      <trkpt lat="-38.42979" lon="177.738">
        <ele>73.5</ele>
      </trkpt>
      <trkpt lat="-38.42937" lon="177.73776">
        <ele>74.4</ele>
      </trkpt>
      <trkpt lat="-38.42911" lon="177.73759">
        <ele>76.1</ele>
      </trkpt>
      <trkpt lat="-38.42897" lon="177.73745">
        <ele>76.3</ele>
      </trkpt>
      <trkpt lat="-38.42884" lon="177.73727">
        <ele>75.7</ele>
      </trkpt>
      <trkpt lat="-38.42848" lon="177.73662">
        <ele>74.6</ele>
      </trkpt>
      <trkpt lat="-38.42827" lon="177.73634">
        <ele>74.9</ele>
      </trkpt>
      <trkpt lat="-38.42794" lon="177.736">
        <ele>74.7</ele>
      </trkpt>
      <trkpt lat="-38.42749" lon="177.73567">
        <ele>73.9</ele>
      </trkpt>
      <trkpt lat="-38.42706" lon="177.73534">
        <ele>74.7</ele>
      </trkpt>
      <trkpt lat="-38.42663" lon="177.73501">
        <ele>74.8</ele>
      </trkpt>
      <trkpt lat="-38.42622" lon="177.73463">
        <ele>78.8</ele>
      </trkpt>
      <trkpt lat="-38.426" lon="177.73437">
        <ele>78.9</ele>
      </trkpt>
      <trkpt lat="-38.42585" lon="177.73413">
        <ele>77.7</ele>
      </trkpt>
      <trkpt lat="-38.42574" lon="177.73394">
        <ele>79.0</ele>
      </trkpt>
      <trkpt lat="-38.42566" lon="177.73372">
        <ele>79.3</ele>
      </trkpt>
      <trkpt lat="-38.42562" lon="177.73345">
        <ele>78.4</ele>
      </trkpt>
      <trkpt lat="-38.42562" lon="177.73317">
        <ele>76.8</ele>
      </trkpt>
      <trkpt lat="-38.42565" lon="177.73298">
        <ele>75.5</ele>
      </trkpt>
      <trkpt lat="-38.42572" lon="177.73282">
        <ele>74.0</ele>
      </trkpt>
      <trkpt lat="-38.42584" lon="177.73258">
        <ele>72.2</ele>
      </trkpt>
      <trkpt lat="-38.426" lon="177.73236">
        <ele>71.5</ele>
      </trkpt>
      <trkpt lat="-38.42632" lon="177.73196">
        <ele>70.5</ele>
      </trkpt>
      <trkpt lat="-38.42667" lon="177.73152">
        <ele>69.2</ele>
      </trkpt>
      <trkpt lat="-38.42701" lon="177.73108">
        <ele>69.1</ele>
      </trkpt>
      <trkpt lat="-38.42721" lon="177.73083">
        <ele>68.7</ele>
      </trkpt>
      <trkpt lat="-38.42734" lon="177.73071">
        <ele>68.6</ele>
      </trkpt>
      <trkpt lat="-38.42759" lon="177.73053">
        <ele>68.8</ele>
      </trkpt>
      <trkpt lat="-38.42806" lon="177.73025">
        <ele>69.1</ele>
      </trkpt>
      <trkpt lat="-38.42823" lon="177.73012">
        <ele>69.1</ele>
      </trkpt>
      <trkpt lat="-38.42832" lon="177.73003">
        <ele>69.0</ele>
      </trkpt>
      <trkpt lat="-38.42839" lon="177.72993">
        <ele>69.5</ele>
      </trkpt>
      <trkpt lat="-38.42844" lon="177.72984">
        <ele>70.0</ele>
      </trkpt>
      <trkpt lat="-38.42846" lon="177.72974">
        <ele>70.2</ele>
      </trkpt>
      <trkpt lat="-38.42847" lon="177.72958">
        <ele>70.4</ele>
      </trkpt>
      <trkpt lat="-38.42846" lon="177.72944">
        <ele>70.5</ele>
      </trkpt>
      <trkpt lat="-38.42842" lon="177.72925">
        <ele>70.8</ele>
      </trkpt>
      <trkpt lat="-38.42826" lon="177.72871">
        <ele>71.5</ele>
      </trkpt>
      <trkpt lat="-38.42798" lon="177.72767">
        <ele>72.3</ele>
      </trkpt>
      <trkpt lat="-38.42784" lon="177.72707">
        <ele>74.1</ele>
      </trkpt>
      <trkpt lat="-38.4277" lon="177.72647">
        <ele>76.0</ele>
      </trkpt>
      <trkpt lat="-38.42761" lon="177.72618">
        <ele>75.6</ele>
      </trkpt>
      <trkpt lat="-38.42754" lon="177.72603">
        <ele>75.5</ele>
      </trkpt>
      <trkpt lat="-38.42743" lon="177.72592">
        <ele>75.7</ele>
      </trkpt>
      <trkpt lat="-38.42719" lon="177.72576">
        <ele>76.0</ele>
      </trkpt>
      <trkpt lat="-38.42688" lon="177.72557">
        <ele>76.0</ele>
      </trkpt>
      <trkpt lat="-38.4267" lon="177.72543">
        <ele>75.5</ele>
      </trkpt>
      <trkpt lat="-38.42648" lon="177.72516">
        <ele>73.4</ele>
      </trkpt>
      <trkpt lat="-38.42611" lon="177.72463">
        <ele>73.3</ele>
      </trkpt>
      <trkpt lat="-38.42575" lon="177.72417">
        <ele>75.2</ele>
      </trkpt>
      <trkpt lat="-38.42539" lon="177.7237">
        <ele>76.4</ele>
      </trkpt>
      <trkpt lat="-38.42526" lon="177.72355">
        <ele>76.9</ele>
      </trkpt>
      <trkpt lat="-38.4248" lon="177.72337">
        <ele>79.4</ele>
      </trkpt>
      <trkpt lat="-38.42447" lon="177.72326">
        <ele>81.5</ele>
      </trkpt>
      <trkpt lat="-38.42427" lon="177.72318">
        <ele>82.5</ele>
      </trkpt>
      <trkpt lat="-38.4241" lon="177.72307">
        <ele>84.1</ele>
      </trkpt>
      <trkpt lat="-38.42401" lon="177.72295">
        <ele>85.4</ele>
      </trkpt>
      <trkpt lat="-38.42391" lon="177.72277">
        <ele>86.9</ele>
      </trkpt>
      <trkpt lat="-38.42377" lon="177.72229">
        <ele>88.1</ele>
      </trkpt>
      <trkpt lat="-38.42366" lon="177.72196">
        <ele>88.8</ele>
      </trkpt>
      <trkpt lat="-38.42363" lon="177.72182">
        <ele>88.7</ele>
      </trkpt>
      <trkpt lat="-38.4236" lon="177.72153">
        <ele>87.6</ele>
      </trkpt>
      <trkpt lat="-38.42361" lon="177.72119">
        <ele>84.9</ele>
      </trkpt>
      <trkpt lat="-38.42365" lon="177.72088">
        <ele>82.1</ele>
      </trkpt>
      <trkpt lat="-38.42373" lon="177.72058">
        <ele>80.4</ele>
      </trkpt>
      <trkpt lat="-38.42393" lon="177.7199">
        <ele>77.6</ele>
      </trkpt>
      <trkpt lat="-38.42413" lon="177.71921">
        <ele>76.3</ele>
      </trkpt>
      <trkpt lat="-38.42438" lon="177.71824">
        <ele>78.8</ele>
      </trkpt>
      <trkpt lat="-38.42462" lon="177.71727">
        <ele>82.4</ele>
      </trkpt>
      <trkpt lat="-38.42479" lon="177.7168">
        <ele>83.4</ele>
      </trkpt>
      <trkpt lat="-38.42496" lon="177.71642">
        <ele>83.9</ele>
      </trkpt>
      <trkpt lat="-38.42517" lon="177.71604">
        <ele>84.9</ele>
      </trkpt>
      <trkpt lat="-38.42524" lon="177.71582">
        <ele>85.6</ele>
      </trkpt>
      <trkpt lat="-38.42527" lon="177.71567">
        <ele>85.8</ele>
      </trkpt>
      <trkpt lat="-38.42523" lon="177.71549">
        <ele>87.1</ele>
      </trkpt>
      <trkpt lat="-38.42497" lon="177.71492">
        <ele>93.8</ele>
      </trkpt>
      <trkpt lat="-38.42488" lon="177.71462">
        <ele>96.5</ele>
      </trkpt>
      <trkpt lat="-38.42485" lon="177.71433">
        <ele>98.3</ele>
      </trkpt>
      <trkpt lat="-38.42485" lon="177.71412">
        <ele>99.5</ele>
      </trkpt>
      <trkpt lat="-38.42482" lon="177.71354">
        <ele>104.8</ele>
      </trkpt>
      <trkpt lat="-38.42479" lon="177.71328">
        <ele>107.1</ele>
      </trkpt>
      <trkpt lat="-38.42468" lon="177.71298">
        <ele>110.3</ele>
      </trkpt>
      <trkpt lat="-38.4244" lon="177.71232">
        <ele>120.0</ele>
      </trkpt>
      <trkpt lat="-38.42424" lon="177.71187">
        <ele>126.5</ele>
      </trkpt>
      <trkpt lat="-38.42417" lon="177.71165">
        <ele>129.9</ele>
      </trkpt>
      <trkpt lat="-38.42413" lon="177.71132">
        <ele>131.7</ele>
      </trkpt>
      <trkpt lat="-38.42413" lon="177.71108">
        <ele>132.6</ele>
      </trkpt>
      <trkpt lat="-38.42416" lon="177.71083">
        <ele>133.1</ele>
      </trkpt>
      <trkpt lat="-38.42422" lon="177.71052">
        <ele>131.5</ele>
      </trkpt>
      <trkpt lat="-38.42424" lon="177.7103">
        <ele>131.1</ele>
      </trkpt>
      <trkpt lat="-38.42422" lon="177.71015">
        <ele>132.0</ele>
      </trkpt>
      <trkpt lat="-38.42413" lon="177.70998">
        <ele>134.3</ele>
      </trkpt>
      <trkpt lat="-38.42388" lon="177.70971">
        <ele>136.0</ele>
      </trkpt>
      <trkpt lat="-38.42353" lon="177.70924">
        <ele>140.7</ele>
      </trkpt>
      <trkpt lat="-38.42317" lon="177.70877">
        <ele>144.3</ele>
      </trkpt>
      <trkpt lat="-38.42253" lon="177.70804">
        <ele>152.9</ele>
      </trkpt>
      <trkpt lat="-38.42228" lon="177.70772">
        <ele>157.1</ele>
      </trkpt>
      <trkpt lat="-38.42204" lon="177.70739">
        <ele>161.7</ele>
      </trkpt>
      <trkpt lat="-38.42181" lon="177.70697">
        <ele>166.9</ele>
      </trkpt>
      <trkpt lat="-38.42168" lon="177.70678">
        <ele>169.4</ele>
      </trkpt>
      <trkpt lat="-38.42157" lon="177.70667">
        <ele>171.8</ele>
      </trkpt>
      <trkpt lat="-38.42133" lon="177.70657">
        <ele>177.1</ele>
      </trkpt>
      <trkpt lat="-38.42119" lon="177.70654">
        <ele>180.0</ele>
      </trkpt>
      <trkpt lat="-38.42105" lon="177.70654">
        <ele>182.8</ele>
      </trkpt>
      <trkpt lat="-38.42088" lon="177.70656">
        <ele>186.0</ele>
      </trkpt>
      <trkpt lat="-38.42082" lon="177.70654">
        <ele>187.4</ele>
      </trkpt>
      <trkpt lat="-38.42078" lon="177.7065">
        <ele>188.7</ele>
      </trkpt>
      <trkpt lat="-38.42076" lon="177.70643">
        <ele>189.7</ele>
      </trkpt>
      <trkpt lat="-38.42078" lon="177.70633">
        <ele>190.0</ele>
      </trkpt>
      <trkpt lat="-38.42085" lon="177.70619">
        <ele>189.7</ele>
      </trkpt>
      <trkpt lat="-38.42099" lon="177.706">
        <ele>188.1</ele>
      </trkpt>
      <trkpt lat="-38.42106" lon="177.70588">
        <ele>187.5</ele>
      </trkpt>
      <trkpt lat="-38.4211" lon="177.70571">
        <ele>187.3</ele>
      </trkpt>
      <trkpt lat="-38.42109" lon="177.70551">
        <ele>188.0</ele>
      </trkpt>
      <trkpt lat="-38.42094" lon="177.70522">
        <ele>191.7</ele>
      </trkpt>
      <trkpt lat="-38.42085" lon="177.70506">
        <ele>193.6</ele>
      </trkpt>
      <trkpt lat="-38.42065" lon="177.70483">
        <ele>198.2</ele>
      </trkpt>
      <trkpt lat="-38.42042" lon="177.70459">
        <ele>203.4</ele>
      </trkpt>
      <trkpt lat="-38.42032" lon="177.70446">
        <ele>205.7</ele>
      </trkpt>
      <trkpt lat="-38.42029" lon="177.70433">
        <ele>206.5</ele>
      </trkpt>
      <trkpt lat="-38.4203" lon="177.7042">
        <ele>206.5</ele>
      </trkpt>
      <trkpt lat="-38.42041" lon="177.70368">
        <ele>203.6</ele>
      </trkpt>
      <trkpt lat="-38.42043" lon="177.70356">
        <ele>203.0</ele>
      </trkpt>
      <trkpt lat="-38.42043" lon="177.70338">
        <ele>202.8</ele>
      </trkpt>
      <trkpt lat="-38.4204" lon="177.70324">
        <ele>202.7</ele>
      </trkpt>
      <trkpt lat="-38.42034" lon="177.70315">
        <ele>203.1</ele>
      </trkpt>
      <trkpt lat="-38.4202" lon="177.70305">
        <ele>204.6</ele>
      </trkpt>
      <trkpt lat="-38.41998" lon="177.703">
        <ele>207.6</ele>
      </trkpt>
      <trkpt lat="-38.41956" lon="177.70293">
        <ele>214.1</ele>
      </trkpt>
      <trkpt lat="-38.41948" lon="177.70285">
        <ele>214.3</ele>
      </trkpt>
      <trkpt lat="-38.41938" lon="177.70272">
        <ele>214.0</ele>
      </trkpt>
      <trkpt lat="-38.41933" lon="177.70255">
        <ele>212.1</ele>
      </trkpt>
      <trkpt lat="-38.41932" lon="177.70239">
        <ele>211.9</ele>
      </trkpt>
      <trkpt lat="-38.41936" lon="177.70219">
        <ele>212.2</ele>
      </trkpt>
      <trkpt lat="-38.41954" lon="177.70178">
        <ele>211.9</ele>
      </trkpt>
      <trkpt lat="-38.41957" lon="177.70165">
        <ele>212.2</ele>
      </trkpt>
      <trkpt lat="-38.4196" lon="177.70148">
        <ele>212.3</ele>
      </trkpt>
      <trkpt lat="-38.41957" lon="177.70119">
        <ele>213.2</ele>
      </trkpt>
      <trkpt lat="-38.41949" lon="177.70085">
        <ele>213.5</ele>
      </trkpt>
      <trkpt lat="-38.41945" lon="177.70075">
        <ele>213.1</ele>
      </trkpt>
      <trkpt lat="-38.41939" lon="177.70069">
        <ele>212.4</ele>
      </trkpt>
      <trkpt lat="-38.4192" lon="177.70062">
        <ele>210.1</ele>
      </trkpt>
      <trkpt lat="-38.41908" lon="177.70054">
        <ele>211.0</ele>
      </trkpt>
      <trkpt lat="-38.41895" lon="177.7004">
        <ele>212.2</ele>
      </trkpt>
      <trkpt lat="-38.41868" lon="177.70004">
        <ele>211.9</ele>
      </trkpt>
      <trkpt lat="-38.41853" lon="177.69982">
        <ele>211.8</ele>
      </trkpt>
      <trkpt lat="-38.41845" lon="177.69965">
        <ele>211.0</ele>
      </trkpt>
      <trkpt lat="-38.41839" lon="177.6995">
        <ele>209.9</ele>
      </trkpt>
      <trkpt lat="-38.41832" lon="177.6992">
        <ele>206.8</ele>
      </trkpt>
      <trkpt lat="-38.41811" lon="177.69825">
        <ele>201.8</ele>
      </trkpt>
      <trkpt lat="-38.41806" lon="177.69809">
        <ele>200.6</ele>
      </trkpt>
      <trkpt lat="-38.41796" lon="177.69796">
        <ele>200.5</ele>
      </trkpt>
      <trkpt lat="-38.41787" lon="177.69787">
        <ele>200.5</ele>
      </trkpt>
      <trkpt lat="-38.41762" lon="177.6977">
        <ele>200.8</ele>
      </trkpt>
      <trkpt lat="-38.41745" lon="177.69763">
        <ele>201.7</ele>
      </trkpt>
      <trkpt lat="-38.41732" lon="177.69751">
        <ele>201.3</ele>
      </trkpt>
      <trkpt lat="-38.4172" lon="177.69736">
        <ele>202.0</ele>
      </trkpt>
      <trkpt lat="-38.41714" lon="177.6972">
        <ele>201.6</ele>
      </trkpt>
      <trkpt lat="-38.41701" lon="177.69668">
        <ele>199.0</ele>
      </trkpt>
      <trkpt lat="-38.41691" lon="177.69641">
        <ele>198.3</ele>
      </trkpt>
      <trkpt lat="-38.41682" lon="177.69618">
        <ele>197.1</ele>
      </trkpt>
      <trkpt lat="-38.41665" lon="177.69595">
        <ele>195.6</ele>
      </trkpt>
      <trkpt lat="-38.41654" lon="177.69582">
        <ele>196.2</ele>
      </trkpt>
      <trkpt lat="-38.41641" lon="177.69571">
        <ele>197.4</ele>
      </trkpt>
      <trkpt lat="-38.41624" lon="177.69552">
        <ele>198.5</ele>
      </trkpt>
      <trkpt lat="-38.41616" lon="177.6954">
        <ele>198.6</ele>
      </trkpt>
      <trkpt lat="-38.41611" lon="177.69518">
        <ele>197.2</ele>
      </trkpt>
      <trkpt lat="-38.41608" lon="177.69503">
        <ele>196.2</ele>
      </trkpt>
      <trkpt lat="-38.41604" lon="177.69489">
        <ele>195.2</ele>
      </trkpt>
      <trkpt lat="-38.416" lon="177.69484">
        <ele>195.2</ele>
      </trkpt>
      <trkpt lat="-38.416" lon="177.69484">
        <ele>195.2</ele>
      </trkpt>
      <trkpt lat="-38.41568" lon="177.69436">
        <ele>193.5</ele>
      </trkpt>
      <trkpt lat="-38.41557" lon="177.69427">
        <ele>193.4</ele>
      </trkpt>
      <trkpt lat="-38.41536" lon="177.69422">
        <ele>195.0</ele>
      </trkpt>
      <trkpt lat="-38.41509" lon="177.69419">
        <ele>197.5</ele>
      </trkpt>
      <trkpt lat="-38.41493" lon="177.69418">
        <ele>199.7</ele>
      </trkpt>
      <trkpt lat="-38.41481" lon="177.69414">
        <ele>201.6</ele>
      </trkpt>
      <trkpt lat="-38.41474" lon="177.69408">
        <ele>202.5</ele>
      </trkpt>
      <trkpt lat="-38.41467" lon="177.69393">
        <ele>202.5</ele>
      </trkpt>
      <trkpt lat="-38.4146" lon="177.69367">
        <ele>201.4</ele>
      </trkpt>
      <trkpt lat="-38.41457" lon="177.69353">
        <ele>200.6</ele>
      </trkpt>
      <trkpt lat="-38.41459" lon="177.6934">
        <ele>199.0</ele>
      </trkpt>
      <trkpt lat="-38.41463" lon="177.69327">
        <ele>196.4</ele>
      </trkpt>
      <trkpt lat="-38.41465" lon="177.69317">
        <ele>194.0</ele>
      </trkpt>
      <trkpt lat="-38.41465" lon="177.693">
        <ele>190.6</ele>
      </trkpt>
      <trkpt lat="-38.41458" lon="177.69287">
        <ele>189.1</ele>
      </trkpt>
      <trkpt lat="-38.41434" lon="177.69266">
        <ele>188.7</ele>
      </trkpt>
      <trkpt lat="-38.41411" lon="177.69254">
        <ele>189.8</ele>
      </trkpt>
      <trkpt lat="-38.41388" lon="177.69244">
        <ele>190.7</ele>
      </trkpt>
      <trkpt lat="-38.4138" lon="177.69244">
        <ele>192.2</ele>
      </trkpt>
      <trkpt lat="-38.41363" lon="177.69248">
        <ele>196.4</ele>
      </trkpt>
      <trkpt lat="-38.41353" lon="177.69246">
        <ele>197.6</ele>
      </trkpt>
      <trkpt lat="-38.41346" lon="177.6924">
        <ele>197.3</ele>
      </trkpt>
      <trkpt lat="-38.41336" lon="177.69229">
        <ele>196.6</ele>
      </trkpt>
      <trkpt lat="-38.41331" lon="177.69212">
        <ele>193.8</ele>
      </trkpt>
      <trkpt lat="-38.41328" lon="177.69194">
        <ele>190.2</ele>
      </trkpt>
      <trkpt lat="-38.41327" lon="177.69176">
        <ele>186.2</ele>
      </trkpt>
      <trkpt lat="-38.41325" lon="177.69159">
        <ele>182.5</ele>
      </trkpt>
      <trkpt lat="-38.41323" lon="177.69149">
        <ele>180.3</ele>
      </trkpt>
      <trkpt lat="-38.41318" lon="177.69138">
        <ele>178.4</ele>
      </trkpt>
      <trkpt lat="-38.4131" lon="177.69127">
        <ele>177.1</ele>
      </trkpt>
      <trkpt lat="-38.41304" lon="177.69119">
        <ele>176.1</ele>
      </trkpt>
      <trkpt lat="-38.41298" lon="177.69114">
        <ele>175.9</ele>
      </trkpt>
      <trkpt lat="-38.41242" lon="177.69097">
        <ele>180.6</ele>
      </trkpt>
      <trkpt lat="-38.41217" lon="177.69094">
        <ele>181.2</ele>
      </trkpt>
      <trkpt lat="-38.41203" lon="177.69095">
        <ele>182.1</ele>
      </trkpt>
      <trkpt lat="-38.41184" lon="177.69102">
        <ele>183.7</ele>
      </trkpt>
      <trkpt lat="-38.41165" lon="177.69114">
        <ele>185.3</ele>
      </trkpt>
      <trkpt lat="-38.41154" lon="177.69126">
        <ele>186.2</ele>
      </trkpt>
      <trkpt lat="-38.41137" lon="177.69149">
        <ele>186.4</ele>
      </trkpt>
      <trkpt lat="-38.41132" lon="177.69153">
        <ele>186.2</ele>
      </trkpt>
      <trkpt lat="-38.41126" lon="177.69151">
        <ele>185.9</ele>
      </trkpt>
      <trkpt lat="-38.41122" lon="177.6914">
        <ele>186.1</ele>
      </trkpt>
      <trkpt lat="-38.41124" lon="177.69128">
        <ele>186.4</ele>
      </trkpt>
      <trkpt lat="-38.41133" lon="177.69109">
        <ele>186.5</ele>
      </trkpt>
      <trkpt lat="-38.41143" lon="177.69093">
        <ele>185.7</ele>
      </trkpt>
      <trkpt lat="-38.41169" lon="177.69067">
        <ele>184.6</ele>
      </trkpt>
      <trkpt lat="-38.41194" lon="177.69047">
        <ele>183.8</ele>
      </trkpt>
      <trkpt lat="-38.41212" lon="177.6903">
        <ele>182.7</ele>
      </trkpt>
      <trkpt lat="-38.41233" lon="177.69016">
        <ele>180.4</ele>
      </trkpt>
      <trkpt lat="-38.41244" lon="177.69003">
        <ele>179.0</ele>
      </trkpt>
      <trkpt lat="-38.41255" lon="177.68982">
        <ele>176.5</ele>
      </trkpt>
      <trkpt lat="-38.41256" lon="177.68968">
        <ele>176.2</ele>
      </trkpt>
      <trkpt lat="-38.41252" lon="177.68953">
        <ele>177.4</ele>
      </trkpt>
      <trkpt lat="-38.41245" lon="177.68946">
        <ele>178.7</ele>
      </trkpt>
      <trkpt lat="-38.41233" lon="177.68942">
        <ele>180.4</ele>
      </trkpt>
      <trkpt lat="-38.41219" lon="177.68943">
        <ele>182.4</ele>
      </trkpt>
      <trkpt lat="-38.412" lon="177.68946">
        <ele>185.2</ele>
      </trkpt>
      <trkpt lat="-38.41153" lon="177.68967">
        <ele>191.9</ele>
      </trkpt>
      <trkpt lat="-38.4114" lon="177.68968">
        <ele>192.8</ele>
      </trkpt>
      <trkpt lat="-38.41133" lon="177.68967">
        <ele>193.4</ele>
      </trkpt>
      <trkpt lat="-38.41127" lon="177.68965">
        <ele>193.9</ele>
      </trkpt>
      <trkpt lat="-38.41121" lon="177.68958">
        <ele>194.6</ele>
      </trkpt>
      <trkpt lat="-38.41119" lon="177.6895">
        <ele>195.1</ele>
      </trkpt>
      <trkpt lat="-38.4112" lon="177.68943">
        <ele>195.3</ele>
      </trkpt>
      <trkpt lat="-38.41123" lon="177.68934">
        <ele>195.2</ele>
      </trkpt>
      <trkpt lat="-38.41141" lon="177.68904">
        <ele>193.5</ele>
      </trkpt>
      <trkpt lat="-38.41149" lon="177.68888">
        <ele>192.4</ele>
      </trkpt>
      <trkpt lat="-38.41152" lon="177.68874">
        <ele>192.0</ele>
      </trkpt>
      <trkpt lat="-38.41151" lon="177.68857">
        <ele>192.6</ele>
      </trkpt>
      <trkpt lat="-38.41133" lon="177.68816">
        <ele>199.1</ele>
      </trkpt>
      <trkpt lat="-38.41129" lon="177.68806">
        <ele>200.5</ele>
      </trkpt>
      <trkpt lat="-38.41126" lon="177.68794">
        <ele>201.6</ele>
      </trkpt>
      <trkpt lat="-38.41128" lon="177.68784">
        <ele>201.1</ele>
      </trkpt>
      <trkpt lat="-38.41137" lon="177.68751">
        <ele>198.3</ele>
      </trkpt>
      <trkpt lat="-38.41138" lon="177.68735">
        <ele>196.4</ele>
      </trkpt>
      <trkpt lat="-38.41134" lon="177.68724">
        <ele>196.5</ele>
      </trkpt>
      <trkpt lat="-38.41125" lon="177.68709">
        <ele>197.6</ele>
      </trkpt>
      <trkpt lat="-38.41108" lon="177.68697">
        <ele>201.0</ele>
      </trkpt>
      <trkpt lat="-38.41091" lon="177.68692">
        <ele>205.1</ele>
      </trkpt>
      <trkpt lat="-38.41069" lon="177.68695">
        <ele>210.4</ele>
      </trkpt>
      <trkpt lat="-38.41053" lon="177.68704">
        <ele>214.7</ele>
      </trkpt>
      <trkpt lat="-38.4103" lon="177.6872">
        <ele>220.6</ele>
      </trkpt>
      <trkpt lat="-38.41004" lon="177.68743">
        <ele>226.9</ele>
      </trkpt>
      <trkpt lat="-38.4099" lon="177.68748">
        <ele>230.5</ele>
      </trkpt>
      <trkpt lat="-38.40973" lon="177.68743">
        <ele>235.0</ele>
      </trkpt>
      <trkpt lat="-38.40965" lon="177.68733">
        <ele>237.1</ele>
      </trkpt>
      <trkpt lat="-38.40959" lon="177.68718">
        <ele>239.0</ele>
      </trkpt>
      <trkpt lat="-38.40959" lon="177.6869">
        <ele>239.1</ele>
      </trkpt>
      <trkpt lat="-38.40961" lon="177.68673">
        <ele>238.3</ele>
      </trkpt>
      <trkpt lat="-38.40962" lon="177.68647">
        <ele>237.9</ele>
      </trkpt>
      <trkpt lat="-38.40951" lon="177.68546">
        <ele>240.3</ele>
      </trkpt>
      <trkpt lat="-38.4094" lon="177.68501">
        <ele>241.6</ele>
      </trkpt>
      <trkpt lat="-38.4092" lon="177.68457">
        <ele>244.3</ele>
      </trkpt>
      <trkpt lat="-38.40885" lon="177.68417">
        <ele>257.3</ele>
      </trkpt>
      <trkpt lat="-38.40872" lon="177.68398">
        <ele>261.8</ele>
      </trkpt>
      <trkpt lat="-38.4085" lon="177.68338">
        <ele>264.0</ele>
      </trkpt>
      <trkpt lat="-38.40828" lon="177.68277">
        <ele>263.4</ele>
      </trkpt>
      <trkpt lat="-38.40813" lon="177.68258">
        <ele>267.6</ele>
      </trkpt>
      <trkpt lat="-38.40791" lon="177.68239">
        <ele>277.3</ele>
      </trkpt>
      <trkpt lat="-38.40781" lon="177.68227">
        <ele>281.9</ele>
      </trkpt>
      <trkpt lat="-38.40771" lon="177.68202">
        <ele>285.6</ele>
      </trkpt>
      <trkpt lat="-38.40764" lon="177.68177">
        <ele>287.6</ele>
      </trkpt>
      <trkpt lat="-38.40764" lon="177.68152">
        <ele>284.6</ele>
      </trkpt>
      <trkpt lat="-38.40743" lon="177.68122">
        <ele>288.8</ele>
      </trkpt>
      <trkpt lat="-38.4073" lon="177.68106">
        <ele>290.0</ele>
      </trkpt>
      <trkpt lat="-38.40684" lon="177.6806">
        <ele>294.8</ele>
      </trkpt>
      <trkpt lat="-38.40662" lon="177.68044">
        <ele>299.4</ele>
      </trkpt>
      <trkpt lat="-38.40653" lon="177.68014">
        <ele>298.7</ele>
      </trkpt>
      <trkpt lat="-38.40648" lon="177.68002">
        <ele>299.0</ele>
      </trkpt>
      <trkpt lat="-38.40638" lon="177.67965">
        <ele>302.0</ele>
      </trkpt>
      <trkpt lat="-38.40628" lon="177.67919">
        <ele>304.6</ele>
      </trkpt>
      <trkpt lat="-38.40601" lon="177.67861">
        <ele>305.6</ele>
      </trkpt>
      <trkpt lat="-38.40585" lon="177.67802">
        <ele>302.5</ele>
      </trkpt>
      <trkpt lat="-38.40568" lon="177.67744">
        <ele>296.9</ele>
      </trkpt>
      <trkpt lat="-38.40552" lon="177.67725">
        <ele>295.2</ele>
      </trkpt>
      <trkpt lat="-38.40489" lon="177.67711">
        <ele>304.1</ele>
      </trkpt>
      <trkpt lat="-38.40465" lon="177.67711">
        <ele>302.7</ele>
      </trkpt>
      <trkpt lat="-38.40449" lon="177.67717">
        <ele>303.5</ele>
      </trkpt>
      <trkpt lat="-38.4044" lon="177.67722">
        <ele>304.5</ele>
      </trkpt>
      <trkpt lat="-38.40422" lon="177.67726">
        <ele>304.8</ele>
      </trkpt>
      <trkpt lat="-38.40397" lon="177.67743">
        <ele>304.7</ele>
      </trkpt>
      <trkpt lat="-38.40388" lon="177.67777">
        <ele>310.3</ele>
      </trkpt>
      <trkpt lat="-38.40378" lon="177.67803">
        <ele>313.5</ele>
      </trkpt>
      <trkpt lat="-38.40338" lon="177.67864">
        <ele>317.3</ele>
      </trkpt>
      <trkpt lat="-38.40323" lon="177.67903">
        <ele>322.0</ele>
      </trkpt>
      <trkpt lat="-38.40306" lon="177.6793">
        <ele>324.6</ele>
      </trkpt>
      <trkpt lat="-38.40284" lon="177.67946">
        <ele>324.6</ele>
      </trkpt>
      <trkpt lat="-38.40266" lon="177.67953">
        <ele>323.5</ele>
      </trkpt>
      <trkpt lat="-38.40243" lon="177.67958">
        <ele>323.5</ele>
      </trkpt>
      <trkpt lat="-38.40231" lon="177.67967">
        <ele>327.6</ele>
      </trkpt>
      <trkpt lat="-38.40217" lon="177.67991">
        <ele>334.9</ele>
      </trkpt>
      <trkpt lat="-38.40201" lon="177.68008">
        <ele>338.9</ele>
      </trkpt>
      <trkpt lat="-38.40169" lon="177.68024">
        <ele>342.2</ele>
      </trkpt>
      <trkpt lat="-38.40146" lon="177.68029">
        <ele>343.4</ele>
      </trkpt>
      <trkpt lat="-38.40116" lon="177.68041">
        <ele>345.5</ele>
      </trkpt>
      <trkpt lat="-38.40092" lon="177.68047">
        <ele>346.7</ele>
      </trkpt>
      <trkpt lat="-38.40071" lon="177.68042">
        <ele>348.2</ele>
      </trkpt>
      <trkpt lat="-38.40008" lon="177.68005">
        <ele>352.6</ele>
      </trkpt>
      <trkpt lat="-38.39981" lon="177.67991">
        <ele>356.3</ele>
      </trkpt>
      <trkpt lat="-38.39927" lon="177.67977">
        <ele>365.9</ele>
      </trkpt>
      <trkpt lat="-38.39904" lon="177.67961">
        <ele>370.6</ele>
      </trkpt>
      <trkpt lat="-38.39901" lon="177.67947">
        <ele>371.0</ele>
      </trkpt>
      <trkpt lat="-38.39898" lon="177.67898">
        <ele>371.4</ele>
      </trkpt>
      <trkpt lat="-38.39898" lon="177.67862">
        <ele>372.1</ele>
      </trkpt>
      <trkpt lat="-38.39888" lon="177.6781">
        <ele>371.2</ele>
      </trkpt>
      <trkpt lat="-38.39873" lon="177.67792">
        <ele>372.9</ele>
      </trkpt>
      <trkpt lat="-38.39834" lon="177.67756">
        <ele>382.9</ele>
      </trkpt>
      <trkpt lat="-38.39823" lon="177.67723">
        <ele>383.2</ele>
      </trkpt>
      <trkpt lat="-38.39806" lon="177.67686">
        <ele>383.9</ele>
      </trkpt>
      <trkpt lat="-38.39783" lon="177.67632">
        <ele>379.5</ele>
      </trkpt>
      <trkpt lat="-38.39749" lon="177.67592">
        <ele>381.9</ele>
      </trkpt>
      <trkpt lat="-38.39715" lon="177.67552">
        <ele>385.6</ele>
      </trkpt>
      <trkpt lat="-38.39695" lon="177.67522">
        <ele>388.0</ele>
      </trkpt>
      <trkpt lat="-38.39678" lon="177.67484">
        <ele>390.4</ele>
      </trkpt>
      <trkpt lat="-38.39663" lon="177.67437">
        <ele>393.7</ele>
      </trkpt>
      <trkpt lat="-38.39634" lon="177.67387">
        <ele>398.3</ele>
      </trkpt>
      <trkpt lat="-38.39624" lon="177.67348">
        <ele>398.4</ele>
      </trkpt>
      <trkpt lat="-38.39596" lon="177.67294">
        <ele>402.0</ele>
      </trkpt>
      <trkpt lat="-38.39579" lon="177.67284">
        <ele>405.2</ele>
      </trkpt>
      <trkpt lat="-38.39568" lon="177.67284">
        <ele>405.5</ele>
      </trkpt>
      <trkpt lat="-38.39538" lon="177.67293">
        <ele>407.2</ele>
      </trkpt>
      <trkpt lat="-38.39516" lon="177.67291">
        <ele>407.6</ele>
      </trkpt>
      <trkpt lat="-38.3949" lon="177.67267">
        <ele>404.8</ele>
      </trkpt>
      <trkpt lat="-38.39483" lon="177.6725">
        <ele>402.3</ele>
      </trkpt>
      <trkpt lat="-38.39483" lon="177.67228">
        <ele>400.1</ele>
      </trkpt>
      <trkpt lat="-38.39502" lon="177.67179">
        <ele>397.2</ele>
      </trkpt>
      <trkpt lat="-38.39556" lon="177.67126">
        <ele>388.2</ele>
      </trkpt>
      <trkpt lat="-38.39576" lon="177.67104">
        <ele>384.7</ele>
      </trkpt>
      <trkpt lat="-38.3958" lon="177.6708">
        <ele>382.0</ele>
      </trkpt>
      <trkpt lat="-38.39567" lon="177.6704">
        <ele>380.9</ele>
      </trkpt>
      <trkpt lat="-38.39567" lon="177.67024">
        <ele>380.1</ele>
      </trkpt>
      <trkpt lat="-38.39568" lon="177.67008">
        <ele>379.2</ele>
      </trkpt>
      <trkpt lat="-38.39575" lon="177.66988">
        <ele>376.7</ele>
      </trkpt>
      <trkpt lat="-38.39581" lon="177.66968">
        <ele>374.1</ele>
      </trkpt>
      <trkpt lat="-38.39583" lon="177.66915">
        <ele>368.8</ele>
      </trkpt>
      <trkpt lat="-38.39585" lon="177.66891">
        <ele>365.9</ele>
      </trkpt>
      <trkpt lat="-38.39588" lon="177.66875">
        <ele>363.9</ele>
      </trkpt>
      <trkpt lat="-38.39593" lon="177.66861">
        <ele>362.1</ele>
      </trkpt>
      <trkpt lat="-38.39602" lon="177.66844">
        <ele>360.4</ele>
      </trkpt>
      <trkpt lat="-38.39609" lon="177.66832">
        <ele>359.5</ele>
      </trkpt>
      <trkpt lat="-38.39619" lon="177.66823">
        <ele>358.5</ele>
      </trkpt>
      <trkpt lat="-38.39643" lon="177.66812">
        <ele>358.0</ele>
      </trkpt>
      <trkpt lat="-38.39651" lon="177.66803">
        <ele>357.9</ele>
      </trkpt>
      <trkpt lat="-38.39659" lon="177.6679">
        <ele>357.9</ele>
      </trkpt>
      <trkpt lat="-38.39664" lon="177.66777">
        <ele>358.1</ele>
      </trkpt>
      <trkpt lat="-38.39672" lon="177.66738">
        <ele>357.0</ele>
      </trkpt>
      <trkpt lat="-38.39677" lon="177.66727">
        <ele>356.1</ele>
      </trkpt>
      <trkpt lat="-38.39689" lon="177.66703">
        <ele>354.2</ele>
      </trkpt>
      <trkpt lat="-38.3969" lon="177.66691">
        <ele>353.1</ele>
      </trkpt>
      <trkpt lat="-38.39689" lon="177.66679">
        <ele>351.9</ele>
      </trkpt>
      <trkpt lat="-38.39679" lon="177.66633">
        <ele>346.0</ele>
      </trkpt>
      <trkpt lat="-38.39676" lon="177.66621">
        <ele>344.3</ele>
      </trkpt>
      <trkpt lat="-38.39669" lon="177.66612">
        <ele>342.9</ele>
      </trkpt>
      <trkpt lat="-38.39662" lon="177.66606">
        <ele>341.2</ele>
      </trkpt>
      <trkpt lat="-38.39653" lon="177.66605">
        <ele>339.4</ele>
      </trkpt>
      <trkpt lat="-38.39646" lon="177.66607">
        <ele>338.4</ele>
      </trkpt>
      <trkpt lat="-38.39639" lon="177.66614">
        <ele>337.9</ele>
      </trkpt>
      <trkpt lat="-38.39635" lon="177.66622">
        <ele>337.9</ele>
      </trkpt>
      <trkpt lat="-38.39634" lon="177.66631">
        <ele>338.6</ele>
      </trkpt>
      <trkpt lat="-38.39634" lon="177.6664">
        <ele>339.5</ele>
      </trkpt>
      <trkpt lat="-38.39637" lon="177.66649">
        <ele>341.1</ele>
      </trkpt>
      <trkpt lat="-38.39647" lon="177.66666">
        <ele>345.2</ele>
      </trkpt>
      <trkpt lat="-38.3965" lon="177.66676">
        <ele>347.1</ele>
      </trkpt>
      <trkpt lat="-38.39652" lon="177.66685">
        <ele>348.5</ele>
      </trkpt>
      <trkpt lat="-38.3965" lon="177.66694">
        <ele>349.1</ele>
      </trkpt>
      <trkpt lat="-38.39645" lon="177.66702">
        <ele>349.0</ele>
      </trkpt>
      <trkpt lat="-38.39638" lon="177.66711">
        <ele>348.7</ele>
      </trkpt>
      <trkpt lat="-38.39628" lon="177.66715">
        <ele>347.2</ele>
      </trkpt>
      <trkpt lat="-38.39619" lon="177.66716">
        <ele>345.7</ele>
      </trkpt>
      <trkpt lat="-38.3961" lon="177.66715">
        <ele>343.8</ele>
      </trkpt>
      <trkpt lat="-38.396" lon="177.66717">
        <ele>342.2</ele>
      </trkpt>
      <trkpt lat="-38.39581" lon="177.66724">
        <ele>339.8</ele>
      </trkpt>
      <trkpt lat="-38.39567" lon="177.66732">
        <ele>338.3</ele>
      </trkpt>
      <trkpt lat="-38.39517" lon="177.66764">
        <ele>333.9</ele>
      </trkpt>
      <trkpt lat="-38.395" lon="177.66778">
        <ele>332.7</ele>
      </trkpt>
      <trkpt lat="-38.3949" lon="177.66785">
        <ele>332.3</ele>
      </trkpt>
      <trkpt lat="-38.39479" lon="177.66788">
        <ele>331.0</ele>
      </trkpt>
      <trkpt lat="-38.39469" lon="177.66786">
        <ele>329.1</ele>
      </trkpt>
      <trkpt lat="-38.39442" lon="177.66776">
        <ele>323.1</ele>
      </trkpt>
      <trkpt lat="-38.39433" lon="177.66778">
        <ele>322.0</ele>
      </trkpt>
      <trkpt lat="-38.39425" lon="177.66782">
        <ele>321.3</ele>
      </trkpt>
      <trkpt lat="-38.39399" lon="177.66783">
        <ele>318.5</ele>
      </trkpt>
      <trkpt lat="-38.3936" lon="177.66804">
        <ele>317.1</ele>
      </trkpt>
      <trkpt lat="-38.39314" lon="177.66822">
        <ele>317.9</ele>
      </trkpt>
      <trkpt lat="-38.39297" lon="177.66836">
        <ele>321.3</ele>
      </trkpt>
      <trkpt lat="-38.39286" lon="177.66833">
        <ele>322.1</ele>
      </trkpt>
      <trkpt lat="-38.39274" lon="177.66808">
        <ele>320.1</ele>
      </trkpt>
      <trkpt lat="-38.39269" lon="177.66789">
        <ele>318.1</ele>
      </trkpt>
      <trkpt lat="-38.39263" lon="177.66756">
        <ele>314.0</ele>
      </trkpt>
      <trkpt lat="-38.39262" lon="177.66711">
        <ele>309.1</ele>
      </trkpt>
      <trkpt lat="-38.39276" lon="177.6664">
        <ele>299.8</ele>
      </trkpt>
      <trkpt lat="-38.39315" lon="177.66545">
        <ele>285.3</ele>
      </trkpt>
      <trkpt lat="-38.39318" lon="177.66519">
        <ele>282.2</ele>
      </trkpt>
      <trkpt lat="-38.3931" lon="177.665">
        <ele>281.4</ele>
      </trkpt>
      <trkpt lat="-38.39294" lon="177.66484">
        <ele>281.1</ele>
      </trkpt>
      <trkpt lat="-38.39265" lon="177.66445">
        <ele>280.1</ele>
      </trkpt>
      <trkpt lat="-38.39249" lon="177.66375">
        <ele>272.9</ele>
      </trkpt>
      <trkpt lat="-38.39245" lon="177.6636">
        <ele>270.6</ele>
      </trkpt>
      <trkpt lat="-38.39243" lon="177.66344">
        <ele>268.5</ele>
      </trkpt>
      <trkpt lat="-38.39245" lon="177.66323">
        <ele>266.0</ele>
      </trkpt>
      <trkpt lat="-38.39252" lon="177.66238">
        <ele>256.8</ele>
      </trkpt>
      <trkpt lat="-38.39243" lon="177.66187">
        <ele>251.4</ele>
      </trkpt>
      <trkpt lat="-38.39235" lon="177.66164">
        <ele>248.9</ele>
      </trkpt>
      <trkpt lat="-38.39229" lon="177.6615">
        <ele>246.4</ele>
      </trkpt>
      <trkpt lat="-38.39201" lon="177.66122">
        <ele>240.8</ele>
      </trkpt>
      <trkpt lat="-38.39177" lon="177.66116">
        <ele>239.0</ele>
      </trkpt>
      <trkpt lat="-38.39148" lon="177.66125">
        <ele>239.0</ele>
      </trkpt>
      <trkpt lat="-38.39111" lon="177.66133">
        <ele>236.4</ele>
      </trkpt>
      <trkpt lat="-38.39095" lon="177.66135">
        <ele>234.8</ele>
      </trkpt>
      <trkpt lat="-38.39074" lon="177.66156">
        <ele>236.5</ele>
      </trkpt>
      <trkpt lat="-38.39068" lon="177.66178">
        <ele>238.2</ele>
      </trkpt>
      <trkpt lat="-38.39029" lon="177.66266">
        <ele>234.5</ele>
      </trkpt>
      <trkpt lat="-38.39023" lon="177.66284">
        <ele>232.6</ele>
      </trkpt>
      <trkpt lat="-38.39023" lon="177.66318">
        <ele>231.6</ele>
      </trkpt>
      <trkpt lat="-38.3902" lon="177.66334">
        <ele>230.3</ele>
      </trkpt>
      <trkpt lat="-38.39015" lon="177.66344">
        <ele>229.0</ele>
      </trkpt>
      <trkpt lat="-38.39004" lon="177.66348">
        <ele>226.1</ele>
      </trkpt>
      <trkpt lat="-38.3899" lon="177.66344">
        <ele>225.2</ele>
      </trkpt>
      <trkpt lat="-38.38985" lon="177.66329">
        <ele>225.7</ele>
      </trkpt>
      <trkpt lat="-38.38985" lon="177.66306">
        <ele>227.4</ele>
      </trkpt>
      <trkpt lat="-38.38988" lon="177.66243">
        <ele>231.7</ele>
      </trkpt>
      <trkpt lat="-38.38987" lon="177.66211">
        <ele>234.9</ele>
      </trkpt>
      <trkpt lat="-38.38992" lon="177.66188">
        <ele>235.7</ele>
      </trkpt>
      <trkpt lat="-38.39005" lon="177.66175">
        <ele>234.7</ele>
      </trkpt>
      <trkpt lat="-38.39015" lon="177.66157">
        <ele>236.5</ele>
      </trkpt>
      <trkpt lat="-38.39018" lon="177.66124">
        <ele>239.5</ele>
      </trkpt>
      <trkpt lat="-38.39027" lon="177.66087">
        <ele>240.7</ele>
      </trkpt>
      <trkpt lat="-38.39036" lon="177.6607">
        <ele>239.0</ele>
      </trkpt>
      <trkpt lat="-38.39038" lon="177.66061">
        <ele>238.8</ele>
      </trkpt>
      <trkpt lat="-38.39037" lon="177.66047">
        <ele>239.5</ele>
      </trkpt>
      <trkpt lat="-38.39027" lon="177.66031">
        <ele>242.8</ele>
      </trkpt>
      <trkpt lat="-38.39019" lon="177.66006">
        <ele>245.8</ele>
      </trkpt>
      <trkpt lat="-38.39022" lon="177.65974">
        <ele>247.5</ele>
      </trkpt>
      <trkpt lat="-38.39035" lon="177.65941">
        <ele>248.5</ele>
      </trkpt>
      <trkpt lat="-38.39065" lon="177.65901">
        <ele>249.1</ele>
      </trkpt>
      <trkpt lat="-38.39076" lon="177.65856">
        <ele>251.2</ele>
      </trkpt>
      <trkpt lat="-38.39086" lon="177.6583">
        <ele>252.4</ele>
      </trkpt>
      <trkpt lat="-38.39102" lon="177.65816">
        <ele>254.1</ele>
      </trkpt>
      <trkpt lat="-38.39162" lon="177.65815">
        <ele>253.5</ele>
      </trkpt>
      <trkpt lat="-38.39183" lon="177.65818">
        <ele>250.6</ele>
      </trkpt>
      <trkpt lat="-38.39207" lon="177.65812">
        <ele>248.0</ele>
      </trkpt>
      <trkpt lat="-38.3923" lon="177.65798">
        <ele>247.1</ele>
      </trkpt>
      <trkpt lat="-38.39264" lon="177.65753">
        <ele>250.8</ele>
      </trkpt>
      <trkpt lat="-38.39282" lon="177.65726">
        <ele>253.9</ele>
      </trkpt>
      <trkpt lat="-38.39297" lon="177.65676">
        <ele>262.0</ele>
      </trkpt>
      <trkpt lat="-38.39308" lon="177.65658">
        <ele>264.6</ele>
      </trkpt>
      <trkpt lat="-38.39321" lon="177.65648">
        <ele>265.4</ele>
      </trkpt>
      <trkpt lat="-38.39361" lon="177.65636">
        <ele>265.0</ele>
      </trkpt>
      <trkpt lat="-38.39412" lon="177.65603">
        <ele>267.9</ele>
      </trkpt>
      <trkpt lat="-38.39452" lon="177.65572">
        <ele>261.9</ele>
      </trkpt>
      <trkpt lat="-38.39459" lon="177.65556">
        <ele>260.3</ele>
      </trkpt>
      <trkpt lat="-38.39457" lon="177.65537">
        <ele>261.2</ele>
      </trkpt>
      <trkpt lat="-38.39449" lon="177.65507">
        <ele>264.4</ele>
      </trkpt>
      <trkpt lat="-38.3944" lon="177.6549">
        <ele>267.7</ele>
      </trkpt>
      <trkpt lat="-38.39432" lon="177.65479">
        <ele>270.6</ele>
      </trkpt>
      <trkpt lat="-38.39427" lon="177.65457">
        <ele>272.7</ele>
      </trkpt>
      <trkpt lat="-38.39432" lon="177.65448">
        <ele>271.4</ele>
      </trkpt>
      <trkpt lat="-38.39437" lon="177.65418">
        <ele>270.6</ele>
      </trkpt>
      <trkpt lat="-38.39439" lon="177.65375">
        <ele>275.5</ele>
      </trkpt>
      <trkpt lat="-38.39446" lon="177.65333">
        <ele>278.9</ele>
      </trkpt>
      <trkpt lat="-38.39448" lon="177.65295">
        <ele>282.0</ele>
      </trkpt>
      <trkpt lat="-38.39446" lon="177.65238">
        <ele>288.1</ele>
      </trkpt>
      <trkpt lat="-38.39452" lon="177.65217">
        <ele>288.9</ele>
      </trkpt>
      <trkpt lat="-38.39457" lon="177.65189">
        <ele>290.8</ele>
      </trkpt>
      <trkpt lat="-38.39461" lon="177.6514">
        <ele>296.6</ele>
      </trkpt>
      <trkpt lat="-38.39457" lon="177.65101">
        <ele>303.0</ele>
      </trkpt>
      <trkpt lat="-38.39467" lon="177.65082">
        <ele>304.8</ele>
      </trkpt>
      <trkpt lat="-38.39476" lon="177.65081">
        <ele>303.9</ele>
      </trkpt>
      <trkpt lat="-38.39522" lon="177.65083">
        <ele>300.8</ele>
      </trkpt>
      <trkpt lat="-38.39541" lon="177.65082">
        <ele>300.7</ele>
      </trkpt>
      <trkpt lat="-38.3956" lon="177.65071">
        <ele>302.0</ele>
      </trkpt>
      <trkpt lat="-38.39592" lon="177.65047">
        <ele>304.8</ele>
      </trkpt>
      <trkpt lat="-38.39621" lon="177.65029">
        <ele>307.5</ele>
      </trkpt>
      <trkpt lat="-38.39645" lon="177.65018">
        <ele>309.2</ele>
      </trkpt>
      <trkpt lat="-38.39651" lon="177.65011">
        <ele>310.3</ele>
      </trkpt>
      <trkpt lat="-38.3965" lon="177.64994">
        <ele>312.4</ele>
      </trkpt>
      <trkpt lat="-38.39645" lon="177.64971">
        <ele>314.6</ele>
      </trkpt>
      <trkpt lat="-38.39647" lon="177.6493">
        <ele>318.6</ele>
      </trkpt>
      <trkpt lat="-38.3965" lon="177.64907">
        <ele>321.9</ele>
      </trkpt>
      <trkpt lat="-38.39657" lon="177.64894">
        <ele>324.3</ele>
      </trkpt>
      <trkpt lat="-38.39664" lon="177.64893">
        <ele>324.2</ele>
      </trkpt>
      <trkpt lat="-38.39696" lon="177.64895">
        <ele>323.7</ele>
      </trkpt>
      <trkpt lat="-38.39718" lon="177.6489">
        <ele>325.1</ele>
      </trkpt>
      <trkpt lat="-38.39746" lon="177.64873">
        <ele>330.5</ele>
      </trkpt>
      <trkpt lat="-38.39808" lon="177.64852">
        <ele>332.2</ele>
      </trkpt>
      <trkpt lat="-38.39826" lon="177.64833">
        <ele>334.8</ele>
      </trkpt>
      <trkpt lat="-38.39841" lon="177.64795">
        <ele>331.3</ele>
      </trkpt>
      <trkpt lat="-38.39844" lon="177.64763">
        <ele>330.4</ele>
      </trkpt>
      <trkpt lat="-38.39828" lon="177.64725">
        <ele>335.4</ele>
      </trkpt>
      <trkpt lat="-38.39813" lon="177.64706">
        <ele>337.4</ele>
      </trkpt>
      <trkpt lat="-38.39787" lon="177.6468">
        <ele>342.1</ele>
      </trkpt>
      <trkpt lat="-38.39757" lon="177.64602">
        <ele>350.8</ele>
      </trkpt>
      <trkpt lat="-38.39726" lon="177.64523">
        <ele>349.9</ele>
      </trkpt>
      <trkpt lat="-38.39698" lon="177.64441">
        <ele>345.8</ele>
      </trkpt>
      <trkpt lat="-38.3967" lon="177.6436">
        <ele>344.1</ele>
      </trkpt>
      <trkpt lat="-38.3965" lon="177.64344">
        <ele>343.4</ele>
      </trkpt>
      <trkpt lat="-38.39621" lon="177.64344">
        <ele>343.9</ele>
      </trkpt>
      <trkpt lat="-38.39571" lon="177.64357">
        <ele>348.2</ele>
      </trkpt>
      <trkpt lat="-38.39547" lon="177.64351">
        <ele>348.5</ele>
      </trkpt>
      <trkpt lat="-38.39525" lon="177.64332">
        <ele>345.8</ele>
      </trkpt>
      <trkpt lat="-38.39497" lon="177.64324">
        <ele>345.2</ele>
      </trkpt>
      <trkpt lat="-38.39444" lon="177.64325">
        <ele>345.4</ele>
      </trkpt>
      <trkpt lat="-38.3941" lon="177.64318">
        <ele>343.9</ele>
      </trkpt>
      <trkpt lat="-38.39351" lon="177.64269">
        <ele>334.5</ele>
      </trkpt>
      <trkpt lat="-38.3932" lon="177.64262">
        <ele>333.9</ele>
      </trkpt>
      <trkpt lat="-38.39298" lon="177.64259">
        <ele>334.4</ele>
      </trkpt>
      <trkpt lat="-38.39275" lon="177.64248">
        <ele>333.5</ele>
      </trkpt>
      <trkpt lat="-38.39261" lon="177.64244">
        <ele>333.6</ele>
      </trkpt>
      <trkpt lat="-38.39228" lon="177.64249">
        <ele>338.8</ele>
      </trkpt>
      <trkpt lat="-38.39189" lon="177.64222">
        <ele>343.3</ele>
      </trkpt>
      <trkpt lat="-38.39182" lon="177.64212">
        <ele>343.7</ele>
      </trkpt>
      <trkpt lat="-38.39181" lon="177.64177">
        <ele>340.7</ele>
      </trkpt>
      <trkpt lat="-38.39176" lon="177.64088">
        <ele>329.3</ele>
      </trkpt>
      <trkpt lat="-38.39158" lon="177.64056">
        <ele>326.7</ele>
      </trkpt>
      <trkpt lat="-38.39126" lon="177.64009">
        <ele>323.9</ele>
      </trkpt>
      <trkpt lat="-38.39082" lon="177.63935">
        <ele>325.3</ele>
      </trkpt>
      <trkpt lat="-38.39064" lon="177.63907">
        <ele>325.9</ele>
      </trkpt>
      <trkpt lat="-38.39041" lon="177.63845">
        <ele>322.2</ele>
      </trkpt>
      <trkpt lat="-38.39022" lon="177.6382">
        <ele>321.2</ele>
      </trkpt>
      <trkpt lat="-38.39007" lon="177.63811">
        <ele>322.0</ele>
      </trkpt>
      <trkpt lat="-38.38976" lon="177.63824">
        <ele>325.8</ele>
      </trkpt>
      <trkpt lat="-38.38952" lon="177.63849">
        <ele>328.8</ele>
      </trkpt>
      <trkpt lat="-38.38913" lon="177.63876">
        <ele>329.8</ele>
      </trkpt>
      <trkpt lat="-38.38882" lon="177.63887">
        <ele>328.1</ele>
      </trkpt>
      <trkpt lat="-38.38843" lon="177.63897">
        <ele>325.5</ele>
      </trkpt>
      <trkpt lat="-38.38815" lon="177.6391">
        <ele>324.0</ele>
      </trkpt>
      <trkpt lat="-38.3878" lon="177.6393">
        <ele>324.1</ele>
      </trkpt>
      <trkpt lat="-38.38742" lon="177.63931">
        <ele>322.8</ele>
      </trkpt>
      <trkpt lat="-38.38729" lon="177.63923">
        <ele>322.8</ele>
      </trkpt>
      <trkpt lat="-38.3872" lon="177.63877">
        <ele>320.3</ele>
      </trkpt>
      <trkpt lat="-38.38725" lon="177.63836">
        <ele>317.6</ele>
      </trkpt>
      <trkpt lat="-38.38721" lon="177.63774">
        <ele>311.3</ele>
      </trkpt>
      <trkpt lat="-38.38693" lon="177.63739">
        <ele>307.4</ele>
      </trkpt>
      <trkpt lat="-38.38666" lon="177.63723">
        <ele>304.5</ele>
      </trkpt>
      <trkpt lat="-38.38643" lon="177.63723">
        <ele>303.7</ele>
      </trkpt>
      <trkpt lat="-38.38625" lon="177.63718">
        <ele>302.2</ele>
      </trkpt>
      <trkpt lat="-38.38545" lon="177.63692">
        <ele>303.6</ele>
      </trkpt>
      <trkpt lat="-38.38533" lon="177.63673">
        <ele>305.2</ele>
      </trkpt>
      <trkpt lat="-38.38537" lon="177.63652">
        <ele>306.3</ele>
      </trkpt>
      <trkpt lat="-38.38574" lon="177.63575">
        <ele>303.0</ele>
      </trkpt>
      <trkpt lat="-38.38591" lon="177.63511">
        <ele>300.1</ele>
      </trkpt>
      <trkpt lat="-38.38601" lon="177.63476">
        <ele>297.2</ele>
      </trkpt>
      <trkpt lat="-38.38617" lon="177.63442">
        <ele>292.4</ele>
      </trkpt>
      <trkpt lat="-38.38651" lon="177.63419">
        <ele>280.8</ele>
      </trkpt>
      <trkpt lat="-38.38658" lon="177.63404">
        <ele>278.0</ele>
      </trkpt>
      <trkpt lat="-38.38651" lon="177.63374">
        <ele>279.2</ele>
      </trkpt>
      <trkpt lat="-38.38608" lon="177.63275">
        <ele>274.8</ele>
      </trkpt>
      <trkpt lat="-38.38561" lon="177.63197">
        <ele>271.1</ele>
      </trkpt>
      <trkpt lat="-38.38513" lon="177.6312">
        <ele>263.3</ele>
      </trkpt>
      <trkpt lat="-38.38474" lon="177.63066">
        <ele>261.5</ele>
      </trkpt>
      <trkpt lat="-38.38469" lon="177.63045">
        <ele>261.1</ele>
      </trkpt>
      <trkpt lat="-38.38473" lon="177.63026">
        <ele>260.0</ele>
      </trkpt>
      <trkpt lat="-38.38479" lon="177.62974">
        <ele>252.1</ele>
      </trkpt>
      <trkpt lat="-38.38477" lon="177.62957">
        <ele>248.3</ele>
      </trkpt>
      <trkpt lat="-38.38472" lon="177.62946">
        <ele>246.3</ele>
      </trkpt>
      <trkpt lat="-38.38457" lon="177.62925">
        <ele>243.1</ele>
      </trkpt>
      <trkpt lat="-38.38429" lon="177.62914">
        <ele>243.8</ele>
      </trkpt>
      <trkpt lat="-38.38391" lon="177.62928">
        <ele>246.9</ele>
      </trkpt>
      <trkpt lat="-38.38374" lon="177.62932">
        <ele>246.7</ele>
      </trkpt>
      <trkpt lat="-38.38361" lon="177.62934">
        <ele>246.2</ele>
      </trkpt>
      <trkpt lat="-38.38338" lon="177.62923">
        <ele>242.5</ele>
      </trkpt>
      <trkpt lat="-38.38297" lon="177.62869">
        <ele>234.1</ele>
      </trkpt>
      <trkpt lat="-38.38255" lon="177.62825">
        <ele>229.7</ele>
      </trkpt>
      <trkpt lat="-38.38239" lon="177.62813">
        <ele>230.1</ele>
      </trkpt>
      <trkpt lat="-38.38186" lon="177.62796">
        <ele>230.0</ele>
      </trkpt>
      <trkpt lat="-38.3817" lon="177.62794">
        <ele>230.0</ele>
      </trkpt>
      <trkpt lat="-38.38152" lon="177.62792">
        <ele>230.0</ele>
      </trkpt>
      <trkpt lat="-38.38138" lon="177.62793">
        <ele>230.0</ele>
      </trkpt>
      <trkpt lat="-38.38132" lon="177.62785">
        <ele>230.0</ele>
      </trkpt>
      <trkpt lat="-38.38133" lon="177.6277">
        <ele>230.8</ele>
      </trkpt>
      <trkpt lat="-38.38146" lon="177.62757">
        <ele>231.9</ele>
      </trkpt>
      <trkpt lat="-38.3817" lon="177.6275">
        <ele>232.9</ele>
      </trkpt>
      <trkpt lat="-38.38222" lon="177.62711">
        <ele>241.0</ele>
      </trkpt>
      <trkpt lat="-38.38268" lon="177.62679">
        <ele>247.3</ele>
      </trkpt>
      <trkpt lat="-38.38288" lon="177.62669">
        <ele>249.0</ele>
      </trkpt>
      <trkpt lat="-38.38318" lon="177.62665">
        <ele>249.0</ele>
      </trkpt>
      <trkpt lat="-38.38353" lon="177.62646">
        <ele>253.1</ele>
      </trkpt>
      <trkpt lat="-38.38391" lon="177.62647">
        <ele>251.6</ele>
      </trkpt>
      <trkpt lat="-38.38408" lon="177.6264">
        <ele>252.7</ele>
      </trkpt>
      <trkpt lat="-38.38445" lon="177.62593">
        <ele>262.6</ele>
      </trkpt>
      <trkpt lat="-38.38471" lon="177.62581">
        <ele>263.9</ele>
      </trkpt>
      <trkpt lat="-38.38492" lon="177.62569">
        <ele>265.6</ele>
      </trkpt>
      <trkpt lat="-38.38506" lon="177.62546">
        <ele>270.7</ele>
      </trkpt>
      <trkpt lat="-38.38523" lon="177.62538">
        <ele>273.2</ele>
      </trkpt>
      <trkpt lat="-38.38542" lon="177.62536">
        <ele>274.4</ele>
      </trkpt>
      <trkpt lat="-38.38573" lon="177.62529">
        <ele>277.3</ele>
      </trkpt>
      <trkpt lat="-38.38595" lon="177.6252">
        <ele>281.5</ele>
      </trkpt>
      <trkpt lat="-38.3862" lon="177.62513">
        <ele>286.8</ele>
      </trkpt>
      <trkpt lat="-38.38638" lon="177.62515">
        <ele>288.7</ele>
      </trkpt>
      <trkpt lat="-38.38676" lon="177.62529">
        <ele>289.7</ele>
      </trkpt>
      <trkpt lat="-38.38739" lon="177.62532">
        <ele>296.4</ele>
      </trkpt>
      <trkpt lat="-38.38756" lon="177.62538">
        <ele>296.7</ele>
      </trkpt>
      <trkpt lat="-38.3879" lon="177.62564">
        <ele>296.0</ele>
      </trkpt>
      <trkpt lat="-38.3881" lon="177.62568">
        <ele>298.5</ele>
      </trkpt>
      <trkpt lat="-38.38831" lon="177.62585">
        <ele>301.4</ele>
      </trkpt>
      <trkpt lat="-38.38836" lon="177.62595">
        <ele>300.9</ele>
      </trkpt>
      <trkpt lat="-38.38846" lon="177.62607">
        <ele>300.2</ele>
      </trkpt>
      <trkpt lat="-38.38856" lon="177.62609">
        <ele>300.4</ele>
      </trkpt>
      <trkpt lat="-38.38893" lon="177.62594">
        <ele>301.9</ele>
      </trkpt>
      <trkpt lat="-38.38898" lon="177.62575">
        <ele>301.3</ele>
      </trkpt>
      <trkpt lat="-38.38832" lon="177.62532">
        <ele>301.9</ele>
      </trkpt>
      <trkpt lat="-38.38788" lon="177.625">
        <ele>303.6</ele>
      </trkpt>
      <trkpt lat="-38.38773" lon="177.62474">
        <ele>305.8</ele>
      </trkpt>
      <trkpt lat="-38.38767" lon="177.62456">
        <ele>308.1</ele>
      </trkpt>
      <trkpt lat="-38.38768" lon="177.62423">
        <ele>310.7</ele>
      </trkpt>
      <trkpt lat="-38.38778" lon="177.62355">
        <ele>299.3</ele>
      </trkpt>
      <trkpt lat="-38.38773" lon="177.62324">
        <ele>296.1</ele>
      </trkpt>
      <trkpt lat="-38.38766" lon="177.62291">
        <ele>291.8</ele>
      </trkpt>
      <trkpt lat="-38.38756" lon="177.62272">
        <ele>290.4</ele>
      </trkpt>
      <trkpt lat="-38.38737" lon="177.62258">
        <ele>290.4</ele>
      </trkpt>
      <trkpt lat="-38.38714" lon="177.62248">
        <ele>291.2</ele>
      </trkpt>
      <trkpt lat="-38.38699" lon="177.62242">
        <ele>291.6</ele>
      </trkpt>
      <trkpt lat="-38.38678" lon="177.62223">
        <ele>289.1</ele>
      </trkpt>
      <trkpt lat="-38.38654" lon="177.62196">
        <ele>285.2</ele>
      </trkpt>
      <trkpt lat="-38.38613" lon="177.62168">
        <ele>283.8</ele>
      </trkpt>
      <trkpt lat="-38.386" lon="177.62168">
        <ele>285.8</ele>
      </trkpt>
      <trkpt lat="-38.38577" lon="177.62176">
        <ele>292.3</ele>
      </trkpt>
      <trkpt lat="-38.38568" lon="177.62176">
        <ele>294.5</ele>
      </trkpt>
      <trkpt lat="-38.3856" lon="177.62166">
        <ele>293.4</ele>
      </trkpt>
      <trkpt lat="-38.38545" lon="177.62133">
        <ele>287.8</ele>
      </trkpt>
      <trkpt lat="-38.38524" lon="177.62108">
        <ele>286.6</ele>
      </trkpt>
      <trkpt lat="-38.38497" lon="177.62083">
        <ele>287.3</ele>
      </trkpt>
      <trkpt lat="-38.38473" lon="177.62062">
        <ele>284.6</ele>
      </trkpt>
      <trkpt lat="-38.38442" lon="177.62049">
        <ele>285.3</ele>
      </trkpt>
      <trkpt lat="-38.38397" lon="177.62034">
        <ele>285.4</ele>
      </trkpt>
      <trkpt lat="-38.38359" lon="177.62029">
        <ele>284.8</ele>
      </trkpt>
      <trkpt lat="-38.38337" lon="177.62027">
        <ele>284.7</ele>
      </trkpt>
      <trkpt lat="-38.3832" lon="177.62039">
        <ele>288.4</ele>
      </trkpt>
      <trkpt lat="-38.383" lon="177.62082">
        <ele>297.2</ele>
      </trkpt>
      <trkpt lat="-38.38291" lon="177.62091">
        <ele>298.4</ele>
      </trkpt>
      <trkpt lat="-38.3827" lon="177.6209">
        <ele>296.9</ele>
      </trkpt>
      <trkpt lat="-38.38262" lon="177.62067">
        <ele>293.8</ele>
      </trkpt>
      <trkpt lat="-38.38255" lon="177.62044">
        <ele>291.5</ele>
      </trkpt>
      <trkpt lat="-38.38227" lon="177.62009">
        <ele>296.9</ele>
      </trkpt>
      <trkpt lat="-38.3822" lon="177.61981">
        <ele>296.9</ele>
      </trkpt>
      <trkpt lat="-38.38227" lon="177.61949">
        <ele>291.2</ele>
      </trkpt>
      <trkpt lat="-38.38228" lon="177.61916">
        <ele>287.5</ele>
      </trkpt>
      <trkpt lat="-38.38224" lon="177.61904">
        <ele>286.8</ele>
      </trkpt>
      <trkpt lat="-38.3822" lon="177.619">
        <ele>287.3</ele>
      </trkpt>
      <trkpt lat="-38.38208" lon="177.61892">
        <ele>289.6</ele>
      </trkpt>
      <trkpt lat="-38.38198" lon="177.61853">
        <ele>284.2</ele>
      </trkpt>
      <trkpt lat="-38.38175" lon="177.61828">
        <ele>283.3</ele>
      </trkpt>
      <trkpt lat="-38.38162" lon="177.61825">
        <ele>284.6</ele>
      </trkpt>
      <trkpt lat="-38.38139" lon="177.61825">
        <ele>286.5</ele>
      </trkpt>
      <trkpt lat="-38.38111" lon="177.61819">
        <ele>287.2</ele>
      </trkpt>
      <trkpt lat="-38.38082" lon="177.61816">
        <ele>289.2</ele>
      </trkpt>
      <trkpt lat="-38.38048" lon="177.61797">
        <ele>289.9</ele>
      </trkpt>
      <trkpt lat="-38.3803" lon="177.61782">
        <ele>290.5</ele>
      </trkpt>
      <trkpt lat="-38.3801" lon="177.61763">
        <ele>292.0</ele>
      </trkpt>
      <trkpt lat="-38.38002" lon="177.61752">
        <ele>292.7</ele>
      </trkpt>
      <trkpt lat="-38.37986" lon="177.61723">
        <ele>287.2</ele>
      </trkpt>
      <trkpt lat="-38.37977" lon="177.6171">
        <ele>284.9</ele>
      </trkpt>
      <trkpt lat="-38.37949" lon="177.61688">
        <ele>283.0</ele>
      </trkpt>
      <trkpt lat="-38.37901" lon="177.61663">
        <ele>282.8</ele>
      </trkpt>
      <trkpt lat="-38.37853" lon="177.61638">
        <ele>280.4</ele>
      </trkpt>
      <trkpt lat="-38.37815" lon="177.61625">
        <ele>280.2</ele>
      </trkpt>
      <trkpt lat="-38.37798" lon="177.61623">
        <ele>280.5</ele>
      </trkpt>
      <trkpt lat="-38.3777" lon="177.61639">
        <ele>283.7</ele>
      </trkpt>
      <trkpt lat="-38.37744" lon="177.61644">
        <ele>285.7</ele>
      </trkpt>
      <trkpt lat="-38.37733" lon="177.61638">
        <ele>286.2</ele>
      </trkpt>
      <trkpt lat="-38.37726" lon="177.6163">
        <ele>286.0</ele>
      </trkpt>
      <trkpt lat="-38.37715" lon="177.61608">
        <ele>284.6</ele>
      </trkpt>
      <trkpt lat="-38.37705" lon="177.61593">
        <ele>284.1</ele>
      </trkpt>
      <trkpt lat="-38.37697" lon="177.61577">
        <ele>283.5</ele>
      </trkpt>
      <trkpt lat="-38.37694" lon="177.61559">
        <ele>282.4</ele>
      </trkpt>
      <trkpt lat="-38.37695" lon="177.61537">
        <ele>280.4</ele>
      </trkpt>
      <trkpt lat="-38.37698" lon="177.61516">
        <ele>278.1</ele>
      </trkpt>
      <trkpt lat="-38.37698" lon="177.61498">
        <ele>276.6</ele>
      </trkpt>
      <trkpt lat="-38.37691" lon="177.61482">
        <ele>277.0</ele>
      </trkpt>
      <trkpt lat="-38.37686" lon="177.61464">
        <ele>277.0</ele>
      </trkpt>
      <trkpt lat="-38.37675" lon="177.61412">
        <ele>276.3</ele>
      </trkpt>
      <trkpt lat="-38.37651" lon="177.61367">
        <ele>276.9</ele>
      </trkpt>
      <trkpt lat="-38.37647" lon="177.61336">
        <ele>275.3</ele>
      </trkpt>
      <trkpt lat="-38.37643" lon="177.6132">
        <ele>274.5</ele>
      </trkpt>
      <trkpt lat="-38.37632" lon="177.61308">
        <ele>274.3</ele>
      </trkpt>
      <trkpt lat="-38.37615" lon="177.61293">
        <ele>273.6</ele>
      </trkpt>
      <trkpt lat="-38.37602" lon="177.6128">
        <ele>272.5</ele>
      </trkpt>
      <trkpt lat="-38.37589" lon="177.61259">
        <ele>269.5</ele>
      </trkpt>
      <trkpt lat="-38.37582" lon="177.61253">
        <ele>268.5</ele>
      </trkpt>
      <trkpt lat="-38.37576" lon="177.61253">
        <ele>268.6</ele>
      </trkpt>
      <trkpt lat="-38.37544" lon="177.61272">
        <ele>272.9</ele>
      </trkpt>
      <trkpt lat="-38.3753" lon="177.61276">
        <ele>274.2</ele>
      </trkpt>
      <trkpt lat="-38.37518" lon="177.61272">
        <ele>273.7</ele>
      </trkpt>
      <trkpt lat="-38.37499" lon="177.61263">
        <ele>272.3</ele>
      </trkpt>
      <trkpt lat="-38.37485" lon="177.61246">
        <ele>271.2</ele>
      </trkpt>
      <trkpt lat="-38.3747" lon="177.61221">
        <ele>271.2</ele>
      </trkpt>
      <trkpt lat="-38.37458" lon="177.61193">
        <ele>269.5</ele>
      </trkpt>
      <trkpt lat="-38.37457" lon="177.61179">
        <ele>268.0</ele>
      </trkpt>
      <trkpt lat="-38.37461" lon="177.6117">
        <ele>267.8</ele>
      </trkpt>
      <trkpt lat="-38.37472" lon="177.61161">
        <ele>267.7</ele>
      </trkpt>
      <trkpt lat="-38.37494" lon="177.61152">
        <ele>267.3</ele>
      </trkpt>
      <trkpt lat="-38.37504" lon="177.61142">
        <ele>267.1</ele>
      </trkpt>
      <trkpt lat="-38.37508" lon="177.61125">
        <ele>267.0</ele>
      </trkpt>
      <trkpt lat="-38.37503" lon="177.61112">
        <ele>267.9</ele>
      </trkpt>
      <trkpt lat="-38.37496" lon="177.61099">
        <ele>268.8</ele>
      </trkpt>
      <trkpt lat="-38.37447" lon="177.61032">
        <ele>273.5</ele>
      </trkpt>
      <trkpt lat="-38.3743" lon="177.61021">
        <ele>273.8</ele>
      </trkpt>
      <trkpt lat="-38.37405" lon="177.61001">
        <ele>274.8</ele>
      </trkpt>
      <trkpt lat="-38.37392" lon="177.60989">
        <ele>277.1</ele>
      </trkpt>
      <trkpt lat="-38.37363" lon="177.60972">
        <ele>280.7</ele>
      </trkpt>
      <trkpt lat="-38.37345" lon="177.60969">
        <ele>281.4</ele>
      </trkpt>
      <trkpt lat="-38.37333" lon="177.60964">
        <ele>282.6</ele>
      </trkpt>
      <trkpt lat="-38.37287" lon="177.60909">
        <ele>288.7</ele>
      </trkpt>
      <trkpt lat="-38.37262" lon="177.60886">
        <ele>288.2</ele>
      </trkpt>
      <trkpt lat="-38.37258" lon="177.60873">
        <ele>289.2</ele>
      </trkpt>
      <trkpt lat="-38.37259" lon="177.60862">
        <ele>290.6</ele>
      </trkpt>
      <trkpt lat="-38.37264" lon="177.60857">
        <ele>291.8</ele>
      </trkpt>
      <trkpt lat="-38.37278" lon="177.60835">
        <ele>295.8</ele>
      </trkpt>
      <trkpt lat="-38.3729" lon="177.60819">
        <ele>299.1</ele>
      </trkpt>
      <trkpt lat="-38.37297" lon="177.60815">
        <ele>300.2</ele>
      </trkpt>
      <trkpt lat="-38.37319" lon="177.60804">
        <ele>303.3</ele>
      </trkpt>
      <trkpt lat="-38.37329" lon="177.60794">
        <ele>305.0</ele>
      </trkpt>
      <trkpt lat="-38.37344" lon="177.60757">
        <ele>308.3</ele>
      </trkpt>
      <trkpt lat="-38.37352" lon="177.60702">
        <ele>314.0</ele>
      </trkpt>
      <trkpt lat="-38.37354" lon="177.60678">
        <ele>316.7</ele>
      </trkpt>
      <trkpt lat="-38.37348" lon="177.60666">
        <ele>317.8</ele>
      </trkpt>
      <trkpt lat="-38.3734" lon="177.60661">
        <ele>318.3</ele>
      </trkpt>
      <trkpt lat="-38.37331" lon="177.60652">
        <ele>319.6</ele>
      </trkpt>
      <trkpt lat="-38.37317" lon="177.60646">
        <ele>320.4</ele>
      </trkpt>
      <trkpt lat="-38.37297" lon="177.60652">
        <ele>318.9</ele>
      </trkpt>
      <trkpt lat="-38.37279" lon="177.60651">
        <ele>318.8</ele>
      </trkpt>
      <trkpt lat="-38.37271" lon="177.60645">
        <ele>319.8</ele>
      </trkpt>
      <trkpt lat="-38.37261" lon="177.60599">
        <ele>328.9</ele>
      </trkpt>
      <trkpt lat="-38.37252" lon="177.60597">
        <ele>329.2</ele>
      </trkpt>
      <trkpt lat="-38.37241" lon="177.60589">
        <ele>329.9</ele>
      </trkpt>
      <trkpt lat="-38.37231" lon="177.60576">
        <ele>330.8</ele>
      </trkpt>
      <trkpt lat="-38.37233" lon="177.6056">
        <ele>332.8</ele>
      </trkpt>
      <trkpt lat="-38.37244" lon="177.60545">
        <ele>335.9</ele>
      </trkpt>
      <trkpt lat="-38.37254" lon="177.60516">
        <ele>340.2</ele>
      </trkpt>
      <trkpt lat="-38.3725" lon="177.60504">
        <ele>341.5</ele>
      </trkpt>
      <trkpt lat="-38.37246" lon="177.6048">
        <ele>342.0</ele>
      </trkpt>
      <trkpt lat="-38.3726" lon="177.60462">
        <ele>343.5</ele>
      </trkpt>
      <trkpt lat="-38.37277" lon="177.60434">
        <ele>345.6</ele>
      </trkpt>
      <trkpt lat="-38.37281" lon="177.60412">
        <ele>347.3</ele>
      </trkpt>
      <trkpt lat="-38.37272" lon="177.60394">
        <ele>349.6</ele>
      </trkpt>
      <trkpt lat="-38.37257" lon="177.60373">
        <ele>352.6</ele>
      </trkpt>
      <trkpt lat="-38.37262" lon="177.60337">
        <ele>359.1</ele>
      </trkpt>
      <trkpt lat="-38.37253" lon="177.60321">
        <ele>361.1</ele>
      </trkpt>
      <trkpt lat="-38.37229" lon="177.603">
        <ele>363.7</ele>
      </trkpt>
      <trkpt lat="-38.3719" lon="177.60302">
        <ele>364.4</ele>
      </trkpt>
      <trkpt lat="-38.37176" lon="177.60301">
        <ele>364.8</ele>
      </trkpt>
      <trkpt lat="-38.37169" lon="177.60298">
        <ele>365.5</ele>
      </trkpt>
      <trkpt lat="-38.37157" lon="177.60286">
        <ele>366.4</ele>
      </trkpt>
      <trkpt lat="-38.37142" lon="177.60259">
        <ele>369.4</ele>
      </trkpt>
      <trkpt lat="-38.37122" lon="177.60234">
        <ele>371.9</ele>
      </trkpt>
      <trkpt lat="-38.37104" lon="177.60208">
        <ele>374.9</ele>
      </trkpt>
      <trkpt lat="-38.37079" lon="177.60206">
        <ele>373.8</ele>
      </trkpt>
      <trkpt lat="-38.37069" lon="177.60201">
        <ele>374.4</ele>
      </trkpt>
      <trkpt lat="-38.37071" lon="177.60188">
        <ele>376.8</ele>
      </trkpt>
      <trkpt lat="-38.371" lon="177.60146">
        <ele>384.3</ele>
      </trkpt>
      <trkpt lat="-38.37115" lon="177.60108">
        <ele>389.8</ele>
      </trkpt>
      <trkpt lat="-38.3711" lon="177.60083">
        <ele>392.6</ele>
      </trkpt>
      <trkpt lat="-38.37104" lon="177.60068">
        <ele>394.4</ele>
      </trkpt>
      <trkpt lat="-38.3708" lon="177.60054">
        <ele>395.4</ele>
      </trkpt>
      <trkpt lat="-38.37067" lon="177.60067">
        <ele>394.5</ele>
      </trkpt>
      <trkpt lat="-38.3704" lon="177.60072">
        <ele>395.6</ele>
      </trkpt>
      <trkpt lat="-38.37032" lon="177.60066">
        <ele>396.9</ele>
      </trkpt>
      <trkpt lat="-38.37014" lon="177.60053">
        <ele>399.8</ele>
      </trkpt>
      <trkpt lat="-38.36986" lon="177.60035">
        <ele>403.5</ele>
      </trkpt>
      <trkpt lat="-38.36954" lon="177.60013">
        <ele>406.7</ele>
      </trkpt>
      <trkpt lat="-38.36938" lon="177.6">
        <ele>407.7</ele>
      </trkpt>
      <trkpt lat="-38.36938" lon="177.6">
        <ele>407.7</ele>
      </trkpt>
      <trkpt lat="-38.36916" lon="177.59974">
        <ele>412.1</ele>
      </trkpt>
      <trkpt lat="-38.369" lon="177.59951">
        <ele>416.5</ele>
      </trkpt>
      <trkpt lat="-38.36873" lon="177.59916">
        <ele>422.1</ele>
      </trkpt>
      <trkpt lat="-38.36854" lon="177.59905">
        <ele>424.1</ele>
      </trkpt>
      <trkpt lat="-38.36844" lon="177.59894">
        <ele>426.1</ele>
      </trkpt>
      <trkpt lat="-38.3684" lon="177.59878">
        <ele>428.7</ele>
      </trkpt>
      <trkpt lat="-38.36843" lon="177.59862">
        <ele>430.9</ele>
      </trkpt>
      <trkpt lat="-38.36866" lon="177.5984">
        <ele>432.4</ele>
      </trkpt>
      <trkpt lat="-38.3687" lon="177.59817">
        <ele>434.4</ele>
      </trkpt>
      <trkpt lat="-38.36864" lon="177.59802">
        <ele>436.5</ele>
      </trkpt>
      <trkpt lat="-38.36814" lon="177.59777">
        <ele>444.2</ele>
      </trkpt>
      <trkpt lat="-38.36799" lon="177.59764">
        <ele>446.7</ele>
      </trkpt>
      <trkpt lat="-38.36784" lon="177.59747">
        <ele>449.2</ele>
      </trkpt>
      <trkpt lat="-38.3673" lon="177.59663">
        <ele>461.9</ele>
      </trkpt>
      <trkpt lat="-38.36721" lon="177.59654">
        <ele>463.6</ele>
      </trkpt>
      <trkpt lat="-38.36711" lon="177.59653">
        <ele>464.4</ele>
      </trkpt>
      <trkpt lat="-38.36697" lon="177.59666">
        <ele>463.9</ele>
      </trkpt>
      <trkpt lat="-38.36678" lon="177.59687">
        <ele>464.0</ele>
      </trkpt>
      <trkpt lat="-38.36667" lon="177.59702">
        <ele>464.3</ele>
      </trkpt>
      <trkpt lat="-38.36653" lon="177.59781">
        <ele>464.0</ele>
      </trkpt>
      <trkpt lat="-38.36646" lon="177.59792">
        <ele>465.2</ele>
      </trkpt>
      <trkpt lat="-38.36572" lon="177.59806">
        <ele>477.5</ele>
      </trkpt>
      <trkpt lat="-38.36558" lon="177.59806">
        <ele>478.1</ele>
      </trkpt>
      <trkpt lat="-38.3653" lon="177.59802">
        <ele>479.4</ele>
      </trkpt>
      <trkpt lat="-38.36507" lon="177.59779">
        <ele>481.7</ele>
      </trkpt>
      <trkpt lat="-38.36474" lon="177.59691">
        <ele>487.6</ele>
      </trkpt>
      <trkpt lat="-38.36458" lon="177.59674">
        <ele>489.5</ele>
      </trkpt>
      <trkpt lat="-38.36432" lon="177.59658">
        <ele>491.9</ele>
      </trkpt>
      <trkpt lat="-38.36399" lon="177.59595">
        <ele>500.0</ele>
      </trkpt>
      <trkpt lat="-38.36381" lon="177.5959">
        <ele>500.2</ele>
      </trkpt>
      <trkpt lat="-38.3637" lon="177.59592">
        <ele>499.6</ele>
      </trkpt>
      <trkpt lat="-38.36355" lon="177.59593">
        <ele>499.1</ele>
      </trkpt>
      <trkpt lat="-38.36337" lon="177.59542">
        <ele>503.6</ele>
      </trkpt>
      <trkpt lat="-38.36344" lon="177.59494">
        <ele>509.0</ele>
      </trkpt>
      <trkpt lat="-38.36335" lon="177.59459">
        <ele>515.9</ele>
      </trkpt>
      <trkpt lat="-38.36321" lon="177.59446">
        <ele>517.2</ele>
      </trkpt>
      <trkpt lat="-38.36298" lon="177.5942">
        <ele>518.5</ele>
      </trkpt>
      <trkpt lat="-38.36291" lon="177.59375">
        <ele>523.9</ele>
      </trkpt>
      <trkpt lat="-38.36272" lon="177.59347">
        <ele>524.3</ele>
      </trkpt>
      <trkpt lat="-38.36229" lon="177.59309">
        <ele>528.9</ele>
      </trkpt>
      <trkpt lat="-38.36205" lon="177.59306">
        <ele>529.8</ele>
      </trkpt>
      <trkpt lat="-38.36177" lon="177.59297">
        <ele>531.3</ele>
      </trkpt>
      <trkpt lat="-38.3613" lon="177.59298">
        <ele>530.2</ele>
      </trkpt>
      <trkpt lat="-38.36099" lon="177.59268">
        <ele>532.2</ele>
      </trkpt>
      <trkpt lat="-38.36095" lon="177.59226">
        <ele>538.7</ele>
      </trkpt>
      <trkpt lat="-38.3608" lon="177.59207">
        <ele>541.7</ele>
      </trkpt>
      <trkpt lat="-38.3607" lon="177.59201">
        <ele>542.4</ele>
      </trkpt>
      <trkpt lat="-38.36061" lon="177.5919">
        <ele>543.9</ele>
      </trkpt>
      <trkpt lat="-38.3604" lon="177.59129">
        <ele>551.9</ele>
      </trkpt>
      <trkpt lat="-38.35996" lon="177.59067">
        <ele>558.4</ele>
      </trkpt>
      <trkpt lat="-38.35981" lon="177.59055">
        <ele>561.5</ele>
      </trkpt>
      <trkpt lat="-38.35963" lon="177.5905">
        <ele>563.3</ele>
      </trkpt>
      <trkpt lat="-38.35949" lon="177.5904">
        <ele>565.4</ele>
      </trkpt>
      <trkpt lat="-38.35924" lon="177.59006">
        <ele>570.3</ele>
      </trkpt>
      <trkpt lat="-38.35906" lon="177.5899">
        <ele>573.1</ele>
      </trkpt>
      <trkpt lat="-38.35889" lon="177.58982">
        <ele>575.1</ele>
      </trkpt>
      <trkpt lat="-38.35869" lon="177.58973">
        <ele>577.3</ele>
      </trkpt>
      <trkpt lat="-38.35831" lon="177.58968">
        <ele>579.4</ele>
      </trkpt>
      <trkpt lat="-38.35806" lon="177.5896">
        <ele>582.4</ele>
      </trkpt>
      <trkpt lat="-38.35792" lon="177.58961">
        <ele>583.3</ele>
      </trkpt>
      <trkpt lat="-38.35771" lon="177.58971">
        <ele>583.3</ele>
      </trkpt>
      <trkpt lat="-38.35747" lon="177.58978">
        <ele>583.8</ele>
      </trkpt>
      <trkpt lat="-38.35723" lon="177.58976">
        <ele>585.0</ele>
      </trkpt>
      <trkpt lat="-38.35704" lon="177.58966">
        <ele>587.4</ele>
      </trkpt>
      <trkpt lat="-38.35699" lon="177.58958">
        <ele>588.9</ele>
      </trkpt>
      <trkpt lat="-38.35696" lon="177.58928">
        <ele>594.0</ele>
      </trkpt>
      <trkpt lat="-38.35691" lon="177.58925">
        <ele>594.7</ele>
      </trkpt>
      <trkpt lat="-38.35684" lon="177.58928">
        <ele>594.5</ele>
      </trkpt>
      <trkpt lat="-38.35668" lon="177.58941">
        <ele>592.9</ele>
      </trkpt>
      <trkpt lat="-38.35639" lon="177.58954">
        <ele>592.4</ele>
      </trkpt>
      <trkpt lat="-38.35622" lon="177.58978">
        <ele>589.4</ele>
      </trkpt>
      <trkpt lat="-38.3561" lon="177.58981">
        <ele>589.6</ele>
      </trkpt>
      <trkpt lat="-38.35598" lon="177.58976">
        <ele>591.2</ele>
      </trkpt>
      <trkpt lat="-38.35581" lon="177.58967">
        <ele>593.6</ele>
      </trkpt>
      <trkpt lat="-38.35564" lon="177.58964">
        <ele>594.7</ele>
      </trkpt>
      <trkpt lat="-38.35549" lon="177.58965">
        <ele>595.1</ele>
      </trkpt>
      <trkpt lat="-38.35533" lon="177.58971">
        <ele>594.8</ele>
      </trkpt>
      <trkpt lat="-38.35524" lon="177.58974">
        <ele>594.8</ele>
      </trkpt>
      <trkpt lat="-38.35516" lon="177.58973">
        <ele>595.3</ele>
      </trkpt>
      <trkpt lat="-38.35507" lon="177.58969">
        <ele>596.1</ele>
      </trkpt>
      <trkpt lat="-38.35481" lon="177.58943">
        <ele>597.1</ele>
      </trkpt>
      <trkpt lat="-38.35475" lon="177.58934">
        <ele>597.2</ele>
      </trkpt>
      <trkpt lat="-38.35473" lon="177.58924">
        <ele>597.6</ele>
      </trkpt>
      <trkpt lat="-38.35475" lon="177.58893">
        <ele>600.4</ele>
      </trkpt>
      <trkpt lat="-38.35474" lon="177.58878">
        <ele>601.6</ele>
      </trkpt>
      <trkpt lat="-38.3547" lon="177.58868">
        <ele>602.0</ele>
      </trkpt>
      <trkpt lat="-38.35465" lon="177.58861">
        <ele>602.1</ele>
      </trkpt>
      <trkpt lat="-38.35449" lon="177.5885">
        <ele>601.4</ele>
      </trkpt>
      <trkpt lat="-38.35434" lon="177.58838">
        <ele>601.1</ele>
      </trkpt>
      <trkpt lat="-38.35422" lon="177.58823">
        <ele>601.3</ele>
      </trkpt>
      <trkpt lat="-38.35414" lon="177.58809">
        <ele>601.3</ele>
      </trkpt>
      <trkpt lat="-38.35398" lon="177.58757">
        <ele>602.7</ele>
      </trkpt>
      <trkpt lat="-38.35389" lon="177.58744">
        <ele>602.2</ele>
      </trkpt>
      <trkpt lat="-38.35378" lon="177.58735">
        <ele>601.0</ele>
      </trkpt>
      <trkpt lat="-38.35365" lon="177.5873">
        <ele>599.3</ele>
      </trkpt>
      <trkpt lat="-38.35319" lon="177.58725">
        <ele>594.4</ele>
      </trkpt>
      <trkpt lat="-38.35302" lon="177.58722">
        <ele>593.7</ele>
      </trkpt>
      <trkpt lat="-38.35287" lon="177.58714">
        <ele>593.4</ele>
      </trkpt>
      <trkpt lat="-38.35277" lon="177.58715">
        <ele>592.9</ele>
      </trkpt>
      <trkpt lat="-38.35233" lon="177.58731">
        <ele>588.8</ele>
      </trkpt>
      <trkpt lat="-38.35216" lon="177.58732">
        <ele>587.1</ele>
      </trkpt>
      <trkpt lat="-38.35201" lon="177.58726">
        <ele>586.3</ele>
      </trkpt>
      <trkpt lat="-38.35155" lon="177.58705">
        <ele>584.0</ele>
      </trkpt>
      <trkpt lat="-38.35109" lon="177.58684">
        <ele>578.4</ele>
      </trkpt>
      <trkpt lat="-38.35094" lon="177.58682">
        <ele>575.8</ele>
      </trkpt>
      <trkpt lat="-38.35078" lon="177.58681">
        <ele>573.3</ele>
      </trkpt>
      <trkpt lat="-38.35066" lon="177.58676">
        <ele>572.3</ele>
      </trkpt>
      <trkpt lat="-38.35053" lon="177.58666">
        <ele>571.4</ele>
      </trkpt>
      <trkpt lat="-38.35044" lon="177.5865">
        <ele>572.1</ele>
      </trkpt>
      <trkpt lat="-38.35028" lon="177.58635">
        <ele>571.8</ele>
      </trkpt>
      <trkpt lat="-38.34965" lon="177.5859">
        <ele>567.1</ele>
      </trkpt>
      <trkpt lat="-38.34959" lon="177.5858">
        <ele>566.8</ele>
      </trkpt>
      <trkpt lat="-38.34962" lon="177.58517">
        <ele>571.8</ele>
      </trkpt>
      <trkpt lat="-38.3497" lon="177.58509">
        <ele>574.4</ele>
      </trkpt>
      <trkpt lat="-38.34972" lon="177.58491">
        <ele>575.8</ele>
      </trkpt>
      <trkpt lat="-38.34972" lon="177.58491">
        <ele>575.8</ele>
      </trkpt>
      <trkpt lat="-38.34962" lon="177.58488">
        <ele>573.3</ele>
      </trkpt>
      <trkpt lat="-38.34936" lon="177.58496">
        <ele>566.3</ele>
      </trkpt>
      <trkpt lat="-38.34911" lon="177.58486">
        <ele>560.9</ele>
      </trkpt>
      <trkpt lat="-38.34865" lon="177.58473">
        <ele>555.9</ele>
      </trkpt>
      <trkpt lat="-38.34854" lon="177.58424">
        <ele>559.1</ele>
      </trkpt>
      <trkpt lat="-38.34832" lon="177.58416">
        <ele>557.9</ele>
      </trkpt>
      <trkpt lat="-38.34803" lon="177.58417">
        <ele>554.0</ele>
      </trkpt>
      <trkpt lat="-38.34749" lon="177.58428">
        <ele>545.8</ele>
      </trkpt>
      <trkpt lat="-38.34712" lon="177.58434">
        <ele>537.6</ele>
      </trkpt>
      <trkpt lat="-38.34704" lon="177.58424">
        <ele>536.3</ele>
      </trkpt>
      <trkpt lat="-38.34702" lon="177.58406">
        <ele>535.9</ele>
      </trkpt>
      <trkpt lat="-38.34711" lon="177.5837">
        <ele>537.2</ele>
      </trkpt>
      <trkpt lat="-38.34704" lon="177.58328">
        <ele>535.7</ele>
      </trkpt>
      <trkpt lat="-38.34703" lon="177.58315">
        <ele>536.7</ele>
      </trkpt>
      <trkpt lat="-38.34703" lon="177.58315">
        <ele>536.7</ele>
      </trkpt>
      <trkpt lat="-38.347" lon="177.58307">
        <ele>537.1</ele>
      </trkpt>
      <trkpt lat="-38.3469" lon="177.58303">
        <ele>536.5</ele>
      </trkpt>
      <trkpt lat="-38.3468" lon="177.58306">
        <ele>535.0</ele>
      </trkpt>
      <trkpt lat="-38.34662" lon="177.58303">
        <ele>534.3</ele>
      </trkpt>
      <trkpt lat="-38.34647" lon="177.58306">
        <ele>534.6</ele>
      </trkpt>
      <trkpt lat="-38.34601" lon="177.58325">
        <ele>532.5</ele>
      </trkpt>
      <trkpt lat="-38.34564" lon="177.58329">
        <ele>531.1</ele>
      </trkpt>
      <trkpt lat="-38.34529" lon="177.58319">
        <ele>531.6</ele>
      </trkpt>
      <trkpt lat="-38.34454" lon="177.58339">
        <ele>523.9</ele>
      </trkpt>
      <trkpt lat="-38.34432" lon="177.5834">
        <ele>522.7</ele>
      </trkpt>
      <trkpt lat="-38.34418" lon="177.58338">
        <ele>522.4</ele>
      </trkpt>
      <trkpt lat="-38.34397" lon="177.58324">
        <ele>523.2</ele>
      </trkpt>
      <trkpt lat="-38.34384" lon="177.58288">
        <ele>527.8</ele>
      </trkpt>
      <trkpt lat="-38.34366" lon="177.58273">
        <ele>529.1</ele>
      </trkpt>
      <trkpt lat="-38.34351" lon="177.58258">
        <ele>530.6</ele>
      </trkpt>
      <trkpt lat="-38.3433" lon="177.5825">
        <ele>530.9</ele>
      </trkpt>
      <trkpt lat="-38.34312" lon="177.58253">
        <ele>529.8</ele>
      </trkpt>
      <trkpt lat="-38.34298" lon="177.58261">
        <ele>528.1</ele>
      </trkpt>
      <trkpt lat="-38.34287" lon="177.5826">
        <ele>527.9</ele>
      </trkpt>
      <trkpt lat="-38.34261" lon="177.58195">
        <ele>539.2</ele>
      </trkpt>
      <trkpt lat="-38.34234" lon="177.58177">
        <ele>541.3</ele>
      </trkpt>
      <trkpt lat="-38.34207" lon="177.5816">
        <ele>543.1</ele>
      </trkpt>
      <trkpt lat="-38.34154" lon="177.58158">
        <ele>542.4</ele>
      </trkpt>
      <trkpt lat="-38.341" lon="177.58155">
        <ele>547.6</ele>
      </trkpt>
      <trkpt lat="-38.34079" lon="177.58128">
        <ele>556.5</ele>
      </trkpt>
      <trkpt lat="-38.34061" lon="177.58132">
        <ele>556.5</ele>
      </trkpt>
      <trkpt lat="-38.3405" lon="177.58135">
        <ele>556.4</ele>
      </trkpt>
      <trkpt lat="-38.34029" lon="177.58137">
        <ele>557.1</ele>
      </trkpt>
      <trkpt lat="-38.34006" lon="177.58143">
        <ele>556.9</ele>
      </trkpt>
      <trkpt lat="-38.33998" lon="177.58147">
        <ele>556.0</ele>
      </trkpt>
      <trkpt lat="-38.33979" lon="177.58144">
        <ele>555.6</ele>
      </trkpt>
      <trkpt lat="-38.3397" lon="177.58137">
        <ele>556.9</ele>
      </trkpt>
      <trkpt lat="-38.33956" lon="177.58118">
        <ele>561.7</ele>
      </trkpt>
      <trkpt lat="-38.33929" lon="177.58073">
        <ele>573.0</ele>
      </trkpt>
      <trkpt lat="-38.33919" lon="177.58077">
        <ele>572.1</ele>
      </trkpt>
      <trkpt lat="-38.33909" lon="177.58097">
        <ele>565.4</ele>
      </trkpt>
      <trkpt lat="-38.33904" lon="177.5811">
        <ele>560.5</ele>
      </trkpt>
      <trkpt lat="-38.33873" lon="177.58097">
        <ele>559.7</ele>
      </trkpt>
      <trkpt lat="-38.3386" lon="177.5809">
        <ele>559.6</ele>
      </trkpt>
      <trkpt lat="-38.3385" lon="177.58071">
        <ele>561.0</ele>
      </trkpt>
      <trkpt lat="-38.33847" lon="177.5805">
        <ele>562.5</ele>
      </trkpt>
      <trkpt lat="-38.33857" lon="177.58025">
        <ele>567.1</ele>
      </trkpt>
      <trkpt lat="-38.33861" lon="177.57985">
        <ele>574.0</ele>
      </trkpt>
      <trkpt lat="-38.33857" lon="177.57975">
        <ele>575.3</ele>
      </trkpt>
      <trkpt lat="-38.33847" lon="177.5797">
        <ele>574.2</ele>
      </trkpt>
      <trkpt lat="-38.33826" lon="177.57944">
        <ele>576.4</ele>
      </trkpt>
      <trkpt lat="-38.33757" lon="177.57905">
        <ele>576.0</ele>
      </trkpt>
      <trkpt lat="-38.33748" lon="177.57884">
        <ele>580.1</ele>
      </trkpt>
      <trkpt lat="-38.33739" lon="177.57865">
        <ele>584.5</ele>
      </trkpt>
      <trkpt lat="-38.3371" lon="177.57859">
        <ele>584.8</ele>
      </trkpt>
      <trkpt lat="-38.33702" lon="177.57849">
        <ele>586.9</ele>
      </trkpt>
      <trkpt lat="-38.33683" lon="177.57839">
        <ele>588.4</ele>
      </trkpt>
      <trkpt lat="-38.33675" lon="177.57843">
        <ele>587.1</ele>
      </trkpt>
      <trkpt lat="-38.33654" lon="177.5787">
        <ele>580.6</ele>
      </trkpt>
      <trkpt lat="-38.33647" lon="177.57872">
        <ele>580.4</ele>
      </trkpt>
      <trkpt lat="-38.33632" lon="177.57867">
        <ele>581.9</ele>
      </trkpt>
      <trkpt lat="-38.33615" lon="177.57855">
        <ele>584.8</ele>
      </trkpt>
      <trkpt lat="-38.33585" lon="177.57859">
        <ele>584.6</ele>
      </trkpt>
      <trkpt lat="-38.33566" lon="177.57847">
        <ele>586.3</ele>
      </trkpt>
      <trkpt lat="-38.33523" lon="177.57841">
        <ele>585.7</ele>
      </trkpt>
      <trkpt lat="-38.33516" lon="177.57838">
        <ele>585.6</ele>
      </trkpt>
      <trkpt lat="-38.33505" lon="177.57825">
        <ele>586.2</ele>
      </trkpt>
      <trkpt lat="-38.33491" lon="177.57801">
        <ele>588.2</ele>
      </trkpt>
      <trkpt lat="-38.33425" lon="177.57758">
        <ele>588.2</ele>
      </trkpt>
      <trkpt lat="-38.33409" lon="177.57746">
        <ele>587.7</ele>
      </trkpt>
      <trkpt lat="-38.33393" lon="177.57715">
        <ele>590.1</ele>
      </trkpt>
      <trkpt lat="-38.33366" lon="177.57697">
        <ele>592.1</ele>
      </trkpt>
      <trkpt lat="-38.33338" lon="177.57689">
        <ele>593.4</ele>
      </trkpt>
      <trkpt lat="-38.33283" lon="177.57696">
        <ele>589.0</ele>
      </trkpt>
      <trkpt lat="-38.33276" lon="177.57696">
        <ele>588.6</ele>
      </trkpt>
      <trkpt lat="-38.33264" lon="177.5769">
        <ele>588.9</ele>
      </trkpt>
      <trkpt lat="-38.3325" lon="177.57665">
        <ele>592.1</ele>
      </trkpt>
      <trkpt lat="-38.33236" lon="177.57625">
        <ele>593.2</ele>
      </trkpt>
      <trkpt lat="-38.33188" lon="177.57581">
        <ele>592.1</ele>
      </trkpt>
      <trkpt lat="-38.33172" lon="177.5756">
        <ele>591.4</ele>
      </trkpt>
      <trkpt lat="-38.33155" lon="177.5754">
        <ele>590.9</ele>
      </trkpt>
      <trkpt lat="-38.33141" lon="177.5753">
        <ele>591.0</ele>
      </trkpt>
      <trkpt lat="-38.33125" lon="177.57524">
        <ele>591.1</ele>
      </trkpt>
      <trkpt lat="-38.3311" lon="177.57521">
        <ele>591.2</ele>
      </trkpt>
      <trkpt lat="-38.33091" lon="177.57521">
        <ele>591.2</ele>
      </trkpt>
      <trkpt lat="-38.33063" lon="177.57524">
        <ele>588.5</ele>
      </trkpt>
      <trkpt lat="-38.33042" lon="177.57526">
        <ele>585.7</ele>
      </trkpt>
      <trkpt lat="-38.33031" lon="177.5752">
        <ele>584.7</ele>
      </trkpt>
      <trkpt lat="-38.3302" lon="177.57511">
        <ele>584.2</ele>
      </trkpt>
      <trkpt lat="-38.32998" lon="177.57483">
        <ele>585.7</ele>
      </trkpt>
      <trkpt lat="-38.32963" lon="177.57454">
        <ele>587.4</ele>
      </trkpt>
      <trkpt lat="-38.32939" lon="177.57427">
        <ele>587.9</ele>
      </trkpt>
      <trkpt lat="-38.32924" lon="177.57411">
        <ele>587.6</ele>
      </trkpt>
      <trkpt lat="-38.32911" lon="177.57403">
        <ele>586.7</ele>
      </trkpt>
      <trkpt lat="-38.32881" lon="177.57394">
        <ele>583.3</ele>
      </trkpt>
      <trkpt lat="-38.32859" lon="177.57377">
        <ele>581.4</ele>
      </trkpt>
      <trkpt lat="-38.32843" lon="177.5737">
        <ele>579.3</ele>
      </trkpt>
      <trkpt lat="-38.32825" lon="177.57365">
        <ele>577.2</ele>
      </trkpt>
      <trkpt lat="-38.3281" lon="177.57355">
        <ele>576.1</ele>
      </trkpt>
      <trkpt lat="-38.32785" lon="177.57326">
        <ele>575.2</ele>
      </trkpt>
      <trkpt lat="-38.32771" lon="177.57314">
        <ele>575.0</ele>
      </trkpt>
      <trkpt lat="-38.32713" lon="177.57275">
        <ele>570.1</ele>
      </trkpt>
      <trkpt lat="-38.32655" lon="177.57236">
        <ele>562.7</ele>
      </trkpt>
      <trkpt lat="-38.3261" lon="177.572">
        <ele>560.2</ele>
      </trkpt>
      <trkpt lat="-38.32577" lon="177.57166">
        <ele>558.6</ele>
      </trkpt>
      <trkpt lat="-38.32565" lon="177.57157">
        <ele>558.2</ele>
      </trkpt>
      <trkpt lat="-38.32552" lon="177.57152">
        <ele>557.6</ele>
      </trkpt>
      <trkpt lat="-38.32533" lon="177.57152">
        <ele>556.5</ele>
      </trkpt>
      <trkpt lat="-38.32494" lon="177.57157">
        <ele>554.1</ele>
      </trkpt>
      <trkpt lat="-38.32451" lon="177.57157">
        <ele>552.5</ele>
      </trkpt>
      <trkpt lat="-38.32441" lon="177.57158">
        <ele>552.1</ele>
      </trkpt>
      <trkpt lat="-38.32423" lon="177.57154">
        <ele>551.5</ele>
      </trkpt>
      <trkpt lat="-38.32402" lon="177.57145">
        <ele>551.9</ele>
      </trkpt>
      <trkpt lat="-38.32375" lon="177.57124">
        <ele>552.5</ele>
      </trkpt>
      <trkpt lat="-38.323" lon="177.57082">
        <ele>551.8</ele>
      </trkpt>
      <trkpt lat="-38.32236" lon="177.57051">
        <ele>551.7</ele>
      </trkpt>
      <trkpt lat="-38.32171" lon="177.57019">
        <ele>552.3</ele>
      </trkpt>
      <trkpt lat="-38.321" lon="177.56978">
        <ele>551.9</ele>
      </trkpt>
      <trkpt lat="-38.3203" lon="177.56936">
        <ele>551.7</ele>
      </trkpt>
      <trkpt lat="-38.32017" lon="177.56933">
        <ele>551.9</ele>
      </trkpt>
      <trkpt lat="-38.31999" lon="177.56932">
        <ele>552.1</ele>
      </trkpt>
      <trkpt lat="-38.31986" lon="177.56936">
        <ele>551.7</ele>
      </trkpt>
      <trkpt lat="-38.3197" lon="177.56944">
        <ele>551.2</ele>
      </trkpt>
      <trkpt lat="-38.31953" lon="177.56953">
        <ele>550.9</ele>
      </trkpt>
      <trkpt lat="-38.31938" lon="177.56956">
        <ele>550.5</ele>
      </trkpt>
      <trkpt lat="-38.31923" lon="177.56955">
        <ele>550.0</ele>
      </trkpt>
      <trkpt lat="-38.31911" lon="177.5695">
        <ele>549.5</ele>
      </trkpt>
      <trkpt lat="-38.31877" lon="177.56921">
        <ele>548.9</ele>
      </trkpt>
      <trkpt lat="-38.31866" lon="177.56914">
        <ele>548.7</ele>
      </trkpt>
      <trkpt lat="-38.31856" lon="177.56909">
        <ele>548.6</ele>
      </trkpt>
      <trkpt lat="-38.31847" lon="177.56908">
        <ele>548.5</ele>
      </trkpt>
      <trkpt lat="-38.31835" lon="177.56909">
        <ele>548.5</ele>
      </trkpt>
      <trkpt lat="-38.31809" lon="177.56916">
        <ele>549.2</ele>
      </trkpt>
      <trkpt lat="-38.3179" lon="177.56924">
        <ele>550.0</ele>
      </trkpt>
      <trkpt lat="-38.31774" lon="177.56934">
        <ele>550.5</ele>
      </trkpt>
      <trkpt lat="-38.3175" lon="177.56959">
        <ele>550.5</ele>
      </trkpt>
      <trkpt lat="-38.31738" lon="177.5697">
        <ele>550.5</ele>
      </trkpt>
      <trkpt lat="-38.31725" lon="177.56977">
        <ele>550.7</ele>
      </trkpt>
      <trkpt lat="-38.31714" lon="177.56978">
        <ele>551.1</ele>
      </trkpt>
      <trkpt lat="-38.31703" lon="177.56974">
        <ele>551.6</ele>
      </trkpt>
      <trkpt lat="-38.31693" lon="177.56968">
        <ele>552.2</ele>
      </trkpt>
      <trkpt lat="-38.31648" lon="177.56929">
        <ele>555.7</ele>
      </trkpt>
      <trkpt lat="-38.31636" lon="177.5692">
        <ele>556.7</ele>
      </trkpt>
      <trkpt lat="-38.31624" lon="177.56916">
        <ele>557.5</ele>
      </trkpt>
      <trkpt lat="-38.31611" lon="177.56916">
        <ele>558.3</ele>
      </trkpt>
      <trkpt lat="-38.31578" lon="177.56922">
        <ele>560.0</ele>
      </trkpt>
      <trkpt lat="-38.31551" lon="177.56923">
        <ele>560.7</ele>
      </trkpt>
      <trkpt lat="-38.31532" lon="177.56927">
        <ele>561.1</ele>
      </trkpt>
      <trkpt lat="-38.31515" lon="177.56934">
        <ele>561.6</ele>
      </trkpt>
      <trkpt lat="-38.31502" lon="177.56943">
        <ele>561.9</ele>
      </trkpt>
      <trkpt lat="-38.31488" lon="177.56957">
        <ele>561.9</ele>
      </trkpt>
      <trkpt lat="-38.31477" lon="177.56973">
        <ele>562.0</ele>
      </trkpt>
      <trkpt lat="-38.31464" lon="177.56979">
        <ele>562.1</ele>
      </trkpt>
      <trkpt lat="-38.31451" lon="177.56973">
        <ele>562.0</ele>
      </trkpt>
      <trkpt lat="-38.3144" lon="177.56964">
        <ele>561.8</ele>
      </trkpt>
      <trkpt lat="-38.31373" lon="177.56891">
        <ele>559.8</ele>
      </trkpt>
      <trkpt lat="-38.31307" lon="177.56819">
        <ele>559.0</ele>
      </trkpt>
      <trkpt lat="-38.3124" lon="177.56746">
        <ele>553.3</ele>
      </trkpt>
      <trkpt lat="-38.31179" lon="177.56694">
        <ele>550.1</ele>
      </trkpt>
      <trkpt lat="-38.31164" lon="177.5667">
        <ele>550.0</ele>
      </trkpt>
      <trkpt lat="-38.31164" lon="177.56569">
        <ele>546.9</ele>
      </trkpt>
      <trkpt lat="-38.3115" lon="177.56507">
        <ele>542.5</ele>
      </trkpt>
      <trkpt lat="-38.3114" lon="177.56488">
        <ele>541.9</ele>
      </trkpt>
      <trkpt lat="-38.31131" lon="177.56477">
        <ele>541.7</ele>
      </trkpt>
      <trkpt lat="-38.31109" lon="177.56461">
        <ele>541.5</ele>
      </trkpt>
      <trkpt lat="-38.31064" lon="177.56435">
        <ele>540.5</ele>
      </trkpt>
      <trkpt lat="-38.31035" lon="177.56424">
        <ele>539.0</ele>
      </trkpt>
      <trkpt lat="-38.31004" lon="177.56425">
        <ele>537.7</ele>
      </trkpt>
      <trkpt lat="-38.30966" lon="177.56415">
        <ele>539.3</ele>
      </trkpt>
      <trkpt lat="-38.30942" lon="177.56387">
        <ele>538.8</ele>
      </trkpt>
      <trkpt lat="-38.30913" lon="177.56325">
        <ele>535.6</ele>
      </trkpt>
      <trkpt lat="-38.3088" lon="177.56278">
        <ele>534.2</ele>
      </trkpt>
      <trkpt lat="-38.30869" lon="177.56269">
        <ele>534.2</ele>
      </trkpt>
      <trkpt lat="-38.30862" lon="177.56267">
        <ele>534.5</ele>
      </trkpt>
      <trkpt lat="-38.30838" lon="177.56262">
        <ele>535.6</ele>
      </trkpt>
      <trkpt lat="-38.30802" lon="177.5626">
        <ele>535.9</ele>
      </trkpt>
      <trkpt lat="-38.30778" lon="177.56256">
        <ele>535.6</ele>
      </trkpt>
      <trkpt lat="-38.30719" lon="177.56261">
        <ele>537.0</ele>
      </trkpt>
      <trkpt lat="-38.30692" lon="177.56258">
        <ele>537.3</ele>
      </trkpt>
      <trkpt lat="-38.30678" lon="177.56253">
        <ele>537.1</ele>
      </trkpt>
      <trkpt lat="-38.3067" lon="177.56244">
        <ele>536.5</ele>
      </trkpt>
      <trkpt lat="-38.30652" lon="177.56207">
        <ele>534.5</ele>
      </trkpt>
      <trkpt lat="-38.30638" lon="177.56183">
        <ele>532.6</ele>
      </trkpt>
      <trkpt lat="-38.3062" lon="177.56164">
        <ele>530.7</ele>
      </trkpt>
      <trkpt lat="-38.306" lon="177.56151">
        <ele>529.3</ele>
      </trkpt>
      <trkpt lat="-38.30564" lon="177.56135">
        <ele>529.3</ele>
      </trkpt>
      <trkpt lat="-38.30549" lon="177.56141">
        <ele>531.2</ele>
      </trkpt>
      <trkpt lat="-38.30536" lon="177.56153">
        <ele>533.6</ele>
      </trkpt>
      <trkpt lat="-38.30525" lon="177.56167">
        <ele>535.9</ele>
      </trkpt>
      <trkpt lat="-38.30516" lon="177.56174">
        <ele>537.5</ele>
      </trkpt>
      <trkpt lat="-38.30502" lon="177.56182">
        <ele>539.5</ele>
      </trkpt>
      <trkpt lat="-38.30495" lon="177.56181">
        <ele>539.7</ele>
      </trkpt>
      <trkpt lat="-38.30457" lon="177.56162">
        <ele>538.6</ele>
      </trkpt>
      <trkpt lat="-38.30445" lon="177.56155">
        <ele>538.4</ele>
      </trkpt>
      <trkpt lat="-38.3042" lon="177.56153">
        <ele>538.9</ele>
      </trkpt>
      <trkpt lat="-38.30388" lon="177.5614">
        <ele>538.0</ele>
      </trkpt>
      <trkpt lat="-38.30355" lon="177.56129">
        <ele>537.0</ele>
      </trkpt>
      <trkpt lat="-38.30344" lon="177.56122">
        <ele>536.3</ele>
      </trkpt>
      <trkpt lat="-38.30332" lon="177.5612">
        <ele>536.1</ele>
      </trkpt>
      <trkpt lat="-38.30325" lon="177.56121">
        <ele>536.2</ele>
      </trkpt>
      <trkpt lat="-38.30305" lon="177.5613">
        <ele>536.9</ele>
      </trkpt>
      <trkpt lat="-38.30285" lon="177.56136">
        <ele>537.3</ele>
      </trkpt>
      <trkpt lat="-38.30269" lon="177.56137">
        <ele>537.3</ele>
      </trkpt>
      <trkpt lat="-38.30259" lon="177.56134">
        <ele>537.1</ele>
      </trkpt>
      <trkpt lat="-38.30242" lon="177.56114">
        <ele>535.9</ele>
      </trkpt>
      <trkpt lat="-38.30236" lon="177.56079">
        <ele>534.1</ele>
      </trkpt>
      <trkpt lat="-38.30227" lon="177.56049">
        <ele>532.5</ele>
      </trkpt>
      <trkpt lat="-38.30197" lon="177.5601">
        <ele>530.9</ele>
      </trkpt>
      <trkpt lat="-38.30165" lon="177.55963">
        <ele>528.4</ele>
      </trkpt>
      <trkpt lat="-38.30133" lon="177.55916">
        <ele>526.9</ele>
      </trkpt>
      <trkpt lat="-38.30097" lon="177.55837">
        <ele>520.6</ele>
      </trkpt>
      <trkpt lat="-38.30049" lon="177.5577">
        <ele>513.8</ele>
      </trkpt>
      <trkpt lat="-38.30033" lon="177.55751">
        <ele>511.2</ele>
      </trkpt>
      <trkpt lat="-38.29982" lon="177.5572">
        <ele>512.1</ele>
      </trkpt>
      <trkpt lat="-38.29951" lon="177.5571">
        <ele>514.0</ele>
      </trkpt>
      <trkpt lat="-38.29934" lon="177.55701">
        <ele>514.1</ele>
      </trkpt>
      <trkpt lat="-38.29922" lon="177.5569">
        <ele>513.1</ele>
      </trkpt>
      <trkpt lat="-38.29912" lon="177.55674">
        <ele>510.8</ele>
      </trkpt>
      <trkpt lat="-38.29879" lon="177.55611">
        <ele>507.6</ele>
      </trkpt>
      <trkpt lat="-38.29847" lon="177.55547">
        <ele>505.1</ele>
      </trkpt>
      <trkpt lat="-38.29818" lon="177.55506">
        <ele>503.2</ele>
      </trkpt>
      <trkpt lat="-38.29772" lon="177.55481">
        <ele>504.3</ele>
      </trkpt>
      <trkpt lat="-38.29747" lon="177.55464">
        <ele>504.6</ele>
      </trkpt>
      <trkpt lat="-38.2973" lon="177.55442">
        <ele>505.9</ele>
      </trkpt>
      <trkpt lat="-38.2972" lon="177.55412">
        <ele>506.7</ele>
      </trkpt>
      <trkpt lat="-38.2972" lon="177.55382">
        <ele>506.9</ele>
      </trkpt>
      <trkpt lat="-38.29737" lon="177.55332">
        <ele>505.4</ele>
      </trkpt>
      <trkpt lat="-38.29733" lon="177.55308">
        <ele>504.7</ele>
      </trkpt>
      <trkpt lat="-38.2973" lon="177.55298">
        <ele>504.4</ele>
      </trkpt>
      <trkpt lat="-38.29705" lon="177.55266">
        <ele>503.3</ele>
      </trkpt>
      <trkpt lat="-38.29697" lon="177.55257">
        <ele>502.6</ele>
      </trkpt>
      <trkpt lat="-38.2966" lon="177.55232">
        <ele>501.7</ele>
      </trkpt>
      <trkpt lat="-38.29628" lon="177.55221">
        <ele>502.1</ele>
      </trkpt>
      <trkpt lat="-38.29613" lon="177.55224">
        <ele>502.5</ele>
      </trkpt>
      <trkpt lat="-38.29597" lon="177.5523">
        <ele>503.2</ele>
      </trkpt>
      <trkpt lat="-38.29585" lon="177.55231">
        <ele>503.6</ele>
      </trkpt>
      <trkpt lat="-38.29568" lon="177.55226">
        <ele>504.2</ele>
      </trkpt>
      <trkpt lat="-38.29542" lon="177.55209">
        <ele>504.8</ele>
      </trkpt>
      <trkpt lat="-38.29515" lon="177.55167">
        <ele>503.9</ele>
      </trkpt>
      <trkpt lat="-38.29505" lon="177.55149">
        <ele>504.1</ele>
      </trkpt>
      <trkpt lat="-38.29467" lon="177.55049">
        <ele>505.1</ele>
      </trkpt>
      <trkpt lat="-38.29458" lon="177.55031">
        <ele>504.7</ele>
      </trkpt>
      <trkpt lat="-38.29409" lon="177.54979">
        <ele>500.7</ele>
      </trkpt>
      <trkpt lat="-38.29346" lon="177.54911">
        <ele>501.2</ele>
      </trkpt>
      <trkpt lat="-38.29284" lon="177.54844">
        <ele>501.0</ele>
      </trkpt>
      <trkpt lat="-38.29222" lon="177.54777">
        <ele>501.0</ele>
      </trkpt>
      <trkpt lat="-38.29182" lon="177.54737">
        <ele>501.2</ele>
      </trkpt>
      <trkpt lat="-38.29143" lon="177.54698">
        <ele>500.8</ele>
      </trkpt>
      <trkpt lat="-38.2911" lon="177.54659">
        <ele>499.9</ele>
      </trkpt>
      <trkpt lat="-38.2909" lon="177.5462">
        <ele>497.9</ele>
      </trkpt>
      <trkpt lat="-38.29083" lon="177.54603">
        <ele>496.7</ele>
      </trkpt>
      <trkpt lat="-38.29072" lon="177.54582">
        <ele>496.0</ele>
      </trkpt>
      <trkpt lat="-38.29059" lon="177.54564">
        <ele>496.3</ele>
      </trkpt>
      <trkpt lat="-38.29041" lon="177.54542">
        <ele>496.1</ele>
      </trkpt>
      <trkpt lat="-38.29022" lon="177.54528">
        <ele>495.7</ele>
      </trkpt>
      <trkpt lat="-38.28999" lon="177.5452">
        <ele>495.5</ele>
      </trkpt>
      <trkpt lat="-38.28972" lon="177.5452">
        <ele>497.4</ele>
      </trkpt>
      <trkpt lat="-38.28963" lon="177.54522">
        <ele>498.3</ele>
      </trkpt>
      <trkpt lat="-38.2895" lon="177.5452">
        <ele>499.0</ele>
      </trkpt>
      <trkpt lat="-38.28922" lon="177.54508">
        <ele>499.0</ele>
      </trkpt>
      <trkpt lat="-38.28895" lon="177.54479">
        <ele>499.4</ele>
      </trkpt>
      <trkpt lat="-38.28866" lon="177.54436">
        <ele>498.2</ele>
      </trkpt>
      <trkpt lat="-38.28834" lon="177.54415">
        <ele>497.8</ele>
      </trkpt>
      <trkpt lat="-38.28827" lon="177.5441">
        <ele>497.5</ele>
      </trkpt>
      <trkpt lat="-38.2881" lon="177.54409">
        <ele>497.4</ele>
      </trkpt>
      <trkpt lat="-38.28774" lon="177.54413">
        <ele>497.8</ele>
      </trkpt>
      <trkpt lat="-38.28755" lon="177.54411">
        <ele>497.7</ele>
      </trkpt>
      <trkpt lat="-38.28735" lon="177.544">
        <ele>497.5</ele>
      </trkpt>
      <trkpt lat="-38.28714" lon="177.54386">
        <ele>497.1</ele>
      </trkpt>
      <trkpt lat="-38.28694" lon="177.54364">
        <ele>496.0</ele>
      </trkpt>
      <trkpt lat="-38.28673" lon="177.54351">
        <ele>495.4</ele>
      </trkpt>
      <trkpt lat="-38.28661" lon="177.54348">
        <ele>495.2</ele>
      </trkpt>
      <trkpt lat="-38.28637" lon="177.54338">
        <ele>494.6</ele>
      </trkpt>
      <trkpt lat="-38.28618" lon="177.54321">
        <ele>494.4</ele>
      </trkpt>
      <trkpt lat="-38.28613" lon="177.54314">
        <ele>494.4</ele>
      </trkpt>
      <trkpt lat="-38.28596" lon="177.54303">
        <ele>494.5</ele>
      </trkpt>
      <trkpt lat="-38.28589" lon="177.54299">
        <ele>494.5</ele>
      </trkpt>
      <trkpt lat="-38.28568" lon="177.54294">
        <ele>495.5</ele>
      </trkpt>
      <trkpt lat="-38.28517" lon="177.54299">
        <ele>499.0</ele>
      </trkpt>
      <trkpt lat="-38.28489" lon="177.54298">
        <ele>500.3</ele>
      </trkpt>
      <trkpt lat="-38.28472" lon="177.54291">
        <ele>499.9</ele>
      </trkpt>
      <trkpt lat="-38.28446" lon="177.54268">
        <ele>497.2</ele>
      </trkpt>
      <trkpt lat="-38.28416" lon="177.54234">
        <ele>493.3</ele>
      </trkpt>
      <trkpt lat="-38.28401" lon="177.54225">
        <ele>493.9</ele>
      </trkpt>
      <trkpt lat="-38.28367" lon="177.54212">
        <ele>495.3</ele>
      </trkpt>
      <trkpt lat="-38.28351" lon="177.54201">
        <ele>495.3</ele>
      </trkpt>
      <trkpt lat="-38.28322" lon="177.54156">
        <ele>493.1</ele>
      </trkpt>
      <trkpt lat="-38.28263" lon="177.54078">
        <ele>492.6</ele>
      </trkpt>
      <trkpt lat="-38.28244" lon="177.54048">
        <ele>492.2</ele>
      </trkpt>
      <trkpt lat="-38.28233" lon="177.5406">
        <ele>492.7</ele>
      </trkpt>
      <trkpt lat="-38.28184" lon="177.5409">
        <ele>495.2</ele>
      </trkpt>
      <trkpt lat="-38.28156" lon="177.54117">
        <ele>498.5</ele>
      </trkpt>
      <trkpt lat="-38.2813" lon="177.54133">
        <ele>500.3</ele>
      </trkpt>
      <trkpt lat="-38.2812" lon="177.54135">
        <ele>500.5</ele>
      </trkpt>
      <trkpt lat="-38.28105" lon="177.54133">
        <ele>500.2</ele>
      </trkpt>
      <trkpt lat="-38.28051" lon="177.54111">
        <ele>501.6</ele>
      </trkpt>
      <trkpt lat="-38.28025" lon="177.54079">
        <ele>500.2</ele>
      </trkpt>
      <trkpt lat="-38.27989" lon="177.54039">
        <ele>498.8</ele>
      </trkpt>
      <trkpt lat="-38.27966" lon="177.54023">
        <ele>499.0</ele>
      </trkpt>
      <trkpt lat="-38.27904" lon="177.54002">
        <ele>500.6</ele>
      </trkpt>
      <trkpt lat="-38.2787" lon="177.53981">
        <ele>499.8</ele>
      </trkpt>
      <trkpt lat="-38.27852" lon="177.53969">
        <ele>498.9</ele>
      </trkpt>
      <trkpt lat="-38.27823" lon="177.53942">
        <ele>496.1</ele>
      </trkpt>
      <trkpt lat="-38.27798" lon="177.53924">
        <ele>494.8</ele>
      </trkpt>
      <trkpt lat="-38.27782" lon="177.53915">
        <ele>494.2</ele>
      </trkpt>
      <trkpt lat="-38.27695" lon="177.53905">
        <ele>498.1</ele>
      </trkpt>
      <trkpt lat="-38.27608" lon="177.53896">
        <ele>497.1</ele>
      </trkpt>
      <trkpt lat="-38.27573" lon="177.53896">
        <ele>496.5</ele>
      </trkpt>
      <trkpt lat="-38.27535" lon="177.53906">
        <ele>496.3</ele>
      </trkpt>
      <trkpt lat="-38.27469" lon="177.53925">
        <ele>495.3</ele>
      </trkpt>
      <trkpt lat="-38.27452" lon="177.53936">
        <ele>495.8</ele>
      </trkpt>
      <trkpt lat="-38.27434" lon="177.53948">
        <ele>495.6</ele>
      </trkpt>
      <trkpt lat="-38.2737" lon="177.54009">
        <ele>494.3</ele>
      </trkpt>
      <trkpt lat="-38.27306" lon="177.5407">
        <ele>491.9</ele>
      </trkpt>
      <trkpt lat="-38.27242" lon="177.54131">
        <ele>495.3</ele>
      </trkpt>
      <trkpt lat="-38.27224" lon="177.54138">
        <ele>495.3</ele>
      </trkpt>
      <trkpt lat="-38.27156" lon="177.5415">
        <ele>494.0</ele>
      </trkpt>
      <trkpt lat="-38.27088" lon="177.54161">
        <ele>491.9</ele>
      </trkpt>
      <trkpt lat="-38.2702" lon="177.54172">
        <ele>491.4</ele>
      </trkpt>
      <trkpt lat="-38.26939" lon="177.5422">
        <ele>492.9</ele>
      </trkpt>
      <trkpt lat="-38.26893" lon="177.54253">
        <ele>491.5</ele>
      </trkpt>
      <trkpt lat="-38.26847" lon="177.54285">
        <ele>492.8</ele>
      </trkpt>
      <trkpt lat="-38.268" lon="177.54327">
        <ele>493.2</ele>
      </trkpt>
      <trkpt lat="-38.26754" lon="177.54368">
        <ele>493.6</ele>
      </trkpt>
      <trkpt lat="-38.26737" lon="177.5438">
        <ele>493.7</ele>
      </trkpt>
      <trkpt lat="-38.2672" lon="177.5439">
        <ele>493.5</ele>
      </trkpt>
      <trkpt lat="-38.267" lon="177.54401">
        <ele>493.1</ele>
      </trkpt>
      <trkpt lat="-38.26681" lon="177.54411">
        <ele>492.6</ele>
      </trkpt>
      <trkpt lat="-38.26617" lon="177.54436">
        <ele>493.6</ele>
      </trkpt>
      <trkpt lat="-38.26595" lon="177.54447">
        <ele>493.8</ele>
      </trkpt>
      <trkpt lat="-38.26574" lon="177.54461">
        <ele>493.5</ele>
      </trkpt>
      <trkpt lat="-38.26531" lon="177.54495">
        <ele>492.0</ele>
      </trkpt>
      <trkpt lat="-38.26497" lon="177.54525">
        <ele>491.3</ele>
      </trkpt>
      <trkpt lat="-38.26483" lon="177.54543">
        <ele>491.7</ele>
      </trkpt>
      <trkpt lat="-38.26473" lon="177.54562">
        <ele>492.2</ele>
      </trkpt>
      <trkpt lat="-38.2646" lon="177.5459">
        <ele>492.8</ele>
      </trkpt>
      <trkpt lat="-38.26446" lon="177.54617">
        <ele>492.7</ele>
      </trkpt>
      <trkpt lat="-38.26431" lon="177.54638">
        <ele>492.6</ele>
      </trkpt>
      <trkpt lat="-38.26389" lon="177.54686">
        <ele>494.1</ele>
      </trkpt>
      <trkpt lat="-38.26346" lon="177.54733">
        <ele>493.2</ele>
      </trkpt>
      <trkpt lat="-38.26304" lon="177.54775">
        <ele>492.5</ele>
      </trkpt>
      <trkpt lat="-38.26284" lon="177.5479">
        <ele>493.1</ele>
      </trkpt>
      <trkpt lat="-38.26264" lon="177.54802">
        <ele>493.8</ele>
      </trkpt>
      <trkpt lat="-38.26219" lon="177.5482">
        <ele>493.7</ele>
      </trkpt>
      <trkpt lat="-38.26191" lon="177.54829">
        <ele>492.1</ele>
      </trkpt>
      <trkpt lat="-38.26162" lon="177.54833">
        <ele>490.1</ele>
      </trkpt>
      <trkpt lat="-38.26136" lon="177.54833">
        <ele>490.4</ele>
      </trkpt>
      <trkpt lat="-38.26096" lon="177.54836">
        <ele>491.3</ele>
      </trkpt>
      <trkpt lat="-38.26071" lon="177.54836">
        <ele>491.5</ele>
      </trkpt>
      <trkpt lat="-38.2605" lon="177.54829">
        <ele>491.0</ele>
      </trkpt>
      <trkpt lat="-38.26023" lon="177.54815">
        <ele>490.9</ele>
      </trkpt>
      <trkpt lat="-38.25997" lon="177.54805">
        <ele>490.6</ele>
      </trkpt>
      <trkpt lat="-38.2597" lon="177.548">
        <ele>489.8</ele>
      </trkpt>
      <trkpt lat="-38.25896" lon="177.54793">
        <ele>488.4</ele>
      </trkpt>
      <trkpt lat="-38.25821" lon="177.54787">
        <ele>487.6</ele>
      </trkpt>
      <trkpt lat="-38.25746" lon="177.5478">
        <ele>485.1</ele>
      </trkpt>
      <trkpt lat="-38.25672" lon="177.54774">
        <ele>486.6</ele>
      </trkpt>
      <trkpt lat="-38.25645" lon="177.54776">
        <ele>486.3</ele>
      </trkpt>
      <trkpt lat="-38.25624" lon="177.5478">
        <ele>486.0</ele>
      </trkpt>
      <trkpt lat="-38.2561" lon="177.54779">
        <ele>486.2</ele>
      </trkpt>
      <trkpt lat="-38.25607" lon="177.54765">
        <ele>486.5</ele>
      </trkpt>
      <trkpt lat="-38.25607" lon="177.54765">
        <ele>486.5</ele>
      </trkpt>
      <trkpt lat="-38.25607" lon="177.54765">
        <ele>486.5</ele>
      </trkpt>
      <trkpt lat="-38.25594" lon="177.54713">
        <ele>487.4</ele>
      </trkpt>
      <trkpt lat="-38.25589" lon="177.54699">
        <ele>487.6</ele>
      </trkpt>
      <trkpt lat="-38.25581" lon="177.54688">
        <ele>487.9</ele>
      </trkpt>
      <trkpt lat="-38.2557" lon="177.54679">
        <ele>488.0</ele>
      </trkpt>
      <trkpt lat="-38.2552" lon="177.54655">
        <ele>486.9</ele>
      </trkpt>
      <trkpt lat="-38.2547" lon="177.54631">
        <ele>485.7</ele>
      </trkpt>
      <trkpt lat="-38.25423" lon="177.54606">
        <ele>484.9</ele>
      </trkpt>
      <trkpt lat="-38.25351" lon="177.54565">
        <ele>488.2</ele>
      </trkpt>
      <trkpt lat="-38.25315" lon="177.54553">
        <ele>489.7</ele>
      </trkpt>
      <trkpt lat="-38.25281" lon="177.54551">
        <ele>488.7</ele>
      </trkpt>
      <trkpt lat="-38.25269" lon="177.54546">
        <ele>488.8</ele>
      </trkpt>
      <trkpt lat="-38.25252" lon="177.54534">
        <ele>489.2</ele>
      </trkpt>
      <trkpt lat="-38.25221" lon="177.54503">
        <ele>491.4</ele>
      </trkpt>
      <trkpt lat="-38.25208" lon="177.54494">
        <ele>491.7</ele>
      </trkpt>
      <trkpt lat="-38.25173" lon="177.54478">
        <ele>491.8</ele>
      </trkpt>
      <trkpt lat="-38.2516" lon="177.54467">
        <ele>492.1</ele>
      </trkpt>
      <trkpt lat="-38.25152" lon="177.54455">
        <ele>492.5</ele>
      </trkpt>
      <trkpt lat="-38.25145" lon="177.54435">
        <ele>493.2</ele>
      </trkpt>
      <trkpt lat="-38.25122" lon="177.5436">
        <ele>495.4</ele>
      </trkpt>
      <trkpt lat="-38.25099" lon="177.54284">
        <ele>497.2</ele>
      </trkpt>
      <trkpt lat="-38.25075" lon="177.54209">
        <ele>499.3</ele>
      </trkpt>
      <trkpt lat="-38.25066" lon="177.54169">
        <ele>500.6</ele>
      </trkpt>
      <trkpt lat="-38.25053" lon="177.54138">
        <ele>501.2</ele>
      </trkpt>
      <trkpt lat="-38.25026" lon="177.54111">
        <ele>502.5</ele>
      </trkpt>
      <trkpt lat="-38.24974" lon="177.54077">
        <ele>504.4</ele>
      </trkpt>
      <trkpt lat="-38.24923" lon="177.54043">
        <ele>502.8</ele>
      </trkpt>
      <trkpt lat="-38.2487" lon="177.54009">
        <ele>501.8</ele>
      </trkpt>
      <trkpt lat="-38.24817" lon="177.53975">
        <ele>502.6</ele>
      </trkpt>
      <trkpt lat="-38.24799" lon="177.53958">
        <ele>503.2</ele>
      </trkpt>
      <trkpt lat="-38.24787" lon="177.53938">
        <ele>504.2</ele>
      </trkpt>
      <trkpt lat="-38.2474" lon="177.53845">
        <ele>509.6</ele>
      </trkpt>
      <trkpt lat="-38.24683" lon="177.53795">
        <ele>513.1</ele>
      </trkpt>
      <trkpt lat="-38.24626" lon="177.53746">
        <ele>517.5</ele>
      </trkpt>
      <trkpt lat="-38.24594" lon="177.53718">
        <ele>520.1</ele>
      </trkpt>
      <trkpt lat="-38.2455" lon="177.53697">
        <ele>522.1</ele>
      </trkpt>
      <trkpt lat="-38.24487" lon="177.5367">
        <ele>526.2</ele>
      </trkpt>
      <trkpt lat="-38.24448" lon="177.53661">
        <ele>528.1</ele>
      </trkpt>
      <trkpt lat="-38.24437" lon="177.53657">
        <ele>528.9</ele>
      </trkpt>
      <trkpt lat="-38.24426" lon="177.53641">
        <ele>530.7</ele>
      </trkpt>
      <trkpt lat="-38.24418" lon="177.53625">
        <ele>532.9</ele>
      </trkpt>
      <trkpt lat="-38.24407" lon="177.53611">
        <ele>535.0</ele>
      </trkpt>
      <trkpt lat="-38.24399" lon="177.53608">
        <ele>536.0</ele>
      </trkpt>
      <trkpt lat="-38.24388" lon="177.53611">
        <ele>536.4</ele>
      </trkpt>
      <trkpt lat="-38.24378" lon="177.53612">
        <ele>537.0</ele>
      </trkpt>
      <trkpt lat="-38.24354" lon="177.53603">
        <ele>540.5</ele>
      </trkpt>
      <trkpt lat="-38.24337" lon="177.53594">
        <ele>544.1</ele>
      </trkpt>
      <trkpt lat="-38.24298" lon="177.53561">
        <ele>546.9</ele>
      </trkpt>
      <trkpt lat="-38.24292" lon="177.53539">
        <ele>549.3</ele>
      </trkpt>
      <trkpt lat="-38.24281" lon="177.53525">
        <ele>551.3</ele>
      </trkpt>
      <trkpt lat="-38.24267" lon="177.53522">
        <ele>552.2</ele>
      </trkpt>
      <trkpt lat="-38.24255" lon="177.53524">
        <ele>552.2</ele>
      </trkpt>
      <trkpt lat="-38.24247" lon="177.53519">
        <ele>553.4</ele>
      </trkpt>
      <trkpt lat="-38.24242" lon="177.5351">
        <ele>555.1</ele>
      </trkpt>
      <trkpt lat="-38.24233" lon="177.53477">
        <ele>560.8</ele>
      </trkpt>
      <trkpt lat="-38.24223" lon="177.53463">
        <ele>563.6</ele>
      </trkpt>
      <trkpt lat="-38.24213" lon="177.53459">
        <ele>564.7</ele>
      </trkpt>
      <trkpt lat="-38.24183" lon="177.53466">
        <ele>564.1</ele>
      </trkpt>
      <trkpt lat="-38.24174" lon="177.53479">
        <ele>561.2</ele>
      </trkpt>
      <trkpt lat="-38.24164" lon="177.53488">
        <ele>559.1</ele>
      </trkpt>
      <trkpt lat="-38.24156" lon="177.5349">
        <ele>559.0</ele>
      </trkpt>
      <trkpt lat="-38.24146" lon="177.53483">
        <ele>561.0</ele>
      </trkpt>
      <trkpt lat="-38.24138" lon="177.53468">
        <ele>564.8</ele>
      </trkpt>
      <trkpt lat="-38.24127" lon="177.53461">
        <ele>566.6</ele>
      </trkpt>
      <trkpt lat="-38.24105" lon="177.53464">
        <ele>566.4</ele>
      </trkpt>
      <trkpt lat="-38.24096" lon="177.53464">
        <ele>566.6</ele>
      </trkpt>
      <trkpt lat="-38.24091" lon="177.53461">
        <ele>567.3</ele>
      </trkpt>
      <trkpt lat="-38.24087" lon="177.53449">
        <ele>569.7</ele>
      </trkpt>
      <trkpt lat="-38.24082" lon="177.53427">
        <ele>574.1</ele>
      </trkpt>
      <trkpt lat="-38.24083" lon="177.53414">
        <ele>576.7</ele>
      </trkpt>
      <trkpt lat="-38.2408" lon="177.534">
        <ele>580.4</ele>
      </trkpt>
      <trkpt lat="-38.24072" lon="177.53396">
        <ele>581.4</ele>
      </trkpt>
      <trkpt lat="-38.24058" lon="177.53403">
        <ele>579.6</ele>
      </trkpt>
      <trkpt lat="-38.24047" lon="177.53399">
        <ele>580.5</ele>
      </trkpt>
      <trkpt lat="-38.24039" lon="177.53388">
        <ele>583.0</ele>
      </trkpt>
      <trkpt lat="-38.24032" lon="177.53367">
        <ele>587.5</ele>
      </trkpt>
      <trkpt lat="-38.24025" lon="177.53351">
        <ele>590.7</ele>
      </trkpt>
      <trkpt lat="-38.24014" lon="177.53344">
        <ele>591.7</ele>
      </trkpt>
      <trkpt lat="-38.24006" lon="177.53351">
        <ele>589.9</ele>
      </trkpt>
      <trkpt lat="-38.24003" lon="177.53368">
        <ele>586.4</ele>
      </trkpt>
      <trkpt lat="-38.23997" lon="177.53377">
        <ele>585.5</ele>
      </trkpt>
      <trkpt lat="-38.23992" lon="177.53388">
        <ele>585.0</ele>
      </trkpt>
      <trkpt lat="-38.23981" lon="177.53393">
        <ele>587.5</ele>
      </trkpt>
      <trkpt lat="-38.23967" lon="177.53389">
        <ele>592.6</ele>
      </trkpt>
      <trkpt lat="-38.2395" lon="177.53388">
        <ele>598.1</ele>
      </trkpt>
      <trkpt lat="-38.2395" lon="177.53411">
        <ele>594.6</ele>
      </trkpt>
      <trkpt lat="-38.23959" lon="177.53425">
        <ele>590.0</ele>
      </trkpt>
      <trkpt lat="-38.23981" lon="177.53451">
        <ele>581.1</ele>
      </trkpt>
      <trkpt lat="-38.23985" lon="177.53463">
        <ele>579.1</ele>
      </trkpt>
      <trkpt lat="-38.23982" lon="177.53473">
        <ele>579.3</ele>
      </trkpt>
      <trkpt lat="-38.23978" lon="177.53481">
        <ele>579.9</ele>
      </trkpt>
      <trkpt lat="-38.2397" lon="177.53486">
        <ele>581.7</ele>
      </trkpt>
      <trkpt lat="-38.23961" lon="177.5349">
        <ele>583.7</ele>
      </trkpt>
      <trkpt lat="-38.23935" lon="177.53483">
        <ele>591.3</ele>
      </trkpt>
      <trkpt lat="-38.23926" lon="177.53485">
        <ele>593.5</ele>
      </trkpt>
      <trkpt lat="-38.23912" lon="177.53491">
        <ele>596.5</ele>
      </trkpt>
      <trkpt lat="-38.23902" lon="177.53487">
        <ele>599.8</ele>
      </trkpt>
      <trkpt lat="-38.23884" lon="177.53486">
        <ele>604.9</ele>
      </trkpt>
      <trkpt lat="-38.2383" lon="177.53501">
        <ele>617.0</ele>
      </trkpt>
      <trkpt lat="-38.23819" lon="177.53515">
        <ele>619.6</ele>
      </trkpt>
      <trkpt lat="-38.23825" lon="177.53544">
        <ele>615.3</ele>
      </trkpt>
      <trkpt lat="-38.23839" lon="177.53563">
        <ele>609.6</ele>
      </trkpt>
      <trkpt lat="-38.23847" lon="177.53567">
        <ele>607.7</ele>
      </trkpt>
      <trkpt lat="-38.23848" lon="177.53573">
        <ele>607.1</ele>
      </trkpt>
      <trkpt lat="-38.23848" lon="177.53583">
        <ele>606.4</ele>
      </trkpt>
      <trkpt lat="-38.23841" lon="177.53591">
        <ele>608.6</ele>
      </trkpt>
      <trkpt lat="-38.23834" lon="177.536">
        <ele>610.9</ele>
      </trkpt>
      <trkpt lat="-38.23834" lon="177.53611">
        <ele>612.2</ele>
      </trkpt>
      <trkpt lat="-38.23843" lon="177.53627">
        <ele>613.2</ele>
      </trkpt>
      <trkpt lat="-38.23853" lon="177.53633">
        <ele>613.0</ele>
      </trkpt>
      <trkpt lat="-38.23864" lon="177.53636">
        <ele>612.4</ele>
      </trkpt>
      <trkpt lat="-38.23886" lon="177.53629">
        <ele>608.8</ele>
      </trkpt>
      <trkpt lat="-38.239" lon="177.53622">
        <ele>605.7</ele>
      </trkpt>
      <trkpt lat="-38.23916" lon="177.53624">
        <ele>604.3</ele>
      </trkpt>
      <trkpt lat="-38.23936" lon="177.53637">
        <ele>605.2</ele>
      </trkpt>
      <trkpt lat="-38.23962" lon="177.5364">
        <ele>602.8</ele>
      </trkpt>
      <trkpt lat="-38.23981" lon="177.53657">
        <ele>604.8</ele>
      </trkpt>
      <trkpt lat="-38.24002" lon="177.53672">
        <ele>605.5</ele>
      </trkpt>
      <trkpt lat="-38.24014" lon="177.53679">
        <ele>603.6</ele>
      </trkpt>
      <trkpt lat="-38.24023" lon="177.53692">
        <ele>603.6</ele>
      </trkpt>
      <trkpt lat="-38.2403" lon="177.53717">
        <ele>606.3</ele>
      </trkpt>
      <trkpt lat="-38.24057" lon="177.53783">
        <ele>610.4</ele>
      </trkpt>
      <trkpt lat="-38.24064" lon="177.53794">
        <ele>610.4</ele>
      </trkpt>
      <trkpt lat="-38.24077" lon="177.53808">
        <ele>609.1</ele>
      </trkpt>
      <trkpt lat="-38.24083" lon="177.53827">
        <ele>610.9</ele>
      </trkpt>
      <trkpt lat="-38.24089" lon="177.53861">
        <ele>615.7</ele>
      </trkpt>
      <trkpt lat="-38.24114" lon="177.53931">
        <ele>619.4</ele>
      </trkpt>
      <trkpt lat="-38.24118" lon="177.53948">
        <ele>621.2</ele>
      </trkpt>
      <trkpt lat="-38.24123" lon="177.53974">
        <ele>624.3</ele>
      </trkpt>
      <trkpt lat="-38.2414" lon="177.54">
        <ele>621.5</ele>
      </trkpt>
      <trkpt lat="-38.24148" lon="177.5402">
        <ele>617.7</ele>
      </trkpt>
      <trkpt lat="-38.24148" lon="177.54033">
        <ele>617.7</ele>
      </trkpt>
      <trkpt lat="-38.24147" lon="177.54043">
        <ele>618.1</ele>
      </trkpt>
      <trkpt lat="-38.24137" lon="177.54062">
        <ele>622.6</ele>
      </trkpt>
      <trkpt lat="-38.24119" lon="177.5409">
        <ele>629.2</ele>
      </trkpt>
      <trkpt lat="-38.24111" lon="177.54107">
        <ele>628.6</ele>
      </trkpt>
      <trkpt lat="-38.24098" lon="177.54118">
        <ele>631.3</ele>
      </trkpt>
      <trkpt lat="-38.24087" lon="177.54131">
        <ele>632.4</ele>
      </trkpt>
      <trkpt lat="-38.24074" lon="177.54135">
        <ele>635.7</ele>
      </trkpt>
      <trkpt lat="-38.24047" lon="177.5414">
        <ele>642.6</ele>
      </trkpt>
      <trkpt lat="-38.24033" lon="177.54156">
        <ele>641.2</ele>
      </trkpt>
      <trkpt lat="-38.24016" lon="177.54164">
        <ele>642.8</ele>
      </trkpt>
      <trkpt lat="-38.23994" lon="177.54167">
        <ele>647.1</ele>
      </trkpt>
      <trkpt lat="-38.23983" lon="177.54166">
        <ele>649.7</ele>
      </trkpt>
      <trkpt lat="-38.23958" lon="177.54155">
        <ele>659.3</ele>
      </trkpt>
      <trkpt lat="-38.23948" lon="177.54159">
        <ele>659.7</ele>
      </trkpt>
      <trkpt lat="-38.23943" lon="177.54187">
        <ele>651.1</ele>
      </trkpt>
      <trkpt lat="-38.23935" lon="177.54206">
        <ele>646.7</ele>
      </trkpt>
      <trkpt lat="-38.23925" lon="177.54218">
        <ele>645.1</ele>
      </trkpt>
      <trkpt lat="-38.23911" lon="177.54219">
        <ele>648.1</ele>
      </trkpt>
      <trkpt lat="-38.23898" lon="177.54218">
        <ele>651.6</ele>
      </trkpt>
      <trkpt lat="-38.23876" lon="177.54233">
        <ele>652.3</ele>
      </trkpt>
      <trkpt lat="-38.23864" lon="177.54236">
        <ele>654.2</ele>
      </trkpt>
      <trkpt lat="-38.23852" lon="177.54233">
        <ele>658.1</ele>
      </trkpt>
      <trkpt lat="-38.23844" lon="177.54225">
        <ele>662.8</ele>
      </trkpt>
      <trkpt lat="-38.23836" lon="177.54223">
        <ele>665.4</ele>
      </trkpt>
      <trkpt lat="-38.23831" lon="177.54233">
        <ele>663.1</ele>
      </trkpt>
      <trkpt lat="-38.23826" lon="177.54263">
        <ele>654.1</ele>
      </trkpt>
      <trkpt lat="-38.23815" lon="177.5427">
        <ele>654.0</ele>
      </trkpt>
      <trkpt lat="-38.23794" lon="177.54274">
        <ele>656.9</ele>
      </trkpt>
      <trkpt lat="-38.23773" lon="177.54274">
        <ele>660.9</ele>
      </trkpt>
      <trkpt lat="-38.23756" lon="177.54264">
        <ele>666.2</ele>
      </trkpt>
      <trkpt lat="-38.23746" lon="177.54262">
        <ele>668.8</ele>
      </trkpt>
      <trkpt lat="-38.23738" lon="177.54274">
        <ele>668.9</ele>
      </trkpt>
      <trkpt lat="-38.23736" lon="177.543">
        <ele>664.8</ele>
      </trkpt>
      <trkpt lat="-38.23737" lon="177.54316">
        <ele>661.6</ele>
      </trkpt>
      <trkpt lat="-38.23736" lon="177.54326">
        <ele>660.2</ele>
      </trkpt>
      <trkpt lat="-38.23735" lon="177.5434">
        <ele>658.2</ele>
      </trkpt>
      <trkpt lat="-38.23727" lon="177.54373">
        <ele>655.1</ele>
      </trkpt>
      <trkpt lat="-38.23725" lon="177.54385">
        <ele>653.5</ele>
      </trkpt>
      <trkpt lat="-38.23719" lon="177.54398">
        <ele>652.5</ele>
      </trkpt>
      <trkpt lat="-38.23708" lon="177.54396">
        <ele>655.4</ele>
      </trkpt>
      <trkpt lat="-38.23699" lon="177.54397">
        <ele>657.3</ele>
      </trkpt>
      <trkpt lat="-38.2368" lon="177.54392">
        <ele>662.9</ele>
      </trkpt>
      <trkpt lat="-38.2366" lon="177.54378">
        <ele>671.3</ele>
      </trkpt>
      <trkpt lat="-38.23649" lon="177.54368">
        <ele>675.8</ele>
      </trkpt>
      <trkpt lat="-38.23634" lon="177.54376">
        <ele>676.2</ele>
      </trkpt>
      <trkpt lat="-38.23605" lon="177.54411">
        <ele>673.5</ele>
      </trkpt>
      <trkpt lat="-38.23585" lon="177.54438">
        <ele>671.5</ele>
      </trkpt>
      <trkpt lat="-38.23577" lon="177.54446">
        <ele>670.7</ele>
      </trkpt>
      <trkpt lat="-38.2357" lon="177.54452">
        <ele>670.0</ele>
      </trkpt>
      <trkpt lat="-38.23561" lon="177.54452">
        <ele>671.1</ele>
      </trkpt>
      <trkpt lat="-38.23545" lon="177.5444">
        <ele>675.4</ele>
      </trkpt>
      <trkpt lat="-38.23524" lon="177.54428">
        <ele>679.8</ele>
      </trkpt>
      <trkpt lat="-38.23504" lon="177.5441">
        <ele>683.2</ele>
      </trkpt>
      <trkpt lat="-38.23496" lon="177.5441">
        <ele>684.4</ele>
      </trkpt>
      <trkpt lat="-38.23487" lon="177.54422">
        <ele>686.4</ele>
      </trkpt>
      <trkpt lat="-38.2348" lon="177.54444">
        <ele>684.5</ele>
      </trkpt>
      <trkpt lat="-38.23456" lon="177.5448">
        <ele>684.8</ele>
      </trkpt>
      <trkpt lat="-38.23429" lon="177.54499">
        <ele>688.9</ele>
      </trkpt>
      <trkpt lat="-38.23421" lon="177.54516">
        <ele>688.4</ele>
      </trkpt>
      <trkpt lat="-38.23409" lon="177.54536">
        <ele>687.3</ele>
      </trkpt>
      <trkpt lat="-38.23396" lon="177.54552">
        <ele>686.6</ele>
      </trkpt>
      <trkpt lat="-38.23382" lon="177.54559">
        <ele>687.6</ele>
      </trkpt>
      <trkpt lat="-38.23354" lon="177.54565">
        <ele>690.8</ele>
      </trkpt>
      <trkpt lat="-38.23318" lon="177.54569">
        <ele>693.7</ele>
      </trkpt>
      <trkpt lat="-38.23304" lon="177.54577">
        <ele>692.3</ele>
      </trkpt>
      <trkpt lat="-38.23294" lon="177.5459">
        <ele>691.2</ele>
      </trkpt>
      <trkpt lat="-38.23279" lon="177.54625">
        <ele>693.3</ele>
      </trkpt>
      <trkpt lat="-38.23267" lon="177.54644">
        <ele>694.8</ele>
      </trkpt>
      <trkpt lat="-38.23239" lon="177.5467">
        <ele>695.5</ele>
      </trkpt>
      <trkpt lat="-38.23204" lon="177.54698">
        <ele>694.7</ele>
      </trkpt>
      <trkpt lat="-38.23194" lon="177.54709">
        <ele>695.1</ele>
      </trkpt>
      <trkpt lat="-38.23176" lon="177.54747">
        <ele>699.7</ele>
      </trkpt>
      <trkpt lat="-38.23163" lon="177.54767">
        <ele>700.4</ele>
      </trkpt>
      <trkpt lat="-38.23153" lon="177.54806">
        <ele>705.2</ele>
      </trkpt>
      <trkpt lat="-38.23138" lon="177.54841">
        <ele>706.2</ele>
      </trkpt>
      <trkpt lat="-38.23135" lon="177.54858">
        <ele>705.6</ele>
      </trkpt>
      <trkpt lat="-38.2314" lon="177.54873">
        <ele>707.5</ele>
      </trkpt>
      <trkpt lat="-38.23149" lon="177.5488">
        <ele>710.7</ele>
      </trkpt>
      <trkpt lat="-38.23158" lon="177.54883">
        <ele>713.8</ele>
      </trkpt>
      <trkpt lat="-38.23172" lon="177.5489">
        <ele>719.0</ele>
      </trkpt>
      <trkpt lat="-38.23173" lon="177.54905">
        <ele>719.9</ele>
      </trkpt>
      <trkpt lat="-38.23172" lon="177.54922">
        <ele>719.7</ele>
      </trkpt>
      <trkpt lat="-38.23183" lon="177.54974">
        <ele>722.5</ele>
      </trkpt>
      <trkpt lat="-38.23182" lon="177.54989">
        <ele>721.7</ele>
      </trkpt>
      <trkpt lat="-38.23175" lon="177.55009">
        <ele>720.3</ele>
      </trkpt>
      <trkpt lat="-38.23156" lon="177.55053">
        <ele>721.6</ele>
      </trkpt>
      <trkpt lat="-38.23126" lon="177.55087">
        <ele>716.4</ele>
      </trkpt>
      <trkpt lat="-38.23119" lon="177.55099">
        <ele>715.2</ele>
      </trkpt>
      <trkpt lat="-38.23115" lon="177.55113">
        <ele>715.2</ele>
      </trkpt>
      <trkpt lat="-38.23114" lon="177.55125">
        <ele>716.3</ele>
      </trkpt>
      <trkpt lat="-38.23119" lon="177.5515">
        <ele>721.8</ele>
      </trkpt>
      <trkpt lat="-38.23125" lon="177.55161">
        <ele>726.2</ele>
      </trkpt>
      <trkpt lat="-38.23132" lon="177.55193">
        <ele>734.1</ele>
      </trkpt>
      <trkpt lat="-38.23121" lon="177.55268">
        <ele>739.1</ele>
      </trkpt>
      <trkpt lat="-38.23113" lon="177.55294">
        <ele>740.0</ele>
      </trkpt>
      <trkpt lat="-38.23105" lon="177.55308">
        <ele>739.0</ele>
      </trkpt>
      <trkpt lat="-38.23095" lon="177.55317">
        <ele>736.4</ele>
      </trkpt>
      <trkpt lat="-38.23064" lon="177.55328">
        <ele>728.7</ele>
      </trkpt>
      <trkpt lat="-38.23053" lon="177.55335">
        <ele>727.4</ele>
      </trkpt>
      <trkpt lat="-38.23043" lon="177.55346">
        <ele>727.7</ele>
      </trkpt>
      <trkpt lat="-38.23036" lon="177.5536">
        <ele>729.6</ele>
      </trkpt>
      <trkpt lat="-38.22999" lon="177.55386">
        <ele>728.1</ele>
      </trkpt>
      <trkpt lat="-38.22984" lon="177.55392">
        <ele>728.2</ele>
      </trkpt>
      <trkpt lat="-38.22948" lon="177.55385">
        <ele>722.8</ele>
      </trkpt>
      <trkpt lat="-38.22936" lon="177.55379">
        <ele>720.4</ele>
      </trkpt>
      <trkpt lat="-38.22922" lon="177.55374">
        <ele>718.3</ele>
      </trkpt>
      <trkpt lat="-38.22913" lon="177.55372">
        <ele>717.3</ele>
      </trkpt>
      <trkpt lat="-38.22897" lon="177.55379">
        <ele>717.5</ele>
      </trkpt>
      <trkpt lat="-38.22854" lon="177.55412">
        <ele>719.8</ele>
      </trkpt>
      <trkpt lat="-38.22811" lon="177.55435">
        <ele>717.8</ele>
      </trkpt>
      <trkpt lat="-38.22773" lon="177.55447">
        <ele>720.4</ele>
      </trkpt>
      <trkpt lat="-38.22753" lon="177.55451">
        <ele>722.5</ele>
      </trkpt>
      <trkpt lat="-38.22699" lon="177.5544">
        <ele>728.9</ele>
      </trkpt>
      <trkpt lat="-38.22644" lon="177.55429">
        <ele>734.0</ele>
      </trkpt>
      <trkpt lat="-38.2258" lon="177.55436">
        <ele>739.1</ele>
      </trkpt>
      <trkpt lat="-38.2256" lon="177.55449">
        <ele>742.1</ele>
      </trkpt>
      <trkpt lat="-38.22537" lon="177.55469">
        <ele>745.9</ele>
      </trkpt>
      <trkpt lat="-38.22528" lon="177.55473">
        <ele>747.1</ele>
      </trkpt>
      <trkpt lat="-38.22514" lon="177.55474">
        <ele>748.3</ele>
      </trkpt>
      <trkpt lat="-38.22495" lon="177.55463">
        <ele>747.8</ele>
      </trkpt>
      <trkpt lat="-38.22475" lon="177.55448">
        <ele>745.0</ele>
      </trkpt>
      <trkpt lat="-38.22465" lon="177.55443">
        <ele>744.3</ele>
      </trkpt>
      <trkpt lat="-38.22446" lon="177.5543">
        <ele>744.2</ele>
      </trkpt>
      <trkpt lat="-38.22433" lon="177.55411">
        <ele>745.3</ele>
      </trkpt>
      <trkpt lat="-38.22418" lon="177.55387">
        <ele>744.9</ele>
      </trkpt>
      <trkpt lat="-38.22408" lon="177.55366">
        <ele>743.5</ele>
      </trkpt>
      <trkpt lat="-38.22386" lon="177.55339">
        <ele>743.4</ele>
      </trkpt>
      <trkpt lat="-38.22361" lon="177.55327">
        <ele>744.6</ele>
      </trkpt>
      <trkpt lat="-38.22354" lon="177.55321">
        <ele>745.1</ele>
      </trkpt>
      <trkpt lat="-38.22335" lon="177.55291">
        <ele>748.9</ele>
      </trkpt>
      <trkpt lat="-38.22325" lon="177.55281">
        <ele>750.0</ele>
      </trkpt>
      <trkpt lat="-38.2231" lon="177.55276">
        <ele>750.8</ele>
      </trkpt>
      <trkpt lat="-38.22294" lon="177.55266">
        <ele>753.2</ele>
      </trkpt>
      <trkpt lat="-38.2227" lon="177.55259">
        <ele>756.4</ele>
      </trkpt>
      <trkpt lat="-38.2226" lon="177.55261">
        <ele>756.4</ele>
      </trkpt>
      <trkpt lat="-38.22239" lon="177.55288">
        <ele>748.1</ele>
      </trkpt>
      <trkpt lat="-38.22227" lon="177.55291">
        <ele>747.9</ele>
      </trkpt>
      <trkpt lat="-38.22217" lon="177.55286">
        <ele>750.5</ele>
      </trkpt>
      <trkpt lat="-38.22211" lon="177.55274">
        <ele>755.6</ele>
      </trkpt>
      <trkpt lat="-38.22201" lon="177.55263">
        <ele>760.7</ele>
      </trkpt>
      <trkpt lat="-38.22191" lon="177.55258">
        <ele>763.5</ele>
      </trkpt>
      <trkpt lat="-38.22167" lon="177.55265">
        <ele>762.8</ele>
      </trkpt>
      <trkpt lat="-38.22134" lon="177.55308">
        <ele>747.2</ele>
      </trkpt>
      <trkpt lat="-38.22128" lon="177.55324">
        <ele>742.3</ele>
      </trkpt>
      <trkpt lat="-38.22118" lon="177.55337">
        <ele>739.4</ele>
      </trkpt>
      <trkpt lat="-38.2211" lon="177.55374">
        <ele>732.1</ele>
      </trkpt>
      <trkpt lat="-38.22103" lon="177.55388">
        <ele>730.3</ele>
      </trkpt>
      <trkpt lat="-38.22093" lon="177.55402">
        <ele>729.5</ele>
      </trkpt>
      <trkpt lat="-38.22076" lon="177.55413">
        <ele>728.5</ele>
      </trkpt>
      <trkpt lat="-38.22044" lon="177.55447">
        <ele>719.9</ele>
      </trkpt>
      <trkpt lat="-38.22021" lon="177.55483">
        <ele>717.5</ele>
      </trkpt>
      <trkpt lat="-38.2199" lon="177.55516">
        <ele>714.1</ele>
      </trkpt>
      <trkpt lat="-38.21975" lon="177.55545">
        <ele>708.9</ele>
      </trkpt>
      <trkpt lat="-38.21949" lon="177.55588">
        <ele>706.6</ele>
      </trkpt>
      <trkpt lat="-38.2193" lon="177.55609">
        <ele>705.7</ele>
      </trkpt>
      <trkpt lat="-38.21907" lon="177.55628">
        <ele>706.2</ele>
      </trkpt>
      <trkpt lat="-38.21889" lon="177.55639">
        <ele>706.7</ele>
      </trkpt>
      <trkpt lat="-38.21849" lon="177.55649">
        <ele>709.9</ele>
      </trkpt>
      <trkpt lat="-38.21836" lon="177.55658">
        <ele>713.2</ele>
      </trkpt>
      <trkpt lat="-38.21824" lon="177.55669">
        <ele>714.0</ele>
      </trkpt>
      <trkpt lat="-38.21802" lon="177.55702">
        <ele>713.3</ele>
      </trkpt>
      <trkpt lat="-38.21788" lon="177.55716">
        <ele>713.5</ele>
      </trkpt>
      <trkpt lat="-38.21781" lon="177.55728">
        <ele>714.9</ele>
      </trkpt>
      <trkpt lat="-38.21776" lon="177.55744">
        <ele>717.5</ele>
      </trkpt>
      <trkpt lat="-38.21774" lon="177.55765">
        <ele>721.4</ele>
      </trkpt>
      <trkpt lat="-38.21753" lon="177.55789">
        <ele>728.0</ele>
      </trkpt>
      <trkpt lat="-38.21737" lon="177.55809">
        <ele>732.5</ele>
      </trkpt>
      <trkpt lat="-38.21711" lon="177.55812">
        <ele>731.3</ele>
      </trkpt>
      <trkpt lat="-38.21695" lon="177.55821">
        <ele>733.4</ele>
      </trkpt>
      <trkpt lat="-38.21662" lon="177.55826">
        <ele>733.7</ele>
      </trkpt>
      <trkpt lat="-38.21648" lon="177.55839">
        <ele>737.9</ele>
      </trkpt>
      <trkpt lat="-38.21634" lon="177.55845">
        <ele>739.2</ele>
      </trkpt>
      <trkpt lat="-38.21616" lon="177.5584">
        <ele>737.2</ele>
      </trkpt>
      <trkpt lat="-38.21605" lon="177.55829">
        <ele>733.0</ele>
      </trkpt>
      <trkpt lat="-38.21591" lon="177.55827">
        <ele>731.6</ele>
      </trkpt>
      <trkpt lat="-38.2158" lon="177.55834">
        <ele>734.4</ele>
      </trkpt>
      <trkpt lat="-38.21565" lon="177.5584">
        <ele>737.3</ele>
      </trkpt>
      <trkpt lat="-38.2151" lon="177.5583">
        <ele>735.9</ele>
      </trkpt>
      <trkpt lat="-38.21488" lon="177.55828">
        <ele>736.6</ele>
      </trkpt>
      <trkpt lat="-38.21469" lon="177.55835">
        <ele>741.3</ele>
      </trkpt>
      <trkpt lat="-38.21457" lon="177.55848">
        <ele>747.2</ele>
      </trkpt>
      <trkpt lat="-38.21439" lon="177.5586">
        <ele>752.9</ele>
      </trkpt>
      <trkpt lat="-38.21407" lon="177.5586">
        <ele>756.1</ele>
      </trkpt>
      <trkpt lat="-38.21387" lon="177.55841">
        <ele>754.1</ele>
      </trkpt>
      <trkpt lat="-38.21364" lon="177.55823">
        <ele>754.3</ele>
      </trkpt>
      <trkpt lat="-38.21354" lon="177.55812">
        <ele>754.0</ele>
      </trkpt>
      <trkpt lat="-38.21346" lon="177.55813">
        <ele>756.4</ele>
      </trkpt>
      <trkpt lat="-38.21327" lon="177.55839">
        <ele>763.8</ele>
      </trkpt>
      <trkpt lat="-38.21312" lon="177.55851">
        <ele>763.0</ele>
      </trkpt>
      <trkpt lat="-38.21302" lon="177.55879">
        <ele>767.3</ele>
      </trkpt>
      <trkpt lat="-38.21282" lon="177.55914">
        <ele>771.3</ele>
      </trkpt>
      <trkpt lat="-38.21272" lon="177.55936">
        <ele>773.2</ele>
      </trkpt>
      <trkpt lat="-38.21259" lon="177.55957">
        <ele>775.6</ele>
      </trkpt>
      <trkpt lat="-38.2125" lon="177.55955">
        <ele>774.2</ele>
      </trkpt>
      <trkpt lat="-38.21245" lon="177.55942">
        <ele>771.7</ele>
      </trkpt>
      <trkpt lat="-38.21245" lon="177.55931">
        <ele>769.0</ele>
      </trkpt>
      <trkpt lat="-38.21236" lon="177.55926">
        <ele>768.7</ele>
      </trkpt>
      <trkpt lat="-38.2121" lon="177.55914">
        <ele>768.0</ele>
      </trkpt>
      <trkpt lat="-38.21188" lon="177.55911">
        <ele>769.0</ele>
      </trkpt>
      <trkpt lat="-38.21158" lon="177.55916">
        <ele>771.8</ele>
      </trkpt>
      <trkpt lat="-38.2112" lon="177.55928">
        <ele>771.4</ele>
      </trkpt>
      <trkpt lat="-38.21107" lon="177.55939">
        <ele>773.5</ele>
      </trkpt>
      <trkpt lat="-38.21091" lon="177.55949">
        <ele>774.9</ele>
      </trkpt>
      <trkpt lat="-38.21078" lon="177.55965">
        <ele>778.7</ele>
      </trkpt>
      <trkpt lat="-38.21052" lon="177.55985">
        <ele>783.3</ele>
      </trkpt>
      <trkpt lat="-38.21035" lon="177.55995">
        <ele>785.5</ele>
      </trkpt>
      <trkpt lat="-38.21027" lon="177.55996">
        <ele>785.3</ele>
      </trkpt>
      <trkpt lat="-38.21001" lon="177.55979">
        <ele>778.0</ele>
      </trkpt>
      <trkpt lat="-38.20991" lon="177.5598">
        <ele>779.2</ele>
      </trkpt>
      <trkpt lat="-38.20969" lon="177.56008">
        <ele>787.6</ele>
      </trkpt>
      <trkpt lat="-38.2094" lon="177.56023">
        <ele>790.5</ele>
      </trkpt>
      <trkpt lat="-38.20932" lon="177.56025">
        <ele>790.9</ele>
      </trkpt>
      <trkpt lat="-38.2092" lon="177.56015">
        <ele>790.3</ele>
      </trkpt>
      <trkpt lat="-38.2091" lon="177.55982">
        <ele>786.1</ele>
      </trkpt>
      <trkpt lat="-38.20882" lon="177.55926">
        <ele>779.9</ele>
      </trkpt>
      <trkpt lat="-38.20875" lon="177.5592">
        <ele>779.6</ele>
      </trkpt>
      <trkpt lat="-38.20864" lon="177.55875">
        <ele>777.6</ele>
      </trkpt>
      <trkpt lat="-38.20846" lon="177.55832">
        <ele>778.8</ele>
      </trkpt>
      <trkpt lat="-38.2084" lon="177.55783">
        <ele>782.8</ele>
      </trkpt>
      <trkpt lat="-38.20839" lon="177.55755">
        <ele>784.8</ele>
      </trkpt>
      <trkpt lat="-38.20824" lon="177.55731">
        <ele>783.7</ele>
      </trkpt>
      <trkpt lat="-38.20797" lon="177.55696">
        <ele>776.7</ele>
      </trkpt>
      <trkpt lat="-38.20745" lon="177.55708">
        <ele>768.7</ele>
      </trkpt>
      <trkpt lat="-38.20704" lon="177.557">
        <ele>770.1</ele>
      </trkpt>
      <trkpt lat="-38.20679" lon="177.55702">
        <ele>771.1</ele>
      </trkpt>
      <trkpt lat="-38.20662" lon="177.55717">
        <ele>772.4</ele>
      </trkpt>
      <trkpt lat="-38.20651" lon="177.55739">
        <ele>772.9</ele>
      </trkpt>
      <trkpt lat="-38.20634" lon="177.55735">
        <ele>771.3</ele>
      </trkpt>
      <trkpt lat="-38.20619" lon="177.55719">
        <ele>769.9</ele>
      </trkpt>
      <trkpt lat="-38.20574" lon="177.55674">
        <ele>768.6</ele>
      </trkpt>
      <trkpt lat="-38.20566" lon="177.55668">
        <ele>768.7</ele>
      </trkpt>
      <trkpt lat="-38.2054" lon="177.55663">
        <ele>767.3</ele>
      </trkpt>
      <trkpt lat="-38.20512" lon="177.55653">
        <ele>763.9</ele>
      </trkpt>
      <trkpt lat="-38.20501" lon="177.55642">
        <ele>760.6</ele>
      </trkpt>
      <trkpt lat="-38.20484" lon="177.55634">
        <ele>757.8</ele>
      </trkpt>
      <trkpt lat="-38.20444" lon="177.55642">
        <ele>758.6</ele>
      </trkpt>
      <trkpt lat="-38.20436" lon="177.55654">
        <ele>760.8</ele>
      </trkpt>
      <trkpt lat="-38.20429" lon="177.55671">
        <ele>762.6</ele>
      </trkpt>
      <trkpt lat="-38.20409" lon="177.55691">
        <ele>758.8</ele>
      </trkpt>
      <trkpt lat="-38.20378" lon="177.55704">
        <ele>751.9</ele>
      </trkpt>
      <trkpt lat="-38.20364" lon="177.55718">
        <ele>750.0</ele>
      </trkpt>
      <trkpt lat="-38.20348" lon="177.55722">
        <ele>747.7</ele>
      </trkpt>
      <trkpt lat="-38.20316" lon="177.55725">
        <ele>743.9</ele>
      </trkpt>
      <trkpt lat="-38.20272" lon="177.55733">
        <ele>741.4</ele>
      </trkpt>
      <trkpt lat="-38.20243" lon="177.55721">
        <ele>737.5</ele>
      </trkpt>
      <trkpt lat="-38.20231" lon="177.55705">
        <ele>735.5</ele>
      </trkpt>
      <trkpt lat="-38.20217" lon="177.55697">
        <ele>736.6</ele>
      </trkpt>
      <trkpt lat="-38.202" lon="177.55692">
        <ele>739.4</ele>
      </trkpt>
      <trkpt lat="-38.20174" lon="177.55698">
        <ele>748.3</ele>
      </trkpt>
      <trkpt lat="-38.20145" lon="177.55679">
        <ele>748.2</ele>
      </trkpt>
      <trkpt lat="-38.20125" lon="177.55658">
        <ele>747.4</ele>
      </trkpt>
      <trkpt lat="-38.20096" lon="177.55631">
        <ele>748.1</ele>
      </trkpt>
      <trkpt lat="-38.20054" lon="177.55619">
        <ele>754.1</ele>
      </trkpt>
      <trkpt lat="-38.20035" lon="177.55601">
        <ele>752.9</ele>
      </trkpt>
      <trkpt lat="-38.20008" lon="177.55601">
        <ele>757.5</ele>
      </trkpt>
      <trkpt lat="-38.19987" lon="177.55604">
        <ele>757.4</ele>
      </trkpt>
      <trkpt lat="-38.19959" lon="177.55622">
        <ele>758.4</ele>
      </trkpt>
      <trkpt lat="-38.19943" lon="177.55624">
        <ele>757.2</ele>
      </trkpt>
      <trkpt lat="-38.19901" lon="177.5561">
        <ele>748.2</ele>
      </trkpt>
      <trkpt lat="-38.1988" lon="177.55599">
        <ele>744.7</ele>
      </trkpt>
      <trkpt lat="-38.19853" lon="177.556">
        <ele>745.2</ele>
      </trkpt>
      <trkpt lat="-38.19823" lon="177.55605">
        <ele>746.3</ele>
      </trkpt>
      <trkpt lat="-38.19761" lon="177.55584">
        <ele>750.7</ele>
      </trkpt>
      <trkpt lat="-38.19752" lon="177.5557">
        <ele>749.6</ele>
      </trkpt>
      <trkpt lat="-38.19746" lon="177.55557">
        <ele>747.2</ele>
      </trkpt>
      <trkpt lat="-38.1975" lon="177.55521">
        <ele>742.3</ele>
      </trkpt>
      <trkpt lat="-38.19736" lon="177.5549">
        <ele>739.5</ele>
      </trkpt>
      <trkpt lat="-38.19736" lon="177.55474">
        <ele>735.9</ele>
      </trkpt>
      <trkpt lat="-38.19716" lon="177.55458">
        <ele>739.5</ele>
      </trkpt>
      <trkpt lat="-38.19702" lon="177.55449">
        <ele>743.7</ele>
      </trkpt>
      <trkpt lat="-38.19689" lon="177.55401">
        <ele>742.5</ele>
      </trkpt>
      <trkpt lat="-38.19677" lon="177.55371">
        <ele>739.6</ele>
      </trkpt>
      <trkpt lat="-38.19641" lon="177.55345">
        <ele>743.6</ele>
      </trkpt>
      <trkpt lat="-38.19635" lon="177.55328">
        <ele>741.9</ele>
      </trkpt>
      <trkpt lat="-38.19631" lon="177.553">
        <ele>737.2</ele>
      </trkpt>
      <trkpt lat="-38.19631" lon="177.55266">
        <ele>730.0</ele>
      </trkpt>
      <trkpt lat="-38.19624" lon="177.55255">
        <ele>731.5</ele>
      </trkpt>
      <trkpt lat="-38.19599" lon="177.5523">
        <ele>741.2</ele>
      </trkpt>
      <trkpt lat="-38.19589" lon="177.552">
        <ele>741.6</ele>
      </trkpt>
      <trkpt lat="-38.19575" lon="177.55147">
        <ele>738.4</ele>
      </trkpt>
      <trkpt lat="-38.19569" lon="177.55124">
        <ele>737.3</ele>
      </trkpt>
      <trkpt lat="-38.19564" lon="177.55089">
        <ele>735.1</ele>
      </trkpt>
      <trkpt lat="-38.19544" lon="177.55074">
        <ele>738.9</ele>
      </trkpt>
      <trkpt lat="-38.19532" lon="177.55072">
        <ele>742.5</ele>
      </trkpt>
      <trkpt lat="-38.19515" lon="177.55066">
        <ele>747.0</ele>
      </trkpt>
      <trkpt lat="-38.19503" lon="177.55046">
        <ele>746.9</ele>
      </trkpt>
      <trkpt lat="-38.19499" lon="177.55031">
        <ele>744.5</ele>
      </trkpt>
      <trkpt lat="-38.19506" lon="177.55006">
        <ele>737.0</ele>
      </trkpt>
      <trkpt lat="-38.19503" lon="177.5499">
        <ele>737.2</ele>
      </trkpt>
      <trkpt lat="-38.19484" lon="177.54954">
        <ele>733.8</ele>
      </trkpt>
      <trkpt lat="-38.19479" lon="177.54916">
        <ele>730.2</ele>
      </trkpt>
      <trkpt lat="-38.19487" lon="177.5486">
        <ele>739.1</ele>
      </trkpt>
      <trkpt lat="-38.19488" lon="177.5483">
        <ele>741.9</ele>
      </trkpt>
      <trkpt lat="-38.19498" lon="177.5479">
        <ele>744.9</ele>
      </trkpt>
      <trkpt lat="-38.19499" lon="177.54773">
        <ele>744.6</ele>
      </trkpt>
      <trkpt lat="-38.19484" lon="177.54743">
        <ele>742.1</ele>
      </trkpt>
      <trkpt lat="-38.19471" lon="177.54734">
        <ele>740.3</ele>
      </trkpt>
      <trkpt lat="-38.19464" lon="177.54722">
        <ele>738.8</ele>
      </trkpt>
      <trkpt lat="-38.19469" lon="177.54705">
        <ele>738.4</ele>
      </trkpt>
      <trkpt lat="-38.19482" lon="177.54686">
        <ele>739.1</ele>
      </trkpt>
      <trkpt lat="-38.19468" lon="177.54651">
        <ele>737.4</ele>
      </trkpt>
      <trkpt lat="-38.19446" lon="177.54617">
        <ele>734.4</ele>
      </trkpt>
      <trkpt lat="-38.19441" lon="177.54597">
        <ele>733.4</ele>
      </trkpt>
      <trkpt lat="-38.1944" lon="177.54581">
        <ele>733.0</ele>
      </trkpt>
      <trkpt lat="-38.19442" lon="177.54564">
        <ele>731.1</ele>
      </trkpt>
      <trkpt lat="-38.19435" lon="177.54546">
        <ele>725.8</ele>
      </trkpt>
      <trkpt lat="-38.19443" lon="177.54524">
        <ele>725.0</ele>
      </trkpt>
      <trkpt lat="-38.19452" lon="177.54508">
        <ele>725.3</ele>
      </trkpt>
      <trkpt lat="-38.19466" lon="177.54499">
        <ele>728.2</ele>
      </trkpt>
      <trkpt lat="-38.19491" lon="177.54493">
        <ele>734.9</ele>
      </trkpt>
      <trkpt lat="-38.19498" lon="177.54482">
        <ele>735.3</ele>
      </trkpt>
      <trkpt lat="-38.19502" lon="177.54468">
        <ele>733.1</ele>
      </trkpt>
      <trkpt lat="-38.19487" lon="177.54445">
        <ele>724.9</ele>
      </trkpt>
      <trkpt lat="-38.19495" lon="177.54407">
        <ele>721.9</ele>
      </trkpt>
      <trkpt lat="-38.19498" lon="177.54382">
        <ele>720.4</ele>
      </trkpt>
      <trkpt lat="-38.19499" lon="177.54356">
        <ele>718.0</ele>
      </trkpt>
      <trkpt lat="-38.19503" lon="177.54347">
        <ele>716.9</ele>
      </trkpt>
      <trkpt lat="-38.19515" lon="177.54325">
        <ele>713.5</ele>
      </trkpt>
      <trkpt lat="-38.19518" lon="177.54302">
        <ele>713.3</ele>
      </trkpt>
      <trkpt lat="-38.19512" lon="177.54265">
        <ele>713.6</ele>
      </trkpt>
      <trkpt lat="-38.19515" lon="177.54248">
        <ele>713.6</ele>
      </trkpt>
      <trkpt lat="-38.19526" lon="177.54227">
        <ele>713.3</ele>
      </trkpt>
      <trkpt lat="-38.19532" lon="177.54214">
        <ele>713.6</ele>
      </trkpt>
      <trkpt lat="-38.19523" lon="177.54194">
        <ele>711.4</ele>
      </trkpt>
      <trkpt lat="-38.19517" lon="177.54177">
        <ele>709.1</ele>
      </trkpt>
      <trkpt lat="-38.19521" lon="177.5416">
        <ele>708.7</ele>
      </trkpt>
      <trkpt lat="-38.19529" lon="177.54145">
        <ele>709.4</ele>
      </trkpt>
      <trkpt lat="-38.19541" lon="177.54137">
        <ele>712.3</ele>
      </trkpt>
      <trkpt lat="-38.1955" lon="177.5413">
        <ele>714.6</ele>
      </trkpt>
      <trkpt lat="-38.19556" lon="177.54114">
        <ele>715.7</ele>
      </trkpt>
      <trkpt lat="-38.19554" lon="177.54092">
        <ele>713.6</ele>
      </trkpt>
      <trkpt lat="-38.19558" lon="177.54081">
        <ele>714.7</ele>
      </trkpt>
      <trkpt lat="-38.19565" lon="177.54055">
        <ele>717.3</ele>
      </trkpt>
      <trkpt lat="-38.1956" lon="177.5404">
        <ele>715.3</ele>
      </trkpt>
      <trkpt lat="-38.19552" lon="177.54027">
        <ele>712.4</ele>
      </trkpt>
      <trkpt lat="-38.19542" lon="177.53994">
        <ele>709.0</ele>
      </trkpt>
      <trkpt lat="-38.19523" lon="177.53982">
        <ele>702.7</ele>
      </trkpt>
      <trkpt lat="-38.19517" lon="177.53971">
        <ele>700.9</ele>
      </trkpt>
      <trkpt lat="-38.19517" lon="177.53946">
        <ele>701.1</ele>
      </trkpt>
      <trkpt lat="-38.19526" lon="177.5393">
        <ele>703.6</ele>
      </trkpt>
      <trkpt lat="-38.19535" lon="177.53925">
        <ele>705.9</ele>
      </trkpt>
      <trkpt lat="-38.19544" lon="177.53911">
        <ele>707.1</ele>
      </trkpt>
      <trkpt lat="-38.19546" lon="177.53894">
        <ele>704.6</ele>
      </trkpt>
      <trkpt lat="-38.19528" lon="177.53866">
        <ele>697.9</ele>
      </trkpt>
      <trkpt lat="-38.19527" lon="177.53848">
        <ele>695.7</ele>
      </trkpt>
      <trkpt lat="-38.19513" lon="177.5383">
        <ele>694.4</ele>
      </trkpt>
      <trkpt lat="-38.19501" lon="177.53826">
        <ele>695.2</ele>
      </trkpt>
      <trkpt lat="-38.19484" lon="177.53826">
        <ele>689.3</ele>
      </trkpt>
      <trkpt lat="-38.19479" lon="177.53822">
        <ele>688.1</ele>
      </trkpt>
      <trkpt lat="-38.1947" lon="177.53803">
        <ele>687.8</ele>
      </trkpt>
      <trkpt lat="-38.19457" lon="177.53754">
        <ele>690.8</ele>
      </trkpt>
      <trkpt lat="-38.19447" lon="177.53738">
        <ele>690.9</ele>
      </trkpt>
      <trkpt lat="-38.19441" lon="177.53734">
        <ele>689.8</ele>
      </trkpt>
      <trkpt lat="-38.19427" lon="177.5374">
        <ele>682.9</ele>
      </trkpt>
      <trkpt lat="-38.19411" lon="177.53739">
        <ele>677.0</ele>
      </trkpt>
      <trkpt lat="-38.19404" lon="177.53734">
        <ele>675.5</ele>
      </trkpt>
      <trkpt lat="-38.19402" lon="177.53704">
        <ele>683.4</ele>
      </trkpt>
      <trkpt lat="-38.194" lon="177.5369">
        <ele>686.5</ele>
      </trkpt>
      <trkpt lat="-38.19391" lon="177.53675">
        <ele>686.1</ele>
      </trkpt>
      <trkpt lat="-38.1938" lon="177.53623">
        <ele>686.2</ele>
      </trkpt>
      <trkpt lat="-38.1936" lon="177.5361">
        <ele>678.5</ele>
      </trkpt>
      <trkpt lat="-38.19347" lon="177.53603">
        <ele>673.8</ele>
      </trkpt>
      <trkpt lat="-38.19319" lon="177.53602">
        <ele>663.8</ele>
      </trkpt>
      <trkpt lat="-38.19309" lon="177.53589">
        <ele>663.6</ele>
      </trkpt>
      <trkpt lat="-38.19299" lon="177.53566">
        <ele>658.1</ele>
      </trkpt>
      <trkpt lat="-38.19287" lon="177.53548">
        <ele>652.4</ele>
      </trkpt>
      <trkpt lat="-38.19252" lon="177.53545">
        <ele>648.4</ele>
      </trkpt>
      <trkpt lat="-38.19235" lon="177.53532">
        <ele>647.2</ele>
      </trkpt>
      <trkpt lat="-38.1922" lon="177.53523">
        <ele>647.0</ele>
      </trkpt>
      <trkpt lat="-38.19209" lon="177.53521">
        <ele>647.0</ele>
      </trkpt>
      <trkpt lat="-38.19181" lon="177.53524">
        <ele>646.6</ele>
      </trkpt>
      <trkpt lat="-38.19171" lon="177.53524">
        <ele>646.6</ele>
      </trkpt>
      <trkpt lat="-38.19165" lon="177.53513">
        <ele>647.6</ele>
      </trkpt>
      <trkpt lat="-38.19169" lon="177.53492">
        <ele>648.8</ele>
      </trkpt>
      <trkpt lat="-38.1917" lon="177.53471">
        <ele>645.6</ele>
      </trkpt>
      <trkpt lat="-38.19154" lon="177.53452">
        <ele>641.0</ele>
      </trkpt>
      <trkpt lat="-38.19112" lon="177.53418">
        <ele>633.7</ele>
      </trkpt>
      <trkpt lat="-38.19088" lon="177.53409">
        <ele>631.2</ele>
      </trkpt>
      <trkpt lat="-38.19084" lon="177.53392">
        <ele>630.7</ele>
      </trkpt>
      <trkpt lat="-38.19092" lon="177.53381">
        <ele>630.3</ele>
      </trkpt>
      <trkpt lat="-38.19105" lon="177.53385">
        <ele>630.2</ele>
      </trkpt>
      <trkpt lat="-38.19114" lon="177.53383">
        <ele>629.8</ele>
      </trkpt>
      <trkpt lat="-38.19118" lon="177.53367">
        <ele>627.5</ele>
      </trkpt>
      <trkpt lat="-38.19114" lon="177.53328">
        <ele>623.3</ele>
      </trkpt>
      <trkpt lat="-38.19119" lon="177.53312">
        <ele>620.7</ele>
      </trkpt>
      <trkpt lat="-38.19124" lon="177.53288">
        <ele>616.9</ele>
      </trkpt>
      <trkpt lat="-38.19117" lon="177.53244">
        <ele>614.4</ele>
      </trkpt>
      <trkpt lat="-38.19099" lon="177.53195">
        <ele>614.2</ele>
      </trkpt>
      <trkpt lat="-38.19099" lon="177.53181">
        <ele>612.2</ele>
      </trkpt>
      <trkpt lat="-38.19106" lon="177.53155">
        <ele>605.0</ele>
      </trkpt>
      <trkpt lat="-38.19108" lon="177.53138">
        <ele>601.7</ele>
      </trkpt>
      <trkpt lat="-38.19106" lon="177.53121">
        <ele>600.5</ele>
      </trkpt>
      <trkpt lat="-38.19101" lon="177.53109">
        <ele>601.6</ele>
      </trkpt>
      <trkpt lat="-38.19074" lon="177.53082">
        <ele>609.7</ele>
      </trkpt>
      <trkpt lat="-38.19055" lon="177.5305">
        <ele>611.6</ele>
      </trkpt>
      <trkpt lat="-38.19045" lon="177.53024">
        <ele>614.9</ele>
      </trkpt>
      <trkpt lat="-38.1904" lon="177.53005">
        <ele>617.5</ele>
      </trkpt>
      <trkpt lat="-38.19034" lon="177.52976">
        <ele>625.5</ele>
      </trkpt>
      <trkpt lat="-38.19033" lon="177.52965">
        <ele>628.1</ele>
      </trkpt>
      <trkpt lat="-38.1904" lon="177.52927">
        <ele>630.7</ele>
      </trkpt>
      <trkpt lat="-38.19045" lon="177.52916">
        <ele>629.5</ele>
      </trkpt>
      <trkpt lat="-38.19049" lon="177.52905">
        <ele>627.7</ele>
      </trkpt>
      <trkpt lat="-38.19063" lon="177.52883">
        <ele>620.9</ele>
      </trkpt>
      <trkpt lat="-38.19066" lon="177.52876">
        <ele>619.7</ele>
      </trkpt>
      <trkpt lat="-38.1906" lon="177.52849">
        <ele>625.0</ele>
      </trkpt>
      <trkpt lat="-38.19057" lon="177.52842">
        <ele>627.0</ele>
      </trkpt>
      <trkpt lat="-38.19029" lon="177.52798">
        <ele>629.7</ele>
      </trkpt>
      <trkpt lat="-38.18994" lon="177.52735">
        <ele>626.3</ele>
      </trkpt>
      <trkpt lat="-38.18956" lon="177.52663">
        <ele>621.3</ele>
      </trkpt>
      <trkpt lat="-38.18933" lon="177.52615">
        <ele>624.8</ele>
      </trkpt>
      <trkpt lat="-38.18913" lon="177.52561">
        <ele>630.6</ele>
      </trkpt>
      <trkpt lat="-38.18892" lon="177.52507">
        <ele>628.9</ele>
      </trkpt>
      <trkpt lat="-38.18868" lon="177.52458">
        <ele>628.0</ele>
      </trkpt>
      <trkpt lat="-38.18856" lon="177.52436">
        <ele>628.1</ele>
      </trkpt>
      <trkpt lat="-38.18848" lon="177.52423">
        <ele>628.2</ele>
      </trkpt>
      <trkpt lat="-38.18844" lon="177.52411">
        <ele>627.8</ele>
      </trkpt>
      <trkpt lat="-38.18829" lon="177.52375">
        <ele>621.8</ele>
      </trkpt>
      <trkpt lat="-38.18823" lon="177.52353">
        <ele>619.2</ele>
      </trkpt>
      <trkpt lat="-38.18811" lon="177.52328">
        <ele>615.6</ele>
      </trkpt>
      <trkpt lat="-38.18805" lon="177.52303">
        <ele>609.5</ele>
      </trkpt>
      <trkpt lat="-38.18799" lon="177.52283">
        <ele>606.1</ele>
      </trkpt>
      <trkpt lat="-38.18787" lon="177.52271">
        <ele>606.7</ele>
      </trkpt>
      <trkpt lat="-38.18776" lon="177.52263">
        <ele>609.0</ele>
      </trkpt>
      <trkpt lat="-38.18764" lon="177.52253">
        <ele>612.8</ele>
      </trkpt>
      <trkpt lat="-38.18761" lon="177.52241">
        <ele>611.7</ele>
      </trkpt>
      <trkpt lat="-38.18756" lon="177.52229">
        <ele>610.7</ele>
      </trkpt>
      <trkpt lat="-38.18751" lon="177.52222">
        <ele>611.2</ele>
      </trkpt>
      <trkpt lat="-38.18734" lon="177.52204">
        <ele>610.5</ele>
      </trkpt>
      <trkpt lat="-38.18728" lon="177.52195">
        <ele>610.5</ele>
      </trkpt>
      <trkpt lat="-38.18718" lon="177.52199">
        <ele>613.1</ele>
      </trkpt>
      <trkpt lat="-38.18697" lon="177.52195">
        <ele>617.6</ele>
      </trkpt>
      <trkpt lat="-38.1868" lon="177.52169">
        <ele>624.8</ele>
      </trkpt>
      <trkpt lat="-38.18667" lon="177.52143">
        <ele>622.8</ele>
      </trkpt>
      <trkpt lat="-38.18661" lon="177.52137">
        <ele>620.7</ele>
      </trkpt>
      <trkpt lat="-38.18646" lon="177.52126">
        <ele>617.4</ele>
      </trkpt>
      <trkpt lat="-38.18636" lon="177.52116">
        <ele>615.9</ele>
      </trkpt>
      <trkpt lat="-38.18621" lon="177.52092">
        <ele>614.9</ele>
      </trkpt>
      <trkpt lat="-38.18609" lon="177.52081">
        <ele>616.2</ele>
      </trkpt>
      <trkpt lat="-38.18585" lon="177.52069">
        <ele>619.4</ele>
      </trkpt>
      <trkpt lat="-38.18571" lon="177.52055">
        <ele>617.0</ele>
      </trkpt>
      <trkpt lat="-38.1856" lon="177.52039">
        <ele>615.8</ele>
      </trkpt>
      <trkpt lat="-38.18553" lon="177.52015">
        <ele>616.0</ele>
      </trkpt>
      <trkpt lat="-38.1853" lon="177.51954">
        <ele>613.4</ele>
      </trkpt>
      <trkpt lat="-38.18525" lon="177.51931">
        <ele>611.5</ele>
      </trkpt>
      <trkpt lat="-38.18525" lon="177.51917">
        <ele>609.3</ele>
      </trkpt>
      <trkpt lat="-38.18521" lon="177.51907">
        <ele>607.4</ele>
      </trkpt>
      <trkpt lat="-38.1851" lon="177.51903">
        <ele>610.4</ele>
      </trkpt>
      <trkpt lat="-38.18494" lon="177.51902">
        <ele>614.3</ele>
      </trkpt>
      <trkpt lat="-38.18479" lon="177.51899">
        <ele>613.9</ele>
      </trkpt>
      <trkpt lat="-38.18463" lon="177.51887">
        <ele>611.9</ele>
      </trkpt>
      <trkpt lat="-38.18442" lon="177.51872">
        <ele>612.0</ele>
      </trkpt>
      <trkpt lat="-38.18432" lon="177.51855">
        <ele>611.9</ele>
      </trkpt>
      <trkpt lat="-38.1843" lon="177.51838">
        <ele>610.8</ele>
      </trkpt>
      <trkpt lat="-38.1842" lon="177.51831">
        <ele>613.1</ele>
      </trkpt>
      <trkpt lat="-38.18411" lon="177.51828">
        <ele>614.1</ele>
      </trkpt>
      <trkpt lat="-38.18402" lon="177.51821">
        <ele>613.6</ele>
      </trkpt>
      <trkpt lat="-38.18398" lon="177.51802">
        <ele>609.8</ele>
      </trkpt>
      <trkpt lat="-38.18388" lon="177.51776">
        <ele>607.2</ele>
      </trkpt>
      <trkpt lat="-38.18377" lon="177.51754">
        <ele>607.7</ele>
      </trkpt>
      <trkpt lat="-38.18365" lon="177.51736">
        <ele>608.8</ele>
      </trkpt>
      <trkpt lat="-38.18358" lon="177.51709">
        <ele>604.8</ele>
      </trkpt>
      <trkpt lat="-38.18352" lon="177.51698">
        <ele>604.6</ele>
      </trkpt>
      <trkpt lat="-38.18332" lon="177.51681">
        <ele>608.9</ele>
      </trkpt>
      <trkpt lat="-38.18291" lon="177.51643">
        <ele>603.0</ele>
      </trkpt>
      <trkpt lat="-38.18266" lon="177.51623">
        <ele>602.9</ele>
      </trkpt>
      <trkpt lat="-38.18239" lon="177.5161">
        <ele>603.5</ele>
      </trkpt>
      <trkpt lat="-38.18231" lon="177.516">
        <ele>602.6</ele>
      </trkpt>
      <trkpt lat="-38.18227" lon="177.51574">
        <ele>600.5</ele>
      </trkpt>
      <trkpt lat="-38.18229" lon="177.51561">
        <ele>597.7</ele>
      </trkpt>
      <trkpt lat="-38.18226" lon="177.51529">
        <ele>592.5</ele>
      </trkpt>
      <trkpt lat="-38.18214" lon="177.51514">
        <ele>594.6</ele>
      </trkpt>
      <trkpt lat="-38.18208" lon="177.51505">
        <ele>596.2</ele>
      </trkpt>
      <trkpt lat="-38.18193" lon="177.51493">
        <ele>603.5</ele>
      </trkpt>
      <trkpt lat="-38.18175" lon="177.51478">
        <ele>614.5</ele>
      </trkpt>
      <trkpt lat="-38.18168" lon="177.51464">
        <ele>620.3</ele>
      </trkpt>
      <trkpt lat="-38.18173" lon="177.5145">
        <ele>619.8</ele>
      </trkpt>
      <trkpt lat="-38.18181" lon="177.51437">
        <ele>617.2</ele>
      </trkpt>
      <trkpt lat="-38.18196" lon="177.51422">
        <ele>610.1</ele>
      </trkpt>
      <trkpt lat="-38.18203" lon="177.51412">
        <ele>607.4</ele>
      </trkpt>
      <trkpt lat="-38.1821" lon="177.51396">
        <ele>607.0</ele>
      </trkpt>
      <trkpt lat="-38.18226" lon="177.51353">
        <ele>610.8</ele>
      </trkpt>
      <trkpt lat="-38.18233" lon="177.51337">
        <ele>613.0</ele>
      </trkpt>
      <trkpt lat="-38.18253" lon="177.51316">
        <ele>604.7</ele>
      </trkpt>
      <trkpt lat="-38.18261" lon="177.51308">
        <ele>600.1</ele>
      </trkpt>
      <trkpt lat="-38.18276" lon="177.51286">
        <ele>593.8</ele>
      </trkpt>
      <trkpt lat="-38.18293" lon="177.51257">
        <ele>591.8</ele>
      </trkpt>
      <trkpt lat="-38.18295" lon="177.51244">
        <ele>590.4</ele>
      </trkpt>
      <trkpt lat="-38.18288" lon="177.5124">
        <ele>590.0</ele>
      </trkpt>
      <trkpt lat="-38.18278" lon="177.51238">
        <ele>590.7</ele>
      </trkpt>
      <trkpt lat="-38.18257" lon="177.51246">
        <ele>597.1</ele>
      </trkpt>
      <trkpt lat="-38.18213" lon="177.51227">
        <ele>595.4</ele>
      </trkpt>
      <trkpt lat="-38.18197" lon="177.51195">
        <ele>586.3</ele>
      </trkpt>
      <trkpt lat="-38.18183" lon="177.51159">
        <ele>577.4</ele>
      </trkpt>
      <trkpt lat="-38.18177" lon="177.51146">
        <ele>575.5</ele>
      </trkpt>
      <trkpt lat="-38.18168" lon="177.51154">
        <ele>580.4</ele>
      </trkpt>
      <trkpt lat="-38.18166" lon="177.51173">
        <ele>585.7</ele>
      </trkpt>
      <trkpt lat="-38.1817" lon="177.51198">
        <ele>593.1</ele>
      </trkpt>
      <trkpt lat="-38.18166" lon="177.51215">
        <ele>598.8</ele>
      </trkpt>
      <trkpt lat="-38.18147" lon="177.51235">
        <ele>596.9</ele>
      </trkpt>
      <trkpt lat="-38.18111" lon="177.51248">
        <ele>585.9</ele>
      </trkpt>
      <trkpt lat="-38.1809" lon="177.5127">
        <ele>588.1</ele>
      </trkpt>
      <trkpt lat="-38.18064" lon="177.51305">
        <ele>597.7</ele>
      </trkpt>
      <trkpt lat="-38.18051" lon="177.51312">
        <ele>597.3</ele>
      </trkpt>
      <trkpt lat="-38.18008" lon="177.51322">
        <ele>589.0</ele>
      </trkpt>
      <trkpt lat="-38.17968" lon="177.51344">
        <ele>590.5</ele>
      </trkpt>
      <trkpt lat="-38.17946" lon="177.51352">
        <ele>589.2</ele>
      </trkpt>
      <trkpt lat="-38.17921" lon="177.51353">
        <ele>583.9</ele>
      </trkpt>
      <trkpt lat="-38.17903" lon="177.5135">
        <ele>579.1</ele>
      </trkpt>
      <trkpt lat="-38.17851" lon="177.51374">
        <ele>585.1</ele>
      </trkpt>
      <trkpt lat="-38.17828" lon="177.51361">
        <ele>575.4</ele>
      </trkpt>
      <trkpt lat="-38.17752" lon="177.51312">
        <ele>567.2</ele>
      </trkpt>
      <trkpt lat="-38.17728" lon="177.51294">
        <ele>566.0</ele>
      </trkpt>
      <trkpt lat="-38.17708" lon="177.51251">
        <ele>554.6</ele>
      </trkpt>
      <trkpt lat="-38.17682" lon="177.51176">
        <ele>537.8</ele>
      </trkpt>
      <trkpt lat="-38.17673" lon="177.51169">
        <ele>539.7</ele>
      </trkpt>
      <trkpt lat="-38.17652" lon="177.51167">
        <ele>542.1</ele>
      </trkpt>
      <trkpt lat="-38.17635" lon="177.51165">
        <ele>541.9</ele>
      </trkpt>
      <trkpt lat="-38.17619" lon="177.51152">
        <ele>542.2</ele>
      </trkpt>
      <trkpt lat="-38.17619" lon="177.51152">
        <ele>542.2</ele>
      </trkpt>
      <trkpt lat="-38.17628" lon="177.51134">
        <ele>541.2</ele>
      </trkpt>
      <trkpt lat="-38.17627" lon="177.51116">
        <ele>540.9</ele>
      </trkpt>
      <trkpt lat="-38.1762" lon="177.51105">
        <ele>542.7</ele>
      </trkpt>
      <trkpt lat="-38.17618" lon="177.51091">
        <ele>543.5</ele>
      </trkpt>
      <trkpt lat="-38.17622" lon="177.51076">
        <ele>542.4</ele>
      </trkpt>
      <trkpt lat="-38.17647" lon="177.51004">
        <ele>530.4</ele>
      </trkpt>
      <trkpt lat="-38.1764" lon="177.50983">
        <ele>532.2</ele>
      </trkpt>
      <trkpt lat="-38.17631" lon="177.50967">
        <ele>533.7</ele>
      </trkpt>
      <trkpt lat="-38.17631" lon="177.50948">
        <ele>530.4</ele>
      </trkpt>
      <trkpt lat="-38.17618" lon="177.50939">
        <ele>531.8</ele>
      </trkpt>
      <trkpt lat="-38.17601" lon="177.50934">
        <ele>534.1</ele>
      </trkpt>
      <trkpt lat="-38.17569" lon="177.50933">
        <ele>533.6</ele>
      </trkpt>
      <trkpt lat="-38.17537" lon="177.50952">
        <ele>535.3</ele>
      </trkpt>
      <trkpt lat="-38.17518" lon="177.50974">
        <ele>542.8</ele>
      </trkpt>
      <trkpt lat="-38.1749" lon="177.50979">
        <ele>543.7</ele>
      </trkpt>
      <trkpt lat="-38.17462" lon="177.50947">
        <ele>529.8</ele>
      </trkpt>
      <trkpt lat="-38.17435" lon="177.5094">
        <ele>529.7</ele>
      </trkpt>
      <trkpt lat="-38.17396" lon="177.50941">
        <ele>542.6</ele>
      </trkpt>
      <trkpt lat="-38.17378" lon="177.50918">
        <ele>539.6</ele>
      </trkpt>
      <trkpt lat="-38.17373" lon="177.50903">
        <ele>533.9</ele>
      </trkpt>
      <trkpt lat="-38.17364" lon="177.50885">
        <ele>527.9</ele>
      </trkpt>
      <trkpt lat="-38.17327" lon="177.50874">
        <ele>535.4</ele>
      </trkpt>
      <trkpt lat="-38.17307" lon="177.5086">
        <ele>528.4</ele>
      </trkpt>
      <trkpt lat="-38.17291" lon="177.50865">
        <ele>532.9</ele>
      </trkpt>
      <trkpt lat="-38.1728" lon="177.50871">
        <ele>537.6</ele>
      </trkpt>
      <trkpt lat="-38.17253" lon="177.50876">
        <ele>542.8</ele>
      </trkpt>
      <trkpt lat="-38.17214" lon="177.50835">
        <ele>535.1</ele>
      </trkpt>
      <trkpt lat="-38.17214" lon="177.50811">
        <ele>524.3</ele>
      </trkpt>
      <trkpt lat="-38.17196" lon="177.50771">
        <ele>517.2</ele>
      </trkpt>
      <trkpt lat="-38.17182" lon="177.5075">
        <ele>517.9</ele>
      </trkpt>
      <trkpt lat="-38.1718" lon="177.50728">
        <ele>516.0</ele>
      </trkpt>
      <trkpt lat="-38.17191" lon="177.50697">
        <ele>503.5</ele>
      </trkpt>
      <trkpt lat="-38.17188" lon="177.5068">
        <ele>503.0</ele>
      </trkpt>
      <trkpt lat="-38.17175" lon="177.5067">
        <ele>511.2</ele>
      </trkpt>
      <trkpt lat="-38.17168" lon="177.50654">
        <ele>518.9</ele>
      </trkpt>
      <trkpt lat="-38.17172" lon="177.50627">
        <ele>522.6</ele>
      </trkpt>
      <trkpt lat="-38.17164" lon="177.50614">
        <ele>530.1</ele>
      </trkpt>
      <trkpt lat="-38.17162" lon="177.50601">
        <ele>533.7</ele>
      </trkpt>
      <trkpt lat="-38.17162" lon="177.50572">
        <ele>543.0</ele>
      </trkpt>
      <trkpt lat="-38.17177" lon="177.50561">
        <ele>542.0</ele>
      </trkpt>
      <trkpt lat="-38.17216" lon="177.50545">
        <ele>531.4</ele>
      </trkpt>
      <trkpt lat="-38.17241" lon="177.50529">
        <ele>529.1</ele>
      </trkpt>
      <trkpt lat="-38.17251" lon="177.50517">
        <ele>531.9</ele>
      </trkpt>
      <trkpt lat="-38.17284" lon="177.50502">
        <ele>525.5</ele>
      </trkpt>
      <trkpt lat="-38.17312" lon="177.5046">
        <ele>519.6</ele>
      </trkpt>
      <trkpt lat="-38.1733" lon="177.50456">
        <ele>511.9</ele>
      </trkpt>
      <trkpt lat="-38.1736" lon="177.50442">
        <ele>501.1</ele>
      </trkpt>
      <trkpt lat="-38.17367" lon="177.50421">
        <ele>500.4</ele>
      </trkpt>
      <trkpt lat="-38.17354" lon="177.50413">
        <ele>505.3</ele>
      </trkpt>
      <trkpt lat="-38.17337" lon="177.50395">
        <ele>504.8</ele>
      </trkpt>
      <trkpt lat="-38.17322" lon="177.5037">
        <ele>501.4</ele>
      </trkpt>
      <trkpt lat="-38.17327" lon="177.5035">
        <ele>489.2</ele>
      </trkpt>
      <trkpt lat="-38.17327" lon="177.50333">
        <ele>481.6</ele>
      </trkpt>
      <trkpt lat="-38.1731" lon="177.50332">
        <ele>493.8</ele>
      </trkpt>
      <trkpt lat="-38.17283" lon="177.50321">
        <ele>513.3</ele>
      </trkpt>
      <trkpt lat="-38.17276" lon="177.50315">
        <ele>518.5</ele>
      </trkpt>
      <trkpt lat="-38.17285" lon="177.50312">
        <ele>511.8</ele>
      </trkpt>
      <trkpt lat="-38.17275" lon="177.50298">
        <ele>519.4</ele>
      </trkpt>
      <trkpt lat="-38.17284" lon="177.5027">
        <ele>512.6</ele>
      </trkpt>
      <trkpt lat="-38.1729" lon="177.50231">
        <ele>512.0</ele>
      </trkpt>
      <trkpt lat="-38.17291" lon="177.50215">
        <ele>514.7</ele>
      </trkpt>
      <trkpt lat="-38.17315" lon="177.50183">
        <ele>507.8</ele>
      </trkpt>
      <trkpt lat="-38.17314" lon="177.50171">
        <ele>511.9</ele>
      </trkpt>
      <trkpt lat="-38.17301" lon="177.50166">
        <ele>520.3</ele>
      </trkpt>
      <trkpt lat="-38.17311" lon="177.50153">
        <ele>519.3</ele>
      </trkpt>
      <trkpt lat="-38.1736" lon="177.50136">
        <ele>501.5</ele>
      </trkpt>
      <trkpt lat="-38.17376" lon="177.50124">
        <ele>498.2</ele>
      </trkpt>
      <trkpt lat="-38.17394" lon="177.50101">
        <ele>498.8</ele>
      </trkpt>
      <trkpt lat="-38.1741" lon="177.50066">
        <ele>502.0</ele>
      </trkpt>
      <trkpt lat="-38.17428" lon="177.50045">
        <ele>498.0</ele>
      </trkpt>
      <trkpt lat="-38.17441" lon="177.50027">
        <ele>496.0</ele>
      </trkpt>
      <trkpt lat="-38.17488" lon="177.49974">
        <ele>487.6</ele>
      </trkpt>
      <trkpt lat="-38.175" lon="177.49936">
        <ele>493.9</ele>
      </trkpt>
      <trkpt lat="-38.17532" lon="177.49898">
        <ele>486.8</ele>
      </trkpt>
      <trkpt lat="-38.17546" lon="177.49886">
        <ele>483.8</ele>
      </trkpt>
      <trkpt lat="-38.17568" lon="177.49858">
        <ele>484.5</ele>
      </trkpt>
      <trkpt lat="-38.17592" lon="177.49832">
        <ele>486.5</ele>
      </trkpt>
      <trkpt lat="-38.17597" lon="177.49812">
        <ele>485.4</ele>
      </trkpt>
      <trkpt lat="-38.17607" lon="177.49799">
        <ele>483.4</ele>
      </trkpt>
      <trkpt lat="-38.17612" lon="177.49783">
        <ele>483.9</ele>
      </trkpt>
      <trkpt lat="-38.17579" lon="177.49753">
        <ele>487.8</ele>
      </trkpt>
      <trkpt lat="-38.17564" lon="177.49749">
        <ele>483.2</ele>
      </trkpt>
      <trkpt lat="-38.17536" lon="177.49746">
        <ele>474.3</ele>
      </trkpt>
      <trkpt lat="-38.17523" lon="177.49763">
        <ele>474.7</ele>
      </trkpt>
      <trkpt lat="-38.17499" lon="177.49809">
        <ele>483.8</ele>
      </trkpt>
      <trkpt lat="-38.17464" lon="177.49804">
        <ele>470.9</ele>
      </trkpt>
      <trkpt lat="-38.17451" lon="177.49822">
        <ele>472.1</ele>
      </trkpt>
      <trkpt lat="-38.17431" lon="177.49873">
        <ele>482.4</ele>
      </trkpt>
      <trkpt lat="-38.17417" lon="177.49879">
        <ele>482.1</ele>
      </trkpt>
      <trkpt lat="-38.17405" lon="177.49891">
        <ele>486.1</ele>
      </trkpt>
      <trkpt lat="-38.17398" lon="177.49906">
        <ele>490.2</ele>
      </trkpt>
      <trkpt lat="-38.17383" lon="177.49925">
        <ele>493.0</ele>
      </trkpt>
      <trkpt lat="-38.17371" lon="177.49929">
        <ele>492.1</ele>
      </trkpt>
      <trkpt lat="-38.17334" lon="177.49917">
        <ele>481.3</ele>
      </trkpt>
      <trkpt lat="-38.17327" lon="177.49899">
        <ele>484.4</ele>
      </trkpt>
      <trkpt lat="-38.17347" lon="177.49892">
        <ele>482.3</ele>
      </trkpt>
      <trkpt lat="-38.17362" lon="177.49881">
        <ele>481.9</ele>
      </trkpt>
      <trkpt lat="-38.17371" lon="177.49869">
        <ele>480.0</ele>
      </trkpt>
      <trkpt lat="-38.17363" lon="177.49858">
        <ele>478.9</ele>
      </trkpt>
      <trkpt lat="-38.17339" lon="177.49835">
        <ele>480.8</ele>
      </trkpt>
      <trkpt lat="-38.17333" lon="177.49809">
        <ele>478.3</ele>
      </trkpt>
      <trkpt lat="-38.17345" lon="177.49803">
        <ele>474.2</ele>
      </trkpt>
      <trkpt lat="-38.17349" lon="177.49767">
        <ele>466.6</ele>
      </trkpt>
      <trkpt lat="-38.17336" lon="177.49741">
        <ele>465.1</ele>
      </trkpt>
      <trkpt lat="-38.17342" lon="177.49728">
        <ele>458.8</ele>
      </trkpt>
      <trkpt lat="-38.17347" lon="177.49711">
        <ele>451.7</ele>
      </trkpt>
      <trkpt lat="-38.17349" lon="177.49696">
        <ele>446.3</ele>
      </trkpt>
      <trkpt lat="-38.17345" lon="177.49675">
        <ele>440.6</ele>
      </trkpt>
      <trkpt lat="-38.17313" lon="177.49655">
        <ele>432.4</ele>
      </trkpt>
      <trkpt lat="-38.17305" lon="177.49669">
        <ele>437.2</ele>
      </trkpt>
      <trkpt lat="-38.17294" lon="177.4968">
        <ele>440.0</ele>
      </trkpt>
      <trkpt lat="-38.17284" lon="177.49692">
        <ele>443.9</ele>
      </trkpt>
      <trkpt lat="-38.17257" lon="177.4974">
        <ele>464.9</ele>
      </trkpt>
      <trkpt lat="-38.17212" lon="177.49758">
        <ele>472.5</ele>
      </trkpt>
      <trkpt lat="-38.17203" lon="177.49755">
        <ele>470.9</ele>
      </trkpt>
      <trkpt lat="-38.17188" lon="177.49767">
        <ele>475.0</ele>
      </trkpt>
      <trkpt lat="-38.17174" lon="177.49755">
        <ele>469.9</ele>
      </trkpt>
      <trkpt lat="-38.1717" lon="177.49724">
        <ele>458.3</ele>
      </trkpt>
      <trkpt lat="-38.17165" lon="177.49687">
        <ele>444.9</ele>
      </trkpt>
      <trkpt lat="-38.17168" lon="177.49664">
        <ele>436.0</ele>
      </trkpt>
      <trkpt lat="-38.1715" lon="177.49636">
        <ele>430.6</ele>
      </trkpt>
      <trkpt lat="-38.1712" lon="177.49642">
        <ele>437.2</ele>
      </trkpt>
      <trkpt lat="-38.17078" lon="177.4967">
        <ele>451.0</ele>
      </trkpt>
      <trkpt lat="-38.17037" lon="177.49698">
        <ele>463.3</ele>
      </trkpt>
      <trkpt lat="-38.16994" lon="177.49763">
        <ele>480.1</ele>
      </trkpt>
      <trkpt lat="-38.16985" lon="177.4974">
        <ele>477.0</ele>
      </trkpt>
      <trkpt lat="-38.17004" lon="177.49688">
        <ele>460.5</ele>
      </trkpt>
      <trkpt lat="-38.17017" lon="177.49665">
        <ele>454.6</ele>
      </trkpt>
      <trkpt lat="-38.17029" lon="177.49639">
        <ele>452.8</ele>
      </trkpt>
      <trkpt lat="-38.17032" lon="177.49618">
        <ele>451.3</ele>
      </trkpt>
      <trkpt lat="-38.17053" lon="177.49603">
        <ele>443.8</ele>
      </trkpt>
      <trkpt lat="-38.17081" lon="177.49578">
        <ele>431.7</ele>
      </trkpt>
      <trkpt lat="-38.17077" lon="177.49559">
        <ele>439.8</ele>
      </trkpt>
      <trkpt lat="-38.17109" lon="177.49535">
        <ele>438.8</ele>
      </trkpt>
      <trkpt lat="-38.17143" lon="177.49508">
        <ele>437.6</ele>
      </trkpt>
      <trkpt lat="-38.17162" lon="177.49506">
        <ele>432.8</ele>
      </trkpt>
      <trkpt lat="-38.17185" lon="177.49507">
        <ele>424.3</ele>
      </trkpt>
      <trkpt lat="-38.17216" lon="177.49483">
        <ele>413.9</ele>
      </trkpt>
      <trkpt lat="-38.17239" lon="177.49459">
        <ele>404.0</ele>
      </trkpt>
      <trkpt lat="-38.1724" lon="177.49439">
        <ele>403.4</ele>
      </trkpt>
      <trkpt lat="-38.17219" lon="177.49424">
        <ele>413.8</ele>
      </trkpt>
      <trkpt lat="-38.17184" lon="177.49416">
        <ele>432.0</ele>
      </trkpt>
      <trkpt lat="-38.17182" lon="177.49404">
        <ele>431.8</ele>
      </trkpt>
      <trkpt lat="-38.1719" lon="177.49382">
        <ele>424.8</ele>
      </trkpt>
      <trkpt lat="-38.17191" lon="177.49353">
        <ele>420.6</ele>
      </trkpt>
      <trkpt lat="-38.17191" lon="177.49325">
        <ele>416.1</ele>
      </trkpt>
      <trkpt lat="-38.17194" lon="177.49313">
        <ele>411.1</ele>
      </trkpt>
      <trkpt lat="-38.17205" lon="177.49282">
        <ele>396.6</ele>
      </trkpt>
      <trkpt lat="-38.17177" lon="177.4926">
        <ele>408.6</ele>
      </trkpt>
      <trkpt lat="-38.17161" lon="177.49252">
        <ele>416.3</ele>
      </trkpt>
      <trkpt lat="-38.17153" lon="177.49232">
        <ele>417.6</ele>
      </trkpt>
      <trkpt lat="-38.17171" lon="177.49196">
        <ele>399.3</ele>
      </trkpt>
      <trkpt lat="-38.17161" lon="177.49189">
        <ele>404.2</ele>
      </trkpt>
      <trkpt lat="-38.17136" lon="177.49177">
        <ele>419.5</ele>
      </trkpt>
      <trkpt lat="-38.17126" lon="177.49158">
        <ele>427.9</ele>
      </trkpt>
      <trkpt lat="-38.17127" lon="177.49138">
        <ele>434.2</ele>
      </trkpt>
      <trkpt lat="-38.17149" lon="177.49132">
        <ele>420.2</ele>
      </trkpt>
      <trkpt lat="-38.1716" lon="177.49122">
        <ele>415.4</ele>
      </trkpt>
      <trkpt lat="-38.17178" lon="177.4909">
        <ele>415.9</ele>
      </trkpt>
      <trkpt lat="-38.1718" lon="177.49073">
        <ele>420.3</ele>
      </trkpt>
      <trkpt lat="-38.1718" lon="177.49066">
        <ele>422.3</ele>
      </trkpt>
      <trkpt lat="-38.17198" lon="177.49048">
        <ele>420.0</ele>
      </trkpt>
      <trkpt lat="-38.17211" lon="177.49044">
        <ele>415.7</ele>
      </trkpt>
      <trkpt lat="-38.1723" lon="177.49044">
        <ele>407.7</ele>
      </trkpt>
      <trkpt lat="-38.17233" lon="177.49031">
        <ele>410.4</ele>
      </trkpt>
      <trkpt lat="-38.17235" lon="177.48996">
        <ele>419.7</ele>
      </trkpt>
      <trkpt lat="-38.17221" lon="177.48968">
        <ele>428.9</ele>
      </trkpt>
      <trkpt lat="-38.17226" lon="177.48956">
        <ele>428.7</ele>
      </trkpt>
      <trkpt lat="-38.17214" lon="177.48907">
        <ele>438.9</ele>
      </trkpt>
      <trkpt lat="-38.17193" lon="177.4888">
        <ele>447.7</ele>
      </trkpt>
      <trkpt lat="-38.17235" lon="177.48908">
        <ele>433.9</ele>
      </trkpt>
      <trkpt lat="-38.17245" lon="177.48929">
        <ele>427.2</ele>
      </trkpt>
      <trkpt lat="-38.17251" lon="177.48931">
        <ele>425.8</ele>
      </trkpt>
      <trkpt lat="-38.17259" lon="177.48975">
        <ele>419.8</ele>
      </trkpt>
      <trkpt lat="-38.17268" lon="177.49022">
        <ele>408.7</ele>
      </trkpt>
      <trkpt lat="-38.17278" lon="177.49026">
        <ele>408.5</ele>
      </trkpt>
      <trkpt lat="-38.17298" lon="177.49029">
        <ele>409.7</ele>
      </trkpt>
      <trkpt lat="-38.17312" lon="177.49052">
        <ele>399.5</ele>
      </trkpt>
      <trkpt lat="-38.17325" lon="177.49064">
        <ele>393.3</ele>
      </trkpt>
      <trkpt lat="-38.17356" lon="177.49067">
        <ele>386.8</ele>
      </trkpt>
      <trkpt lat="-38.17371" lon="177.49064">
        <ele>385.4</ele>
      </trkpt>
      <trkpt lat="-38.17382" lon="177.49059">
        <ele>386.2</ele>
      </trkpt>
      <trkpt lat="-38.17391" lon="177.4905">
        <ele>390.1</ele>
      </trkpt>
      <trkpt lat="-38.17404" lon="177.49045">
        <ele>390.8</ele>
      </trkpt>
      <trkpt lat="-38.17417" lon="177.49031">
        <ele>397.5</ele>
      </trkpt>
      <trkpt lat="-38.17432" lon="177.49018">
        <ele>403.5</ele>
      </trkpt>
      <trkpt lat="-38.17437" lon="177.49007">
        <ele>409.6</ele>
      </trkpt>
      <trkpt lat="-38.17446" lon="177.49003">
        <ele>410.5</ele>
      </trkpt>
      <trkpt lat="-38.17486" lon="177.48998">
        <ele>405.8</ele>
      </trkpt>
      <trkpt lat="-38.17506" lon="177.49007">
        <ele>398.2</ele>
      </trkpt>
      <trkpt lat="-38.17526" lon="177.49022">
        <ele>389.9</ele>
      </trkpt>
      <trkpt lat="-38.17539" lon="177.4902">
        <ele>391.2</ele>
      </trkpt>
      <trkpt lat="-38.17551" lon="177.49015">
        <ele>394.5</ele>
      </trkpt>
      <trkpt lat="-38.17554" lon="177.48997">
        <ele>405.4</ele>
      </trkpt>
      <trkpt lat="-38.17578" lon="177.49017">
        <ele>393.7</ele>
      </trkpt>
      <trkpt lat="-38.17611" lon="177.49026">
        <ele>383.3</ele>
      </trkpt>
      <trkpt lat="-38.17625" lon="177.48998">
        <ele>397.3</ele>
      </trkpt>
      <trkpt lat="-38.17621" lon="177.49016">
        <ele>387.7</ele>
      </trkpt>
      <trkpt lat="-38.17635" lon="177.4903">
        <ele>377.1</ele>
      </trkpt>
      <trkpt lat="-38.17649" lon="177.49033">
        <ele>373.3</ele>
      </trkpt>
      <trkpt lat="-38.1766" lon="177.49029">
        <ele>373.7</ele>
      </trkpt>
      <trkpt lat="-38.1767" lon="177.49025">
        <ele>373.8</ele>
      </trkpt>
      <trkpt lat="-38.17679" lon="177.49019">
        <ele>374.1</ele>
      </trkpt>
      <trkpt lat="-38.17689" lon="177.49015">
        <ele>372.8</ele>
      </trkpt>
      <trkpt lat="-38.17698" lon="177.49009">
        <ele>372.6</ele>
      </trkpt>
      <trkpt lat="-38.17703" lon="177.48992">
        <ele>378.0</ele>
      </trkpt>
      <trkpt lat="-38.17704" lon="177.48973">
        <ele>385.0</ele>
      </trkpt>
      <trkpt lat="-38.17703" lon="177.48958">
        <ele>391.2</ele>
      </trkpt>
      <trkpt lat="-38.17726" lon="177.48938">
        <ele>389.8</ele>
      </trkpt>
      <trkpt lat="-38.17738" lon="177.48929">
        <ele>388.4</ele>
      </trkpt>
      <trkpt lat="-38.17751" lon="177.48899">
        <ele>395.2</ele>
      </trkpt>
      <trkpt lat="-38.17757" lon="177.48898">
        <ele>394.1</ele>
      </trkpt>
      <trkpt lat="-38.17781" lon="177.48931">
        <ele>375.4</ele>
      </trkpt>
      <trkpt lat="-38.17801" lon="177.48943">
        <ele>366.3</ele>
      </trkpt>
      <trkpt lat="-38.17811" lon="177.48937">
        <ele>366.0</ele>
      </trkpt>
      <trkpt lat="-38.1782" lon="177.48929">
        <ele>366.8</ele>
      </trkpt>
      <trkpt lat="-38.17839" lon="177.48916">
        <ele>365.9</ele>
      </trkpt>
      <trkpt lat="-38.1785" lon="177.48898">
        <ele>367.9</ele>
      </trkpt>
      <trkpt lat="-38.17851" lon="177.48886">
        <ele>371.9</ele>
      </trkpt>
      <trkpt lat="-38.17864" lon="177.48879">
        <ele>369.0</ele>
      </trkpt>
      <trkpt lat="-38.17875" lon="177.48876">
        <ele>365.4</ele>
      </trkpt>
      <trkpt lat="-38.17883" lon="177.4886">
        <ele>367.8</ele>
      </trkpt>
      <trkpt lat="-38.17887" lon="177.48834">
        <ele>375.6</ele>
      </trkpt>
      <trkpt lat="-38.17897" lon="177.48821">
        <ele>370.9</ele>
      </trkpt>
      <trkpt lat="-38.17908" lon="177.48814">
        <ele>365.3</ele>
      </trkpt>
      <trkpt lat="-38.17918" lon="177.48801">
        <ele>359.0</ele>
      </trkpt>
      <trkpt lat="-38.17921" lon="177.48786">
        <ele>355.6</ele>
      </trkpt>
      <trkpt lat="-38.1792" lon="177.48768">
        <ele>354.6</ele>
      </trkpt>
      <trkpt lat="-38.17905" lon="177.48733">
        <ele>358.1</ele>
      </trkpt>
      <trkpt lat="-38.17898" lon="177.48708">
        <ele>356.7</ele>
      </trkpt>
      <trkpt lat="-38.17883" lon="177.48683">
        <ele>361.6</ele>
      </trkpt>
      <trkpt lat="-38.17868" lon="177.48655">
        <ele>370.3</ele>
      </trkpt>
      <trkpt lat="-38.17877" lon="177.48622">
        <ele>367.5</ele>
      </trkpt>
      <trkpt lat="-38.17885" lon="177.4862">
        <ele>362.5</ele>
      </trkpt>
      <trkpt lat="-38.17894" lon="177.48609">
        <ele>358.3</ele>
      </trkpt>
      <trkpt lat="-38.17905" lon="177.48592">
        <ele>354.3</ele>
      </trkpt>
      <trkpt lat="-38.17924" lon="177.48524">
        <ele>351.8</ele>
      </trkpt>
      <trkpt lat="-38.17946" lon="177.48457">
        <ele>342.9</ele>
      </trkpt>
      <trkpt lat="-38.17959" lon="177.48451">
        <ele>337.1</ele>
      </trkpt>
      <trkpt lat="-38.17969" lon="177.48426">
        <ele>333.6</ele>
      </trkpt>
      <trkpt lat="-38.17974" lon="177.484">
        <ele>330.5</ele>
      </trkpt>
      <trkpt lat="-38.17971" lon="177.48375">
        <ele>329.2</ele>
      </trkpt>
      <trkpt lat="-38.17965" lon="177.4835">
        <ele>328.3</ele>
      </trkpt>
      <trkpt lat="-38.17952" lon="177.48342">
        <ele>330.5</ele>
      </trkpt>
      <trkpt lat="-38.17927" lon="177.48342">
        <ele>336.4</ele>
      </trkpt>
      <trkpt lat="-38.1789" lon="177.48374">
        <ele>336.0</ele>
      </trkpt>
      <trkpt lat="-38.17881" lon="177.48397">
        <ele>338.3</ele>
      </trkpt>
      <trkpt lat="-38.1786" lon="177.48436">
        <ele>342.7</ele>
      </trkpt>
      <trkpt lat="-38.17845" lon="177.48445">
        <ele>343.0</ele>
      </trkpt>
      <trkpt lat="-38.17831" lon="177.48446">
        <ele>341.6</ele>
      </trkpt>
      <trkpt lat="-38.17814" lon="177.48453">
        <ele>346.3</ele>
      </trkpt>
      <trkpt lat="-38.17802" lon="177.48462">
        <ele>351.2</ele>
      </trkpt>
      <trkpt lat="-38.17809" lon="177.48412">
        <ele>329.5</ele>
      </trkpt>
      <trkpt lat="-38.17805" lon="177.48381">
        <ele>320.2</ele>
      </trkpt>
      <trkpt lat="-38.17787" lon="177.48392">
        <ele>325.3</ele>
      </trkpt>
      <trkpt lat="-38.17757" lon="177.48425">
        <ele>340.4</ele>
      </trkpt>
      <trkpt lat="-38.17752" lon="177.48433">
        <ele>344.1</ele>
      </trkpt>
      <trkpt lat="-38.17762" lon="177.48373">
        <ele>320.5</ele>
      </trkpt>
      <trkpt lat="-38.17757" lon="177.48351">
        <ele>312.5</ele>
      </trkpt>
      <trkpt lat="-38.17729" lon="177.4833">
        <ele>307.8</ele>
      </trkpt>
      <trkpt lat="-38.17701" lon="177.48316">
        <ele>306.2</ele>
      </trkpt>
      <trkpt lat="-38.1768" lon="177.48308">
        <ele>305.5</ele>
      </trkpt>
      <trkpt lat="-38.17662" lon="177.48316">
        <ele>307.8</ele>
      </trkpt>
      <trkpt lat="-38.17654" lon="177.48326">
        <ele>307.3</ele>
      </trkpt>
      <trkpt lat="-38.17643" lon="177.48341">
        <ele>307.4</ele>
      </trkpt>
      <trkpt lat="-38.17628" lon="177.48369">
        <ele>311.9</ele>
      </trkpt>
      <trkpt lat="-38.17622" lon="177.48386">
        <ele>316.6</ele>
      </trkpt>
      <trkpt lat="-38.17607" lon="177.484">
        <ele>314.9</ele>
      </trkpt>
      <trkpt lat="-38.17591" lon="177.48407">
        <ele>309.4</ele>
      </trkpt>
      <trkpt lat="-38.17571" lon="177.48423">
        <ele>309.6</ele>
      </trkpt>
      <trkpt lat="-38.17538" lon="177.4844">
        <ele>307.3</ele>
      </trkpt>
      <trkpt lat="-38.17517" lon="177.48459">
        <ele>308.1</ele>
      </trkpt>
      <trkpt lat="-38.17512" lon="177.48476">
        <ele>312.8</ele>
      </trkpt>
      <trkpt lat="-38.1751" lon="177.485">
        <ele>321.1</ele>
      </trkpt>
      <trkpt lat="-38.175" lon="177.48531">
        <ele>328.9</ele>
      </trkpt>
      <trkpt lat="-38.17496" lon="177.48477">
        <ele>311.1</ele>
      </trkpt>
      <trkpt lat="-38.17466" lon="177.48422">
        <ele>309.3</ele>
      </trkpt>
      <trkpt lat="-38.17459" lon="177.48357">
        <ele>295.8</ele>
      </trkpt>
      <trkpt lat="-38.17436" lon="177.48309">
        <ele>303.8</ele>
      </trkpt>
      <trkpt lat="-38.17442" lon="177.48259">
        <ele>293.1</ele>
      </trkpt>
      <trkpt lat="-38.17444" lon="177.48235">
        <ele>287.7</ele>
      </trkpt>
      <trkpt lat="-38.17439" lon="177.48203">
        <ele>285.8</ele>
      </trkpt>
      <trkpt lat="-38.17443" lon="177.48172">
        <ele>277.3</ele>
      </trkpt>
      <trkpt lat="-38.17424" lon="177.48143">
        <ele>281.3</ele>
      </trkpt>
      <trkpt lat="-38.17407" lon="177.48145">
        <ele>292.1</ele>
      </trkpt>
      <trkpt lat="-38.17391" lon="177.48136">
        <ele>298.4</ele>
      </trkpt>
      <trkpt lat="-38.17383" lon="177.48116">
        <ele>297.2</ele>
      </trkpt>
      <trkpt lat="-38.17387" lon="177.48054">
        <ele>287.2</ele>
      </trkpt>
      <trkpt lat="-38.17398" lon="177.48016">
        <ele>284.5</ele>
      </trkpt>
      <trkpt lat="-38.17414" lon="177.48007">
        <ele>278.2</ele>
      </trkpt>
      <trkpt lat="-38.17419" lon="177.47994">
        <ele>276.7</ele>
      </trkpt>
      <trkpt lat="-38.17426" lon="177.47981">
        <ele>272.4</ele>
      </trkpt>
      <trkpt lat="-38.1743" lon="177.47965">
        <ele>271.1</ele>
      </trkpt>
      <trkpt lat="-38.17433" lon="177.47948">
        <ele>270.9</ele>
      </trkpt>
      <trkpt lat="-38.17443" lon="177.47904">
        <ele>268.1</ele>
      </trkpt>
      <trkpt lat="-38.17445" lon="177.47879">
        <ele>267.0</ele>
      </trkpt>
      <trkpt lat="-38.17454" lon="177.47839">
        <ele>261.9</ele>
      </trkpt>
      <trkpt lat="-38.17455" lon="177.47823">
        <ele>261.2</ele>
      </trkpt>
      <trkpt lat="-38.17457" lon="177.47806">
        <ele>260.0</ele>
      </trkpt>
      <trkpt lat="-38.17464" lon="177.47791">
        <ele>257.8</ele>
      </trkpt>
      <trkpt lat="-38.17468" lon="177.47779">
        <ele>257.4</ele>
      </trkpt>
      <trkpt lat="-38.17476" lon="177.47769">
        <ele>257.0</ele>
      </trkpt>
      <trkpt lat="-38.17482" lon="177.47757">
        <ele>258.1</ele>
      </trkpt>
      <trkpt lat="-38.17491" lon="177.47748">
        <ele>259.0</ele>
      </trkpt>
      <trkpt lat="-38.17502" lon="177.47727">
        <ele>257.9</ele>
      </trkpt>
      <trkpt lat="-38.175" lon="177.47709">
        <ele>259.0</ele>
      </trkpt>
      <trkpt lat="-38.17489" lon="177.47703">
        <ele>255.6</ele>
      </trkpt>
      <trkpt lat="-38.17479" lon="177.47708">
        <ele>253.3</ele>
      </trkpt>
      <trkpt lat="-38.17445" lon="177.47735">
        <ele>254.1</ele>
      </trkpt>
      <trkpt lat="-38.17432" lon="177.47741">
        <ele>255.7</ele>
      </trkpt>
      <trkpt lat="-38.17418" lon="177.4775">
        <ele>260.0</ele>
      </trkpt>
      <trkpt lat="-38.17408" lon="177.47761">
        <ele>259.0</ele>
      </trkpt>
      <trkpt lat="-38.17383" lon="177.47785">
        <ele>254.5</ele>
      </trkpt>
      <trkpt lat="-38.17374" lon="177.47798">
        <ele>254.6</ele>
      </trkpt>
      <trkpt lat="-38.17364" lon="177.47808">
        <ele>253.4</ele>
      </trkpt>
      <trkpt lat="-38.17348" lon="177.47835">
        <ele>255.7</ele>
      </trkpt>
      <trkpt lat="-38.17338" lon="177.47844">
        <ele>255.1</ele>
      </trkpt>
      <trkpt lat="-38.17325" lon="177.47873">
        <ele>262.3</ele>
      </trkpt>
      <trkpt lat="-38.17314" lon="177.47888">
        <ele>263.7</ele>
      </trkpt>
      <trkpt lat="-38.1729" lon="177.47902">
        <ele>257.9</ele>
      </trkpt>
      <trkpt lat="-38.17271" lon="177.47916">
        <ele>252.2</ele>
      </trkpt>
      <trkpt lat="-38.1726" lon="177.47929">
        <ele>253.1</ele>
      </trkpt>
      <trkpt lat="-38.1725" lon="177.47937">
        <ele>252.5</ele>
      </trkpt>
      <trkpt lat="-38.17238" lon="177.47953">
        <ele>259.2</ele>
      </trkpt>
      <trkpt lat="-38.17206" lon="177.47998">
        <ele>264.0</ele>
      </trkpt>
      <trkpt lat="-38.17197" lon="177.48021">
        <ele>268.4</ele>
      </trkpt>
      <trkpt lat="-38.17178" lon="177.48031">
        <ele>263.3</ele>
      </trkpt>
      <trkpt lat="-38.17159" lon="177.48011">
        <ele>252.8</ele>
      </trkpt>
      <trkpt lat="-38.17148" lon="177.47994">
        <ele>254.2</ele>
      </trkpt>
      <trkpt lat="-38.17161" lon="177.47977">
        <ele>250.6</ele>
      </trkpt>
      <trkpt lat="-38.17186" lon="177.47971">
        <ele>253.4</ele>
      </trkpt>
      <trkpt lat="-38.17188" lon="177.47958">
        <ele>253.1</ele>
      </trkpt>
      <trkpt lat="-38.17213" lon="177.47913">
        <ele>247.3</ele>
      </trkpt>
      <trkpt lat="-38.17235" lon="177.47895">
        <ele>243.3</ele>
      </trkpt>
      <trkpt lat="-38.17244" lon="177.47869">
        <ele>238.8</ele>
      </trkpt>
      <trkpt lat="-38.17251" lon="177.47855">
        <ele>234.9</ele>
      </trkpt>
      <trkpt lat="-38.17272" lon="177.47798">
        <ele>240.6</ele>
      </trkpt>
      <trkpt lat="-38.17282" lon="177.47776">
        <ele>240.8</ele>
      </trkpt>
      <trkpt lat="-38.17275" lon="177.47756">
        <ele>244.3</ele>
      </trkpt>
      <trkpt lat="-38.1727" lon="177.47736">
        <ele>251.2</ele>
      </trkpt>
      <trkpt lat="-38.173" lon="177.47706">
        <ele>242.8</ele>
      </trkpt>
      <trkpt lat="-38.17303" lon="177.47688">
        <ele>244.6</ele>
      </trkpt>
      <trkpt lat="-38.17317" lon="177.4767">
        <ele>238.7</ele>
      </trkpt>
      <trkpt lat="-38.1733" lon="177.47655">
        <ele>232.2</ele>
      </trkpt>
      <trkpt lat="-38.17334" lon="177.47627">
        <ele>234.4</ele>
      </trkpt>
      <trkpt lat="-38.17347" lon="177.4761">
        <ele>231.9</ele>
      </trkpt>
      <trkpt lat="-38.17361" lon="177.4758">
        <ele>227.8</ele>
      </trkpt>
      <trkpt lat="-38.17365" lon="177.47559">
        <ele>225.6</ele>
      </trkpt>
      <trkpt lat="-38.17366" lon="177.47518">
        <ele>224.9</ele>
      </trkpt>
      <trkpt lat="-38.17383" lon="177.47457">
        <ele>215.8</ele>
      </trkpt>
      <trkpt lat="-38.17384" lon="177.47388">
        <ele>214.4</ele>
      </trkpt>
      <trkpt lat="-38.17395" lon="177.4734">
        <ele>199.3</ele>
      </trkpt>
      <trkpt lat="-38.17403" lon="177.47282">
        <ele>194.8</ele>
      </trkpt>
      <trkpt lat="-38.174" lon="177.47255">
        <ele>199.1</ele>
      </trkpt>
      <trkpt lat="-38.17402" lon="177.47219">
        <ele>207.7</ele>
      </trkpt>
      <trkpt lat="-38.1741" lon="177.47208">
        <ele>204.3</ele>
      </trkpt>
      <trkpt lat="-38.17429" lon="177.47171">
        <ele>204.2</ele>
      </trkpt>
      <trkpt lat="-38.17457" lon="177.47101">
        <ele>203.3</ele>
      </trkpt>
      <trkpt lat="-38.1749" lon="177.47057">
        <ele>185.0</ele>
      </trkpt>
      <trkpt lat="-38.17472" lon="177.46984">
        <ele>192.6</ele>
      </trkpt>
      <trkpt lat="-38.17478" lon="177.46909">
        <ele>182.7</ele>
      </trkpt>
      <trkpt lat="-38.17482" lon="177.46892">
        <ele>177.7</ele>
      </trkpt>
      <trkpt lat="-38.17463" lon="177.46872">
        <ele>181.7</ele>
      </trkpt>
      <trkpt lat="-38.17454" lon="177.46881">
        <ele>187.6</ele>
      </trkpt>
      <trkpt lat="-38.17458" lon="177.46898">
        <ele>190.4</ele>
      </trkpt>
      <trkpt lat="-38.17449" lon="177.46894">
        <ele>193.5</ele>
      </trkpt>
      <trkpt lat="-38.1744" lon="177.46863">
        <ele>187.7</ele>
      </trkpt>
      <trkpt lat="-38.17375" lon="177.46806">
        <ele>182.2</ele>
      </trkpt>
      <trkpt lat="-38.17338" lon="177.4678">
        <ele>172.7</ele>
      </trkpt>
      <trkpt lat="-38.17273" lon="177.46772">
        <ele>171.6</ele>
      </trkpt>
      <trkpt lat="-38.17261" lon="177.46782">
        <ele>177.7</ele>
      </trkpt>
      <trkpt lat="-38.17226" lon="177.46787">
        <ele>176.1</ele>
      </trkpt>
      <trkpt lat="-38.17219" lon="177.468">
        <ele>180.6</ele>
      </trkpt>
      <trkpt lat="-38.17205" lon="177.46805">
        <ele>179.7</ele>
      </trkpt>
      <trkpt lat="-38.17173" lon="177.46816">
        <ele>176.5</ele>
      </trkpt>
      <trkpt lat="-38.17116" lon="177.46813">
        <ele>172.7</ele>
      </trkpt>
      <trkpt lat="-38.17053" lon="177.46799">
        <ele>166.1</ele>
      </trkpt>
      <trkpt lat="-38.17033" lon="177.46803">
        <ele>167.3</ele>
      </trkpt>
      <trkpt lat="-38.17017" lon="177.46809">
        <ele>169.1</ele>
      </trkpt>
      <trkpt lat="-38.17013" lon="177.46816">
        <ele>171.5</ele>
      </trkpt>
      <trkpt lat="-38.17011" lon="177.46842">
        <ele>181.7</ele>
      </trkpt>
      <trkpt lat="-38.17012" lon="177.46873">
        <ele>197.0</ele>
      </trkpt>
      <trkpt lat="-38.17004" lon="177.46873">
        <ele>196.3</ele>
      </trkpt>
      <trkpt lat="-38.16975" lon="177.46806">
        <ele>169.3</ele>
      </trkpt>
      <trkpt lat="-38.1696" lon="177.46799">
        <ele>168.3</ele>
      </trkpt>
      <trkpt lat="-38.16934" lon="177.46795">
        <ele>169.3</ele>
      </trkpt>
      <trkpt lat="-38.1691" lon="177.46795">
        <ele>170.0</ele>
      </trkpt>
      <trkpt lat="-38.16886" lon="177.46793">
        <ele>167.1</ele>
      </trkpt>
      <trkpt lat="-38.16848" lon="177.46794">
        <ele>163.5</ele>
      </trkpt>
      <trkpt lat="-38.16823" lon="177.46792">
        <ele>166.1</ele>
      </trkpt>
      <trkpt lat="-38.16795" lon="177.46765">
        <ele>174.2</ele>
      </trkpt>
      <trkpt lat="-38.1679" lon="177.46749">
        <ele>174.2</ele>
      </trkpt>
      <trkpt lat="-38.16788" lon="177.46717">
        <ele>171.6</ele>
      </trkpt>
      <trkpt lat="-38.16808" lon="177.46676">
        <ele>161.6</ele>
      </trkpt>
      <trkpt lat="-38.1683" lon="177.46639">
        <ele>153.3</ele>
      </trkpt>
      <trkpt lat="-38.16845" lon="177.46596">
        <ele>154.0</ele>
      </trkpt>
      <trkpt lat="-38.16843" lon="177.46585">
        <ele>152.3</ele>
      </trkpt>
      <trkpt lat="-38.16821" lon="177.46588">
        <ele>149.8</ele>
      </trkpt>
      <trkpt lat="-38.16787" lon="177.46623">
        <ele>159.3</ele>
      </trkpt>
      <trkpt lat="-38.1676" lon="177.46639">
        <ele>167.1</ele>
      </trkpt>
      <trkpt lat="-38.16727" lon="177.46646">
        <ele>172.6</ele>
      </trkpt>
      <trkpt lat="-38.16694" lon="177.46643">
        <ele>174.9</ele>
      </trkpt>
      <trkpt lat="-38.16666" lon="177.46631">
        <ele>174.5</ele>
      </trkpt>
      <trkpt lat="-38.16594" lon="177.46623">
        <ele>176.5</ele>
      </trkpt>
      <trkpt lat="-38.16544" lon="177.46626">
        <ele>173.9</ele>
      </trkpt>
      <trkpt lat="-38.16534" lon="177.46591">
        <ele>172.4</ele>
      </trkpt>
      <trkpt lat="-38.16473" lon="177.46585">
        <ele>169.3</ele>
      </trkpt>
      <trkpt lat="-38.16453" lon="177.46578">
        <ele>166.3</ele>
      </trkpt>
      <trkpt lat="-38.16446" lon="177.46484">
        <ele>174.3</ele>
      </trkpt>
      <trkpt lat="-38.16447" lon="177.46409">
        <ele>176.7</ele>
      </trkpt>
      <trkpt lat="-38.1646" lon="177.46335">
        <ele>170.6</ele>
      </trkpt>
      <trkpt lat="-38.16457" lon="177.46308">
        <ele>172.9</ele>
      </trkpt>
      <trkpt lat="-38.16436" lon="177.46281">
        <ele>170.8</ele>
      </trkpt>
      <trkpt lat="-38.16373" lon="177.46278">
        <ele>164.7</ele>
      </trkpt>
      <trkpt lat="-38.16359" lon="177.46284">
        <ele>162.9</ele>
      </trkpt>
      <trkpt lat="-38.16346" lon="177.46286">
        <ele>162.2</ele>
      </trkpt>
      <trkpt lat="-38.16319" lon="177.46281">
        <ele>163.1</ele>
      </trkpt>
      <trkpt lat="-38.16304" lon="177.46264">
        <ele>166.2</ele>
      </trkpt>
      <trkpt lat="-38.16298" lon="177.46253">
        <ele>167.9</ele>
      </trkpt>
      <trkpt lat="-38.16273" lon="177.46233">
        <ele>176.6</ele>
      </trkpt>
      <trkpt lat="-38.16199" lon="177.46244">
        <ele>160.5</ele>
      </trkpt>
      <trkpt lat="-38.16183" lon="177.46245">
        <ele>157.3</ele>
      </trkpt>
      <trkpt lat="-38.16107" lon="177.46233">
        <ele>162.3</ele>
      </trkpt>
      <trkpt lat="-38.16054" lon="177.46226">
        <ele>163.5</ele>
      </trkpt>
      <trkpt lat="-38.16001" lon="177.46219">
        <ele>163.3</ele>
      </trkpt>
      <trkpt lat="-38.1596" lon="177.46222">
        <ele>160.5</ele>
      </trkpt>
      <trkpt lat="-38.15936" lon="177.46226">
        <ele>158.1</ele>
      </trkpt>
      <trkpt lat="-38.15904" lon="177.4622">
        <ele>159.2</ele>
      </trkpt>
      <trkpt lat="-38.15894" lon="177.46215">
        <ele>160.2</ele>
      </trkpt>
      <trkpt lat="-38.15883" lon="177.46205">
        <ele>162.3</ele>
      </trkpt>
      <trkpt lat="-38.15854" lon="177.46163">
        <ele>167.9</ele>
      </trkpt>
      <trkpt lat="-38.15847" lon="177.46157">
        <ele>166.7</ele>
      </trkpt>
      <trkpt lat="-38.15831" lon="177.46148">
        <ele>163.3</ele>
      </trkpt>
      <trkpt lat="-38.158" lon="177.46146">
        <ele>157.4</ele>
      </trkpt>
      <trkpt lat="-38.15786" lon="177.46134">
        <ele>154.2</ele>
      </trkpt>
      <trkpt lat="-38.15784" lon="177.46117">
        <ele>153.1</ele>
      </trkpt>
      <trkpt lat="-38.15802" lon="177.46084">
        <ele>155.9</ele>
      </trkpt>
      <trkpt lat="-38.15816" lon="177.46076">
        <ele>158.0</ele>
      </trkpt>
      <trkpt lat="-38.15828" lon="177.46062">
        <ele>157.7</ele>
      </trkpt>
      <trkpt lat="-38.15852" lon="177.46025">
        <ele>155.1</ele>
      </trkpt>
      <trkpt lat="-38.15855" lon="177.45957">
        <ele>151.3</ele>
      </trkpt>
      <trkpt lat="-38.1585" lon="177.45927">
        <ele>151.4</ele>
      </trkpt>
      <trkpt lat="-38.1584" lon="177.4589">
        <ele>159.1</ele>
      </trkpt>
      <trkpt lat="-38.15808" lon="177.45825">
        <ele>170.9</ele>
      </trkpt>
      <trkpt lat="-38.15797" lon="177.4581">
        <ele>173.2</ele>
      </trkpt>
      <trkpt lat="-38.15779" lon="177.45799">
        <ele>169.1</ele>
      </trkpt>
      <trkpt lat="-38.15749" lon="177.45774">
        <ele>163.2</ele>
      </trkpt>
      <trkpt lat="-38.15737" lon="177.45773">
        <ele>160.4</ele>
      </trkpt>
      <trkpt lat="-38.15724" lon="177.45778">
        <ele>155.6</ele>
      </trkpt>
      <trkpt lat="-38.15691" lon="177.45767">
        <ele>148.9</ele>
      </trkpt>
      <trkpt lat="-38.15685" lon="177.45755">
        <ele>148.3</ele>
      </trkpt>
      <trkpt lat="-38.15676" lon="177.45731">
        <ele>152.4</ele>
      </trkpt>
      <trkpt lat="-38.15655" lon="177.457">
        <ele>155.9</ele>
      </trkpt>
      <trkpt lat="-38.15646" lon="177.45693">
        <ele>155.3</ele>
      </trkpt>
      <trkpt lat="-38.15596" lon="177.45677">
        <ele>141.2</ele>
      </trkpt>
      <trkpt lat="-38.15589" lon="177.45669">
        <ele>138.4</ele>
      </trkpt>
      <trkpt lat="-38.15589" lon="177.45658">
        <ele>138.9</ele>
      </trkpt>
      <trkpt lat="-38.15592" lon="177.45648">
        <ele>140.6</ele>
      </trkpt>
      <trkpt lat="-38.15635" lon="177.45621">
        <ele>157.0</ele>
      </trkpt>
      <trkpt lat="-38.15647" lon="177.45606">
        <ele>160.8</ele>
      </trkpt>
      <trkpt lat="-38.15656" lon="177.45591">
        <ele>163.2</ele>
      </trkpt>
      <trkpt lat="-38.15672" lon="177.45553">
        <ele>164.8</ele>
      </trkpt>
      <trkpt lat="-38.15682" lon="177.45479">
        <ele>161.0</ele>
      </trkpt>
      <trkpt lat="-38.15682" lon="177.4546">
        <ele>159.4</ele>
      </trkpt>
      <trkpt lat="-38.15687" lon="177.45425">
        <ele>160.5</ele>
      </trkpt>
      <trkpt lat="-38.15686" lon="177.45384">
        <ele>161.1</ele>
      </trkpt>
      <trkpt lat="-38.15676" lon="177.45344">
        <ele>158.4</ele>
      </trkpt>
      <trkpt lat="-38.15648" lon="177.45324">
        <ele>158.1</ele>
      </trkpt>
      <trkpt lat="-38.1562" lon="177.45322">
        <ele>156.0</ele>
      </trkpt>
      <trkpt lat="-38.15556" lon="177.45361">
        <ele>139.3</ele>
      </trkpt>
      <trkpt lat="-38.15531" lon="177.45359">
        <ele>137.4</ele>
      </trkpt>
      <trkpt lat="-38.15515" lon="177.45346">
        <ele>135.7</ele>
      </trkpt>
      <trkpt lat="-38.15505" lon="177.4532">
        <ele>136.4</ele>
      </trkpt>
      <trkpt lat="-38.15495" lon="177.45288">
        <ele>141.1</ele>
      </trkpt>
      <trkpt lat="-38.15472" lon="177.45262">
        <ele>144.2</ele>
      </trkpt>
      <trkpt lat="-38.15449" lon="177.45242">
        <ele>146.7</ele>
      </trkpt>
      <trkpt lat="-38.15419" lon="177.45239">
        <ele>145.9</ele>
      </trkpt>
      <trkpt lat="-38.15397" lon="177.45251">
        <ele>147.7</ele>
      </trkpt>
      <trkpt lat="-38.15358" lon="177.45288">
        <ele>147.9</ele>
      </trkpt>
      <trkpt lat="-38.1532" lon="177.45324">
        <ele>135.4</ele>
      </trkpt>
      <trkpt lat="-38.15279" lon="177.45357">
        <ele>142.8</ele>
      </trkpt>
      <trkpt lat="-38.15268" lon="177.45356">
        <ele>144.1</ele>
      </trkpt>
      <trkpt lat="-38.15259" lon="177.45349">
        <ele>145.2</ele>
      </trkpt>
      <trkpt lat="-38.15249" lon="177.45324">
        <ele>149.9</ele>
      </trkpt>
      <trkpt lat="-38.15243" lon="177.45296">
        <ele>159.1</ele>
      </trkpt>
      <trkpt lat="-38.15237" lon="177.45231">
        <ele>182.5</ele>
      </trkpt>
      <trkpt lat="-38.15231" lon="177.45166">
        <ele>212.7</ele>
      </trkpt>
      <trkpt lat="-38.15216" lon="177.45126">
        <ele>203.8</ele>
      </trkpt>
      <trkpt lat="-38.1519" lon="177.4507">
        <ele>187.5</ele>
      </trkpt>
      <trkpt lat="-38.15164" lon="177.45028">
        <ele>187.6</ele>
      </trkpt>
      <trkpt lat="-38.1514" lon="177.45019">
        <ele>179.3</ele>
      </trkpt>
      <trkpt lat="-38.15113" lon="177.45025">
        <ele>164.2</ele>
      </trkpt>
      <trkpt lat="-38.15072" lon="177.45049">
        <ele>147.5</ele>
      </trkpt>
      <trkpt lat="-38.15063" lon="177.45062">
        <ele>146.0</ele>
      </trkpt>
      <trkpt lat="-38.1503" lon="177.45093">
        <ele>143.4</ele>
      </trkpt>
      <trkpt lat="-38.14989" lon="177.45122">
        <ele>139.8</ele>
      </trkpt>
      <trkpt lat="-38.14964" lon="177.45131">
        <ele>139.2</ele>
      </trkpt>
      <trkpt lat="-38.14929" lon="177.45134">
        <ele>139.9</ele>
      </trkpt>
      <trkpt lat="-38.14907" lon="177.4512">
        <ele>142.7</ele>
      </trkpt>
      <trkpt lat="-38.14884" lon="177.45098">
        <ele>142.7</ele>
      </trkpt>
      <trkpt lat="-38.14849" lon="177.4505">
        <ele>140.2</ele>
      </trkpt>
      <trkpt lat="-38.14814" lon="177.45002">
        <ele>137.7</ele>
      </trkpt>
      <trkpt lat="-38.14782" lon="177.44966">
        <ele>138.5</ele>
      </trkpt>
      <trkpt lat="-38.14756" lon="177.44946">
        <ele>132.3</ele>
      </trkpt>
      <trkpt lat="-38.14739" lon="177.4492">
        <ele>132.9</ele>
      </trkpt>
      <trkpt lat="-38.14733" lon="177.44892">
        <ele>137.3</ele>
      </trkpt>
      <trkpt lat="-38.14731" lon="177.44856">
        <ele>141.2</ele>
      </trkpt>
      <trkpt lat="-38.14729" lon="177.44818">
        <ele>144.4</ele>
      </trkpt>
      <trkpt lat="-38.14731" lon="177.44769">
        <ele>149.7</ele>
      </trkpt>
      <trkpt lat="-38.14726" lon="177.44743">
        <ele>152.4</ele>
      </trkpt>
      <trkpt lat="-38.14709" lon="177.44724">
        <ele>153.2</ele>
      </trkpt>
      <trkpt lat="-38.14682" lon="177.44706">
        <ele>148.9</ele>
      </trkpt>
      <trkpt lat="-38.14639" lon="177.44694">
        <ele>144.4</ele>
      </trkpt>
      <trkpt lat="-38.14619" lon="177.44694">
        <ele>142.4</ele>
      </trkpt>
      <trkpt lat="-38.14604" lon="177.44703">
        <ele>138.8</ele>
      </trkpt>
      <trkpt lat="-38.14568" lon="177.44742">
        <ele>129.2</ele>
      </trkpt>
      <trkpt lat="-38.14545" lon="177.44754">
        <ele>125.6</ele>
      </trkpt>
      <trkpt lat="-38.14515" lon="177.44753">
        <ele>120.8</ele>
      </trkpt>
      <trkpt lat="-38.14464" lon="177.44748">
        <ele>127.6</ele>
      </trkpt>
      <trkpt lat="-38.14453" lon="177.4475">
        <ele>129.1</ele>
      </trkpt>
      <trkpt lat="-38.14426" lon="177.44768">
        <ele>133.3</ele>
      </trkpt>
      <trkpt lat="-38.14362" lon="177.44821">
        <ele>127.7</ele>
      </trkpt>
      <trkpt lat="-38.1434" lon="177.44834">
        <ele>126.9</ele>
      </trkpt>
      <trkpt lat="-38.1432" lon="177.44827">
        <ele>131.1</ele>
      </trkpt>
      <trkpt lat="-38.14308" lon="177.44808">
        <ele>134.5</ele>
      </trkpt>
      <trkpt lat="-38.14302" lon="177.44769">
        <ele>135.3</ele>
      </trkpt>
      <trkpt lat="-38.14311" lon="177.44673">
        <ele>143.7</ele>
      </trkpt>
      <trkpt lat="-38.14303" lon="177.44634">
        <ele>146.0</ele>
      </trkpt>
      <trkpt lat="-38.14285" lon="177.44551">
        <ele>143.9</ele>
      </trkpt>
      <trkpt lat="-38.14277" lon="177.44519">
        <ele>139.2</ele>
      </trkpt>
      <trkpt lat="-38.14279" lon="177.44484">
        <ele>138.8</ele>
      </trkpt>
      <trkpt lat="-38.14278" lon="177.44448">
        <ele>136.4</ele>
      </trkpt>
      <trkpt lat="-38.14283" lon="177.444">
        <ele>137.4</ele>
      </trkpt>
      <trkpt lat="-38.14274" lon="177.44353">
        <ele>133.1</ele>
      </trkpt>
      <trkpt lat="-38.14249" lon="177.44335">
        <ele>124.1</ele>
      </trkpt>
      <trkpt lat="-38.14215" lon="177.44319">
        <ele>140.9</ele>
      </trkpt>
      <trkpt lat="-38.14156" lon="177.44334">
        <ele>146.5</ele>
      </trkpt>
      <trkpt lat="-38.14124" lon="177.44353">
        <ele>144.8</ele>
      </trkpt>
      <trkpt lat="-38.14102" lon="177.44386">
        <ele>134.0</ele>
      </trkpt>
      <trkpt lat="-38.14087" lon="177.44397">
        <ele>129.7</ele>
      </trkpt>
      <trkpt lat="-38.14072" lon="177.44403">
        <ele>125.6</ele>
      </trkpt>
      <trkpt lat="-38.14043" lon="177.44426">
        <ele>120.8</ele>
      </trkpt>
      <trkpt lat="-38.14034" lon="177.44426">
        <ele>120.3</ele>
      </trkpt>
      <trkpt lat="-38.14015" lon="177.44404">
        <ele>118.3</ele>
      </trkpt>
      <trkpt lat="-38.14005" lon="177.44388">
        <ele>119.4</ele>
      </trkpt>
      <trkpt lat="-38.13997" lon="177.4437">
        <ele>120.5</ele>
      </trkpt>
      <trkpt lat="-38.13964" lon="177.44285">
        <ele>141.9</ele>
      </trkpt>
      <trkpt lat="-38.1393" lon="177.44245">
        <ele>135.4</ele>
      </trkpt>
      <trkpt lat="-38.1389" lon="177.44219">
        <ele>135.5</ele>
      </trkpt>
      <trkpt lat="-38.13843" lon="177.44202">
        <ele>135.4</ele>
      </trkpt>
      <trkpt lat="-38.13803" lon="177.44195">
        <ele>143.6</ele>
      </trkpt>
      <trkpt lat="-38.13771" lon="177.44204">
        <ele>145.4</ele>
      </trkpt>
      <trkpt lat="-38.13755" lon="177.4422">
        <ele>138.6</ele>
      </trkpt>
      <trkpt lat="-38.13743" lon="177.44242">
        <ele>128.5</ele>
      </trkpt>
      <trkpt lat="-38.13738" lon="177.44267">
        <ele>122.6</ele>
      </trkpt>
      <trkpt lat="-38.13736" lon="177.44341">
        <ele>110.1</ele>
      </trkpt>
      <trkpt lat="-38.1373" lon="177.44373">
        <ele>111.5</ele>
      </trkpt>
      <trkpt lat="-38.13718" lon="177.44395">
        <ele>111.8</ele>
      </trkpt>
      <trkpt lat="-38.13701" lon="177.444">
        <ele>111.8</ele>
      </trkpt>
      <trkpt lat="-38.13688" lon="177.444">
        <ele>112.1</ele>
      </trkpt>
      <trkpt lat="-38.13646" lon="177.44368">
        <ele>125.5</ele>
      </trkpt>
      <trkpt lat="-38.1362" lon="177.44356">
        <ele>133.1</ele>
      </trkpt>
      <trkpt lat="-38.13569" lon="177.44349">
        <ele>141.0</ele>
      </trkpt>
      <trkpt lat="-38.13552" lon="177.44351">
        <ele>140.3</ele>
      </trkpt>
      <trkpt lat="-38.13517" lon="177.44368">
        <ele>133.5</ele>
      </trkpt>
      <trkpt lat="-38.13491" lon="177.44393">
        <ele>122.8</ele>
      </trkpt>
      <trkpt lat="-38.13457" lon="177.4443">
        <ele>114.0</ele>
      </trkpt>
      <trkpt lat="-38.13432" lon="177.44433">
        <ele>113.3</ele>
      </trkpt>
      <trkpt lat="-38.13411" lon="177.44414">
        <ele>111.3</ele>
      </trkpt>
      <trkpt lat="-38.13399" lon="177.44389">
        <ele>116.8</ele>
      </trkpt>
      <trkpt lat="-38.13397" lon="177.44341">
        <ele>124.2</ele>
      </trkpt>
      <trkpt lat="-38.13384" lon="177.44315">
        <ele>125.9</ele>
      </trkpt>
      <trkpt lat="-38.13341" lon="177.44215">
        <ele>128.7</ele>
      </trkpt>
      <trkpt lat="-38.13305" lon="177.44186">
        <ele>129.5</ele>
      </trkpt>
      <trkpt lat="-38.13282" lon="177.44176">
        <ele>125.1</ele>
      </trkpt>
      <trkpt lat="-38.1325" lon="177.44174">
        <ele>114.5</ele>
      </trkpt>
      <trkpt lat="-38.13223" lon="177.44177">
        <ele>112.9</ele>
      </trkpt>
      <trkpt lat="-38.13188" lon="177.44188">
        <ele>111.1</ele>
      </trkpt>
      <trkpt lat="-38.13146" lon="177.44209">
        <ele>109.2</ele>
      </trkpt>
      <trkpt lat="-38.13129" lon="177.44203">
        <ele>107.3</ele>
      </trkpt>
      <trkpt lat="-38.13116" lon="177.44177">
        <ele>102.0</ele>
      </trkpt>
      <trkpt lat="-38.13117" lon="177.44151">
        <ele>102.1</ele>
      </trkpt>
      <trkpt lat="-38.13123" lon="177.44127">
        <ele>105.7</ele>
      </trkpt>
      <trkpt lat="-38.13133" lon="177.44107">
        <ele>109.3</ele>
      </trkpt>
      <trkpt lat="-38.13158" lon="177.44082">
        <ele>114.9</ele>
      </trkpt>
      <trkpt lat="-38.13164" lon="177.4406">
        <ele>115.7</ele>
      </trkpt>
      <trkpt lat="-38.13168" lon="177.44024">
        <ele>116.7</ele>
      </trkpt>
      <trkpt lat="-38.13156" lon="177.43986">
        <ele>115.9</ele>
      </trkpt>
      <trkpt lat="-38.13131" lon="177.43926">
        <ele>113.5</ele>
      </trkpt>
      <trkpt lat="-38.13126" lon="177.43895">
        <ele>112.4</ele>
      </trkpt>
      <trkpt lat="-38.13133" lon="177.4386">
        <ele>113.1</ele>
      </trkpt>
      <trkpt lat="-38.13156" lon="177.43802">
        <ele>116.4</ele>
      </trkpt>
      <trkpt lat="-38.13167" lon="177.43783">
        <ele>118.0</ele>
      </trkpt>
      <trkpt lat="-38.1317" lon="177.43748">
        <ele>120.4</ele>
      </trkpt>
      <trkpt lat="-38.13166" lon="177.43721">
        <ele>123.4</ele>
      </trkpt>
      <trkpt lat="-38.13151" lon="177.43682">
        <ele>125.3</ele>
      </trkpt>
      <trkpt lat="-38.13136" lon="177.43655">
        <ele>124.5</ele>
      </trkpt>
      <trkpt lat="-38.13116" lon="177.4363">
        <ele>122.4</ele>
      </trkpt>
      <trkpt lat="-38.13098" lon="177.43617">
        <ele>115.6</ele>
      </trkpt>
      <trkpt lat="-38.13025" lon="177.43594">
        <ele>101.4</ele>
      </trkpt>
      <trkpt lat="-38.12988" lon="177.4358">
        <ele>96.5</ele>
      </trkpt>
      <trkpt lat="-38.1296" lon="177.43558">
        <ele>100.7</ele>
      </trkpt>
      <trkpt lat="-38.12928" lon="177.43504">
        <ele>100.7</ele>
      </trkpt>
      <trkpt lat="-38.12905" lon="177.43483">
        <ele>102.0</ele>
      </trkpt>
      <trkpt lat="-38.12837" lon="177.43428">
        <ele>100.0</ele>
      </trkpt>
      <trkpt lat="-38.12769" lon="177.43373">
        <ele>99.6</ele>
      </trkpt>
      <trkpt lat="-38.1277" lon="177.43363">
        <ele>99.6</ele>
      </trkpt>
      <trkpt lat="-38.12764" lon="177.43359">
        <ele>99.5</ele>
      </trkpt>
      <trkpt lat="-38.12756" lon="177.43362">
        <ele>99.5</ele>
      </trkpt>
      <trkpt lat="-38.12714" lon="177.43323">
        <ele>99.3</ele>
      </trkpt>
      <trkpt lat="-38.12688" lon="177.43302">
        <ele>103.0</ele>
      </trkpt>
      <trkpt lat="-38.12618" lon="177.43269">
        <ele>99.1</ele>
      </trkpt>
      <trkpt lat="-38.12582" lon="177.43236">
        <ele>93.5</ele>
      </trkpt>
      <trkpt lat="-38.12568" lon="177.43218">
        <ele>96.6</ele>
      </trkpt>
      <trkpt lat="-38.12551" lon="177.43202">
        <ele>97.4</ele>
      </trkpt>
      <trkpt lat="-38.12535" lon="177.43188">
        <ele>96.6</ele>
      </trkpt>
      <trkpt lat="-38.12515" lon="177.43176">
        <ele>93.4</ele>
      </trkpt>
      <trkpt lat="-38.12465" lon="177.43162">
        <ele>86.4</ele>
      </trkpt>
      <trkpt lat="-38.12419" lon="177.43159">
        <ele>81.5</ele>
      </trkpt>
      <trkpt lat="-38.12355" lon="177.43141">
        <ele>79.5</ele>
      </trkpt>
      <trkpt lat="-38.12352" lon="177.43132">
        <ele>78.7</ele>
      </trkpt>
      <trkpt lat="-38.1234" lon="177.43109">
        <ele>76.5</ele>
      </trkpt>
      <trkpt lat="-38.12338" lon="177.43099">
        <ele>75.5</ele>
      </trkpt>
      <trkpt lat="-38.12341" lon="177.43087">
        <ele>74.4</ele>
      </trkpt>
      <trkpt lat="-38.12386" lon="177.43004">
        <ele>71.1</ele>
      </trkpt>
      <trkpt lat="-38.1243" lon="177.42921">
        <ele>71.0</ele>
      </trkpt>
      <trkpt lat="-38.12437" lon="177.42903">
        <ele>72.2</ele>
      </trkpt>
      <trkpt lat="-38.12446" lon="177.42848">
        <ele>77.7</ele>
      </trkpt>
      <trkpt lat="-38.12445" lon="177.42835">
        <ele>78.9</ele>
      </trkpt>
      <trkpt lat="-38.1244" lon="177.42826">
        <ele>79.0</ele>
      </trkpt>
      <trkpt lat="-38.12426" lon="177.42814">
        <ele>77.5</ele>
      </trkpt>
      <trkpt lat="-38.1242" lon="177.42803">
        <ele>76.6</ele>
      </trkpt>
      <trkpt lat="-38.12417" lon="177.42791">
        <ele>76.1</ele>
      </trkpt>
      <trkpt lat="-38.12415" lon="177.42781">
        <ele>76.2</ele>
      </trkpt>
      <trkpt lat="-38.12417" lon="177.42769">
        <ele>76.1</ele>
      </trkpt>
      <trkpt lat="-38.12436" lon="177.42713">
        <ele>80.0</ele>
      </trkpt>
      <trkpt lat="-38.12447" lon="177.42689">
        <ele>81.6</ele>
      </trkpt>
      <trkpt lat="-38.12467" lon="177.42671">
        <ele>85.7</ele>
      </trkpt>
      <trkpt lat="-38.12473" lon="177.42655">
        <ele>87.2</ele>
      </trkpt>
      <trkpt lat="-38.12473" lon="177.42616">
        <ele>88.5</ele>
      </trkpt>
      <trkpt lat="-38.12468" lon="177.42562">
        <ele>90.2</ele>
      </trkpt>
      <trkpt lat="-38.12472" lon="177.42474">
        <ele>101.7</ele>
      </trkpt>
      <trkpt lat="-38.12473" lon="177.42442">
        <ele>107.0</ele>
      </trkpt>
      <trkpt lat="-38.12455" lon="177.42386">
        <ele>97.3</ele>
      </trkpt>
      <trkpt lat="-38.12444" lon="177.42369">
        <ele>90.7</ele>
      </trkpt>
      <trkpt lat="-38.1244" lon="177.42353">
        <ele>88.4</ele>
      </trkpt>
      <trkpt lat="-38.12438" lon="177.42335">
        <ele>87.2</ele>
      </trkpt>
      <trkpt lat="-38.12439" lon="177.4231">
        <ele>85.1</ele>
      </trkpt>
      <trkpt lat="-38.12445" lon="177.42279">
        <ele>82.8</ele>
      </trkpt>
      <trkpt lat="-38.12471" lon="177.42245">
        <ele>79.8</ele>
      </trkpt>
      <trkpt lat="-38.1252" lon="177.42213">
        <ele>88.5</ele>
      </trkpt>
      <trkpt lat="-38.12545" lon="177.42183">
        <ele>96.8</ele>
      </trkpt>
      <trkpt lat="-38.12556" lon="177.4216">
        <ele>98.4</ele>
      </trkpt>
      <trkpt lat="-38.12559" lon="177.4211">
        <ele>96.2</ele>
      </trkpt>
      <trkpt lat="-38.12565" lon="177.42068">
        <ele>96.3</ele>
      </trkpt>
      <trkpt lat="-38.12564" lon="177.42032">
        <ele>95.9</ele>
      </trkpt>
      <trkpt lat="-38.12558" lon="177.42003">
        <ele>93.8</ele>
      </trkpt>
      <trkpt lat="-38.12556" lon="177.41967">
        <ele>90.9</ele>
      </trkpt>
      <trkpt lat="-38.1255" lon="177.41926">
        <ele>86.6</ele>
      </trkpt>
      <trkpt lat="-38.12539" lon="177.41889">
        <ele>82.4</ele>
      </trkpt>
      <trkpt lat="-38.12523" lon="177.41851">
        <ele>77.2</ele>
      </trkpt>
      <trkpt lat="-38.12512" lon="177.4181">
        <ele>74.3</ele>
      </trkpt>
      <trkpt lat="-38.12512" lon="177.4181">
        <ele>74.3</ele>
      </trkpt>
      <trkpt lat="-38.12491" lon="177.41764">
        <ele>73.7</ele>
      </trkpt>
      <trkpt lat="-38.12478" lon="177.41707">
        <ele>81.4</ele>
      </trkpt>
      <trkpt lat="-38.12458" lon="177.41662">
        <ele>84.7</ele>
      </trkpt>
      <trkpt lat="-38.12447" lon="177.41627">
        <ele>89.9</ele>
      </trkpt>
      <trkpt lat="-38.12425" lon="177.41581">
        <ele>87.9</ele>
      </trkpt>
      <trkpt lat="-38.12412" lon="177.41573">
        <ele>86.5</ele>
      </trkpt>
      <trkpt lat="-38.12398" lon="177.41554">
        <ele>92.3</ele>
      </trkpt>
      <trkpt lat="-38.12381" lon="177.41535">
        <ele>94.3</ele>
      </trkpt>
      <trkpt lat="-38.12369" lon="177.41516">
        <ele>94.9</ele>
      </trkpt>
      <trkpt lat="-38.12356" lon="177.41499">
        <ele>92.3</ele>
      </trkpt>
      <trkpt lat="-38.12336" lon="177.41485">
        <ele>84.7</ele>
      </trkpt>
      <trkpt lat="-38.1232" lon="177.41472">
        <ele>85.2</ele>
      </trkpt>
      <trkpt lat="-38.1231" lon="177.41455">
        <ele>86.7</ele>
      </trkpt>
      <trkpt lat="-38.123" lon="177.41398">
        <ele>89.1</ele>
      </trkpt>
      <trkpt lat="-38.12295" lon="177.41385">
        <ele>88.4</ele>
      </trkpt>
      <trkpt lat="-38.1228" lon="177.41367">
        <ele>86.1</ele>
      </trkpt>
      <trkpt lat="-38.12272" lon="177.41354">
        <ele>84.8</ele>
      </trkpt>
      <trkpt lat="-38.12273" lon="177.41338">
        <ele>85.1</ele>
      </trkpt>
      <trkpt lat="-38.12286" lon="177.41314">
        <ele>87.4</ele>
      </trkpt>
      <trkpt lat="-38.12294" lon="177.4129">
        <ele>88.6</ele>
      </trkpt>
      <trkpt lat="-38.12295" lon="177.41274">
        <ele>88.7</ele>
      </trkpt>
      <trkpt lat="-38.12289" lon="177.41265">
        <ele>87.7</ele>
      </trkpt>
      <trkpt lat="-38.12266" lon="177.41262">
        <ele>84.2</ele>
      </trkpt>
      <trkpt lat="-38.12253" lon="177.41251">
        <ele>82.4</ele>
      </trkpt>
      <trkpt lat="-38.12244" lon="177.41226">
        <ele>81.7</ele>
      </trkpt>
      <trkpt lat="-38.12241" lon="177.41192">
        <ele>80.1</ele>
      </trkpt>
      <trkpt lat="-38.12245" lon="177.41157">
        <ele>79.2</ele>
      </trkpt>
      <trkpt lat="-38.12249" lon="177.4114">
        <ele>80.2</ele>
      </trkpt>
      <trkpt lat="-38.1225" lon="177.41116">
        <ele>81.4</ele>
      </trkpt>
      <trkpt lat="-38.12246" lon="177.41094">
        <ele>82.0</ele>
      </trkpt>
      <trkpt lat="-38.12238" lon="177.41075">
        <ele>82.8</ele>
      </trkpt>
      <trkpt lat="-38.1223" lon="177.41069">
        <ele>82.7</ele>
      </trkpt>
      <trkpt lat="-38.12209" lon="177.41063">
        <ele>80.5</ele>
      </trkpt>
      <trkpt lat="-38.12198" lon="177.41054">
        <ele>80.3</ele>
      </trkpt>
      <trkpt lat="-38.12191" lon="177.41044">
        <ele>80.7</ele>
      </trkpt>
      <trkpt lat="-38.12181" lon="177.4101">
        <ele>84.2</ele>
      </trkpt>
      <trkpt lat="-38.12166" lon="177.40978">
        <ele>87.9</ele>
      </trkpt>
      <trkpt lat="-38.12143" lon="177.40953">
        <ele>87.9</ele>
      </trkpt>
      <trkpt lat="-38.12133" lon="177.40932">
        <ele>88.0</ele>
      </trkpt>
      <trkpt lat="-38.12127" lon="177.40906">
        <ele>89.3</ele>
      </trkpt>
      <trkpt lat="-38.12111" lon="177.40878">
        <ele>87.1</ele>
      </trkpt>
      <trkpt lat="-38.12096" lon="177.4086">
        <ele>83.3</ele>
      </trkpt>
      <trkpt lat="-38.12055" lon="177.4078">
        <ele>85.3</ele>
      </trkpt>
      <trkpt lat="-38.1204" lon="177.4076">
        <ele>84.8</ele>
      </trkpt>
      <trkpt lat="-38.12024" lon="177.40743">
        <ele>85.1</ele>
      </trkpt>
      <trkpt lat="-38.11998" lon="177.40722">
        <ele>88.6</ele>
      </trkpt>
      <trkpt lat="-38.11972" lon="177.40712">
        <ele>90.3</ele>
      </trkpt>
      <trkpt lat="-38.11939" lon="177.40702">
        <ele>91.2</ele>
      </trkpt>
      <trkpt lat="-38.11925" lon="177.40694">
        <ele>93.1</ele>
      </trkpt>
      <trkpt lat="-38.11904" lon="177.40695">
        <ele>92.2</ele>
      </trkpt>
      <trkpt lat="-38.11886" lon="177.40688">
        <ele>95.7</ele>
      </trkpt>
      <trkpt lat="-38.11866" lon="177.40696">
        <ele>93.0</ele>
      </trkpt>
      <trkpt lat="-38.11849" lon="177.40702">
        <ele>91.0</ele>
      </trkpt>
      <trkpt lat="-38.11826" lon="177.40722">
        <ele>82.8</ele>
      </trkpt>
      <trkpt lat="-38.11817" lon="177.40723">
        <ele>81.6</ele>
      </trkpt>
      <trkpt lat="-38.11794" lon="177.40711">
        <ele>83.6</ele>
      </trkpt>
      <trkpt lat="-38.11774" lon="177.40702">
        <ele>84.1</ele>
      </trkpt>
      <trkpt lat="-38.11764" lon="177.4069">
        <ele>86.2</ele>
      </trkpt>
      <trkpt lat="-38.11756" lon="177.40684">
        <ele>86.6</ele>
      </trkpt>
      <trkpt lat="-38.11749" lon="177.40687">
        <ele>84.8</ele>
      </trkpt>
      <trkpt lat="-38.11736" lon="177.40694">
        <ele>82.3</ele>
      </trkpt>
      <trkpt lat="-38.11717" lon="177.40699">
        <ele>80.1</ele>
      </trkpt>
      <trkpt lat="-38.11689" lon="177.40699">
        <ele>78.7</ele>
      </trkpt>
      <trkpt lat="-38.11679" lon="177.40695">
        <ele>78.7</ele>
      </trkpt>
      <trkpt lat="-38.11646" lon="177.4066">
        <ele>78.3</ele>
      </trkpt>
      <trkpt lat="-38.11631" lon="177.40623">
        <ele>81.2</ele>
      </trkpt>
      <trkpt lat="-38.11622" lon="177.40614">
        <ele>80.0</ele>
      </trkpt>
      <trkpt lat="-38.11602" lon="177.40592">
        <ele>76.6</ele>
      </trkpt>
      <trkpt lat="-38.11597" lon="177.40556">
        <ele>86.8</ele>
      </trkpt>
      <trkpt lat="-38.11591" lon="177.40538">
        <ele>91.8</ele>
      </trkpt>
      <trkpt lat="-38.11583" lon="177.40535">
        <ele>90.1</ele>
      </trkpt>
      <trkpt lat="-38.11567" lon="177.40533">
        <ele>87.1</ele>
      </trkpt>
      <trkpt lat="-38.11558" lon="177.40523">
        <ele>88.3</ele>
      </trkpt>
      <trkpt lat="-38.11549" lon="177.40507">
        <ele>91.1</ele>
      </trkpt>
      <trkpt lat="-38.11519" lon="177.40476">
        <ele>98.2</ele>
      </trkpt>
      <trkpt lat="-38.1151" lon="177.40478">
        <ele>94.1</ele>
      </trkpt>
      <trkpt lat="-38.115" lon="177.40482">
        <ele>88.6</ele>
      </trkpt>
      <trkpt lat="-38.11476" lon="177.40481">
        <ele>86.0</ele>
      </trkpt>
      <trkpt lat="-38.11454" lon="177.40473">
        <ele>87.0</ele>
      </trkpt>
      <trkpt lat="-38.11406" lon="177.4047">
        <ele>82.2</ele>
      </trkpt>
      <trkpt lat="-38.11394" lon="177.40457">
        <ele>86.7</ele>
      </trkpt>
      <trkpt lat="-38.11393" lon="177.40441">
        <ele>92.6</ele>
      </trkpt>
      <trkpt lat="-38.11384" lon="177.40435">
        <ele>94.3</ele>
      </trkpt>
      <trkpt lat="-38.11378" lon="177.40439">
        <ele>92.6</ele>
      </trkpt>
      <trkpt lat="-38.11374" lon="177.40447">
        <ele>89.5</ele>
      </trkpt>
      <trkpt lat="-38.11368" lon="177.40464">
        <ele>83.2</ele>
      </trkpt>
      <trkpt lat="-38.11361" lon="177.40473">
        <ele>79.8</ele>
      </trkpt>
      <trkpt lat="-38.11352" lon="177.40475">
        <ele>78.9</ele>
      </trkpt>
      <trkpt lat="-38.11337" lon="177.40473">
        <ele>79.2</ele>
      </trkpt>
      <trkpt lat="-38.11309" lon="177.40473">
        <ele>76.9</ele>
      </trkpt>
      <trkpt lat="-38.11287" lon="177.40466">
        <ele>76.6</ele>
      </trkpt>
      <trkpt lat="-38.1127" lon="177.40463">
        <ele>75.4</ele>
      </trkpt>
      <trkpt lat="-38.11248" lon="177.40464">
        <ele>72.9</ele>
      </trkpt>
      <trkpt lat="-38.11225" lon="177.40456">
        <ele>72.4</ele>
      </trkpt>
      <trkpt lat="-38.11206" lon="177.40438">
        <ele>72.8</ele>
      </trkpt>
      <trkpt lat="-38.11181" lon="177.40398">
        <ele>78.5</ele>
      </trkpt>
      <trkpt lat="-38.11156" lon="177.40373">
        <ele>83.2</ele>
      </trkpt>
      <trkpt lat="-38.11144" lon="177.40364">
        <ele>83.8</ele>
      </trkpt>
      <trkpt lat="-38.11131" lon="177.4036">
        <ele>82.4</ele>
      </trkpt>
      <trkpt lat="-38.111" lon="177.40354">
        <ele>77.4</ele>
      </trkpt>
      <trkpt lat="-38.11078" lon="177.40327">
        <ele>80.1</ele>
      </trkpt>
      <trkpt lat="-38.11046" lon="177.403">
        <ele>87.5</ele>
      </trkpt>
      <trkpt lat="-38.11038" lon="177.40292">
        <ele>89.9</ele>
      </trkpt>
      <trkpt lat="-38.11013" lon="177.40285">
        <ele>88.6</ele>
      </trkpt>
      <trkpt lat="-38.10972" lon="177.40262">
        <ele>91.9</ele>
      </trkpt>
      <trkpt lat="-38.10953" lon="177.40261">
        <ele>88.7</ele>
      </trkpt>
      <trkpt lat="-38.10938" lon="177.40252">
        <ele>88.9</ele>
      </trkpt>
      <trkpt lat="-38.10908" lon="177.40249">
        <ele>84.5</ele>
      </trkpt>
      <trkpt lat="-38.10878" lon="177.40254">
        <ele>79.4</ele>
      </trkpt>
      <trkpt lat="-38.10854" lon="177.40251">
        <ele>77.3</ele>
      </trkpt>
      <trkpt lat="-38.1083" lon="177.40254">
        <ele>74.0</ele>
      </trkpt>
      <trkpt lat="-38.10795" lon="177.40261">
        <ele>71.1</ele>
      </trkpt>
      <trkpt lat="-38.1077" lon="177.40254">
        <ele>70.8</ele>
      </trkpt>
      <trkpt lat="-38.10704" lon="177.40224">
        <ele>75.4</ele>
      </trkpt>
      <trkpt lat="-38.10677" lon="177.40213">
        <ele>74.5</ele>
      </trkpt>
      <trkpt lat="-38.1065" lon="177.40204">
        <ele>71.8</ele>
      </trkpt>
      <trkpt lat="-38.10596" lon="177.40167">
        <ele>62.5</ele>
      </trkpt>
      <trkpt lat="-38.1057" lon="177.40143">
        <ele>66.4</ele>
      </trkpt>
      <trkpt lat="-38.10542" lon="177.40108">
        <ele>71.7</ele>
      </trkpt>
      <trkpt lat="-38.10516" lon="177.40094">
        <ele>66.5</ele>
      </trkpt>
      <trkpt lat="-38.10483" lon="177.40047">
        <ele>66.4</ele>
      </trkpt>
      <trkpt lat="-38.10457" lon="177.40003">
        <ele>66.2</ele>
      </trkpt>
      <trkpt lat="-38.10454" lon="177.39957">
        <ele>70.9</ele>
      </trkpt>
      <trkpt lat="-38.10451" lon="177.3992">
        <ele>74.2</ele>
      </trkpt>
      <trkpt lat="-38.10452" lon="177.39904">
        <ele>74.6</ele>
      </trkpt>
      <trkpt lat="-38.10467" lon="177.39872">
        <ele>77.6</ele>
      </trkpt>
      <trkpt lat="-38.10479" lon="177.39841">
        <ele>77.1</ele>
      </trkpt>
      <trkpt lat="-38.10493" lon="177.39818">
        <ele>76.3</ele>
      </trkpt>
      <trkpt lat="-38.10517" lon="177.39767">
        <ele>77.3</ele>
      </trkpt>
      <trkpt lat="-38.10529" lon="177.39732">
        <ele>78.5</ele>
      </trkpt>
      <trkpt lat="-38.10538" lon="177.39697">
        <ele>78.4</ele>
      </trkpt>
      <trkpt lat="-38.10556" lon="177.39663">
        <ele>78.4</ele>
      </trkpt>
      <trkpt lat="-38.10573" lon="177.3962">
        <ele>76.1</ele>
      </trkpt>
      <trkpt lat="-38.10578" lon="177.39578">
        <ele>71.8</ele>
      </trkpt>
      <trkpt lat="-38.10577" lon="177.39564">
        <ele>72.1</ele>
      </trkpt>
      <trkpt lat="-38.10567" lon="177.3954">
        <ele>71.2</ele>
      </trkpt>
      <trkpt lat="-38.10564" lon="177.39523">
        <ele>70.7</ele>
      </trkpt>
      <trkpt lat="-38.10557" lon="177.39492">
        <ele>70.2</ele>
      </trkpt>
      <trkpt lat="-38.10532" lon="177.39452">
        <ele>68.1</ele>
      </trkpt>
      <trkpt lat="-38.10488" lon="177.39388">
        <ele>62.6</ele>
      </trkpt>
      <trkpt lat="-38.10464" lon="177.3933">
        <ele>66.7</ele>
      </trkpt>
      <trkpt lat="-38.10437" lon="177.39274">
        <ele>70.8</ele>
      </trkpt>
      <trkpt lat="-38.10424" lon="177.39261">
        <ele>67.8</ele>
      </trkpt>
      <trkpt lat="-38.104" lon="177.39241">
        <ele>66.6</ele>
      </trkpt>
      <trkpt lat="-38.10357" lon="177.39192">
        <ele>66.6</ele>
      </trkpt>
      <trkpt lat="-38.10337" lon="177.39154">
        <ele>61.9</ele>
      </trkpt>
      <trkpt lat="-38.10315" lon="177.39135">
        <ele>59.7</ele>
      </trkpt>
      <trkpt lat="-38.10283" lon="177.39116">
        <ele>57.5</ele>
      </trkpt>
      <trkpt lat="-38.10259" lon="177.39105">
        <ele>55.5</ele>
      </trkpt>
      <trkpt lat="-38.10248" lon="177.39088">
        <ele>55.2</ele>
      </trkpt>
      <trkpt lat="-38.10247" lon="177.39062">
        <ele>55.3</ele>
      </trkpt>
      <trkpt lat="-38.10259" lon="177.3904">
        <ele>55.0</ele>
      </trkpt>
      <trkpt lat="-38.10274" lon="177.39015">
        <ele>55.1</ele>
      </trkpt>
      <trkpt lat="-38.10296" lon="177.38988">
        <ele>57.6</ele>
      </trkpt>
      <trkpt lat="-38.10309" lon="177.38968">
        <ele>61.5</ele>
      </trkpt>
      <trkpt lat="-38.10329" lon="177.38962">
        <ele>62.1</ele>
      </trkpt>
      <trkpt lat="-38.10354" lon="177.38981">
        <ele>58.1</ele>
      </trkpt>
      <trkpt lat="-38.10372" lon="177.39002">
        <ele>55.9</ele>
      </trkpt>
      <trkpt lat="-38.10392" lon="177.39022">
        <ele>60.3</ele>
      </trkpt>
      <trkpt lat="-38.10407" lon="177.39027">
        <ele>62.3</ele>
      </trkpt>
      <trkpt lat="-38.1042" lon="177.39026">
        <ele>64.2</ele>
      </trkpt>
      <trkpt lat="-38.10438" lon="177.39007">
        <ele>67.7</ele>
      </trkpt>
      <trkpt lat="-38.10462" lon="177.3899">
        <ele>76.0</ele>
      </trkpt>
      <trkpt lat="-38.10476" lon="177.38922">
        <ele>70.1</ele>
      </trkpt>
      <trkpt lat="-38.10484" lon="177.38863">
        <ele>62.9</ele>
      </trkpt>
      <trkpt lat="-38.10492" lon="177.38805">
        <ele>58.1</ele>
      </trkpt>
      <trkpt lat="-38.10502" lon="177.38766">
        <ele>57.1</ele>
      </trkpt>
      <trkpt lat="-38.10518" lon="177.38746">
        <ele>58.8</ele>
      </trkpt>
      <trkpt lat="-38.10587" lon="177.38683">
        <ele>56.1</ele>
      </trkpt>
      <trkpt lat="-38.10621" lon="177.38653">
        <ele>57.8</ele>
      </trkpt>
      <trkpt lat="-38.10631" lon="177.38649">
        <ele>58.5</ele>
      </trkpt>
      <trkpt lat="-38.10645" lon="177.38653">
        <ele>57.3</ele>
      </trkpt>
      <trkpt lat="-38.1069" lon="177.3867">
        <ele>56.2</ele>
      </trkpt>
      <trkpt lat="-38.10713" lon="177.3867">
        <ele>56.5</ele>
      </trkpt>
      <trkpt lat="-38.10736" lon="177.38662">
        <ele>55.7</ele>
      </trkpt>
      <trkpt lat="-38.10794" lon="177.38602">
        <ele>65.6</ele>
      </trkpt>
      <trkpt lat="-38.10805" lon="177.38583">
        <ele>65.2</ele>
      </trkpt>
      <trkpt lat="-38.10815" lon="177.3855">
        <ele>68.1</ele>
      </trkpt>
      <trkpt lat="-38.10819" lon="177.3852">
        <ele>69.1</ele>
      </trkpt>
      <trkpt lat="-38.10812" lon="177.38492">
        <ele>68.7</ele>
      </trkpt>
      <trkpt lat="-38.10797" lon="177.38448">
        <ele>69.8</ele>
      </trkpt>
      <trkpt lat="-38.10769" lon="177.38342">
        <ele>61.7</ele>
      </trkpt>
      <trkpt lat="-38.10759" lon="177.38316">
        <ele>55.3</ele>
      </trkpt>
      <trkpt lat="-38.10737" lon="177.38246">
        <ele>53.0</ele>
      </trkpt>
      <trkpt lat="-38.10724" lon="177.38161">
        <ele>54.5</ele>
      </trkpt>
      <trkpt lat="-38.10712" lon="177.38075">
        <ele>49.1</ele>
      </trkpt>
      <trkpt lat="-38.10715" lon="177.3806">
        <ele>48.3</ele>
      </trkpt>
      <trkpt lat="-38.10727" lon="177.38049">
        <ele>48.0</ele>
      </trkpt>
      <trkpt lat="-38.10778" lon="177.38034">
        <ele>49.1</ele>
      </trkpt>
      <trkpt lat="-38.10828" lon="177.38019">
        <ele>50.4</ele>
      </trkpt>
      <trkpt lat="-38.10839" lon="177.38011">
        <ele>51.3</ele>
      </trkpt>
      <trkpt lat="-38.10839" lon="177.37991">
        <ele>52.4</ele>
      </trkpt>
      <trkpt lat="-38.10837" lon="177.37952">
        <ele>54.7</ele>
      </trkpt>
      <trkpt lat="-38.10837" lon="177.37943">
        <ele>55.2</ele>
      </trkpt>
      <trkpt lat="-38.1083" lon="177.37937">
        <ele>55.8</ele>
      </trkpt>
      <trkpt lat="-38.10803" lon="177.37933">
        <ele>57.9</ele>
      </trkpt>
      <trkpt lat="-38.10742" lon="177.37921">
        <ele>52.9</ele>
      </trkpt>
      <trkpt lat="-38.10682" lon="177.37909">
        <ele>50.1</ele>
      </trkpt>
      <trkpt lat="-38.10594" lon="177.37905">
        <ele>50.0</ele>
      </trkpt>
      <trkpt lat="-38.10552" lon="177.379">
        <ele>55.9</ele>
      </trkpt>
      <trkpt lat="-38.10529" lon="177.379">
        <ele>59.2</ele>
      </trkpt>
      <trkpt lat="-38.10508" lon="177.37904">
        <ele>60.5</ele>
      </trkpt>
      <trkpt lat="-38.10468" lon="177.37915">
        <ele>66.0</ele>
      </trkpt>
      <trkpt lat="-38.10449" lon="177.37931">
        <ele>66.8</ele>
      </trkpt>
      <trkpt lat="-38.1042" lon="177.37967">
        <ele>60.8</ele>
      </trkpt>
      <trkpt lat="-38.10406" lon="177.37978">
        <ele>57.1</ele>
      </trkpt>
      <trkpt lat="-38.10384" lon="177.37987">
        <ele>53.8</ele>
      </trkpt>
      <trkpt lat="-38.1035" lon="177.37999">
        <ele>50.1</ele>
      </trkpt>
      <trkpt lat="-38.10324" lon="177.38001">
        <ele>49.9</ele>
      </trkpt>
      <trkpt lat="-38.10311" lon="177.37997">
        <ele>50.3</ele>
      </trkpt>
      <trkpt lat="-38.10293" lon="177.37985">
        <ele>51.6</ele>
      </trkpt>
      <trkpt lat="-38.10279" lon="177.37975">
        <ele>51.5</ele>
      </trkpt>
      <trkpt lat="-38.10267" lon="177.37956">
        <ele>50.9</ele>
      </trkpt>
      <trkpt lat="-38.10262" lon="177.37932">
        <ele>50.6</ele>
      </trkpt>
      <trkpt lat="-38.10259" lon="177.37898">
        <ele>51.2</ele>
      </trkpt>
      <trkpt lat="-38.10257" lon="177.37821">
        <ele>56.1</ele>
      </trkpt>
      <trkpt lat="-38.10244" lon="177.37751">
        <ele>60.6</ele>
      </trkpt>
      <trkpt lat="-38.10226" lon="177.37693">
        <ele>67.2</ele>
      </trkpt>
      <trkpt lat="-38.10197" lon="177.37618">
        <ele>63.5</ele>
      </trkpt>
      <trkpt lat="-38.10174" lon="177.37564">
        <ele>56.0</ele>
      </trkpt>
      <trkpt lat="-38.10117" lon="177.37478">
        <ele>53.7</ele>
      </trkpt>
      <trkpt lat="-38.10091" lon="177.37441">
        <ele>54.4</ele>
      </trkpt>
      <trkpt lat="-38.10071" lon="177.37409">
        <ele>58.7</ele>
      </trkpt>
      <trkpt lat="-38.10059" lon="177.37399">
        <ele>61.4</ele>
      </trkpt>
      <trkpt lat="-38.09994" lon="177.37383">
        <ele>59.4</ele>
      </trkpt>
      <trkpt lat="-38.09953" lon="177.37364">
        <ele>61.0</ele>
      </trkpt>
      <trkpt lat="-38.09913" lon="177.37342">
        <ele>61.2</ele>
      </trkpt>
      <trkpt lat="-38.0986" lon="177.37323">
        <ele>62.8</ele>
      </trkpt>
      <trkpt lat="-38.09824" lon="177.37313">
        <ele>64.6</ele>
      </trkpt>
      <trkpt lat="-38.09801" lon="177.37314">
        <ele>65.0</ele>
      </trkpt>
      <trkpt lat="-38.09751" lon="177.37322">
        <ele>62.4</ele>
      </trkpt>
      <trkpt lat="-38.09704" lon="177.37332">
        <ele>62.9</ele>
      </trkpt>
      <trkpt lat="-38.09665" lon="177.37354">
        <ele>61.2</ele>
      </trkpt>
      <trkpt lat="-38.09615" lon="177.37379">
        <ele>57.9</ele>
      </trkpt>
      <trkpt lat="-38.09538" lon="177.37402">
        <ele>54.2</ele>
      </trkpt>
      <trkpt lat="-38.09482" lon="177.37411">
        <ele>53.8</ele>
      </trkpt>
      <trkpt lat="-38.09426" lon="177.37419">
        <ele>55.8</ele>
      </trkpt>
      <trkpt lat="-38.09412" lon="177.37421">
        <ele>56.5</ele>
      </trkpt>
      <trkpt lat="-38.09393" lon="177.37419">
        <ele>57.4</ele>
      </trkpt>
      <trkpt lat="-38.09377" lon="177.37413">
        <ele>60.3</ele>
      </trkpt>
      <trkpt lat="-38.09298" lon="177.374">
        <ele>64.6</ele>
      </trkpt>
      <trkpt lat="-38.09286" lon="177.37397">
        <ele>64.6</ele>
      </trkpt>
      <trkpt lat="-38.0924" lon="177.37391">
        <ele>63.1</ele>
      </trkpt>
      <trkpt lat="-38.09182" lon="177.37397">
        <ele>61.2</ele>
      </trkpt>
      <trkpt lat="-38.09132" lon="177.37408">
        <ele>57.1</ele>
      </trkpt>
      <trkpt lat="-38.091" lon="177.37412">
        <ele>55.8</ele>
      </trkpt>
      <trkpt lat="-38.09058" lon="177.3741">
        <ele>55.4</ele>
      </trkpt>
      <trkpt lat="-38.09027" lon="177.37409">
        <ele>54.0</ele>
      </trkpt>
      <trkpt lat="-38.09005" lon="177.37407">
        <ele>53.3</ele>
      </trkpt>
      <trkpt lat="-38.08974" lon="177.37385">
        <ele>57.1</ele>
      </trkpt>
      <trkpt lat="-38.08958" lon="177.37379">
        <ele>56.9</ele>
      </trkpt>
      <trkpt lat="-38.08947" lon="177.37378">
        <ele>55.9</ele>
      </trkpt>
      <trkpt lat="-38.08914" lon="177.37372">
        <ele>53.2</ele>
      </trkpt>
      <trkpt lat="-38.08903" lon="177.37365">
        <ele>52.6</ele>
      </trkpt>
      <trkpt lat="-38.08865" lon="177.37326">
        <ele>50.8</ele>
      </trkpt>
      <trkpt lat="-38.08827" lon="177.37286">
        <ele>50.4</ele>
      </trkpt>
      <trkpt lat="-38.08811" lon="177.37266">
        <ele>51.6</ele>
      </trkpt>
      <trkpt lat="-38.08797" lon="177.37245">
        <ele>52.0</ele>
      </trkpt>
      <trkpt lat="-38.08776" lon="177.37195">
        <ele>54.9</ele>
      </trkpt>
      <trkpt lat="-38.08759" lon="177.3716">
        <ele>54.0</ele>
      </trkpt>
      <trkpt lat="-38.08697" lon="177.37098">
        <ele>54.4</ele>
      </trkpt>
      <trkpt lat="-38.08657" lon="177.37062">
        <ele>52.6</ele>
      </trkpt>
      <trkpt lat="-38.0862" lon="177.37023">
        <ele>53.9</ele>
      </trkpt>
      <trkpt lat="-38.0861" lon="177.37009">
        <ele>52.7</ele>
      </trkpt>
      <trkpt lat="-38.08587" lon="177.36942">
        <ele>59.1</ele>
      </trkpt>
      <trkpt lat="-38.08575" lon="177.36926">
        <ele>59.0</ele>
      </trkpt>
      <trkpt lat="-38.0854" lon="177.36886">
        <ele>56.1</ele>
      </trkpt>
      <trkpt lat="-38.08509" lon="177.36844">
        <ele>49.2</ele>
      </trkpt>
      <trkpt lat="-38.08477" lon="177.36785">
        <ele>52.2</ele>
      </trkpt>
      <trkpt lat="-38.08456" lon="177.36758">
        <ele>50.2</ele>
      </trkpt>
      <trkpt lat="-38.08431" lon="177.36733">
        <ele>43.9</ele>
      </trkpt>
      <trkpt lat="-38.08385" lon="177.36693">
        <ele>41.1</ele>
      </trkpt>
      <trkpt lat="-38.08327" lon="177.36657">
        <ele>36.6</ele>
      </trkpt>
      <trkpt lat="-38.08269" lon="177.36622">
        <ele>35.6</ele>
      </trkpt>
      <trkpt lat="-38.08211" lon="177.36582">
        <ele>35.5</ele>
      </trkpt>
      <trkpt lat="-38.08153" lon="177.36543">
        <ele>34.8</ele>
      </trkpt>
      <trkpt lat="-38.08096" lon="177.36501">
        <ele>35.0</ele>
      </trkpt>
      <trkpt lat="-38.08082" lon="177.36487">
        <ele>35.2</ele>
      </trkpt>
      <trkpt lat="-38.08067" lon="177.36463">
        <ele>36.4</ele>
      </trkpt>
      <trkpt lat="-38.08056" lon="177.36441">
        <ele>37.0</ele>
      </trkpt>
      <trkpt lat="-38.08051" lon="177.36418">
        <ele>37.2</ele>
      </trkpt>
      <trkpt lat="-38.08044" lon="177.36335">
        <ele>35.0</ele>
      </trkpt>
      <trkpt lat="-38.08038" lon="177.36251">
        <ele>33.6</ele>
      </trkpt>
      <trkpt lat="-38.08038" lon="177.36229">
        <ele>33.2</ele>
      </trkpt>
      <trkpt lat="-38.08044" lon="177.36173">
        <ele>32.9</ele>
      </trkpt>
      <trkpt lat="-38.0805" lon="177.36152">
        <ele>32.8</ele>
      </trkpt>
      <trkpt lat="-38.08069" lon="177.36087">
        <ele>32.6</ele>
      </trkpt>
      <trkpt lat="-38.08076" lon="177.36053">
        <ele>32.8</ele>
      </trkpt>
      <trkpt lat="-38.0808" lon="177.36015">
        <ele>32.9</ele>
      </trkpt>
      <trkpt lat="-38.08082" lon="177.35945">
        <ele>34.3</ele>
      </trkpt>
      <trkpt lat="-38.0809" lon="177.35867">
        <ele>34.5</ele>
      </trkpt>
      <trkpt lat="-38.08091" lon="177.35826">
        <ele>34.0</ele>
      </trkpt>
      <trkpt lat="-38.08087" lon="177.35747">
        <ele>32.1</ele>
      </trkpt>
      <trkpt lat="-38.08082" lon="177.35668">
        <ele>31.0</ele>
      </trkpt>
      <trkpt lat="-38.0808" lon="177.3563">
        <ele>31.8</ele>
      </trkpt>
      <trkpt lat="-38.08074" lon="177.35609">
        <ele>33.1</ele>
      </trkpt>
      <trkpt lat="-38.08068" lon="177.35592">
        <ele>34.2</ele>
      </trkpt>
      <trkpt lat="-38.08053" lon="177.35554">
        <ele>36.7</ele>
      </trkpt>
      <trkpt lat="-38.08041" lon="177.35529">
        <ele>38.5</ele>
      </trkpt>
      <trkpt lat="-38.0803" lon="177.35516">
        <ele>39.1</ele>
      </trkpt>
      <trkpt lat="-38.08004" lon="177.35489">
        <ele>42.6</ele>
      </trkpt>
      <trkpt lat="-38.0798" lon="177.35468">
        <ele>47.2</ele>
      </trkpt>
      <trkpt lat="-38.07956" lon="177.3545">
        <ele>48.7</ele>
      </trkpt>
      <trkpt lat="-38.07937" lon="177.35438">
        <ele>48.1</ele>
      </trkpt>
      <trkpt lat="-38.07886" lon="177.35415">
        <ele>46.3</ele>
      </trkpt>
      <trkpt lat="-38.07872" lon="177.35408">
        <ele>47.7</ele>
      </trkpt>
      <trkpt lat="-38.07854" lon="177.35398">
        <ele>49.8</ele>
      </trkpt>
      <trkpt lat="-38.07779" lon="177.35343">
        <ele>53.5</ele>
      </trkpt>
      <trkpt lat="-38.07762" lon="177.35332">
        <ele>51.6</ele>
      </trkpt>
      <trkpt lat="-38.07747" lon="177.35326">
        <ele>49.9</ele>
      </trkpt>
      <trkpt lat="-38.07732" lon="177.35321">
        <ele>49.8</ele>
      </trkpt>
      <trkpt lat="-38.07712" lon="177.35317">
        <ele>48.8</ele>
      </trkpt>
      <trkpt lat="-38.07657" lon="177.35308">
        <ele>45.3</ele>
      </trkpt>
      <trkpt lat="-38.07602" lon="177.35298">
        <ele>40.3</ele>
      </trkpt>
      <trkpt lat="-38.07582" lon="177.35292">
        <ele>38.9</ele>
      </trkpt>
      <trkpt lat="-38.07535" lon="177.35269">
        <ele>39.9</ele>
      </trkpt>
      <trkpt lat="-38.07488" lon="177.35247">
        <ele>38.6</ele>
      </trkpt>
      <trkpt lat="-38.07472" lon="177.35236">
        <ele>39.2</ele>
      </trkpt>
      <trkpt lat="-38.07458" lon="177.35221">
        <ele>40.3</ele>
      </trkpt>
      <trkpt lat="-38.07424" lon="177.35178">
        <ele>42.6</ele>
      </trkpt>
      <trkpt lat="-38.07388" lon="177.35139">
        <ele>43.8</ele>
      </trkpt>
      <trkpt lat="-38.0738" lon="177.35127">
        <ele>44.5</ele>
      </trkpt>
      <trkpt lat="-38.07351" lon="177.35076">
        <ele>46.8</ele>
      </trkpt>
      <trkpt lat="-38.07322" lon="177.35025">
        <ele>43.9</ele>
      </trkpt>
      <trkpt lat="-38.07312" lon="177.35012">
        <ele>42.9</ele>
      </trkpt>
      <trkpt lat="-38.07297" lon="177.34998">
        <ele>41.9</ele>
      </trkpt>
      <trkpt lat="-38.07277" lon="177.34991">
        <ele>41.4</ele>
      </trkpt>
      <trkpt lat="-38.07253" lon="177.34979">
        <ele>41.8</ele>
      </trkpt>
      <trkpt lat="-38.07234" lon="177.34967">
        <ele>41.6</ele>
      </trkpt>
      <trkpt lat="-38.07219" lon="177.34955">
        <ele>40.9</ele>
      </trkpt>
      <trkpt lat="-38.07173" lon="177.34915">
        <ele>34.0</ele>
      </trkpt>
      <trkpt lat="-38.07163" lon="177.34904">
        <ele>33.9</ele>
      </trkpt>
      <trkpt lat="-38.0715" lon="177.34882">
        <ele>36.1</ele>
      </trkpt>
      <trkpt lat="-38.07134" lon="177.34847">
        <ele>37.9</ele>
      </trkpt>
      <trkpt lat="-38.07118" lon="177.34815">
        <ele>39.0</ele>
      </trkpt>
      <trkpt lat="-38.0709" lon="177.3477">
        <ele>36.6</ele>
      </trkpt>
      <trkpt lat="-38.07061" lon="177.34726">
        <ele>37.4</ele>
      </trkpt>
      <trkpt lat="-38.07032" lon="177.34682">
        <ele>36.1</ele>
      </trkpt>
      <trkpt lat="-38.07003" lon="177.34633">
        <ele>30.0</ele>
      </trkpt>
      <trkpt lat="-38.06974" lon="177.34584">
        <ele>31.3</ele>
      </trkpt>
      <trkpt lat="-38.06965" lon="177.3457">
        <ele>32.6</ele>
      </trkpt>
      <trkpt lat="-38.06959" lon="177.34564">
        <ele>33.0</ele>
      </trkpt>
      <trkpt lat="-38.06944" lon="177.34552">
        <ele>33.3</ele>
      </trkpt>
      <trkpt lat="-38.06883" lon="177.34517">
        <ele>32.8</ele>
      </trkpt>
      <trkpt lat="-38.06822" lon="177.34482">
        <ele>36.7</ele>
      </trkpt>
      <trkpt lat="-38.06762" lon="177.34447">
        <ele>36.7</ele>
      </trkpt>
      <trkpt lat="-38.06734" lon="177.34431">
        <ele>34.6</ele>
      </trkpt>
      <trkpt lat="-38.06714" lon="177.34417">
        <ele>32.8</ele>
      </trkpt>
      <trkpt lat="-38.06675" lon="177.34381">
        <ele>32.5</ele>
      </trkpt>
      <trkpt lat="-38.06637" lon="177.34345">
        <ele>32.7</ele>
      </trkpt>
      <trkpt lat="-38.06578" lon="177.34286">
        <ele>27.4</ele>
      </trkpt>
      <trkpt lat="-38.0652" lon="177.34226">
        <ele>27.9</ele>
      </trkpt>
      <trkpt lat="-38.06461" lon="177.34167">
        <ele>29.1</ele>
      </trkpt>
      <trkpt lat="-38.06403" lon="177.34108">
        <ele>25.1</ele>
      </trkpt>
      <trkpt lat="-38.06344" lon="177.34048">
        <ele>25.2</ele>
      </trkpt>
      <trkpt lat="-38.06285" lon="177.33989">
        <ele>29.9</ele>
      </trkpt>
      <trkpt lat="-38.06217" lon="177.33919">
        <ele>28.3</ele>
      </trkpt>
      <trkpt lat="-38.06148" lon="177.33848">
        <ele>25.7</ele>
      </trkpt>
      <trkpt lat="-38.06079" lon="177.33778">
        <ele>26.3</ele>
      </trkpt>
      <trkpt lat="-38.06011" lon="177.33708">
        <ele>24.6</ele>
      </trkpt>
      <trkpt lat="-38.05942" lon="177.33638">
        <ele>24.6</ele>
      </trkpt>
      <trkpt lat="-38.05873" lon="177.33568">
        <ele>25.0</ele>
      </trkpt>
      <trkpt lat="-38.05804" lon="177.33497">
        <ele>25.7</ele>
      </trkpt>
      <trkpt lat="-38.05737" lon="177.33429">
        <ele>25.8</ele>
      </trkpt>
      <trkpt lat="-38.05669" lon="177.3336">
        <ele>24.0</ele>
      </trkpt>
      <trkpt lat="-38.05601" lon="177.33291">
        <ele>23.3</ele>
      </trkpt>
      <trkpt lat="-38.05533" lon="177.33222">
        <ele>23.3</ele>
      </trkpt>
      <trkpt lat="-38.05465" lon="177.33154">
        <ele>23.0</ele>
      </trkpt>
      <trkpt lat="-38.05398" lon="177.33085">
        <ele>23.0</ele>
      </trkpt>
      <trkpt lat="-38.05331" lon="177.33017">
        <ele>24.5</ele>
      </trkpt>
      <trkpt lat="-38.05264" lon="177.32948">
        <ele>23.1</ele>
      </trkpt>
      <trkpt lat="-38.05197" lon="177.3288">
        <ele>23.1</ele>
      </trkpt>
      <trkpt lat="-38.0513" lon="177.32811">
        <ele>23.0</ele>
      </trkpt>
      <trkpt lat="-38.05069" lon="177.32749">
        <ele>22.2</ele>
      </trkpt>
      <trkpt lat="-38.05008" lon="177.32687">
        <ele>22.8</ele>
      </trkpt>
      <trkpt lat="-38.04946" lon="177.32625">
        <ele>20.9</ele>
      </trkpt>
      <trkpt lat="-38.04885" lon="177.32563">
        <ele>20.7</ele>
      </trkpt>
      <trkpt lat="-38.04824" lon="177.32501">
        <ele>20.8</ele>
      </trkpt>
      <trkpt lat="-38.04763" lon="177.32439">
        <ele>19.2</ele>
      </trkpt>
      <trkpt lat="-38.04702" lon="177.32377">
        <ele>19.5</ele>
      </trkpt>
      <trkpt lat="-38.04636" lon="177.32309">
        <ele>20.5</ele>
      </trkpt>
      <trkpt lat="-38.04618" lon="177.3229">
        <ele>20.4</ele>
      </trkpt>
      <trkpt lat="-38.04609" lon="177.32279">
        <ele>20.5</ele>
      </trkpt>
      <trkpt lat="-38.04573" lon="177.32211">
        <ele>20.1</ele>
      </trkpt>
      <trkpt lat="-38.04537" lon="177.32144">
        <ele>19.3</ele>
      </trkpt>
      <trkpt lat="-38.0451" lon="177.32092">
        <ele>19.0</ele>
      </trkpt>
      <trkpt lat="-38.04482" lon="177.3204">
        <ele>19.2</ele>
      </trkpt>
      <trkpt lat="-38.04475" lon="177.32028">
        <ele>19.3</ele>
      </trkpt>
      <trkpt lat="-38.04406" lon="177.31958">
        <ele>19.4</ele>
      </trkpt>
      <trkpt lat="-38.04338" lon="177.31889">
        <ele>19.0</ele>
      </trkpt>
      <trkpt lat="-38.0427" lon="177.3182">
        <ele>18.4</ele>
      </trkpt>
      <trkpt lat="-38.04201" lon="177.3175">
        <ele>19.4</ele>
      </trkpt>
      <trkpt lat="-38.04133" lon="177.31681">
        <ele>18.5</ele>
      </trkpt>
      <trkpt lat="-38.04065" lon="177.31612">
        <ele>17.8</ele>
      </trkpt>
      <trkpt lat="-38.03996" lon="177.31542">
        <ele>17.6</ele>
      </trkpt>
      <trkpt lat="-38.03928" lon="177.31473">
        <ele>18.1</ele>
      </trkpt>
      <trkpt lat="-38.0386" lon="177.31404">
        <ele>18.4</ele>
      </trkpt>
      <trkpt lat="-38.03792" lon="177.31334">
        <ele>19.0</ele>
      </trkpt>
      <trkpt lat="-38.03723" lon="177.31265">
        <ele>18.3</ele>
      </trkpt>
      <trkpt lat="-38.03655" lon="177.31196">
        <ele>17.5</ele>
      </trkpt>
      <trkpt lat="-38.03587" lon="177.31126">
        <ele>17.0</ele>
      </trkpt>
      <trkpt lat="-38.03518" lon="177.31057">
        <ele>17.2</ele>
      </trkpt>
      <trkpt lat="-38.0345" lon="177.30988">
        <ele>16.6</ele>
      </trkpt>
      <trkpt lat="-38.03403" lon="177.30941">
        <ele>16.0</ele>
      </trkpt>
      <trkpt lat="-38.03335" lon="177.30871">
        <ele>14.0</ele>
      </trkpt>
      <trkpt lat="-38.03266" lon="177.30801">
        <ele>14.9</ele>
      </trkpt>
      <trkpt lat="-38.03198" lon="177.30731">
        <ele>15.6</ele>
      </trkpt>
      <trkpt lat="-38.03129" lon="177.30662">
        <ele>15.6</ele>
      </trkpt>
      <trkpt lat="-38.03061" lon="177.30592">
        <ele>13.8</ele>
      </trkpt>
      <trkpt lat="-38.02992" lon="177.30522">
        <ele>13.8</ele>
      </trkpt>
      <trkpt lat="-38.02924" lon="177.30452">
        <ele>12.4</ele>
      </trkpt>
      <trkpt lat="-38.02855" lon="177.30382">
        <ele>11.1</ele>
      </trkpt>
      <trkpt lat="-38.02787" lon="177.30313">
        <ele>12.2</ele>
      </trkpt>
      <trkpt lat="-38.0273" lon="177.30255">
        <ele>13.0</ele>
      </trkpt>
      <trkpt lat="-38.02674" lon="177.30198">
        <ele>12.9</ele>
      </trkpt>
      <trkpt lat="-38.02617" lon="177.30141">
        <ele>12.0</ele>
      </trkpt>
      <trkpt lat="-38.0256" lon="177.30084">
        <ele>11.6</ele>
      </trkpt>
      <trkpt lat="-38.02504" lon="177.30026">
        <ele>13.0</ele>
      </trkpt>
      <trkpt lat="-38.0248" lon="177.29999">
        <ele>13.0</ele>
      </trkpt>
      <trkpt lat="-38.02472" lon="177.29987">
        <ele>12.7</ele>
      </trkpt>
      <trkpt lat="-38.02466" lon="177.29976">
        <ele>12.5</ele>
      </trkpt>
      <trkpt lat="-38.02457" lon="177.29957">
        <ele>12.2</ele>
      </trkpt>
      <trkpt lat="-38.02451" lon="177.2994">
        <ele>12.0</ele>
      </trkpt>
      <trkpt lat="-38.0244" lon="177.29903">
        <ele>11.8</ele>
      </trkpt>
      <trkpt lat="-38.02414" lon="177.29801">
        <ele>12.6</ele>
      </trkpt>
      <trkpt lat="-38.02387" lon="177.29699">
        <ele>12.0</ele>
      </trkpt>
      <trkpt lat="-38.02361" lon="177.29597">
        <ele>12.8</ele>
      </trkpt>
      <trkpt lat="-38.02335" lon="177.29495">
        <ele>12.0</ele>
      </trkpt>
      <trkpt lat="-38.02325" lon="177.29467">
        <ele>12.1</ele>
      </trkpt>
      <trkpt lat="-38.02314" lon="177.29442">
        <ele>12.1</ele>
      </trkpt>
      <trkpt lat="-38.02301" lon="177.29419">
        <ele>12.0</ele>
      </trkpt>
      <trkpt lat="-38.02286" lon="177.29396">
        <ele>11.9</ele>
      </trkpt>
      <trkpt lat="-38.02235" lon="177.29319">
        <ele>11.5</ele>
      </trkpt>
      <trkpt lat="-38.02183" lon="177.29243">
        <ele>10.9</ele>
      </trkpt>
      <trkpt lat="-38.02132" lon="177.29167">
        <ele>11.6</ele>
      </trkpt>
      <trkpt lat="-38.02081" lon="177.2909">
        <ele>11.0</ele>
      </trkpt>
      <trkpt lat="-38.02029" lon="177.29014">
        <ele>9.5</ele>
      </trkpt>
      <trkpt lat="-38.02009" lon="177.28992">
        <ele>9.1</ele>
      </trkpt>
      <trkpt lat="-38.01995" lon="177.2898">
        <ele>9.1</ele>
      </trkpt>
      <trkpt lat="-38.0197" lon="177.28965">
        <ele>9.4</ele>
      </trkpt>
      <trkpt lat="-38.01909" lon="177.28937">
        <ele>10.0</ele>
      </trkpt>
      <trkpt lat="-38.01903" lon="177.28931">
        <ele>10.0</ele>
      </trkpt>
      <trkpt lat="-38.01899" lon="177.28925">
        <ele>10.0</ele>
      </trkpt>
      <trkpt lat="-38.01897" lon="177.28912">
        <ele>9.9</ele>
      </trkpt>
      <trkpt lat="-38.01874" lon="177.28913">
        <ele>10.0</ele>
      </trkpt>
      <trkpt lat="-38.01864" lon="177.28912">
        <ele>9.9</ele>
      </trkpt>
      <trkpt lat="-38.01846" lon="177.28907">
        <ele>9.9</ele>
      </trkpt>
      <trkpt lat="-38.01828" lon="177.28901">
        <ele>9.8</ele>
      </trkpt>
      <trkpt lat="-38.01772" lon="177.28877">
        <ele>9.2</ele>
      </trkpt>
      <trkpt lat="-38.01726" lon="177.28853">
        <ele>8.6</ele>
      </trkpt>
      <trkpt lat="-38.01662" lon="177.28822">
        <ele>8.9</ele>
      </trkpt>
      <trkpt lat="-38.01597" lon="177.2879">
        <ele>8.9</ele>
      </trkpt>
      <trkpt lat="-38.01533" lon="177.28759">
        <ele>9.5</ele>
      </trkpt>
      <trkpt lat="-38.01468" lon="177.28728">
        <ele>10.0</ele>
      </trkpt>
      <trkpt lat="-38.01444" lon="177.28719">
        <ele>10.2</ele>
      </trkpt>
      <trkpt lat="-38.01427" lon="177.28715">
        <ele>10.4</ele>
      </trkpt>
      <trkpt lat="-38.01411" lon="177.28713">
        <ele>10.5</ele>
      </trkpt>
      <trkpt lat="-38.01395" lon="177.28712">
        <ele>10.2</ele>
      </trkpt>
      <trkpt lat="-38.0131" lon="177.28712">
        <ele>8.8</ele>
      </trkpt>
      <trkpt lat="-38.01225" lon="177.28712">
        <ele>7.6</ele>
      </trkpt>
      <trkpt lat="-38.01139" lon="177.28712">
        <ele>7.3</ele>
      </trkpt>
      <trkpt lat="-38.01054" lon="177.28712">
        <ele>8.7</ele>
      </trkpt>
      <trkpt lat="-38.00969" lon="177.28712">
        <ele>7.9</ele>
      </trkpt>
      <trkpt lat="-38.00884" lon="177.28712">
        <ele>7.3</ele>
      </trkpt>
      <trkpt lat="-38.00799" lon="177.28712">
        <ele>7.0</ele>
      </trkpt>
      <trkpt lat="-38.00714" lon="177.28712">
        <ele>7.4</ele>
      </trkpt>
      <trkpt lat="-38.00629" lon="177.28712">
        <ele>7.6</ele>
      </trkpt>
      <trkpt lat="-38.00544" lon="177.28712">
        <ele>7.3</ele>
      </trkpt>
      <trkpt lat="-38.00459" lon="177.28713">
        <ele>8.0</ele>
      </trkpt>
      <trkpt lat="-38.00432" lon="177.28706">
        <ele>8.3</ele>
      </trkpt>
      <trkpt lat="-38.00429" lon="177.28702">
        <ele>8.4</ele>
      </trkpt>
      <trkpt lat="-38.00423" lon="177.287">
        <ele>8.5</ele>
      </trkpt>
      <trkpt lat="-38.00419" lon="177.28701">
        <ele>8.6</ele>
      </trkpt>
      <trkpt lat="-38.00417" lon="177.28703">
        <ele>8.6</ele>
      </trkpt>
      <trkpt lat="-38.00415" lon="177.28707">
        <ele>8.5</ele>
      </trkpt>
      <trkpt lat="-38.00392" lon="177.28713">
        <ele>8.1</ele>
      </trkpt>
      <trkpt lat="-38.00311" lon="177.28712">
        <ele>7.7</ele>
      </trkpt>
      <trkpt lat="-38.00238" lon="177.28712">
        <ele>8.5</ele>
      </trkpt>
      <trkpt lat="-38.00166" lon="177.28713">
        <ele>8.5</ele>
      </trkpt>
      <trkpt lat="-38.00093" lon="177.28713">
        <ele>7.2</ele>
      </trkpt>
      <trkpt lat="-38.00039" lon="177.28713">
        <ele>7.3</ele>
      </trkpt>
      <trkpt lat="-37.99985" lon="177.28712">
        <ele>7.7</ele>
      </trkpt>
      <trkpt lat="-37.99931" lon="177.28713">
        <ele>8.4</ele>
      </trkpt>
      <trkpt lat="-37.99877" lon="177.28714">
        <ele>7.8</ele>
      </trkpt>
      <trkpt lat="-37.99867" lon="177.28716">
        <ele>7.6</ele>
      </trkpt>
      <trkpt lat="-37.99817" lon="177.28717">
        <ele>6.4</ele>
      </trkpt>
      <trkpt lat="-37.99766" lon="177.28718">
        <ele>4.6</ele>
      </trkpt>
      <trkpt lat="-37.99758" lon="177.28724">
        <ele>4.3</ele>
      </trkpt>
      <trkpt lat="-37.99699" lon="177.28726">
        <ele>4.6</ele>
      </trkpt>
      <trkpt lat="-37.99639" lon="177.28729">
        <ele>4.9</ele>
      </trkpt>
      <trkpt lat="-37.99631" lon="177.28721">
        <ele>4.9</ele>
      </trkpt>
      <trkpt lat="-37.9962" lon="177.28712">
        <ele>4.7</ele>
      </trkpt>
      <trkpt lat="-37.99604" lon="177.28703">
        <ele>4.6</ele>
      </trkpt>
      <trkpt lat="-37.99596" lon="177.28701">
        <ele>4.5</ele>
      </trkpt>
      <trkpt lat="-37.99594" lon="177.28703">
        <ele>4.5</ele>
      </trkpt>
      <trkpt lat="-37.99595" lon="177.28705">
        <ele>4.5</ele>
      </trkpt>
      <trkpt lat="-37.99607" lon="177.28717">
        <ele>4.7</ele>
      </trkpt>
      <trkpt lat="-37.99606" lon="177.2872">
        <ele>4.8</ele>
      </trkpt>
      <trkpt lat="-37.99606" lon="177.2872">
        <ele>4.8</ele>
      </trkpt>
      <trkpt lat="-37.99606" lon="177.2872">
        <ele>4.8</ele>
      </trkpt>
      <trkpt lat="-37.99561" lon="177.2879">
        <ele>6.0</ele>
      </trkpt>
      <trkpt lat="-37.9956" lon="177.28794">
        <ele>6.1</ele>
      </trkpt>
      <trkpt lat="-37.99566" lon="177.28806">
        <ele>6.3</ele>
      </trkpt>
      <trkpt lat="-37.99567" lon="177.28813">
        <ele>6.4</ele>
      </trkpt>
      <trkpt lat="-37.99571" lon="177.28855">
        <ele>6.6</ele>
      </trkpt>
      <trkpt lat="-37.9957" lon="177.28877">
        <ele>6.7</ele>
      </trkpt>
      <trkpt lat="-37.99566" lon="177.28899">
        <ele>7.0</ele>
      </trkpt>
      <trkpt lat="-37.99564" lon="177.28945">
        <ele>5.9</ele>
      </trkpt>
      <trkpt lat="-37.99562" lon="177.28957">
        <ele>5.5</ele>
      </trkpt>
      <trkpt lat="-37.99557" lon="177.28962">
        <ele>5.4</ele>
      </trkpt>
      <trkpt lat="-37.99551" lon="177.28963">
        <ele>5.6</ele>
      </trkpt>
      <trkpt lat="-37.99518" lon="177.28963">
        <ele>6.9</ele>
      </trkpt>
      <trkpt lat="-37.99503" lon="177.28964">
        <ele>7.5</ele>
      </trkpt>
      <trkpt lat="-37.9949" lon="177.28967">
        <ele>7.5</ele>
      </trkpt>
      <trkpt lat="-37.99463" lon="177.28976">
        <ele>7.3</ele>
      </trkpt>
      <trkpt lat="-37.99438" lon="177.28987">
        <ele>7.5</ele>
      </trkpt>
      <trkpt lat="-37.99399" lon="177.29012">
        <ele>8.3</ele>
      </trkpt>
      <trkpt lat="-37.99393" lon="177.29014">
        <ele>8.5</ele>
      </trkpt>
      <trkpt lat="-37.99389" lon="177.29013">
        <ele>8.7</ele>
      </trkpt>
      <trkpt lat="-37.99384" lon="177.2901">
        <ele>8.9</ele>
      </trkpt>
      <trkpt lat="-37.99372" lon="177.2899">
        <ele>9.5</ele>
      </trkpt>
      <trkpt lat="-37.99356" lon="177.28977">
        <ele>9.8</ele>
      </trkpt>
      <trkpt lat="-37.99351" lon="177.28976">
        <ele>9.9</ele>
      </trkpt>
      <trkpt lat="-37.99345" lon="177.28976">
        <ele>9.8</ele>
      </trkpt>
      <trkpt lat="-37.99332" lon="177.28985">
        <ele>9.7</ele>
      </trkpt>
      <trkpt lat="-37.99329" lon="177.2899">
        <ele>9.6</ele>
      </trkpt>
      <trkpt lat="-37.99325" lon="177.29005">
        <ele>9.5</ele>
      </trkpt>
      <trkpt lat="-37.99324" lon="177.29092">
        <ele>9.0</ele>
      </trkpt>
      <trkpt lat="-37.99321" lon="177.29094">
        <ele>9.0</ele>
      </trkpt>
      <trkpt lat="-37.99314" lon="177.29095">
        <ele>9.1</ele>
      </trkpt>
      <trkpt lat="-37.99309" lon="177.29093">
        <ele>9.2</ele>
      </trkpt>
      <trkpt lat="-37.99307" lon="177.29091">
        <ele>9.2</ele>
      </trkpt>
      <trkpt lat="-37.99307" lon="177.29011">
        <ele>11.1</ele>
      </trkpt>
      <trkpt lat="-37.99282" lon="177.29001">
        <ele>11.6</ele>
      </trkpt>
      <trkpt lat="-37.9927" lon="177.28989">
        <ele>11.5</ele>
      </trkpt>
      <trkpt lat="-37.99262" lon="177.28983">
        <ele>11.4</ele>
      </trkpt>
      <trkpt lat="-37.99255" lon="177.28982">
        <ele>11.5</ele>
      </trkpt>
      <trkpt lat="-37.99244" lon="177.28985">
        <ele>11.5</ele>
      </trkpt>
      <trkpt lat="-37.99237" lon="177.28992">
        <ele>11.4</ele>
      </trkpt>
      <trkpt lat="-37.99234" lon="177.29002">
        <ele>11.4</ele>
      </trkpt>
      <trkpt lat="-37.99232" lon="177.29027">
        <ele>10.9</ele>
      </trkpt>
      <trkpt lat="-37.99227" lon="177.29038">
        <ele>10.6</ele>
      </trkpt>
      <trkpt lat="-37.99192" lon="177.29065">
        <ele>10.0</ele>
      </trkpt>
      <trkpt lat="-37.99187" lon="177.29072">
        <ele>10.0</ele>
      </trkpt>
      <trkpt lat="-37.99184" lon="177.29085">
        <ele>10.0</ele>
      </trkpt>
      <trkpt lat="-37.99183" lon="177.29103">
        <ele>10.3</ele>
      </trkpt>
      <trkpt lat="-37.9918" lon="177.2911">
        <ele>10.4</ele>
      </trkpt>
      <trkpt lat="-37.99177" lon="177.29115">
        <ele>10.4</ele>
      </trkpt>
      <trkpt lat="-37.99164" lon="177.29126">
        <ele>10.2</ele>
      </trkpt>
      <trkpt lat="-37.99161" lon="177.29135">
        <ele>9.9</ele>
      </trkpt>
      <trkpt lat="-37.9916" lon="177.2915">
        <ele>9.9</ele>
      </trkpt>
      <trkpt lat="-37.99157" lon="177.29163">
        <ele>9.7</ele>
      </trkpt>
      <trkpt lat="-37.99154" lon="177.29192">
        <ele>9.6</ele>
      </trkpt>
      <trkpt lat="-37.99154" lon="177.29192">
        <ele>9.6</ele>
      </trkpt>
      <trkpt lat="-37.99154" lon="177.29248">
        <ele>10.2</ele>
      </trkpt>
      <trkpt lat="-37.99149" lon="177.29269">
        <ele>9.1</ele>
      </trkpt>
      <trkpt lat="-37.99148" lon="177.29282">
        <ele>8.7</ele>
      </trkpt>
      <trkpt lat="-37.99151" lon="177.29302">
        <ele>8.7</ele>
      </trkpt>
      <trkpt lat="-37.99157" lon="177.29327">
        <ele>9.0</ele>
      </trkpt>
      <trkpt lat="-37.99158" lon="177.29337">
        <ele>8.9</ele>
      </trkpt>
      <trkpt lat="-37.99157" lon="177.2935">
        <ele>8.7</ele>
      </trkpt>
      <trkpt lat="-37.9916" lon="177.29357">
        <ele>8.9</ele>
      </trkpt>
      <trkpt lat="-37.99166" lon="177.29366">
        <ele>9.5</ele>
      </trkpt>
      <trkpt lat="-37.9917" lon="177.29375">
        <ele>9.6</ele>
      </trkpt>
      <trkpt lat="-37.99173" lon="177.29387">
        <ele>9.6</ele>
      </trkpt>
      <trkpt lat="-37.99174" lon="177.29399">
        <ele>9.5</ele>
      </trkpt>
      <trkpt lat="-37.99173" lon="177.2941">
        <ele>9.3</ele>
      </trkpt>
      <trkpt lat="-37.99177" lon="177.29426">
        <ele>9.7</ele>
      </trkpt>
      <trkpt lat="-37.99177" lon="177.29433">
        <ele>9.9</ele>
      </trkpt>
      <trkpt lat="-37.99174" lon="177.29446">
        <ele>10.2</ele>
      </trkpt>
      <trkpt lat="-37.99173" lon="177.29465">
        <ele>10.8</ele>
      </trkpt>
      <trkpt lat="-37.99171" lon="177.29484">
        <ele>11.5</ele>
      </trkpt>
      <trkpt lat="-37.99166" lon="177.29505">
        <ele>11.9</ele>
      </trkpt>
      <trkpt lat="-37.99158" lon="177.29526">
        <ele>10.8</ele>
      </trkpt>
      <trkpt lat="-37.99141" lon="177.29582">
        <ele>8.3</ele>
      </trkpt>
      <trkpt lat="-37.99128" lon="177.29599">
        <ele>6.4</ele>
      </trkpt>
      <trkpt lat="-37.99124" lon="177.29608">
        <ele>5.9</ele>
      </trkpt>
      <trkpt lat="-37.99122" lon="177.29625">
        <ele>5.6</ele>
      </trkpt>
      <trkpt lat="-37.99122" lon="177.29641">
        <ele>5.6</ele>
      </trkpt>
      <trkpt lat="-37.99116" lon="177.29665">
        <ele>4.7</ele>
      </trkpt>
      <trkpt lat="-37.99116" lon="177.29673">
        <ele>4.7</ele>
      </trkpt>
      <trkpt lat="-37.99119" lon="177.29682">
        <ele>5.1</ele>
      </trkpt>
      <trkpt lat="-37.99125" lon="177.29694">
        <ele>6.0</ele>
      </trkpt>
      <trkpt lat="-37.99127" lon="177.29704">
        <ele>6.3</ele>
      </trkpt>
      <trkpt lat="-37.99123" lon="177.29725">
        <ele>5.7</ele>
      </trkpt>
      <trkpt lat="-37.99125" lon="177.29734">
        <ele>6.0</ele>
      </trkpt>
      <trkpt lat="-37.99133" lon="177.29757">
        <ele>7.1</ele>
      </trkpt>
      <trkpt lat="-37.99135" lon="177.29767">
        <ele>7.3</ele>
      </trkpt>
      <trkpt lat="-37.99135" lon="177.29776">
        <ele>7.2</ele>
      </trkpt>
      <trkpt lat="-37.9913" lon="177.298">
        <ele>6.4</ele>
      </trkpt>
      <trkpt lat="-37.99131" lon="177.29811">
        <ele>6.4</ele>
      </trkpt>
      <trkpt lat="-37.99133" lon="177.29822">
        <ele>6.6</ele>
      </trkpt>
      <trkpt lat="-37.99137" lon="177.29831">
        <ele>7.1</ele>
      </trkpt>
      <trkpt lat="-37.99137" lon="177.29851">
        <ele>7.2</ele>
      </trkpt>
      <trkpt lat="-37.99138" lon="177.29872">
        <ele>7.5</ele>
      </trkpt>
      <trkpt lat="-37.99126" lon="177.29896">
        <ele>6.0</ele>
      </trkpt>
      <trkpt lat="-37.99124" lon="177.29908">
        <ele>5.8</ele>
      </trkpt>
      <trkpt lat="-37.99126" lon="177.29923">
        <ele>6.6</ele>
      </trkpt>
      <trkpt lat="-37.99118" lon="177.29947">
        <ele>7.5</ele>
      </trkpt>
      <trkpt lat="-37.99113" lon="177.29965">
        <ele>8.6</ele>
      </trkpt>
      <trkpt lat="-37.99107" lon="177.29974">
        <ele>9.0</ele>
      </trkpt>
      <trkpt lat="-37.99106" lon="177.29979">
        <ele>9.5</ele>
      </trkpt>
      <trkpt lat="-37.99108" lon="177.29984">
        <ele>10.0</ele>
      </trkpt>
      <trkpt lat="-37.99118" lon="177.29992">
        <ele>11.2</ele>
      </trkpt>
      <trkpt lat="-37.99121" lon="177.29997">
        <ele>11.7</ele>
      </trkpt>
      <trkpt lat="-37.99124" lon="177.30006">
        <ele>11.6</ele>
      </trkpt>
      <trkpt lat="-37.99122" lon="177.30031">
        <ele>9.7</ele>
      </trkpt>
      <trkpt lat="-37.99123" lon="177.30052">
        <ele>8.4</ele>
      </trkpt>
      <trkpt lat="-37.99121" lon="177.30067">
        <ele>7.1</ele>
      </trkpt>
      <trkpt lat="-37.99115" lon="177.30087">
        <ele>5.3</ele>
      </trkpt>
      <trkpt lat="-37.99112" lon="177.301">
        <ele>6.0</ele>
      </trkpt>
      <trkpt lat="-37.99109" lon="177.30124">
        <ele>8.1</ele>
      </trkpt>
      <trkpt lat="-37.9911" lon="177.30141">
        <ele>9.8</ele>
      </trkpt>
      <trkpt lat="-37.99107" lon="177.3016">
        <ele>11.7</ele>
      </trkpt>
      <trkpt lat="-37.99107" lon="177.30168">
        <ele>12.4</ele>
      </trkpt>
      <trkpt lat="-37.9911" lon="177.3018">
        <ele>12.1</ele>
      </trkpt>
      <trkpt lat="-37.9911" lon="177.3019">
        <ele>11.9</ele>
      </trkpt>
      <trkpt lat="-37.99098" lon="177.30213">
        <ele>11.6</ele>
      </trkpt>
      <trkpt lat="-37.99096" lon="177.30223">
        <ele>11.4</ele>
      </trkpt>
      <trkpt lat="-37.99097" lon="177.30233">
        <ele>11.2</ele>
      </trkpt>
      <trkpt lat="-37.99107" lon="177.3025">
        <ele>10.7</ele>
      </trkpt>
      <trkpt lat="-37.9911" lon="177.30259">
        <ele>10.6</ele>
      </trkpt>
      <trkpt lat="-37.99105" lon="177.30299">
        <ele>10.3</ele>
      </trkpt>
      <trkpt lat="-37.99099" lon="177.30325">
        <ele>10.1</ele>
      </trkpt>
      <trkpt lat="-37.99088" lon="177.30349">
        <ele>10.0</ele>
      </trkpt>
      <trkpt lat="-37.99082" lon="177.30356">
        <ele>9.8</ele>
      </trkpt>
      <trkpt lat="-37.9908" lon="177.30362">
        <ele>9.6</ele>
      </trkpt>
      <trkpt lat="-37.99082" lon="177.30368">
        <ele>9.8</ele>
      </trkpt>
      <trkpt lat="-37.99089" lon="177.30383">
        <ele>10.0</ele>
      </trkpt>
      <trkpt lat="-37.99091" lon="177.30392">
        <ele>10.1</ele>
      </trkpt>
      <trkpt lat="-37.99087" lon="177.30404">
        <ele>10.0</ele>
      </trkpt>
      <trkpt lat="-37.99074" lon="177.3044">
        <ele>9.4</ele>
      </trkpt>
      <trkpt lat="-37.99072" lon="177.30448">
        <ele>9.3</ele>
      </trkpt>
      <trkpt lat="-37.99073" lon="177.30454">
        <ele>9.5</ele>
      </trkpt>
      <trkpt lat="-37.99078" lon="177.30463">
        <ele>10.4</ele>
      </trkpt>
      <trkpt lat="-37.9909" lon="177.30465">
        <ele>11.1</ele>
      </trkpt>
      <trkpt lat="-37.99095" lon="177.30469">
        <ele>11.0</ele>
      </trkpt>
      <trkpt lat="-37.99098" lon="177.30479">
        <ele>11.1</ele>
      </trkpt>
      <trkpt lat="-37.99095" lon="177.30517">
        <ele>11.2</ele>
      </trkpt>
      <trkpt lat="-37.9909" lon="177.30549">
        <ele>10.6</ele>
      </trkpt>
      <trkpt lat="-37.99086" lon="177.30577">
        <ele>10.1</ele>
      </trkpt>
      <trkpt lat="-37.9908" lon="177.30605">
        <ele>9.3</ele>
      </trkpt>
      <trkpt lat="-37.99075" lon="177.30615">
        <ele>8.7</ele>
      </trkpt>
      <trkpt lat="-37.99068" lon="177.30628">
        <ele>7.7</ele>
      </trkpt>
      <trkpt lat="-37.99067" lon="177.30637">
        <ele>7.5</ele>
      </trkpt>
      <trkpt lat="-37.99069" lon="177.30661">
        <ele>7.5</ele>
      </trkpt>
      <trkpt lat="-37.99068" lon="177.30673">
        <ele>7.4</ele>
      </trkpt>
      <trkpt lat="-37.99061" lon="177.30692">
        <ele>6.8</ele>
      </trkpt>
      <trkpt lat="-37.99061" lon="177.3073">
        <ele>7.1</ele>
      </trkpt>
      <trkpt lat="-37.99061" lon="177.30745">
        <ele>7.3</ele>
      </trkpt>
      <trkpt lat="-37.99055" lon="177.30772">
        <ele>6.4</ele>
      </trkpt>
      <trkpt lat="-37.99051" lon="177.3078">
        <ele>5.9</ele>
      </trkpt>
      <trkpt lat="-37.99049" lon="177.30788">
        <ele>5.6</ele>
      </trkpt>
      <trkpt lat="-37.99052" lon="177.30803">
        <ele>5.8</ele>
      </trkpt>
      <trkpt lat="-37.99057" lon="177.30838">
        <ele>6.2</ele>
      </trkpt>
      <trkpt lat="-37.99058" lon="177.30892">
        <ele>6.8</ele>
      </trkpt>
      <trkpt lat="-37.99057" lon="177.30907">
        <ele>6.8</ele>
      </trkpt>
      <trkpt lat="-37.99057" lon="177.30917">
        <ele>6.8</ele>
      </trkpt>
      <trkpt lat="-37.99059" lon="177.3093">
        <ele>7.1</ele>
      </trkpt>
      <trkpt lat="-37.99057" lon="177.30949">
        <ele>6.8</ele>
      </trkpt>
      <trkpt lat="-37.99053" lon="177.30967">
        <ele>6.4</ele>
      </trkpt>
      <trkpt lat="-37.99053" lon="177.30985">
        <ele>6.4</ele>
      </trkpt>
      <trkpt lat="-37.99056" lon="177.31007">
        <ele>6.7</ele>
      </trkpt>
      <trkpt lat="-37.99061" lon="177.31026">
        <ele>7.3</ele>
      </trkpt>
      <trkpt lat="-37.99061" lon="177.31052">
        <ele>7.3</ele>
      </trkpt>
      <trkpt lat="-37.9905" lon="177.31093">
        <ele>5.9</ele>
      </trkpt>
      <trkpt lat="-37.99051" lon="177.31109">
        <ele>5.9</ele>
      </trkpt>
      <trkpt lat="-37.99054" lon="177.3112">
        <ele>6.2</ele>
      </trkpt>
      <trkpt lat="-37.99066" lon="177.31128">
        <ele>7.5</ele>
      </trkpt>
      <trkpt lat="-37.99094" lon="177.31134">
        <ele>9.7</ele>
      </trkpt>
      <trkpt lat="-37.99093" lon="177.31199">
        <ele>9.0</ele>
      </trkpt>
      <trkpt lat="-37.99092" lon="177.31264">
        <ele>8.1</ele>
      </trkpt>
      <trkpt lat="-37.99092" lon="177.31367">
        <ele>7.6</ele>
      </trkpt>
      <trkpt lat="-37.99092" lon="177.3147">
        <ele>9.3</ele>
      </trkpt>
      <trkpt lat="-37.99095" lon="177.31506">
        <ele>9.9</ele>
      </trkpt>
      <trkpt lat="-37.991" lon="177.31542">
        <ele>9.1</ele>
      </trkpt>
      <trkpt lat="-37.99111" lon="177.31587">
        <ele>8.4</ele>
      </trkpt>
      <trkpt lat="-37.99131" lon="177.31647">
        <ele>9.9</ele>
      </trkpt>
      <trkpt lat="-37.99151" lon="177.31707">
        <ele>11.7</ele>
      </trkpt>
      <trkpt lat="-37.99176" lon="177.31792">
        <ele>13.6</ele>
      </trkpt>
      <trkpt lat="-37.99184" lon="177.31831">
        <ele>14.8</ele>
      </trkpt>
      <trkpt lat="-37.99188" lon="177.31873">
        <ele>17.0</ele>
      </trkpt>
      <trkpt lat="-37.99189" lon="177.31931">
        <ele>18.9</ele>
      </trkpt>
      <trkpt lat="-37.99188" lon="177.32032">
        <ele>20.0</ele>
      </trkpt>
      <trkpt lat="-37.99187" lon="177.32133">
        <ele>19.6</ele>
      </trkpt>
      <trkpt lat="-37.99186" lon="177.32233">
        <ele>17.5</ele>
      </trkpt>
      <trkpt lat="-37.99185" lon="177.32334">
        <ele>19.4</ele>
      </trkpt>
      <trkpt lat="-37.99181" lon="177.32431">
        <ele>20.2</ele>
      </trkpt>
      <trkpt lat="-37.99178" lon="177.32527">
        <ele>19.7</ele>
      </trkpt>
      <trkpt lat="-37.99174" lon="177.32624">
        <ele>19.3</ele>
      </trkpt>
      <trkpt lat="-37.99171" lon="177.32721">
        <ele>19.3</ele>
      </trkpt>
      <trkpt lat="-37.99168" lon="177.3278">
        <ele>19.9</ele>
      </trkpt>
      <trkpt lat="-37.99165" lon="177.32839">
        <ele>21.8</ele>
      </trkpt>
      <trkpt lat="-37.99158" lon="177.32941">
        <ele>21.2</ele>
      </trkpt>
      <trkpt lat="-37.9915" lon="177.33043">
        <ele>20.9</ele>
      </trkpt>
      <trkpt lat="-37.99142" lon="177.33145">
        <ele>19.5</ele>
      </trkpt>
      <trkpt lat="-37.99134" lon="177.33247">
        <ele>19.1</ele>
      </trkpt>
      <trkpt lat="-37.99126" lon="177.33349">
        <ele>15.2</ele>
      </trkpt>
      <trkpt lat="-37.99118" lon="177.33451">
        <ele>15.0</ele>
      </trkpt>
      <trkpt lat="-37.9911" lon="177.33553">
        <ele>15.4</ele>
      </trkpt>
      <trkpt lat="-37.99102" lon="177.33655">
        <ele>14.2</ele>
      </trkpt>
      <trkpt lat="-37.99094" lon="177.33758">
        <ele>14.7</ele>
      </trkpt>
      <trkpt lat="-37.99093" lon="177.33786">
        <ele>13.6</ele>
      </trkpt>
      <trkpt lat="-37.99094" lon="177.33833">
        <ele>12.3</ele>
      </trkpt>
      <trkpt lat="-37.99101" lon="177.33929">
        <ele>6.8</ele>
      </trkpt>
      <trkpt lat="-37.99108" lon="177.34026">
        <ele>6.4</ele>
      </trkpt>
      <trkpt lat="-37.99115" lon="177.34122">
        <ele>6.8</ele>
      </trkpt>
      <trkpt lat="-37.99116" lon="177.34138">
        <ele>6.9</ele>
      </trkpt>
      <trkpt lat="-37.99122" lon="177.34223">
        <ele>7.3</ele>
      </trkpt>
      <trkpt lat="-37.99123" lon="177.34268">
        <ele>9.0</ele>
      </trkpt>
      <trkpt lat="-37.99122" lon="177.34292">
        <ele>10.2</ele>
      </trkpt>
      <trkpt lat="-37.9912" lon="177.34315">
        <ele>11.6</ele>
      </trkpt>
      <trkpt lat="-37.99116" lon="177.34337">
        <ele>13.1</ele>
      </trkpt>
      <trkpt lat="-37.99108" lon="177.34383">
        <ele>14.3</ele>
      </trkpt>
      <trkpt lat="-37.99082" lon="177.34486">
        <ele>16.6</ele>
      </trkpt>
      <trkpt lat="-37.99057" lon="177.34588">
        <ele>10.6</ele>
      </trkpt>
      <trkpt lat="-37.99031" lon="177.34691">
        <ele>6.4</ele>
      </trkpt>
      <trkpt lat="-37.99006" lon="177.34794">
        <ele>6.4</ele>
      </trkpt>
      <trkpt lat="-37.9898" lon="177.34897">
        <ele>7.4</ele>
      </trkpt>
      <trkpt lat="-37.98955" lon="177.35">
        <ele>12.7</ele>
      </trkpt>
      <trkpt lat="-37.9893" lon="177.35102">
        <ele>11.8</ele>
      </trkpt>
      <trkpt lat="-37.98904" lon="177.35205">
        <ele>8.8</ele>
      </trkpt>
      <trkpt lat="-37.98879" lon="177.35308">
        <ele>9.3</ele>
      </trkpt>
      <trkpt lat="-37.98853" lon="177.35411">
        <ele>9.5</ele>
      </trkpt>
      <trkpt lat="-37.98828" lon="177.35514">
        <ele>8.1</ele>
      </trkpt>
      <trkpt lat="-37.98803" lon="177.35619">
        <ele>8.7</ele>
      </trkpt>
      <trkpt lat="-37.98788" lon="177.35697">
        <ele>8.2</ele>
      </trkpt>
      <trkpt lat="-37.98776" lon="177.35779">
        <ele>7.6</ele>
      </trkpt>
      <trkpt lat="-37.98763" lon="177.35892">
        <ele>9.4</ele>
      </trkpt>
      <trkpt lat="-37.98751" lon="177.36005">
        <ele>11.0</ele>
      </trkpt>
      <trkpt lat="-37.98738" lon="177.36118">
        <ele>11.3</ele>
      </trkpt>
      <trkpt lat="-37.98726" lon="177.3623">
        <ele>10.3</ele>
      </trkpt>
      <trkpt lat="-37.98713" lon="177.36343">
        <ele>10.3</ele>
      </trkpt>
      <trkpt lat="-37.98701" lon="177.36456">
        <ele>10.4</ele>
      </trkpt>
      <trkpt lat="-37.9869" lon="177.36555">
        <ele>10.7</ele>
      </trkpt>
      <trkpt lat="-37.98679" lon="177.36653">
        <ele>10.0</ele>
      </trkpt>
      <trkpt lat="-37.98669" lon="177.36752">
        <ele>10.9</ele>
      </trkpt>
      <trkpt lat="-37.98658" lon="177.3685">
        <ele>10.1</ele>
      </trkpt>
      <trkpt lat="-37.98647" lon="177.36949">
        <ele>10.6</ele>
      </trkpt>
      <trkpt lat="-37.98636" lon="177.37047">
        <ele>11.3</ele>
      </trkpt>
      <trkpt lat="-37.98626" lon="177.37146">
        <ele>11.9</ele>
      </trkpt>
      <trkpt lat="-37.9862" lon="177.372">
        <ele>11.0</ele>
      </trkpt>
      <trkpt lat="-37.98613" lon="177.37308">
        <ele>8.9</ele>
      </trkpt>
      <trkpt lat="-37.98606" lon="177.37416">
        <ele>10.0</ele>
      </trkpt>
      <trkpt lat="-37.98598" lon="177.37523">
        <ele>9.6</ele>
      </trkpt>
      <trkpt lat="-37.98591" lon="177.37631">
        <ele>10.8</ele>
      </trkpt>
      <trkpt lat="-37.98583" lon="177.37739">
        <ele>11.0</ele>
      </trkpt>
      <trkpt lat="-37.98584" lon="177.37785">
        <ele>11.4</ele>
      </trkpt>
      <trkpt lat="-37.98585" lon="177.37808">
        <ele>11.7</ele>
      </trkpt>
      <trkpt lat="-37.98587" lon="177.37829">
        <ele>11.9</ele>
      </trkpt>
      <trkpt lat="-37.98594" lon="177.37868">
        <ele>11.7</ele>
      </trkpt>
      <trkpt lat="-37.98598" lon="177.37882">
        <ele>11.5</ele>
      </trkpt>
      <trkpt lat="-37.98613" lon="177.37923">
        <ele>10.9</ele>
      </trkpt>
      <trkpt lat="-37.9863" lon="177.37961">
        <ele>10.1</ele>
      </trkpt>
      <trkpt lat="-37.98641" lon="177.3798">
        <ele>9.7</ele>
      </trkpt>
      <trkpt lat="-37.98678" lon="177.38044">
        <ele>8.5</ele>
      </trkpt>
      <trkpt lat="-37.98716" lon="177.38108">
        <ele>7.5</ele>
      </trkpt>
      <trkpt lat="-37.98754" lon="177.38171">
        <ele>5.2</ele>
      </trkpt>
      <trkpt lat="-37.98793" lon="177.38245">
        <ele>9.4</ele>
      </trkpt>
      <trkpt lat="-37.98808" lon="177.38277">
        <ele>11.3</ele>
      </trkpt>
      <trkpt lat="-37.9882" lon="177.38304">
        <ele>13.0</ele>
      </trkpt>
      <trkpt lat="-37.98846" lon="177.38378">
        <ele>14.6</ele>
      </trkpt>
      <trkpt lat="-37.98858" lon="177.38419">
        <ele>15.3</ele>
      </trkpt>
      <trkpt lat="-37.9887" lon="177.38464">
        <ele>16.1</ele>
      </trkpt>
      <trkpt lat="-37.9888" lon="177.38505">
        <ele>15.9</ele>
      </trkpt>
      <trkpt lat="-37.98892" lon="177.38564">
        <ele>12.6</ele>
      </trkpt>
      <trkpt lat="-37.98896" lon="177.38563">
        <ele>13.1</ele>
      </trkpt>
      <trkpt lat="-37.98899" lon="177.38564">
        <ele>13.3</ele>
      </trkpt>
      <trkpt lat="-37.98908" lon="177.38571">
        <ele>13.5</ele>
      </trkpt>
      <trkpt lat="-37.98945" lon="177.3861">
        <ele>15.6</ele>
      </trkpt>
      <trkpt lat="-37.98982" lon="177.38649">
        <ele>15.9</ele>
      </trkpt>
      <trkpt lat="-37.99002" lon="177.38667">
        <ele>14.8</ele>
      </trkpt>
      <trkpt lat="-37.99022" lon="177.38674">
        <ele>12.8</ele>
      </trkpt>
      <trkpt lat="-37.99051" lon="177.38675">
        <ele>10.9</ele>
      </trkpt>
      <trkpt lat="-37.99104" lon="177.38685">
        <ele>10.5</ele>
      </trkpt>
      <trkpt lat="-37.99155" lon="177.38698">
        <ele>14.4</ele>
      </trkpt>
      <trkpt lat="-37.99195" lon="177.38716">
        <ele>16.9</ele>
      </trkpt>
      <trkpt lat="-37.99238" lon="177.38742">
        <ele>18.1</ele>
      </trkpt>
      <trkpt lat="-37.99281" lon="177.38769">
        <ele>17.2</ele>
      </trkpt>
      <trkpt lat="-37.99338" lon="177.38795">
        <ele>15.3</ele>
      </trkpt>
      <trkpt lat="-37.99395" lon="177.38822">
        <ele>14.0</ele>
      </trkpt>
      <trkpt lat="-37.99451" lon="177.38849">
        <ele>14.9</ele>
      </trkpt>
      <trkpt lat="-37.99451" lon="177.38849">
        <ele>14.9</ele>
      </trkpt>
      <trkpt lat="-37.99505" lon="177.38873">
        <ele>16.8</ele>
      </trkpt>
      <trkpt lat="-37.99553" lon="177.38876">
        <ele>21.2</ele>
      </trkpt>
      <trkpt lat="-37.99553" lon="177.38887">
        <ele>19.5</ele>
      </trkpt>
      <trkpt lat="-37.99574" lon="177.38892">
        <ele>20.6</ele>
      </trkpt>
      <trkpt lat="-37.99592" lon="177.38898">
        <ele>20.7</ele>
      </trkpt>
      <trkpt lat="-37.99599" lon="177.38901">
        <ele>20.5</ele>
      </trkpt>
      <trkpt lat="-37.99601" lon="177.3891">
        <ele>18.9</ele>
      </trkpt>
      <trkpt lat="-37.99601" lon="177.38923">
        <ele>17.6</ele>
      </trkpt>
      <trkpt lat="-37.996" lon="177.38937">
        <ele>16.3</ele>
      </trkpt>
      <trkpt lat="-37.99594" lon="177.38978">
        <ele>12.5</ele>
      </trkpt>
      <trkpt lat="-37.99593" lon="177.38983">
        <ele>12.0</ele>
      </trkpt>
      <trkpt lat="-37.99588" lon="177.38987">
        <ele>11.3</ele>
      </trkpt>
      <trkpt lat="-37.99592" lon="177.38998">
        <ele>10.2</ele>
      </trkpt>
      <trkpt lat="-37.99591" lon="177.3901">
        <ele>9.8</ele>
      </trkpt>
      <trkpt lat="-37.99575" lon="177.39102">
        <ele>8.0</ele>
      </trkpt>
      <trkpt lat="-37.9956" lon="177.39193">
        <ele>7.2</ele>
      </trkpt>
      <trkpt lat="-37.99558" lon="177.39213">
        <ele>7.0</ele>
      </trkpt>
      <trkpt lat="-37.99558" lon="177.39213">
        <ele>7.0</ele>
      </trkpt>
      <trkpt lat="-37.99558" lon="177.39219">
        <ele>7.0</ele>
      </trkpt>
      <trkpt lat="-37.9956" lon="177.39232">
        <ele>6.9</ele>
      </trkpt>
      <trkpt lat="-37.99566" lon="177.39245">
        <ele>6.8</ele>
      </trkpt>
      <trkpt lat="-37.99573" lon="177.39257">
        <ele>7.0</ele>
      </trkpt>
      <trkpt lat="-37.99627" lon="177.3934">
        <ele>8.1</ele>
      </trkpt>
      <trkpt lat="-37.9968" lon="177.39423">
        <ele>8.1</ele>
      </trkpt>
      <trkpt lat="-37.99734" lon="177.39506">
        <ele>8.3</ele>
      </trkpt>
      <trkpt lat="-37.99787" lon="177.39588">
        <ele>8.7</ele>
      </trkpt>
      <trkpt lat="-37.99841" lon="177.39671">
        <ele>8.8</ele>
      </trkpt>
      <trkpt lat="-37.99894" lon="177.39754">
        <ele>9.8</ele>
      </trkpt>
      <trkpt lat="-37.99902" lon="177.39763">
        <ele>10.9</ele>
      </trkpt>
      <trkpt lat="-37.99907" lon="177.39767">
        <ele>11.5</ele>
      </trkpt>
      <trkpt lat="-37.99917" lon="177.39771">
        <ele>12.0</ele>
      </trkpt>
      <trkpt lat="-37.99929" lon="177.39771">
        <ele>12.2</ele>
      </trkpt>
      <trkpt lat="-37.99995" lon="177.39759">
        <ele>11.2</ele>
      </trkpt>
      <trkpt lat="-38.00061" lon="177.39748">
        <ele>12.1</ele>
      </trkpt>
      <trkpt lat="-38.0008" lon="177.39747">
        <ele>12.8</ele>
      </trkpt>
      <trkpt lat="-38.00096" lon="177.39748">
        <ele>13.4</ele>
      </trkpt>
      <trkpt lat="-38.00148" lon="177.39758">
        <ele>16.7</ele>
      </trkpt>
      <trkpt lat="-38.00173" lon="177.39758">
        <ele>17.4</ele>
      </trkpt>
      <trkpt lat="-38.00195" lon="177.39752">
        <ele>17.0</ele>
      </trkpt>
      <trkpt lat="-38.00257" lon="177.39727">
        <ele>16.2</ele>
      </trkpt>
      <trkpt lat="-38.0033" lon="177.39686">
        <ele>14.5</ele>
      </trkpt>
      <trkpt lat="-38.00346" lon="177.39676">
        <ele>14.2</ele>
      </trkpt>
      <trkpt lat="-38.00367" lon="177.39656">
        <ele>14.1</ele>
      </trkpt>
      <trkpt lat="-38.00395" lon="177.39627">
        <ele>13.8</ele>
      </trkpt>
      <trkpt lat="-38.00427" lon="177.39608">
        <ele>13.4</ele>
      </trkpt>
      <trkpt lat="-38.00457" lon="177.39597">
        <ele>12.3</ele>
      </trkpt>
      <trkpt lat="-38.00477" lon="177.39594">
        <ele>11.9</ele>
      </trkpt>
      <trkpt lat="-38.00529" lon="177.39599">
        <ele>11.7</ele>
      </trkpt>
      <trkpt lat="-38.00582" lon="177.39603">
        <ele>11.5</ele>
      </trkpt>
      <trkpt lat="-38.00598" lon="177.39607">
        <ele>11.8</ele>
      </trkpt>
      <trkpt lat="-38.00615" lon="177.39614">
        <ele>12.3</ele>
      </trkpt>
      <trkpt lat="-38.00632" lon="177.39625">
        <ele>12.9</ele>
      </trkpt>
      <trkpt lat="-38.00656" lon="177.39648">
        <ele>14.1</ele>
      </trkpt>
      <trkpt lat="-38.00671" lon="177.3966">
        <ele>14.8</ele>
      </trkpt>
      <trkpt lat="-38.00683" lon="177.39666">
        <ele>15.0</ele>
      </trkpt>
      <trkpt lat="-38.00693" lon="177.39668">
        <ele>15.1</ele>
      </trkpt>
      <trkpt lat="-38.00708" lon="177.39668">
        <ele>15.1</ele>
      </trkpt>
      <trkpt lat="-38.0073" lon="177.39666">
        <ele>15.0</ele>
      </trkpt>
      <trkpt lat="-38.00794" lon="177.39665">
        <ele>16.5</ele>
      </trkpt>
      <trkpt lat="-38.00813" lon="177.39666">
        <ele>17.2</ele>
      </trkpt>
      <trkpt lat="-38.00827" lon="177.3967">
        <ele>18.0</ele>
      </trkpt>
      <trkpt lat="-38.00841" lon="177.39677">
        <ele>18.4</ele>
      </trkpt>
      <trkpt lat="-38.00871" lon="177.39698">
        <ele>18.4</ele>
      </trkpt>
      <trkpt lat="-38.00889" lon="177.39714">
        <ele>18.3</ele>
      </trkpt>
      <trkpt lat="-38.00905" lon="177.39731">
        <ele>18.1</ele>
      </trkpt>
      <trkpt lat="-38.00924" lon="177.39762">
        <ele>19.1</ele>
      </trkpt>
      <trkpt lat="-38.00936" lon="177.39775">
        <ele>20.0</ele>
      </trkpt>
      <trkpt lat="-38.00954" lon="177.39787">
        <ele>20.3</ele>
      </trkpt>
      <trkpt lat="-38.00992" lon="177.39805">
        <ele>19.5</ele>
      </trkpt>
      <trkpt lat="-38.01025" lon="177.39822">
        <ele>19.4</ele>
      </trkpt>
      <trkpt lat="-38.01038" lon="177.39827">
        <ele>19.3</ele>
      </trkpt>
      <trkpt lat="-38.01056" lon="177.39831">
        <ele>18.9</ele>
      </trkpt>
      <trkpt lat="-38.01101" lon="177.3983">
        <ele>18.9</ele>
      </trkpt>
      <trkpt lat="-38.01146" lon="177.3983">
        <ele>21.5</ele>
      </trkpt>
      <trkpt lat="-38.01178" lon="177.39836">
        <ele>22.9</ele>
      </trkpt>
      <trkpt lat="-38.01207" lon="177.39849">
        <ele>23.4</ele>
      </trkpt>
      <trkpt lat="-38.01227" lon="177.39867">
        <ele>24.4</ele>
      </trkpt>
      <trkpt lat="-38.01248" lon="177.39894">
        <ele>24.9</ele>
      </trkpt>
      <trkpt lat="-38.01263" lon="177.3991">
        <ele>25.1</ele>
      </trkpt>
      <trkpt lat="-38.01287" lon="177.39921">
        <ele>24.5</ele>
      </trkpt>
      <trkpt lat="-38.01343" lon="177.39933">
        <ele>22.7</ele>
      </trkpt>
      <trkpt lat="-38.01356" lon="177.39938">
        <ele>22.9</ele>
      </trkpt>
      <trkpt lat="-38.01366" lon="177.39947">
        <ele>23.8</ele>
      </trkpt>
      <trkpt lat="-38.0139" lon="177.3999">
        <ele>26.8</ele>
      </trkpt>
      <trkpt lat="-38.01395" lon="177.40007">
        <ele>27.1</ele>
      </trkpt>
      <trkpt lat="-38.01396" lon="177.4003">
        <ele>27.5</ele>
      </trkpt>
      <trkpt lat="-38.01394" lon="177.40058">
        <ele>28.8</ele>
      </trkpt>
      <trkpt lat="-38.01394" lon="177.40075">
        <ele>29.3</ele>
      </trkpt>
      <trkpt lat="-38.01398" lon="177.40098">
        <ele>27.5</ele>
      </trkpt>
      <trkpt lat="-38.01429" lon="177.40193">
        <ele>20.6</ele>
      </trkpt>
      <trkpt lat="-38.0146" lon="177.40288">
        <ele>22.9</ele>
      </trkpt>
      <trkpt lat="-38.01491" lon="177.40382">
        <ele>28.2</ele>
      </trkpt>
      <trkpt lat="-38.01498" lon="177.404">
        <ele>29.5</ele>
      </trkpt>
      <trkpt lat="-38.01507" lon="177.40414">
        <ele>29.8</ele>
      </trkpt>
      <trkpt lat="-38.01534" lon="177.40444">
        <ele>30.8</ele>
      </trkpt>
      <trkpt lat="-38.01545" lon="177.4046">
        <ele>31.5</ele>
      </trkpt>
      <trkpt lat="-38.01551" lon="177.40475">
        <ele>32.6</ele>
      </trkpt>
      <trkpt lat="-38.01568" lon="177.40539">
        <ele>38.9</ele>
      </trkpt>
      <trkpt lat="-38.01577" lon="177.40562">
        <ele>39.9</ele>
      </trkpt>
      <trkpt lat="-38.0159" lon="177.40588">
        <ele>40.4</ele>
      </trkpt>
      <trkpt lat="-38.01623" lon="177.40634">
        <ele>38.7</ele>
      </trkpt>
      <trkpt lat="-38.01636" lon="177.40656">
        <ele>37.8</ele>
      </trkpt>
      <trkpt lat="-38.01645" lon="177.40677">
        <ele>36.3</ele>
      </trkpt>
      <trkpt lat="-38.01649" lon="177.40693">
        <ele>35.0</ele>
      </trkpt>
      <trkpt lat="-38.01649" lon="177.40704">
        <ele>34.7</ele>
      </trkpt>
      <trkpt lat="-38.01648" lon="177.40723">
        <ele>34.3</ele>
      </trkpt>
      <trkpt lat="-38.01639" lon="177.4075">
        <ele>34.7</ele>
      </trkpt>
      <trkpt lat="-38.01632" lon="177.40764">
        <ele>33.5</ele>
      </trkpt>
      <trkpt lat="-38.01618" lon="177.40777">
        <ele>33.0</ele>
      </trkpt>
      <trkpt lat="-38.01608" lon="177.40779">
        <ele>33.8</ele>
      </trkpt>
      <trkpt lat="-38.01573" lon="177.40768">
        <ele>39.4</ele>
      </trkpt>
      <trkpt lat="-38.01528" lon="177.40764">
        <ele>44.4</ele>
      </trkpt>
      <trkpt lat="-38.01494" lon="177.40764">
        <ele>48.2</ele>
      </trkpt>
      <trkpt lat="-38.01474" lon="177.40769">
        <ele>50.6</ele>
      </trkpt>
      <trkpt lat="-38.01448" lon="177.40792">
        <ele>48.6</ele>
      </trkpt>
      <trkpt lat="-38.01426" lon="177.40816">
        <ele>45.0</ele>
      </trkpt>
      <trkpt lat="-38.01405" lon="177.40845">
        <ele>44.7</ele>
      </trkpt>
      <trkpt lat="-38.01393" lon="177.40871">
        <ele>45.2</ele>
      </trkpt>
      <trkpt lat="-38.01388" lon="177.40898">
        <ele>41.6</ele>
      </trkpt>
      <trkpt lat="-38.0139" lon="177.40945">
        <ele>36.0</ele>
      </trkpt>
      <trkpt lat="-38.01388" lon="177.40995">
        <ele>35.2</ele>
      </trkpt>
      <trkpt lat="-38.01384" lon="177.41015">
        <ele>35.0</ele>
      </trkpt>
      <trkpt lat="-38.01371" lon="177.41038">
        <ele>36.7</ele>
      </trkpt>
      <trkpt lat="-38.01344" lon="177.41074">
        <ele>39.1</ele>
      </trkpt>
      <trkpt lat="-38.0132" lon="177.41113">
        <ele>39.4</ele>
      </trkpt>
      <trkpt lat="-38.01288" lon="177.41151">
        <ele>41.4</ele>
      </trkpt>
      <trkpt lat="-38.01267" lon="177.41181">
        <ele>40.4</ele>
      </trkpt>
      <trkpt lat="-38.0125" lon="177.41201">
        <ele>38.9</ele>
      </trkpt>
      <trkpt lat="-38.0122" lon="177.41228">
        <ele>38.2</ele>
      </trkpt>
      <trkpt lat="-38.01208" lon="177.41245">
        <ele>36.0</ele>
      </trkpt>
      <trkpt lat="-38.01197" lon="177.41268">
        <ele>34.9</ele>
      </trkpt>
      <trkpt lat="-38.01185" lon="177.41298">
        <ele>33.8</ele>
      </trkpt>
      <trkpt lat="-38.01151" lon="177.41393">
        <ele>30.4</ele>
      </trkpt>
      <trkpt lat="-38.01121" lon="177.41472">
        <ele>27.7</ele>
      </trkpt>
      <trkpt lat="-38.01092" lon="177.41551">
        <ele>30.2</ele>
      </trkpt>
      <trkpt lat="-38.01085" lon="177.4158">
        <ele>31.2</ele>
      </trkpt>
      <trkpt lat="-38.01086" lon="177.41603">
        <ele>31.0</ele>
      </trkpt>
      <trkpt lat="-38.01098" lon="177.41635">
        <ele>33.0</ele>
      </trkpt>
      <trkpt lat="-38.01152" lon="177.41722">
        <ele>34.6</ele>
      </trkpt>
      <trkpt lat="-38.01172" lon="177.41736">
        <ele>34.4</ele>
      </trkpt>
      <trkpt lat="-38.01206" lon="177.41752">
        <ele>36.4</ele>
      </trkpt>
      <trkpt lat="-38.01219" lon="177.41763">
        <ele>37.3</ele>
      </trkpt>
      <trkpt lat="-38.01228" lon="177.41775">
        <ele>37.3</ele>
      </trkpt>
      <trkpt lat="-38.01242" lon="177.41802">
        <ele>35.6</ele>
      </trkpt>
      <trkpt lat="-38.01268" lon="177.41861">
        <ele>39.6</ele>
      </trkpt>
      <trkpt lat="-38.01291" lon="177.41915">
        <ele>44.9</ele>
      </trkpt>
      <trkpt lat="-38.01313" lon="177.41968">
        <ele>41.6</ele>
      </trkpt>
      <trkpt lat="-38.01324" lon="177.41996">
        <ele>37.6</ele>
      </trkpt>
      <trkpt lat="-38.0133" lon="177.42024">
        <ele>37.5</ele>
      </trkpt>
      <trkpt lat="-38.01327" lon="177.42053">
        <ele>37.1</ele>
      </trkpt>
      <trkpt lat="-38.0132" lon="177.42118">
        <ele>34.5</ele>
      </trkpt>
      <trkpt lat="-38.0132" lon="177.42132">
        <ele>33.8</ele>
      </trkpt>
      <trkpt lat="-38.01323" lon="177.42142">
        <ele>33.6</ele>
      </trkpt>
      <trkpt lat="-38.01327" lon="177.4215">
        <ele>33.5</ele>
      </trkpt>
      <trkpt lat="-38.01367" lon="177.4218">
        <ele>38.2</ele>
      </trkpt>
      <trkpt lat="-38.01412" lon="177.42218">
        <ele>37.8</ele>
      </trkpt>
      <trkpt lat="-38.01457" lon="177.42255">
        <ele>33.2</ele>
      </trkpt>
      <trkpt lat="-38.01471" lon="177.42269">
        <ele>33.2</ele>
      </trkpt>
      <trkpt lat="-38.01495" lon="177.42306">
        <ele>32.8</ele>
      </trkpt>
      <trkpt lat="-38.01509" lon="177.42328">
        <ele>32.5</ele>
      </trkpt>
      <trkpt lat="-38.0152" lon="177.42347">
        <ele>32.4</ele>
      </trkpt>
      <trkpt lat="-38.01558" lon="177.42406">
        <ele>38.5</ele>
      </trkpt>
      <trkpt lat="-38.01565" lon="177.42418">
        <ele>39.9</ele>
      </trkpt>
      <trkpt lat="-38.01575" lon="177.42449">
        <ele>39.9</ele>
      </trkpt>
      <trkpt lat="-38.01586" lon="177.42527">
        <ele>36.7</ele>
      </trkpt>
      <trkpt lat="-38.0159" lon="177.42546">
        <ele>36.2</ele>
      </trkpt>
      <trkpt lat="-38.01623" lon="177.42619">
        <ele>39.0</ele>
      </trkpt>
      <trkpt lat="-38.01656" lon="177.42691">
        <ele>42.1</ele>
      </trkpt>
      <trkpt lat="-38.01674" lon="177.42724">
        <ele>41.9</ele>
      </trkpt>
      <trkpt lat="-38.0168" lon="177.42745">
        <ele>40.8</ele>
      </trkpt>
      <trkpt lat="-38.01683" lon="177.42764">
        <ele>41.4</ele>
      </trkpt>
      <trkpt lat="-38.0168" lon="177.42788">
        <ele>42.1</ele>
      </trkpt>
      <trkpt lat="-38.01664" lon="177.42867">
        <ele>40.9</ele>
      </trkpt>
      <trkpt lat="-38.01663" lon="177.42882">
        <ele>40.4</ele>
      </trkpt>
      <trkpt lat="-38.01668" lon="177.42898">
        <ele>40.6</ele>
      </trkpt>
      <trkpt lat="-38.01682" lon="177.42912">
        <ele>42.0</ele>
      </trkpt>
      <trkpt lat="-38.01732" lon="177.42951">
        <ele>44.2</ele>
      </trkpt>
      <trkpt lat="-38.01757" lon="177.4298">
        <ele>43.6</ele>
      </trkpt>
      <trkpt lat="-38.01784" lon="177.4302">
        <ele>45.0</ele>
      </trkpt>
      <trkpt lat="-38.01795" lon="177.43044">
        <ele>45.1</ele>
      </trkpt>
      <trkpt lat="-38.01798" lon="177.43068">
        <ele>43.7</ele>
      </trkpt>
      <trkpt lat="-38.01805" lon="177.43107">
        <ele>43.1</ele>
      </trkpt>
      <trkpt lat="-38.01813" lon="177.43133">
        <ele>43.6</ele>
      </trkpt>
      <trkpt lat="-38.01827" lon="177.43159">
        <ele>44.6</ele>
      </trkpt>
      <trkpt lat="-38.01879" lon="177.43249">
        <ele>44.8</ele>
      </trkpt>
      <trkpt lat="-38.01909" lon="177.4329">
        <ele>47.0</ele>
      </trkpt>
      <trkpt lat="-38.01928" lon="177.43313">
        <ele>47.5</ele>
      </trkpt>
      <trkpt lat="-38.01963" lon="177.43339">
        <ele>49.7</ele>
      </trkpt>
      <trkpt lat="-38.02031" lon="177.43404">
        <ele>44.5</ele>
      </trkpt>
      <trkpt lat="-38.021" lon="177.43468">
        <ele>46.9</ele>
      </trkpt>
      <trkpt lat="-38.02135" lon="177.43495">
        <ele>50.2</ele>
      </trkpt>
      <trkpt lat="-38.02154" lon="177.43512">
        <ele>51.1</ele>
      </trkpt>
      <trkpt lat="-38.0217" lon="177.43524">
        <ele>51.3</ele>
      </trkpt>
      <trkpt lat="-38.02179" lon="177.43527">
        <ele>51.7</ele>
      </trkpt>
      <trkpt lat="-38.02265" lon="177.43537">
        <ele>56.6</ele>
      </trkpt>
      <trkpt lat="-38.02284" lon="177.43543">
        <ele>55.4</ele>
      </trkpt>
      <trkpt lat="-38.02312" lon="177.43556">
        <ele>52.4</ele>
      </trkpt>
      <trkpt lat="-38.02335" lon="177.43572">
        <ele>48.4</ele>
      </trkpt>
      <trkpt lat="-38.02354" lon="177.43597">
        <ele>46.0</ele>
      </trkpt>
      <trkpt lat="-38.02385" lon="177.43645">
        <ele>44.4</ele>
      </trkpt>
      <trkpt lat="-38.02416" lon="177.43693">
        <ele>43.0</ele>
      </trkpt>
      <trkpt lat="-38.02434" lon="177.43711">
        <ele>44.4</ele>
      </trkpt>
      <trkpt lat="-38.02511" lon="177.43766">
        <ele>52.1</ele>
      </trkpt>
      <trkpt lat="-38.02528" lon="177.43788">
        <ele>53.1</ele>
      </trkpt>
      <trkpt lat="-38.02564" lon="177.43842">
        <ele>55.5</ele>
      </trkpt>
      <trkpt lat="-38.02573" lon="177.43852">
        <ele>55.4</ele>
      </trkpt>
      <trkpt lat="-38.02584" lon="177.43859">
        <ele>55.9</ele>
      </trkpt>
      <trkpt lat="-38.02609" lon="177.43867">
        <ele>56.8</ele>
      </trkpt>
      <trkpt lat="-38.02627" lon="177.43878">
        <ele>56.3</ele>
      </trkpt>
      <trkpt lat="-38.02655" lon="177.43907">
        <ele>52.8</ele>
      </trkpt>
      <trkpt lat="-38.0271" lon="177.43973">
        <ele>56.0</ele>
      </trkpt>
      <trkpt lat="-38.02764" lon="177.44038">
        <ele>58.2</ele>
      </trkpt>
      <trkpt lat="-38.02778" lon="177.44053">
        <ele>57.5</ele>
      </trkpt>
      <trkpt lat="-38.0279" lon="177.44059">
        <ele>57.7</ele>
      </trkpt>
      <trkpt lat="-38.02824" lon="177.44062">
        <ele>60.7</ele>
      </trkpt>
      <trkpt lat="-38.02844" lon="177.44061">
        <ele>62.9</ele>
      </trkpt>
      <trkpt lat="-38.02865" lon="177.4406">
        <ele>65.1</ele>
      </trkpt>
      <trkpt lat="-38.02882" lon="177.44061">
        <ele>66.4</ele>
      </trkpt>
      <trkpt lat="-38.02896" lon="177.44065">
        <ele>66.3</ele>
      </trkpt>
      <trkpt lat="-38.02922" lon="177.44073">
        <ele>66.4</ele>
      </trkpt>
      <trkpt lat="-38.02984" lon="177.441">
        <ele>68.9</ele>
      </trkpt>
      <trkpt lat="-38.03046" lon="177.44127">
        <ele>64.5</ele>
      </trkpt>
      <trkpt lat="-38.03065" lon="177.44131">
        <ele>64.1</ele>
      </trkpt>
      <trkpt lat="-38.03087" lon="177.44129">
        <ele>65.5</ele>
      </trkpt>
      <trkpt lat="-38.03132" lon="177.44097">
        <ele>74.1</ele>
      </trkpt>
      <trkpt lat="-38.03154" lon="177.44086">
        <ele>76.7</ele>
      </trkpt>
      <trkpt lat="-38.03195" lon="177.44062">
        <ele>87.6</ele>
      </trkpt>
      <trkpt lat="-38.03224" lon="177.44054">
        <ele>91.7</ele>
      </trkpt>
      <trkpt lat="-38.03243" lon="177.44055">
        <ele>90.8</ele>
      </trkpt>
      <trkpt lat="-38.03264" lon="177.4406">
        <ele>93.4</ele>
      </trkpt>
      <trkpt lat="-38.03283" lon="177.44071">
        <ele>95.4</ele>
      </trkpt>
      <trkpt lat="-38.03296" lon="177.44085">
        <ele>94.5</ele>
      </trkpt>
      <trkpt lat="-38.03303" lon="177.44114">
        <ele>87.6</ele>
      </trkpt>
      <trkpt lat="-38.03314" lon="177.44138">
        <ele>84.0</ele>
      </trkpt>
      <trkpt lat="-38.03327" lon="177.44162">
        <ele>81.0</ele>
      </trkpt>
      <trkpt lat="-38.03332" lon="177.44182">
        <ele>78.0</ele>
      </trkpt>
      <trkpt lat="-38.03344" lon="177.44292">
        <ele>60.9</ele>
      </trkpt>
      <trkpt lat="-38.03348" lon="177.44314">
        <ele>58.5</ele>
      </trkpt>
      <trkpt lat="-38.03359" lon="177.44331">
        <ele>56.6</ele>
      </trkpt>
      <trkpt lat="-38.03366" lon="177.44337">
        <ele>56.8</ele>
      </trkpt>
      <trkpt lat="-38.03377" lon="177.44344">
        <ele>57.5</ele>
      </trkpt>
      <trkpt lat="-38.03395" lon="177.4435">
        <ele>58.2</ele>
      </trkpt>
      <trkpt lat="-38.03416" lon="177.44341">
        <ele>58.9</ele>
      </trkpt>
      <trkpt lat="-38.03416" lon="177.44341">
        <ele>58.9</ele>
      </trkpt>
      <trkpt lat="-38.03445" lon="177.44318">
        <ele>64.3</ele>
      </trkpt>
      <trkpt lat="-38.03463" lon="177.44301">
        <ele>68.0</ele>
      </trkpt>
      <trkpt lat="-38.03495" lon="177.44261">
        <ele>71.5</ele>
      </trkpt>
      <trkpt lat="-38.03512" lon="177.44234">
        <ele>75.0</ele>
      </trkpt>
      <trkpt lat="-38.03526" lon="177.44196">
        <ele>78.1</ele>
      </trkpt>
      <trkpt lat="-38.03547" lon="177.44153">
        <ele>77.6</ele>
      </trkpt>
      <trkpt lat="-38.03558" lon="177.44135">
        <ele>79.3</ele>
      </trkpt>
      <trkpt lat="-38.03575" lon="177.44126">
        <ele>76.7</ele>
      </trkpt>
      <trkpt lat="-38.03615" lon="177.44109">
        <ele>77.0</ele>
      </trkpt>
      <trkpt lat="-38.03652" lon="177.44107">
        <ele>74.3</ele>
      </trkpt>
      <trkpt lat="-38.03686" lon="177.44117">
        <ele>71.2</ele>
      </trkpt>
      <trkpt lat="-38.03716" lon="177.44133">
        <ele>68.3</ele>
      </trkpt>
      <trkpt lat="-38.03777" lon="177.44153">
        <ele>65.8</ele>
      </trkpt>
      <trkpt lat="-38.03814" lon="177.44159">
        <ele>66.5</ele>
      </trkpt>
      <trkpt lat="-38.03847" lon="177.44171">
        <ele>69.4</ele>
      </trkpt>
      <trkpt lat="-38.03873" lon="177.44188">
        <ele>73.6</ele>
      </trkpt>
      <trkpt lat="-38.03907" lon="177.442">
        <ele>76.6</ele>
      </trkpt>
      <trkpt lat="-38.03929" lon="177.44222">
        <ele>76.3</ele>
      </trkpt>
      <trkpt lat="-38.0395" lon="177.44246">
        <ele>79.2</ele>
      </trkpt>
      <trkpt lat="-38.03959" lon="177.44264">
        <ele>80.6</ele>
      </trkpt>
      <trkpt lat="-38.03967" lon="177.44286">
        <ele>80.7</ele>
      </trkpt>
      <trkpt lat="-38.03972" lon="177.44311">
        <ele>78.7</ele>
      </trkpt>
      <trkpt lat="-38.03966" lon="177.44354">
        <ele>70.6</ele>
      </trkpt>
      <trkpt lat="-38.03968" lon="177.4437">
        <ele>68.4</ele>
      </trkpt>
      <trkpt lat="-38.03974" lon="177.44385">
        <ele>66.6</ele>
      </trkpt>
      <trkpt lat="-38.03985" lon="177.44393">
        <ele>66.3</ele>
      </trkpt>
      <trkpt lat="-38.03997" lon="177.44394">
        <ele>67.2</ele>
      </trkpt>
      <trkpt lat="-38.04036" lon="177.44394">
        <ele>72.1</ele>
      </trkpt>
      <trkpt lat="-38.04075" lon="177.44407">
        <ele>72.1</ele>
      </trkpt>
      <trkpt lat="-38.04148" lon="177.44439">
        <ele>72.8</ele>
      </trkpt>
      <trkpt lat="-38.04181" lon="177.44447">
        <ele>75.0</ele>
      </trkpt>
      <trkpt lat="-38.04255" lon="177.44454">
        <ele>80.6</ele>
      </trkpt>
      <trkpt lat="-38.04329" lon="177.44462">
        <ele>80.8</ele>
      </trkpt>
      <trkpt lat="-38.04345" lon="177.44469">
        <ele>78.4</ele>
      </trkpt>
      <trkpt lat="-38.04356" lon="177.4449">
        <ele>70.7</ele>
      </trkpt>
      <trkpt lat="-38.04363" lon="177.44506">
        <ele>67.4</ele>
      </trkpt>
      <trkpt lat="-38.04374" lon="177.4452">
        <ele>67.8</ele>
      </trkpt>
      <trkpt lat="-38.04392" lon="177.4453">
        <ele>68.7</ele>
      </trkpt>
      <trkpt lat="-38.04408" lon="177.44545">
        <ele>68.9</ele>
      </trkpt>
      <trkpt lat="-38.04417" lon="177.44566">
        <ele>68.1</ele>
      </trkpt>
      <trkpt lat="-38.04447" lon="177.44658">
        <ele>70.5</ele>
      </trkpt>
      <trkpt lat="-38.04455" lon="177.4467">
        <ele>71.8</ele>
      </trkpt>
      <trkpt lat="-38.04466" lon="177.4468">
        <ele>73.5</ele>
      </trkpt>
      <trkpt lat="-38.04478" lon="177.44688">
        <ele>74.7</ele>
      </trkpt>
      <trkpt lat="-38.04516" lon="177.447">
        <ele>81.0</ele>
      </trkpt>
      <trkpt lat="-38.04553" lon="177.44713">
        <ele>89.7</ele>
      </trkpt>
      <trkpt lat="-38.04577" lon="177.44736">
        <ele>88.2</ele>
      </trkpt>
      <trkpt lat="-38.04594" lon="177.44764">
        <ele>87.2</ele>
      </trkpt>
      <trkpt lat="-38.04613" lon="177.44822">
        <ele>82.7</ele>
      </trkpt>
      <trkpt lat="-38.04633" lon="177.44879">
        <ele>82.3</ele>
      </trkpt>
      <trkpt lat="-38.04649" lon="177.44917">
        <ele>79.9</ele>
      </trkpt>
      <trkpt lat="-38.04669" lon="177.4495">
        <ele>78.3</ele>
      </trkpt>
      <trkpt lat="-38.04698" lon="177.44978">
        <ele>77.3</ele>
      </trkpt>
      <trkpt lat="-38.04744" lon="177.44996">
        <ele>79.3</ele>
      </trkpt>
      <trkpt lat="-38.04765" lon="177.45001">
        <ele>80.2</ele>
      </trkpt>
      <trkpt lat="-38.04783" lon="177.45">
        <ele>81.0</ele>
      </trkpt>
      <trkpt lat="-38.04801" lon="177.44993">
        <ele>81.8</ele>
      </trkpt>
      <trkpt lat="-38.04844" lon="177.44971">
        <ele>89.1</ele>
      </trkpt>
      <trkpt lat="-38.04904" lon="177.44965">
        <ele>93.7</ele>
      </trkpt>
      <trkpt lat="-38.04934" lon="177.44949">
        <ele>92.9</ele>
      </trkpt>
      <trkpt lat="-38.04948" lon="177.44937">
        <ele>90.7</ele>
      </trkpt>
      <trkpt lat="-38.04963" lon="177.44919">
        <ele>86.0</ele>
      </trkpt>
      <trkpt lat="-38.04975" lon="177.44912">
        <ele>86.5</ele>
      </trkpt>
      <trkpt lat="-38.04989" lon="177.44913">
        <ele>85.6</ele>
      </trkpt>
      <trkpt lat="-38.0501" lon="177.44929">
        <ele>88.4</ele>
      </trkpt>
      <trkpt lat="-38.05035" lon="177.44953">
        <ele>95.7</ele>
      </trkpt>
      <trkpt lat="-38.05075" lon="177.44968">
        <ele>97.6</ele>
      </trkpt>
      <trkpt lat="-38.05094" lon="177.4497">
        <ele>96.6</ele>
      </trkpt>
      <trkpt lat="-38.05114" lon="177.44967">
        <ele>94.9</ele>
      </trkpt>
      <trkpt lat="-38.05146" lon="177.4498">
        <ele>91.2</ele>
      </trkpt>
      <trkpt lat="-38.05167" lon="177.45013">
        <ele>86.8</ele>
      </trkpt>
      <trkpt lat="-38.05191" lon="177.45047">
        <ele>99.0</ele>
      </trkpt>
      <trkpt lat="-38.05207" lon="177.45074">
        <ele>102.5</ele>
      </trkpt>
      <trkpt lat="-38.05202" lon="177.45119">
        <ele>106.0</ele>
      </trkpt>
      <trkpt lat="-38.05204" lon="177.45142">
        <ele>107.2</ele>
      </trkpt>
      <trkpt lat="-38.0521" lon="177.45175">
        <ele>107.5</ele>
      </trkpt>
      <trkpt lat="-38.0521" lon="177.45193">
        <ele>107.3</ele>
      </trkpt>
      <trkpt lat="-38.05198" lon="177.45217">
        <ele>108.6</ele>
      </trkpt>
      <trkpt lat="-38.05174" lon="177.45252">
        <ele>110.0</ele>
      </trkpt>
      <trkpt lat="-38.05162" lon="177.45285">
        <ele>110.5</ele>
      </trkpt>
      <trkpt lat="-38.05155" lon="177.45313">
        <ele>112.0</ele>
      </trkpt>
      <trkpt lat="-38.05154" lon="177.45345">
        <ele>108.2</ele>
      </trkpt>
      <trkpt lat="-38.05156" lon="177.45383">
        <ele>101.6</ele>
      </trkpt>
      <trkpt lat="-38.05151" lon="177.45419">
        <ele>99.1</ele>
      </trkpt>
      <trkpt lat="-38.05143" lon="177.4543">
        <ele>101.8</ele>
      </trkpt>
      <trkpt lat="-38.05117" lon="177.45461">
        <ele>109.4</ele>
      </trkpt>
      <trkpt lat="-38.05111" lon="177.4548">
        <ele>109.2</ele>
      </trkpt>
      <trkpt lat="-38.05114" lon="177.455">
        <ele>105.3</ele>
      </trkpt>
      <trkpt lat="-38.05122" lon="177.45514">
        <ele>103.7</ele>
      </trkpt>
      <trkpt lat="-38.05146" lon="177.4553">
        <ele>97.9</ele>
      </trkpt>
      <trkpt lat="-38.05165" lon="177.45541">
        <ele>93.9</ele>
      </trkpt>
      <trkpt lat="-38.05178" lon="177.45553">
        <ele>96.6</ele>
      </trkpt>
      <trkpt lat="-38.05194" lon="177.45597">
        <ele>100.8</ele>
      </trkpt>
      <trkpt lat="-38.05209" lon="177.45684">
        <ele>108.7</ele>
      </trkpt>
      <trkpt lat="-38.0522" lon="177.45698">
        <ele>109.9</ele>
      </trkpt>
      <trkpt lat="-38.05248" lon="177.45705">
        <ele>104.4</ele>
      </trkpt>
      <trkpt lat="-38.05271" lon="177.45699">
        <ele>99.6</ele>
      </trkpt>
      <trkpt lat="-38.05294" lon="177.45686">
        <ele>92.9</ele>
      </trkpt>
      <trkpt lat="-38.0531" lon="177.45682">
        <ele>90.1</ele>
      </trkpt>
      <trkpt lat="-38.05335" lon="177.45676">
        <ele>86.0</ele>
      </trkpt>
      <trkpt lat="-38.05354" lon="177.4569">
        <ele>89.1</ele>
      </trkpt>
      <trkpt lat="-38.05362" lon="177.45706">
        <ele>91.9</ele>
      </trkpt>
      <trkpt lat="-38.0537" lon="177.45726">
        <ele>94.3</ele>
      </trkpt>
      <trkpt lat="-38.05392" lon="177.45755">
        <ele>93.7</ele>
      </trkpt>
      <trkpt lat="-38.05419" lon="177.45769">
        <ele>91.1</ele>
      </trkpt>
      <trkpt lat="-38.0544" lon="177.45771">
        <ele>89.5</ele>
      </trkpt>
      <trkpt lat="-38.0546" lon="177.45782">
        <ele>90.0</ele>
      </trkpt>
      <trkpt lat="-38.0547" lon="177.45815">
        <ele>95.9</ele>
      </trkpt>
      <trkpt lat="-38.05477" lon="177.45832">
        <ele>97.6</ele>
      </trkpt>
      <trkpt lat="-38.05486" lon="177.45846">
        <ele>97.0</ele>
      </trkpt>
      <trkpt lat="-38.05497" lon="177.45868">
        <ele>96.2</ele>
      </trkpt>
      <trkpt lat="-38.05522" lon="177.45895">
        <ele>93.0</ele>
      </trkpt>
      <trkpt lat="-38.05527" lon="177.45914">
        <ele>93.3</ele>
      </trkpt>
      <trkpt lat="-38.05528" lon="177.45933">
        <ele>94.7</ele>
      </trkpt>
      <trkpt lat="-38.05535" lon="177.4595">
        <ele>94.3</ele>
      </trkpt>
      <trkpt lat="-38.05546" lon="177.4597">
        <ele>93.1</ele>
      </trkpt>
      <trkpt lat="-38.05564" lon="177.45978">
        <ele>89.1</ele>
      </trkpt>
      <trkpt lat="-38.05588" lon="177.46013">
        <ele>90.5</ele>
      </trkpt>
      <trkpt lat="-38.05592" lon="177.46022">
        <ele>93.6</ele>
      </trkpt>
      <trkpt lat="-38.056" lon="177.46034">
        <ele>97.7</ele>
      </trkpt>
      <trkpt lat="-38.05622" lon="177.4605">
        <ele>102.7</ele>
      </trkpt>
      <trkpt lat="-38.05644" lon="177.46052">
        <ele>102.3</ele>
      </trkpt>
      <trkpt lat="-38.05691" lon="177.46059">
        <ele>100.6</ele>
      </trkpt>
      <trkpt lat="-38.05734" lon="177.46056">
        <ele>93.6</ele>
      </trkpt>
      <trkpt lat="-38.05753" lon="177.46051">
        <ele>90.5</ele>
      </trkpt>
      <trkpt lat="-38.05773" lon="177.46056">
        <ele>93.1</ele>
      </trkpt>
      <trkpt lat="-38.05785" lon="177.46066">
        <ele>96.2</ele>
      </trkpt>
      <trkpt lat="-38.05792" lon="177.46077">
        <ele>97.1</ele>
      </trkpt>
      <trkpt lat="-38.05797" lon="177.4609">
        <ele>98.1</ele>
      </trkpt>
      <trkpt lat="-38.05802" lon="177.46136">
        <ele>101.2</ele>
      </trkpt>
      <trkpt lat="-38.05809" lon="177.46246">
        <ele>108.7</ele>
      </trkpt>
      <trkpt lat="-38.05816" lon="177.46263">
        <ele>107.5</ele>
      </trkpt>
      <trkpt lat="-38.05824" lon="177.46275">
        <ele>106.2</ele>
      </trkpt>
      <trkpt lat="-38.05838" lon="177.46277">
        <ele>107.6</ele>
      </trkpt>
      <trkpt lat="-38.05865" lon="177.4627">
        <ele>123.2</ele>
      </trkpt>
      <trkpt lat="-38.0588" lon="177.46274">
        <ele>130.7</ele>
      </trkpt>
      <trkpt lat="-38.05892" lon="177.46283">
        <ele>135.4</ele>
      </trkpt>
      <trkpt lat="-38.05903" lon="177.46303">
        <ele>137.1</ele>
      </trkpt>
      <trkpt lat="-38.05909" lon="177.46326">
        <ele>135.1</ele>
      </trkpt>
      <trkpt lat="-38.05902" lon="177.46353">
        <ele>130.4</ele>
      </trkpt>
      <trkpt lat="-38.05877" lon="177.46424">
        <ele>121.5</ele>
      </trkpt>
      <trkpt lat="-38.05874" lon="177.46439">
        <ele>119.2</ele>
      </trkpt>
      <trkpt lat="-38.05878" lon="177.46449">
        <ele>119.3</ele>
      </trkpt>
      <trkpt lat="-38.05894" lon="177.46468">
        <ele>120.5</ele>
      </trkpt>
      <trkpt lat="-38.05937" lon="177.46504">
        <ele>123.8</ele>
      </trkpt>
      <trkpt lat="-38.05979" lon="177.46541">
        <ele>126.2</ele>
      </trkpt>
      <trkpt lat="-38.05986" lon="177.46551">
        <ele>124.3</ele>
      </trkpt>
      <trkpt lat="-38.05989" lon="177.46567">
        <ele>119.8</ele>
      </trkpt>
      <trkpt lat="-38.05992" lon="177.4658">
        <ele>115.9</ele>
      </trkpt>
      <trkpt lat="-38.06" lon="177.46581">
        <ele>115.8</ele>
      </trkpt>
      <trkpt lat="-38.06006" lon="177.46576">
        <ele>117.5</ele>
      </trkpt>
      <trkpt lat="-38.06015" lon="177.46567">
        <ele>120.1</ele>
      </trkpt>
      <trkpt lat="-38.06021" lon="177.46548">
        <ele>125.3</ele>
      </trkpt>
      <trkpt lat="-38.06031" lon="177.46518">
        <ele>132.0</ele>
      </trkpt>
      <trkpt lat="-38.06054" lon="177.46487">
        <ele>137.2</ele>
      </trkpt>
      <trkpt lat="-38.06073" lon="177.46451">
        <ele>151.5</ele>
      </trkpt>
      <trkpt lat="-38.06092" lon="177.46438">
        <ele>155.6</ele>
      </trkpt>
      <trkpt lat="-38.06117" lon="177.46435">
        <ele>153.9</ele>
      </trkpt>
      <trkpt lat="-38.06141" lon="177.46395">
        <ele>170.3</ele>
      </trkpt>
      <trkpt lat="-38.06149" lon="177.46387">
        <ele>173.4</ele>
      </trkpt>
      <trkpt lat="-38.06159" lon="177.46387">
        <ele>172.0</ele>
      </trkpt>
      <trkpt lat="-38.06168" lon="177.46392">
        <ele>169.1</ele>
      </trkpt>
      <trkpt lat="-38.06175" lon="177.4641">
        <ele>163.7</ele>
      </trkpt>
      <trkpt lat="-38.06193" lon="177.46432">
        <ele>164.9</ele>
      </trkpt>
      <trkpt lat="-38.06225" lon="177.46455">
        <ele>175.0</ele>
      </trkpt>
      <trkpt lat="-38.06243" lon="177.46477">
        <ele>176.6</ele>
      </trkpt>
      <trkpt lat="-38.06255" lon="177.46505">
        <ele>172.1</ele>
      </trkpt>
      <trkpt lat="-38.06271" lon="177.4656">
        <ele>160.6</ele>
      </trkpt>
      <trkpt lat="-38.06279" lon="177.46571">
        <ele>159.8</ele>
      </trkpt>
      <trkpt lat="-38.06286" lon="177.46578">
        <ele>159.9</ele>
      </trkpt>
      <trkpt lat="-38.06304" lon="177.46582">
        <ele>165.3</ele>
      </trkpt>
      <trkpt lat="-38.06312" lon="177.46588">
        <ele>165.8</ele>
      </trkpt>
      <trkpt lat="-38.0632" lon="177.46601">
        <ele>163.0</ele>
      </trkpt>
      <trkpt lat="-38.06331" lon="177.46608">
        <ele>163.4</ele>
      </trkpt>
      <trkpt lat="-38.06355" lon="177.46608">
        <ele>167.5</ele>
      </trkpt>
      <trkpt lat="-38.06381" lon="177.466">
        <ele>175.3</ele>
      </trkpt>
      <trkpt lat="-38.06397" lon="177.46591">
        <ele>182.2</ele>
      </trkpt>
      <trkpt lat="-38.06414" lon="177.46584">
        <ele>188.3</ele>
      </trkpt>
      <trkpt lat="-38.06422" lon="177.46586">
        <ele>189.0</ele>
      </trkpt>
      <trkpt lat="-38.06427" lon="177.46597">
        <ele>184.7</ele>
      </trkpt>
      <trkpt lat="-38.06425" lon="177.46607">
        <ele>179.3</ele>
      </trkpt>
      <trkpt lat="-38.06422" lon="177.46624">
        <ele>170.2</ele>
      </trkpt>
      <trkpt lat="-38.06423" lon="177.46636">
        <ele>164.5</ele>
      </trkpt>
      <trkpt lat="-38.0643" lon="177.46649">
        <ele>159.6</ele>
      </trkpt>
      <trkpt lat="-38.0645" lon="177.46657">
        <ele>160.0</ele>
      </trkpt>
      <trkpt lat="-38.06481" lon="177.46667">
        <ele>161.8</ele>
      </trkpt>
      <trkpt lat="-38.06514" lon="177.4666">
        <ele>170.5</ele>
      </trkpt>
      <trkpt lat="-38.06533" lon="177.46647">
        <ele>179.1</ele>
      </trkpt>
      <trkpt lat="-38.0655" lon="177.46633">
        <ele>188.4</ele>
      </trkpt>
      <trkpt lat="-38.06561" lon="177.4663">
        <ele>191.2</ele>
      </trkpt>
      <trkpt lat="-38.06569" lon="177.46632">
        <ele>190.9</ele>
      </trkpt>
      <trkpt lat="-38.06575" lon="177.46641">
        <ele>186.3</ele>
      </trkpt>
      <trkpt lat="-38.06581" lon="177.46653">
        <ele>179.8</ele>
      </trkpt>
      <trkpt lat="-38.0659" lon="177.46663">
        <ele>177.2</ele>
      </trkpt>
      <trkpt lat="-38.06601" lon="177.46672">
        <ele>177.3</ele>
      </trkpt>
      <trkpt lat="-38.06624" lon="177.46679">
        <ele>184.3</ele>
      </trkpt>
      <trkpt lat="-38.06648" lon="177.46704">
        <ele>182.9</ele>
      </trkpt>
      <trkpt lat="-38.06656" lon="177.46715">
        <ele>181.2</ele>
      </trkpt>
      <trkpt lat="-38.06694" lon="177.46734">
        <ele>194.2</ele>
      </trkpt>
      <trkpt lat="-38.06715" lon="177.46756">
        <ele>198.1</ele>
      </trkpt>
      <trkpt lat="-38.06721" lon="177.46782">
        <ele>192.0</ele>
      </trkpt>
      <trkpt lat="-38.06726" lon="177.46793">
        <ele>190.6</ele>
      </trkpt>
      <trkpt lat="-38.0675" lon="177.46822">
        <ele>191.0</ele>
      </trkpt>
      <trkpt lat="-38.06752" lon="177.46835">
        <ele>187.3</ele>
      </trkpt>
      <trkpt lat="-38.06738" lon="177.46859">
        <ele>181.2</ele>
      </trkpt>
      <trkpt lat="-38.06713" lon="177.46911">
        <ele>172.2</ele>
      </trkpt>
      <trkpt lat="-38.06703" lon="177.46965">
        <ele>167.0</ele>
      </trkpt>
      <trkpt lat="-38.06703" lon="177.46997">
        <ele>166.2</ele>
      </trkpt>
      <trkpt lat="-38.06706" lon="177.47008">
        <ele>165.9</ele>
      </trkpt>
      <trkpt lat="-38.06712" lon="177.47017">
        <ele>166.2</ele>
      </trkpt>
      <trkpt lat="-38.06723" lon="177.47021">
        <ele>168.4</ele>
      </trkpt>
      <trkpt lat="-38.06763" lon="177.4702">
        <ele>177.5</ele>
      </trkpt>
      <trkpt lat="-38.06795" lon="177.47014">
        <ele>183.5</ele>
      </trkpt>
      <trkpt lat="-38.06843" lon="177.47003">
        <ele>194.7</ele>
      </trkpt>
      <trkpt lat="-38.06862" lon="177.47007">
        <ele>196.6</ele>
      </trkpt>
      <trkpt lat="-38.06876" lon="177.47014">
        <ele>196.0</ele>
      </trkpt>
      <trkpt lat="-38.06886" lon="177.47025">
        <ele>192.3</ele>
      </trkpt>
      <trkpt lat="-38.06894" lon="177.47049">
        <ele>181.5</ele>
      </trkpt>
      <trkpt lat="-38.06901" lon="177.47057">
        <ele>178.3</ele>
      </trkpt>
      <trkpt lat="-38.06913" lon="177.47059">
        <ele>178.7</ele>
      </trkpt>
      <trkpt lat="-38.06949" lon="177.4706">
        <ele>177.2</ele>
      </trkpt>
      <trkpt lat="-38.06962" lon="177.47063">
        <ele>175.3</ele>
      </trkpt>
      <trkpt lat="-38.06973" lon="177.47054">
        <ele>178.7</ele>
      </trkpt>
      <trkpt lat="-38.07003" lon="177.47008">
        <ele>195.2</ele>
      </trkpt>
      <trkpt lat="-38.07024" lon="177.46985">
        <ele>206.6</ele>
      </trkpt>
      <trkpt lat="-38.07051" lon="177.46977">
        <ele>210.3</ele>
      </trkpt>
      <trkpt lat="-38.07065" lon="177.46976">
        <ele>210.6</ele>
      </trkpt>
      <trkpt lat="-38.07073" lon="177.46987">
        <ele>207.2</ele>
      </trkpt>
      <trkpt lat="-38.07069" lon="177.47003">
        <ele>202.4</ele>
      </trkpt>
      <trkpt lat="-38.07041" lon="177.47059">
        <ele>185.6</ele>
      </trkpt>
      <trkpt lat="-38.0704" lon="177.47073">
        <ele>181.7</ele>
      </trkpt>
      <trkpt lat="-38.07045" lon="177.47087">
        <ele>179.7</ele>
      </trkpt>
      <trkpt lat="-38.07054" lon="177.47095">
        <ele>180.3</ele>
      </trkpt>
      <trkpt lat="-38.07074" lon="177.47103">
        <ele>183.6</ele>
      </trkpt>
      <trkpt lat="-38.07144" lon="177.47147">
        <ele>191.7</ele>
      </trkpt>
      <trkpt lat="-38.07154" lon="177.47152">
        <ele>192.8</ele>
      </trkpt>
      <trkpt lat="-38.07175" lon="177.47147">
        <ele>203.2</ele>
      </trkpt>
      <trkpt lat="-38.07183" lon="177.47152">
        <ele>204.6</ele>
      </trkpt>
      <trkpt lat="-38.07185" lon="177.47163">
        <ele>200.6</ele>
      </trkpt>
      <trkpt lat="-38.0718" lon="177.47181">
        <ele>192.7</ele>
      </trkpt>
      <trkpt lat="-38.07178" lon="177.47212">
        <ele>183.6</ele>
      </trkpt>
      <trkpt lat="-38.07178" lon="177.47228">
        <ele>179.3</ele>
      </trkpt>
      <trkpt lat="-38.07173" lon="177.47258">
        <ele>170.6</ele>
      </trkpt>
      <trkpt lat="-38.07178" lon="177.47297">
        <ele>167.3</ele>
      </trkpt>
      <trkpt lat="-38.07184" lon="177.47309">
        <ele>167.0</ele>
      </trkpt>
      <trkpt lat="-38.07194" lon="177.47313">
        <ele>168.3</ele>
      </trkpt>
      <trkpt lat="-38.07201" lon="177.47307">
        <ele>170.9</ele>
      </trkpt>
      <trkpt lat="-38.07208" lon="177.47294">
        <ele>175.4</ele>
      </trkpt>
      <trkpt lat="-38.07218" lon="177.47283">
        <ele>180.8</ele>
      </trkpt>
      <trkpt lat="-38.0724" lon="177.47275">
        <ele>189.8</ele>
      </trkpt>
      <trkpt lat="-38.07295" lon="177.47271">
        <ele>205.4</ele>
      </trkpt>
      <trkpt lat="-38.07305" lon="177.47272">
        <ele>207.3</ele>
      </trkpt>
      <trkpt lat="-38.07314" lon="177.47283">
        <ele>204.4</ele>
      </trkpt>
      <trkpt lat="-38.07325" lon="177.47291">
        <ele>203.1</ele>
      </trkpt>
      <trkpt lat="-38.07345" lon="177.47302">
        <ele>203.4</ele>
      </trkpt>
      <trkpt lat="-38.07417" lon="177.47342">
        <ele>206.6</ele>
      </trkpt>
      <trkpt lat="-38.07436" lon="177.47354">
        <ele>204.8</ele>
      </trkpt>
      <trkpt lat="-38.07455" lon="177.47354">
        <ele>207.7</ele>
      </trkpt>
      <trkpt lat="-38.07485" lon="177.47336">
        <ele>221.7</ele>
      </trkpt>
      <trkpt lat="-38.07498" lon="177.47338">
        <ele>223.1</ele>
      </trkpt>
      <trkpt lat="-38.07523" lon="177.47351">
        <ele>220.2</ele>
      </trkpt>
      <trkpt lat="-38.07534" lon="177.47365">
        <ele>214.7</ele>
      </trkpt>
      <trkpt lat="-38.07543" lon="177.47373">
        <ele>212.3</ele>
      </trkpt>
      <trkpt lat="-38.07574" lon="177.47385">
        <ele>212.3</ele>
      </trkpt>
      <trkpt lat="-38.07585" lon="177.47385">
        <ele>214.4</ele>
      </trkpt>
      <trkpt lat="-38.07594" lon="177.4738">
        <ele>217.7</ele>
      </trkpt>
      <trkpt lat="-38.07637" lon="177.47312">
        <ele>246.2</ele>
      </trkpt>
      <trkpt lat="-38.07652" lon="177.47286">
        <ele>255.3</ele>
      </trkpt>
      <trkpt lat="-38.07667" lon="177.47274">
        <ele>258.5</ele>
      </trkpt>
      <trkpt lat="-38.07679" lon="177.47272">
        <ele>264.4</ele>
      </trkpt>
      <trkpt lat="-38.0769" lon="177.47281">
        <ele>266.8</ele>
      </trkpt>
      <trkpt lat="-38.0769" lon="177.47297">
        <ele>262.7</ele>
      </trkpt>
      <trkpt lat="-38.07687" lon="177.47312">
        <ele>257.0</ele>
      </trkpt>
      <trkpt lat="-38.0769" lon="177.47343">
        <ele>250.6</ele>
      </trkpt>
      <trkpt lat="-38.07688" lon="177.47355">
        <ele>246.0</ele>
      </trkpt>
      <trkpt lat="-38.07682" lon="177.47372">
        <ele>237.4</ele>
      </trkpt>
      <trkpt lat="-38.07679" lon="177.47388">
        <ele>231.2</ele>
      </trkpt>
      <trkpt lat="-38.07683" lon="177.47399">
        <ele>230.9</ele>
      </trkpt>
      <trkpt lat="-38.07713" lon="177.4741">
        <ele>246.9</ele>
      </trkpt>
      <trkpt lat="-38.07724" lon="177.47421">
        <ele>249.9</ele>
      </trkpt>
      <trkpt lat="-38.07743" lon="177.47424">
        <ele>260.0</ele>
      </trkpt>
      <trkpt lat="-38.07756" lon="177.47433">
        <ele>262.9</ele>
      </trkpt>
      <trkpt lat="-38.07765" lon="177.47449">
        <ele>259.9</ele>
      </trkpt>
      <trkpt lat="-38.07773" lon="177.47474">
        <ele>251.9</ele>
      </trkpt>
      <trkpt lat="-38.07785" lon="177.47488">
        <ele>251.9</ele>
      </trkpt>
      <trkpt lat="-38.07799" lon="177.47494">
        <ele>257.3</ele>
      </trkpt>
      <trkpt lat="-38.07815" lon="177.475">
        <ele>264.0</ele>
      </trkpt>
      <trkpt lat="-38.07857" lon="177.47535">
        <ele>268.1</ele>
      </trkpt>
      <trkpt lat="-38.07868" lon="177.47541">
        <ele>270.0</ele>
      </trkpt>
      <trkpt lat="-38.07878" lon="177.47539">
        <ele>276.0</ele>
      </trkpt>
      <trkpt lat="-38.07887" lon="177.47535">
        <ele>282.7</ele>
      </trkpt>
      <trkpt lat="-38.07897" lon="177.47533">
        <ele>288.8</ele>
      </trkpt>
      <trkpt lat="-38.07905" lon="177.47535">
        <ele>291.5</ele>
      </trkpt>
      <trkpt lat="-38.07915" lon="177.4755">
        <ele>287.0</ele>
      </trkpt>
      <trkpt lat="-38.07937" lon="177.47602">
        <ele>275.5</ele>
      </trkpt>
      <trkpt lat="-38.07971" lon="177.47642">
        <ele>280.5</ele>
      </trkpt>
      <trkpt lat="-38.08005" lon="177.47688">
        <ele>277.8</ele>
      </trkpt>
      <trkpt lat="-38.08016" lon="177.47702">
        <ele>274.5</ele>
      </trkpt>
      <trkpt lat="-38.08036" lon="177.4771">
        <ele>273.9</ele>
      </trkpt>
      <trkpt lat="-38.08052" lon="177.47709">
        <ele>275.8</ele>
      </trkpt>
      <trkpt lat="-38.08066" lon="177.47701">
        <ele>279.6</ele>
      </trkpt>
      <trkpt lat="-38.08076" lon="177.47686">
        <ele>285.3</ele>
      </trkpt>
      <trkpt lat="-38.081" lon="177.47633">
        <ele>310.5</ele>
      </trkpt>
      <trkpt lat="-38.08124" lon="177.4758">
        <ele>335.1</ele>
      </trkpt>
      <trkpt lat="-38.08145" lon="177.4753">
        <ele>347.1</ele>
      </trkpt>
      <trkpt lat="-38.08152" lon="177.47527">
        <ele>346.5</ele>
      </trkpt>
      <trkpt lat="-38.08156" lon="177.47534">
        <ele>344.2</ele>
      </trkpt>
      <trkpt lat="-38.08158" lon="177.47561">
        <ele>338.1</ele>
      </trkpt>
      <trkpt lat="-38.08162" lon="177.47593">
        <ele>329.5</ele>
      </trkpt>
      <trkpt lat="-38.08161" lon="177.47623">
        <ele>318.4</ele>
      </trkpt>
      <trkpt lat="-38.08158" lon="177.47656">
        <ele>305.9</ele>
      </trkpt>
      <trkpt lat="-38.08162" lon="177.47684">
        <ele>298.5</ele>
      </trkpt>
      <trkpt lat="-38.0817" lon="177.47693">
        <ele>299.0</ele>
      </trkpt>
      <trkpt lat="-38.08182" lon="177.47693">
        <ele>305.3</ele>
      </trkpt>
      <trkpt lat="-38.08206" lon="177.47688">
        <ele>319.7</ele>
      </trkpt>
      <trkpt lat="-38.0823" lon="177.47693">
        <ele>330.1</ele>
      </trkpt>
      <trkpt lat="-38.08272" lon="177.4773">
        <ele>325.5</ele>
      </trkpt>
      <trkpt lat="-38.08322" lon="177.47721">
        <ele>346.5</ele>
      </trkpt>
      <trkpt lat="-38.08329" lon="177.47725">
        <ele>346.2</ele>
      </trkpt>
      <trkpt lat="-38.08335" lon="177.47734">
        <ele>342.2</ele>
      </trkpt>
      <trkpt lat="-38.08379" lon="177.4774">
        <ele>344.9</ele>
      </trkpt>
      <trkpt lat="-38.08392" lon="177.47744">
        <ele>343.9</ele>
      </trkpt>
      <trkpt lat="-38.08409" lon="177.47747">
        <ele>344.1</ele>
      </trkpt>
      <trkpt lat="-38.08426" lon="177.47736">
        <ele>352.4</ele>
      </trkpt>
      <trkpt lat="-38.08453" lon="177.47726">
        <ele>356.2</ele>
      </trkpt>
      <trkpt lat="-38.0848" lon="177.47719">
        <ele>357.1</ele>
      </trkpt>
      <trkpt lat="-38.08506" lon="177.47708">
        <ele>359.4</ele>
      </trkpt>
      <trkpt lat="-38.0853" lon="177.47701">
        <ele>359.4</ele>
      </trkpt>
      <trkpt lat="-38.08538" lon="177.47693">
        <ele>361.7</ele>
      </trkpt>
      <trkpt lat="-38.0854" lon="177.4768">
        <ele>367.1</ele>
      </trkpt>
      <trkpt lat="-38.08535" lon="177.4766">
        <ele>377.2</ele>
      </trkpt>
      <trkpt lat="-38.08535" lon="177.47651">
        <ele>381.5</ele>
      </trkpt>
      <trkpt lat="-38.08541" lon="177.47643">
        <ele>384.0</ele>
      </trkpt>
      <trkpt lat="-38.08553" lon="177.47644">
        <ele>380.8</ele>
      </trkpt>
      <trkpt lat="-38.08571" lon="177.47647">
        <ele>375.2</ele>
      </trkpt>
      <trkpt lat="-38.08581" lon="177.47645">
        <ele>373.9</ele>
      </trkpt>
      <trkpt lat="-38.08592" lon="177.47636">
        <ele>382.4</ele>
      </trkpt>
      <trkpt lat="-38.08595" lon="177.47624">
        <ele>389.4</ele>
      </trkpt>
      <trkpt lat="-38.08599" lon="177.47623">
        <ele>391.9</ele>
      </trkpt>
      <trkpt lat="-38.08604" lon="177.47634">
        <ele>389.7</ele>
      </trkpt>
      <trkpt lat="-38.08613" lon="177.47648">
        <ele>388.8</ele>
      </trkpt>
      <trkpt lat="-38.0863" lon="177.4767">
        <ele>390.2</ele>
      </trkpt>
      <trkpt lat="-38.0863" lon="177.47683">
        <ele>384.7</ele>
      </trkpt>
      <trkpt lat="-38.08633" lon="177.47703">
        <ele>378.1</ele>
      </trkpt>
      <trkpt lat="-38.08651" lon="177.47737">
        <ele>372.5</ele>
      </trkpt>
      <trkpt lat="-38.08694" lon="177.47793">
        <ele>376.8</ele>
      </trkpt>
      <trkpt lat="-38.08737" lon="177.47816">
        <ele>392.5</ele>
      </trkpt>
      <trkpt lat="-38.08756" lon="177.47836">
        <ele>394.8</ele>
      </trkpt>
      <trkpt lat="-38.08766" lon="177.47855">
        <ele>394.2</ele>
      </trkpt>
      <trkpt lat="-38.08767" lon="177.47878">
        <ele>386.3</ele>
      </trkpt>
      <trkpt lat="-38.0877" lon="177.47888">
        <ele>384.4</ele>
      </trkpt>
      <trkpt lat="-38.08777" lon="177.47903">
        <ele>383.0</ele>
      </trkpt>
      <trkpt lat="-38.08789" lon="177.47915">
        <ele>385.6</ele>
      </trkpt>
      <trkpt lat="-38.08812" lon="177.4793">
        <ele>395.4</ele>
      </trkpt>
      <trkpt lat="-38.08825" lon="177.47946">
        <ele>396.8</ele>
      </trkpt>
      <trkpt lat="-38.08835" lon="177.47957">
        <ele>397.1</ele>
      </trkpt>
      <trkpt lat="-38.08846" lon="177.47966">
        <ele>400.9</ele>
      </trkpt>
      <trkpt lat="-38.08865" lon="177.47974">
        <ele>409.7</ele>
      </trkpt>
      <trkpt lat="-38.08875" lon="177.47978">
        <ele>414.2</ele>
      </trkpt>
      <trkpt lat="-38.08882" lon="177.47986">
        <ele>414.7</ele>
      </trkpt>
      <trkpt lat="-38.08893" lon="177.48014">
        <ele>410.7</ele>
      </trkpt>
      <trkpt lat="-38.08903" lon="177.48033">
        <ele>409.0</ele>
      </trkpt>
      <trkpt lat="-38.08923" lon="177.48066">
        <ele>399.9</ele>
      </trkpt>
      <trkpt lat="-38.08939" lon="177.48079">
        <ele>395.6</ele>
      </trkpt>
      <trkpt lat="-38.08952" lon="177.48082">
        <ele>395.5</ele>
      </trkpt>
      <trkpt lat="-38.08963" lon="177.48076">
        <ele>398.6</ele>
      </trkpt>
      <trkpt lat="-38.08977" lon="177.48046">
        <ele>409.9</ele>
      </trkpt>
      <trkpt lat="-38.08988" lon="177.48021">
        <ele>418.5</ele>
      </trkpt>
      <trkpt lat="-38.08999" lon="177.48007">
        <ele>422.8</ele>
      </trkpt>
      <trkpt lat="-38.09024" lon="177.48003">
        <ele>425.6</ele>
      </trkpt>
      <trkpt lat="-38.09037" lon="177.47995">
        <ele>428.8</ele>
      </trkpt>
      <trkpt lat="-38.09045" lon="177.47982">
        <ele>434.4</ele>
      </trkpt>
      <trkpt lat="-38.09055" lon="177.47924">
        <ele>457.8</ele>
      </trkpt>
      <trkpt lat="-38.09061" lon="177.47915">
        <ele>461.0</ele>
      </trkpt>
      <trkpt lat="-38.09069" lon="177.47915">
        <ele>460.8</ele>
      </trkpt>
      <trkpt lat="-38.09074" lon="177.47933">
        <ele>454.0</ele>
      </trkpt>
      <trkpt lat="-38.0908" lon="177.4794">
        <ele>451.3</ele>
      </trkpt>
      <trkpt lat="-38.09091" lon="177.47977">
        <ele>443.4</ele>
      </trkpt>
      <trkpt lat="-38.09097" lon="177.48008">
        <ele>441.6</ele>
      </trkpt>
      <trkpt lat="-38.09101" lon="177.48026">
        <ele>447.2</ele>
      </trkpt>
      <trkpt lat="-38.09102" lon="177.48041">
        <ele>449.9</ele>
      </trkpt>
      <trkpt lat="-38.09095" lon="177.48053">
        <ele>446.4</ele>
      </trkpt>
      <trkpt lat="-38.0907" lon="177.48061">
        <ele>433.9</ele>
      </trkpt>
      <trkpt lat="-38.09061" lon="177.4807">
        <ele>430.7</ele>
      </trkpt>
      <trkpt lat="-38.09055" lon="177.48083">
        <ele>428.0</ele>
      </trkpt>
      <trkpt lat="-38.09051" lon="177.481">
        <ele>428.2</ele>
      </trkpt>
      <trkpt lat="-38.09045" lon="177.48137">
        <ele>429.6</ele>
      </trkpt>
      <trkpt lat="-38.09044" lon="177.48152">
        <ele>430.8</ele>
      </trkpt>
      <trkpt lat="-38.09049" lon="177.48176">
        <ele>435.7</ele>
      </trkpt>
      <trkpt lat="-38.0905" lon="177.482">
        <ele>435.2</ele>
      </trkpt>
      <trkpt lat="-38.09069" lon="177.48229">
        <ele>444.5</ele>
      </trkpt>
      <trkpt lat="-38.09069" lon="177.48245">
        <ele>443.0</ele>
      </trkpt>
      <trkpt lat="-38.09073" lon="177.48256">
        <ele>444.2</ele>
      </trkpt>
      <trkpt lat="-38.09083" lon="177.48266">
        <ele>448.1</ele>
      </trkpt>
      <trkpt lat="-38.09134" lon="177.48287">
        <ele>481.5</ele>
      </trkpt>
      <trkpt lat="-38.09139" lon="177.48295">
        <ele>484.3</ele>
      </trkpt>
      <trkpt lat="-38.09138" lon="177.48303">
        <ele>482.9</ele>
      </trkpt>
      <trkpt lat="-38.09111" lon="177.48328">
        <ele>461.4</ele>
      </trkpt>
      <trkpt lat="-38.09102" lon="177.4834">
        <ele>454.8</ele>
      </trkpt>
      <trkpt lat="-38.09097" lon="177.48355">
        <ele>451.8</ele>
      </trkpt>
      <trkpt lat="-38.09099" lon="177.48418">
        <ele>456.5</ele>
      </trkpt>
      <trkpt lat="-38.09093" lon="177.48464">
        <ele>458.2</ele>
      </trkpt>
      <trkpt lat="-38.09074" lon="177.48551">
        <ele>465.1</ele>
      </trkpt>
      <trkpt lat="-38.09064" lon="177.48572">
        <ele>468.8</ele>
      </trkpt>
      <trkpt lat="-38.0905" lon="177.48586">
        <ele>472.3</ele>
      </trkpt>
      <trkpt lat="-38.09042" lon="177.48603">
        <ele>470.8</ele>
      </trkpt>
      <trkpt lat="-38.09041" lon="177.48618">
        <ele>468.2</ele>
      </trkpt>
      <trkpt lat="-38.09048" lon="177.48631">
        <ele>464.1</ele>
      </trkpt>
      <trkpt lat="-38.09056" lon="177.48641">
        <ele>460.3</ele>
      </trkpt>
      <trkpt lat="-38.09067" lon="177.48643">
        <ele>457.1</ele>
      </trkpt>
      <trkpt lat="-38.09084" lon="177.48638">
        <ele>454.0</ele>
      </trkpt>
      <trkpt lat="-38.09106" lon="177.48641">
        <ele>447.6</ele>
      </trkpt>
      <trkpt lat="-38.09114" lon="177.48634">
        <ele>447.5</ele>
      </trkpt>
      <trkpt lat="-38.09124" lon="177.48607">
        <ele>453.1</ele>
      </trkpt>
      <trkpt lat="-38.09134" lon="177.48594">
        <ele>455.3</ele>
      </trkpt>
      <trkpt lat="-38.09147" lon="177.48588">
        <ele>455.2</ele>
      </trkpt>
      <trkpt lat="-38.09161" lon="177.48572">
        <ele>459.3</ele>
      </trkpt>
      <trkpt lat="-38.09209" lon="177.48557">
        <ele>460.7</ele>
      </trkpt>
      <trkpt lat="-38.09223" lon="177.48556">
        <ele>459.7</ele>
      </trkpt>
      <trkpt lat="-38.09236" lon="177.4856">
        <ele>455.9</ele>
      </trkpt>
      <trkpt lat="-38.09254" lon="177.48559">
        <ele>454.6</ele>
      </trkpt>
      <trkpt lat="-38.09278" lon="177.48547">
        <ele>460.4</ele>
      </trkpt>
      <trkpt lat="-38.09289" lon="177.48545">
        <ele>461.0</ele>
      </trkpt>
      <trkpt lat="-38.093" lon="177.48551">
        <ele>456.4</ele>
      </trkpt>
      <trkpt lat="-38.09316" lon="177.48564">
        <ele>446.6</ele>
      </trkpt>
      <trkpt lat="-38.09325" lon="177.48567">
        <ele>443.8</ele>
      </trkpt>
      <trkpt lat="-38.09343" lon="177.48563">
        <ele>445.6</ele>
      </trkpt>
      <trkpt lat="-38.09384" lon="177.48569">
        <ele>440.9</ele>
      </trkpt>
      <trkpt lat="-38.09403" lon="177.4857">
        <ele>439.9</ele>
      </trkpt>
      <trkpt lat="-38.09421" lon="177.48573">
        <ele>437.3</ele>
      </trkpt>
      <trkpt lat="-38.09436" lon="177.48572">
        <ele>435.6</ele>
      </trkpt>
      <trkpt lat="-38.09451" lon="177.48564">
        <ele>438.4</ele>
      </trkpt>
      <trkpt lat="-38.09468" lon="177.4854">
        <ele>451.9</ele>
      </trkpt>
      <trkpt lat="-38.09474" lon="177.48539">
        <ele>451.9</ele>
      </trkpt>
      <trkpt lat="-38.09483" lon="177.48543">
        <ele>448.3</ele>
      </trkpt>
      <trkpt lat="-38.09504" lon="177.48564">
        <ele>431.5</ele>
      </trkpt>
      <trkpt lat="-38.09522" lon="177.48568">
        <ele>428.1</ele>
      </trkpt>
      <trkpt lat="-38.09544" lon="177.48566">
        <ele>428.5</ele>
      </trkpt>
      <trkpt lat="-38.09565" lon="177.48561">
        <ele>430.7</ele>
      </trkpt>
      <trkpt lat="-38.09585" lon="177.48558">
        <ele>431.4</ele>
      </trkpt>
      <trkpt lat="-38.09607" lon="177.48562">
        <ele>426.2</ele>
      </trkpt>
      <trkpt lat="-38.09653" lon="177.48563">
        <ele>419.8</ele>
      </trkpt>
      <trkpt lat="-38.09708" lon="177.48563">
        <ele>411.1</ele>
      </trkpt>
      <trkpt lat="-38.0976" lon="177.4856">
        <ele>402.6</ele>
      </trkpt>
      <trkpt lat="-38.09771" lon="177.48553">
        <ele>401.6</ele>
      </trkpt>
      <trkpt lat="-38.09778" lon="177.48539">
        <ele>402.1</ele>
      </trkpt>
      <trkpt lat="-38.09779" lon="177.4852">
        <ele>404.5</ele>
      </trkpt>
      <trkpt lat="-38.09782" lon="177.4849">
        <ele>407.2</ele>
      </trkpt>
      <trkpt lat="-38.09791" lon="177.48484">
        <ele>406.0</ele>
      </trkpt>
      <trkpt lat="-38.09802" lon="177.48485">
        <ele>403.8</ele>
      </trkpt>
      <trkpt lat="-38.09868" lon="177.48518">
        <ele>392.3</ele>
      </trkpt>
      <trkpt lat="-38.09933" lon="177.48551">
        <ele>389.4</ele>
      </trkpt>
      <trkpt lat="-38.0999" lon="177.48576">
        <ele>390.5</ele>
      </trkpt>
      <trkpt lat="-38.10041" lon="177.48613">
        <ele>395.9</ele>
      </trkpt>
      <trkpt lat="-38.10071" lon="177.48637">
        <ele>397.5</ele>
      </trkpt>
      <trkpt lat="-38.10083" lon="177.48657">
        <ele>398.9</ele>
      </trkpt>
      <trkpt lat="-38.10091" lon="177.48672">
        <ele>399.2</ele>
      </trkpt>
      <trkpt lat="-38.10094" lon="177.48692">
        <ele>400.7</ele>
      </trkpt>
      <trkpt lat="-38.10092" lon="177.48717">
        <ele>403.6</ele>
      </trkpt>
      <trkpt lat="-38.10098" lon="177.48742">
        <ele>404.9</ele>
      </trkpt>
      <trkpt lat="-38.10106" lon="177.48755">
        <ele>404.1</ele>
      </trkpt>
      <trkpt lat="-38.10112" lon="177.48771">
        <ele>403.5</ele>
      </trkpt>
      <trkpt lat="-38.10113" lon="177.48856">
        <ele>410.1</ele>
      </trkpt>
      <trkpt lat="-38.10115" lon="177.48879">
        <ele>413.4</ele>
      </trkpt>
      <trkpt lat="-38.1012" lon="177.48894">
        <ele>414.2</ele>
      </trkpt>
      <trkpt lat="-38.10133" lon="177.48911">
        <ele>412.3</ele>
      </trkpt>
      <trkpt lat="-38.10152" lon="177.48925">
        <ele>409.2</ele>
      </trkpt>
      <trkpt lat="-38.10162" lon="177.48939">
        <ele>410.5</ele>
      </trkpt>
      <trkpt lat="-38.10183" lon="177.4896">
        <ele>413.2</ele>
      </trkpt>
      <trkpt lat="-38.10196" lon="177.48969">
        <ele>413.8</ele>
      </trkpt>
      <trkpt lat="-38.10209" lon="177.48968">
        <ele>411.1</ele>
      </trkpt>
      <trkpt lat="-38.10232" lon="177.48948">
        <ele>401.2</ele>
      </trkpt>
      <trkpt lat="-38.10244" lon="177.48943">
        <ele>397.9</ele>
      </trkpt>
      <trkpt lat="-38.10256" lon="177.48947">
        <ele>396.9</ele>
      </trkpt>
      <trkpt lat="-38.1027" lon="177.4896">
        <ele>397.2</ele>
      </trkpt>
      <trkpt lat="-38.10291" lon="177.48986">
        <ele>397.2</ele>
      </trkpt>
      <trkpt lat="-38.10297" lon="177.49005">
        <ele>399.2</ele>
      </trkpt>
      <trkpt lat="-38.10295" lon="177.49025">
        <ele>405.0</ele>
      </trkpt>
      <trkpt lat="-38.10297" lon="177.49036">
        <ele>407.1</ele>
      </trkpt>
      <trkpt lat="-38.10301" lon="177.49044">
        <ele>407.6</ele>
      </trkpt>
      <trkpt lat="-38.10314" lon="177.49062">
        <ele>406.8</ele>
      </trkpt>
      <trkpt lat="-38.10327" lon="177.49077">
        <ele>404.5</ele>
      </trkpt>
      <trkpt lat="-38.10348" lon="177.49111">
        <ele>401.8</ele>
      </trkpt>
      <trkpt lat="-38.10357" lon="177.49171">
        <ele>404.9</ele>
      </trkpt>
      <trkpt lat="-38.10356" lon="177.49212">
        <ele>405.2</ele>
      </trkpt>
      <trkpt lat="-38.10355" lon="177.49235">
        <ele>405.5</ele>
      </trkpt>
      <trkpt lat="-38.10354" lon="177.49241">
        <ele>405.8</ele>
      </trkpt>
      <trkpt lat="-38.10356" lon="177.49248">
        <ele>405.1</ele>
      </trkpt>
      <trkpt lat="-38.10373" lon="177.49272">
        <ele>396.5</ele>
      </trkpt>
      <trkpt lat="-38.10373" lon="177.4928">
        <ele>395.5</ele>
      </trkpt>
      <trkpt lat="-38.10366" lon="177.4929">
        <ele>396.1</ele>
      </trkpt>
      <trkpt lat="-38.10362" lon="177.49299">
        <ele>395.9</ele>
      </trkpt>
      <trkpt lat="-38.10354" lon="177.49325">
        <ele>393.6</ele>
      </trkpt>
      <trkpt lat="-38.10349" lon="177.49331">
        <ele>393.6</ele>
      </trkpt>
      <trkpt lat="-38.10342" lon="177.49335">
        <ele>394.2</ele>
      </trkpt>
      <trkpt lat="-38.10305" lon="177.49334">
        <ele>395.2</ele>
      </trkpt>
      <trkpt lat="-38.10287" lon="177.49327">
        <ele>396.8</ele>
      </trkpt>
      <trkpt lat="-38.10268" lon="177.49316">
        <ele>400.4</ele>
      </trkpt>
      <trkpt lat="-38.10255" lon="177.49318">
        <ele>399.8</ele>
      </trkpt>
      <trkpt lat="-38.10235" lon="177.49323">
        <ele>397.2</ele>
      </trkpt>
      <trkpt lat="-38.10215" lon="177.49317">
        <ele>397.8</ele>
      </trkpt>
      <trkpt lat="-38.10204" lon="177.49313">
        <ele>398.0</ele>
      </trkpt>
      <trkpt lat="-38.10196" lon="177.49313">
        <ele>397.3</ele>
      </trkpt>
      <trkpt lat="-38.10191" lon="177.49317">
        <ele>396.1</ele>
      </trkpt>
      <trkpt lat="-38.10187" lon="177.49322">
        <ele>394.8</ele>
      </trkpt>
      <trkpt lat="-38.10185" lon="177.49327">
        <ele>393.7</ele>
      </trkpt>
      <trkpt lat="-38.10183" lon="177.49337">
        <ele>392.3</ele>
      </trkpt>
      <trkpt lat="-38.10191" lon="177.49381">
        <ele>391.6</ele>
      </trkpt>
      <trkpt lat="-38.10195" lon="177.49392">
        <ele>391.2</ele>
      </trkpt>
      <trkpt lat="-38.10201" lon="177.49399">
        <ele>390.9</ele>
      </trkpt>
      <trkpt lat="-38.1021" lon="177.49406">
        <ele>390.3</ele>
      </trkpt>
      <trkpt lat="-38.10225" lon="177.49411">
        <ele>389.5</ele>
      </trkpt>
      <trkpt lat="-38.10237" lon="177.49416">
        <ele>388.7</ele>
      </trkpt>
      <trkpt lat="-38.1026" lon="177.49438">
        <ele>389.6</ele>
      </trkpt>
      <trkpt lat="-38.10269" lon="177.49451">
        <ele>390.3</ele>
      </trkpt>
      <trkpt lat="-38.1027" lon="177.49459">
        <ele>391.0</ele>
      </trkpt>
      <trkpt lat="-38.10271" lon="177.49495">
        <ele>394.5</ele>
      </trkpt>
      <trkpt lat="-38.10273" lon="177.49505">
        <ele>395.0</ele>
      </trkpt>
      <trkpt lat="-38.1028" lon="177.49512">
        <ele>394.6</ele>
      </trkpt>
      <trkpt lat="-38.10301" lon="177.4952">
        <ele>392.7</ele>
      </trkpt>
      <trkpt lat="-38.10307" lon="177.49527">
        <ele>392.3</ele>
      </trkpt>
      <trkpt lat="-38.10308" lon="177.4954">
        <ele>392.5</ele>
      </trkpt>
      <trkpt lat="-38.10303" lon="177.49552">
        <ele>393.4</ele>
      </trkpt>
      <trkpt lat="-38.10296" lon="177.49572">
        <ele>395.0</ele>
      </trkpt>
      <trkpt lat="-38.10289" lon="177.49607">
        <ele>396.2</ele>
      </trkpt>
      <trkpt lat="-38.1029" lon="177.49618">
        <ele>396.0</ele>
      </trkpt>
      <trkpt lat="-38.10295" lon="177.49629">
        <ele>395.3</ele>
      </trkpt>
      <trkpt lat="-38.10301" lon="177.49634">
        <ele>394.6</ele>
      </trkpt>
      <trkpt lat="-38.10315" lon="177.49634">
        <ele>392.8</ele>
      </trkpt>
      <trkpt lat="-38.10325" lon="177.49636">
        <ele>391.6</ele>
      </trkpt>
      <trkpt lat="-38.10331" lon="177.4964">
        <ele>391.0</ele>
      </trkpt>
      <trkpt lat="-38.10338" lon="177.49645">
        <ele>391.1</ele>
      </trkpt>
      <trkpt lat="-38.10342" lon="177.49656">
        <ele>391.6</ele>
      </trkpt>
      <trkpt lat="-38.10348" lon="177.49664">
        <ele>392.5</ele>
      </trkpt>
      <trkpt lat="-38.10366" lon="177.49676">
        <ele>396.7</ele>
      </trkpt>
      <trkpt lat="-38.10371" lon="177.49677">
        <ele>397.5</ele>
      </trkpt>
      <trkpt lat="-38.10378" lon="177.49676">
        <ele>398.0</ele>
      </trkpt>
      <trkpt lat="-38.10402" lon="177.49657">
        <ele>397.2</ele>
      </trkpt>
      <trkpt lat="-38.10427" lon="177.49645">
        <ele>396.1</ele>
      </trkpt>
      <trkpt lat="-38.10444" lon="177.49643">
        <ele>395.0</ele>
      </trkpt>
      <trkpt lat="-38.10461" lon="177.49648">
        <ele>395.0</ele>
      </trkpt>
      <trkpt lat="-38.10477" lon="177.49649">
        <ele>394.3</ele>
      </trkpt>
      <trkpt lat="-38.10487" lon="177.49653">
        <ele>394.5</ele>
      </trkpt>
      <trkpt lat="-38.10493" lon="177.4966">
        <ele>395.3</ele>
      </trkpt>
      <trkpt lat="-38.10503" lon="177.49691">
        <ele>396.7</ele>
      </trkpt>
      <trkpt lat="-38.10504" lon="177.497">
        <ele>396.9</ele>
      </trkpt>
      <trkpt lat="-38.10503" lon="177.49708">
        <ele>397.7</ele>
      </trkpt>
      <trkpt lat="-38.105" lon="177.49722">
        <ele>399.3</ele>
      </trkpt>
      <trkpt lat="-38.10501" lon="177.4973">
        <ele>399.5</ele>
      </trkpt>
      <trkpt lat="-38.10508" lon="177.4975">
        <ele>398.5</ele>
      </trkpt>
      <trkpt lat="-38.10513" lon="177.49768">
        <ele>397.6</ele>
      </trkpt>
      <trkpt lat="-38.10513" lon="177.49785">
        <ele>398.1</ele>
      </trkpt>
      <trkpt lat="-38.10508" lon="177.49813">
        <ele>400.7</ele>
      </trkpt>
      <trkpt lat="-38.10507" lon="177.49822">
        <ele>401.3</ele>
      </trkpt>
      <trkpt lat="-38.10509" lon="177.49838">
        <ele>402.0</ele>
      </trkpt>
      <trkpt lat="-38.1051" lon="177.49847">
        <ele>403.3</ele>
      </trkpt>
      <trkpt lat="-38.10515" lon="177.49856">
        <ele>403.3</ele>
      </trkpt>
      <trkpt lat="-38.10562" lon="177.49908">
        <ele>396.3</ele>
      </trkpt>
      <trkpt lat="-38.10568" lon="177.49916">
        <ele>395.4</ele>
      </trkpt>
      <trkpt lat="-38.10572" lon="177.49927">
        <ele>396.9</ele>
      </trkpt>
      <trkpt lat="-38.10577" lon="177.49946">
        <ele>400.3</ele>
      </trkpt>
      <trkpt lat="-38.10584" lon="177.49956">
        <ele>400.7</ele>
      </trkpt>
      <trkpt lat="-38.10594" lon="177.49962">
        <ele>399.6</ele>
      </trkpt>
      <trkpt lat="-38.10612" lon="177.49969">
        <ele>396.2</ele>
      </trkpt>
      <trkpt lat="-38.10624" lon="177.49976">
        <ele>394.0</ele>
      </trkpt>
      <trkpt lat="-38.10632" lon="177.49986">
        <ele>393.2</ele>
      </trkpt>
      <trkpt lat="-38.10652" lon="177.5003">
        <ele>392.6</ele>
      </trkpt>
      <trkpt lat="-38.10659" lon="177.50039">
        <ele>391.1</ele>
      </trkpt>
      <trkpt lat="-38.10668" lon="177.50046">
        <ele>388.8</ele>
      </trkpt>
      <trkpt lat="-38.10676" lon="177.50056">
        <ele>388.7</ele>
      </trkpt>
      <trkpt lat="-38.10682" lon="177.50066">
        <ele>388.8</ele>
      </trkpt>
      <trkpt lat="-38.10687" lon="177.50079">
        <ele>389.4</ele>
      </trkpt>
      <trkpt lat="-38.1069" lon="177.50095">
        <ele>389.2</ele>
      </trkpt>
      <trkpt lat="-38.10684" lon="177.50127">
        <ele>390.4</ele>
      </trkpt>
      <trkpt lat="-38.10678" lon="177.50138">
        <ele>391.6</ele>
      </trkpt>
      <trkpt lat="-38.10666" lon="177.50149">
        <ele>394.2</ele>
      </trkpt>
      <trkpt lat="-38.10663" lon="177.50153">
        <ele>395.0</ele>
      </trkpt>
      <trkpt lat="-38.10666" lon="177.50164">
        <ele>394.2</ele>
      </trkpt>
      <trkpt lat="-38.10672" lon="177.50172">
        <ele>393.0</ele>
      </trkpt>
      <trkpt lat="-38.10714" lon="177.50204">
        <ele>386.5</ele>
      </trkpt>
      <trkpt lat="-38.10745" lon="177.50236">
        <ele>385.0</ele>
      </trkpt>
      <trkpt lat="-38.10754" lon="177.5025">
        <ele>385.2</ele>
      </trkpt>
      <trkpt lat="-38.10762" lon="177.50288">
        <ele>383.4</ele>
      </trkpt>
      <trkpt lat="-38.10768" lon="177.50296">
        <ele>382.2</ele>
      </trkpt>
      <trkpt lat="-38.10771" lon="177.50309">
        <ele>381.6</ele>
      </trkpt>
      <trkpt lat="-38.10766" lon="177.50322">
        <ele>382.4</ele>
      </trkpt>
      <trkpt lat="-38.10755" lon="177.50331">
        <ele>384.2</ele>
      </trkpt>
      <trkpt lat="-38.10746" lon="177.50332">
        <ele>385.2</ele>
      </trkpt>
      <trkpt lat="-38.10716" lon="177.50329">
        <ele>386.8</ele>
      </trkpt>
      <trkpt lat="-38.10705" lon="177.50329">
        <ele>387.4</ele>
      </trkpt>
      <trkpt lat="-38.10693" lon="177.50343">
        <ele>387.4</ele>
      </trkpt>
      <trkpt lat="-38.10692" lon="177.50359">
        <ele>386.9</ele>
      </trkpt>
      <trkpt lat="-38.10698" lon="177.50371">
        <ele>386.1</ele>
      </trkpt>
      <trkpt lat="-38.10703" lon="177.50376">
        <ele>385.6</ele>
      </trkpt>
      <trkpt lat="-38.10716" lon="177.50385">
        <ele>384.3</ele>
      </trkpt>
      <trkpt lat="-38.10724" lon="177.50392">
        <ele>383.4</ele>
      </trkpt>
      <trkpt lat="-38.10735" lon="177.5042">
        <ele>381.4</ele>
      </trkpt>
      <trkpt lat="-38.10743" lon="177.50431">
        <ele>381.1</ele>
      </trkpt>
      <trkpt lat="-38.1076" lon="177.50446">
        <ele>379.8</ele>
      </trkpt>
      <trkpt lat="-38.10764" lon="177.50451">
        <ele>379.5</ele>
      </trkpt>
      <trkpt lat="-38.10767" lon="177.50458">
        <ele>379.4</ele>
      </trkpt>
      <trkpt lat="-38.10769" lon="177.50467">
        <ele>379.6</ele>
      </trkpt>
      <trkpt lat="-38.10773" lon="177.50494">
        <ele>380.3</ele>
      </trkpt>
      <trkpt lat="-38.10773" lon="177.50513">
        <ele>380.5</ele>
      </trkpt>
      <trkpt lat="-38.10775" lon="177.50544">
        <ele>380.4</ele>
      </trkpt>
      <trkpt lat="-38.10777" lon="177.50553">
        <ele>380.1</ele>
      </trkpt>
      <trkpt lat="-38.10782" lon="177.50562">
        <ele>379.4</ele>
      </trkpt>
      <trkpt lat="-38.10802" lon="177.50578">
        <ele>376.6</ele>
      </trkpt>
      <trkpt lat="-38.10815" lon="177.50595">
        <ele>375.0</ele>
      </trkpt>
      <trkpt lat="-38.10821" lon="177.50605">
        <ele>374.5</ele>
      </trkpt>
      <trkpt lat="-38.10829" lon="177.50626">
        <ele>373.8</ele>
      </trkpt>
      <trkpt lat="-38.10838" lon="177.50635">
        <ele>372.9</ele>
      </trkpt>
      <trkpt lat="-38.10846" lon="177.50641">
        <ele>372.5</ele>
      </trkpt>
      <trkpt lat="-38.10886" lon="177.50647">
        <ele>369.7</ele>
      </trkpt>
      <trkpt lat="-38.10933" lon="177.50657">
        <ele>369.1</ele>
      </trkpt>
      <trkpt lat="-38.10956" lon="177.50664">
        <ele>368.8</ele>
      </trkpt>
      <trkpt lat="-38.10987" lon="177.50676">
        <ele>368.5</ele>
      </trkpt>
      <trkpt lat="-38.11033" lon="177.50699">
        <ele>371.6</ele>
      </trkpt>
      <trkpt lat="-38.11041" lon="177.50709">
        <ele>372.4</ele>
      </trkpt>
      <trkpt lat="-38.1106" lon="177.50742">
        <ele>374.5</ele>
      </trkpt>
      <trkpt lat="-38.1107" lon="177.50759">
        <ele>375.4</ele>
      </trkpt>
      <trkpt lat="-38.11076" lon="177.50764">
        <ele>375.9</ele>
      </trkpt>
      <trkpt lat="-38.11083" lon="177.50765">
        <ele>376.9</ele>
      </trkpt>
      <trkpt lat="-38.11088" lon="177.50765">
        <ele>377.2</ele>
      </trkpt>
      <trkpt lat="-38.11119" lon="177.50751">
        <ele>380.5</ele>
      </trkpt>
      <trkpt lat="-38.11128" lon="177.50749">
        <ele>381.2</ele>
      </trkpt>
      <trkpt lat="-38.11137" lon="177.50754">
        <ele>381.5</ele>
      </trkpt>
      <trkpt lat="-38.11147" lon="177.50762">
        <ele>381.6</ele>
      </trkpt>
      <trkpt lat="-38.11157" lon="177.50774">
        <ele>381.3</ele>
      </trkpt>
      <trkpt lat="-38.11162" lon="177.50777">
        <ele>381.4</ele>
      </trkpt>
      <trkpt lat="-38.1117" lon="177.50776">
        <ele>381.9</ele>
      </trkpt>
      <trkpt lat="-38.11175" lon="177.50772">
        <ele>382.2</ele>
      </trkpt>
      <trkpt lat="-38.1119" lon="177.50749">
        <ele>383.7</ele>
      </trkpt>
      <trkpt lat="-38.11216" lon="177.50718">
        <ele>383.3</ele>
      </trkpt>
      <trkpt lat="-38.11238" lon="177.50666">
        <ele>383.7</ele>
      </trkpt>
      <trkpt lat="-38.11253" lon="177.50648">
        <ele>383.4</ele>
      </trkpt>
      <trkpt lat="-38.11268" lon="177.50634">
        <ele>383.2</ele>
      </trkpt>
      <trkpt lat="-38.11318" lon="177.50595">
        <ele>384.2</ele>
      </trkpt>
      <trkpt lat="-38.11368" lon="177.50556">
        <ele>387.8</ele>
      </trkpt>
      <trkpt lat="-38.11384" lon="177.50546">
        <ele>388.7</ele>
      </trkpt>
      <trkpt lat="-38.11403" lon="177.50538">
        <ele>389.5</ele>
      </trkpt>
      <trkpt lat="-38.11414" lon="177.50538">
        <ele>389.9</ele>
      </trkpt>
      <trkpt lat="-38.11432" lon="177.50548">
        <ele>391.8</ele>
      </trkpt>
      <trkpt lat="-38.1144" lon="177.50555">
        <ele>392.7</ele>
      </trkpt>
      <trkpt lat="-38.11449" lon="177.50561">
        <ele>393.7</ele>
      </trkpt>
      <trkpt lat="-38.11454" lon="177.50564">
        <ele>394.2</ele>
      </trkpt>
      <trkpt lat="-38.11466" lon="177.50567">
        <ele>395.6</ele>
      </trkpt>
      <trkpt lat="-38.11479" lon="177.50567">
        <ele>397.0</ele>
      </trkpt>
      <trkpt lat="-38.11493" lon="177.50565">
        <ele>398.6</ele>
      </trkpt>
      <trkpt lat="-38.11502" lon="177.50566">
        <ele>400.0</ele>
      </trkpt>
      <trkpt lat="-38.11509" lon="177.50568">
        <ele>401.8</ele>
      </trkpt>
      <trkpt lat="-38.11513" lon="177.50571">
        <ele>402.8</ele>
      </trkpt>
      <trkpt lat="-38.11523" lon="177.50582">
        <ele>404.9</ele>
      </trkpt>
      <trkpt lat="-38.11527" lon="177.50594">
        <ele>405.9</ele>
      </trkpt>
      <trkpt lat="-38.11526" lon="177.50604">
        <ele>405.7</ele>
      </trkpt>
      <trkpt lat="-38.11521" lon="177.50612">
        <ele>404.8</ele>
      </trkpt>
      <trkpt lat="-38.11501" lon="177.50621">
        <ele>401.4</ele>
      </trkpt>
      <trkpt lat="-38.11494" lon="177.50631">
        <ele>401.1</ele>
      </trkpt>
      <trkpt lat="-38.11489" lon="177.50648">
        <ele>401.4</ele>
      </trkpt>
      <trkpt lat="-38.11492" lon="177.50666">
        <ele>402.8</ele>
      </trkpt>
      <trkpt lat="-38.11491" lon="177.50686">
        <ele>402.4</ele>
      </trkpt>
      <trkpt lat="-38.11489" lon="177.50695">
        <ele>402.0</ele>
      </trkpt>
      <trkpt lat="-38.11481" lon="177.50718">
        <ele>400.7</ele>
      </trkpt>
      <trkpt lat="-38.11481" lon="177.5073">
        <ele>400.6</ele>
      </trkpt>
      <trkpt lat="-38.11487" lon="177.50739">
        <ele>401.1</ele>
      </trkpt>
      <trkpt lat="-38.11493" lon="177.50743">
        <ele>401.5</ele>
      </trkpt>
      <trkpt lat="-38.11504" lon="177.50743">
        <ele>401.9</ele>
      </trkpt>
      <trkpt lat="-38.11532" lon="177.50735">
        <ele>400.6</ele>
      </trkpt>
      <trkpt lat="-38.11549" lon="177.50726">
        <ele>400.8</ele>
      </trkpt>
      <trkpt lat="-38.11559" lon="177.50719">
        <ele>401.5</ele>
      </trkpt>
      <trkpt lat="-38.1158" lon="177.5071">
        <ele>402.7</ele>
      </trkpt>
      <trkpt lat="-38.11594" lon="177.5071">
        <ele>402.6</ele>
      </trkpt>
      <trkpt lat="-38.11637" lon="177.50715">
        <ele>401.1</ele>
      </trkpt>
      <trkpt lat="-38.11647" lon="177.5072">
        <ele>399.8</ele>
      </trkpt>
      <trkpt lat="-38.11655" lon="177.50729">
        <ele>397.5</ele>
      </trkpt>
      <trkpt lat="-38.11664" lon="177.50745">
        <ele>393.3</ele>
      </trkpt>
      <trkpt lat="-38.11669" lon="177.50749">
        <ele>392.1</ele>
      </trkpt>
      <trkpt lat="-38.11676" lon="177.50752">
        <ele>391.1</ele>
      </trkpt>
      <trkpt lat="-38.11686" lon="177.50752">
        <ele>390.5</ele>
      </trkpt>
      <trkpt lat="-38.11707" lon="177.50743">
        <ele>390.9</ele>
      </trkpt>
      <trkpt lat="-38.11723" lon="177.50738">
        <ele>390.6</ele>
      </trkpt>
      <trkpt lat="-38.11737" lon="177.50737">
        <ele>389.6</ele>
      </trkpt>
      <trkpt lat="-38.11767" lon="177.50743">
        <ele>386.1</ele>
      </trkpt>
      <trkpt lat="-38.11774" lon="177.5074">
        <ele>385.7</ele>
      </trkpt>
      <trkpt lat="-38.11779" lon="177.50736">
        <ele>385.5</ele>
      </trkpt>
      <trkpt lat="-38.11788" lon="177.50725">
        <ele>385.5</ele>
      </trkpt>
      <trkpt lat="-38.118" lon="177.50704">
        <ele>385.7</ele>
      </trkpt>
      <trkpt lat="-38.11807" lon="177.50699">
        <ele>385.1</ele>
      </trkpt>
      <trkpt lat="-38.11858" lon="177.50705">
        <ele>381.7</ele>
      </trkpt>
      <trkpt lat="-38.11869" lon="177.50705">
        <ele>381.9</ele>
      </trkpt>
      <trkpt lat="-38.11878" lon="177.50703">
        <ele>382.3</ele>
      </trkpt>
      <trkpt lat="-38.11885" lon="177.50694">
        <ele>383.4</ele>
      </trkpt>
      <trkpt lat="-38.11888" lon="177.50687">
        <ele>384.2</ele>
      </trkpt>
      <trkpt lat="-38.1189" lon="177.50659">
        <ele>387.2</ele>
      </trkpt>
      <trkpt lat="-38.1189" lon="177.50649">
        <ele>388.3</ele>
      </trkpt>
      <trkpt lat="-38.11895" lon="177.50641">
        <ele>389.6</ele>
      </trkpt>
      <trkpt lat="-38.11904" lon="177.50638">
        <ele>390.8</ele>
      </trkpt>
      <trkpt lat="-38.11912" lon="177.50641">
        <ele>391.2</ele>
      </trkpt>
      <trkpt lat="-38.11923" lon="177.50652">
        <ele>390.9</ele>
      </trkpt>
      <trkpt lat="-38.11928" lon="177.50666">
        <ele>389.2</ele>
      </trkpt>
      <trkpt lat="-38.11931" lon="177.50678">
        <ele>387.8</ele>
      </trkpt>
      <trkpt lat="-38.11936" lon="177.50684">
        <ele>387.3</ele>
      </trkpt>
      <trkpt lat="-38.1194" lon="177.50685">
        <ele>387.5</ele>
      </trkpt>
      <trkpt lat="-38.11949" lon="177.50686">
        <ele>388.1</ele>
      </trkpt>
      <trkpt lat="-38.11957" lon="177.50686">
        <ele>388.8</ele>
      </trkpt>
      <trkpt lat="-38.11965" lon="177.50684">
        <ele>389.7</ele>
      </trkpt>
      <trkpt lat="-38.11972" lon="177.50677">
        <ele>391.5</ele>
      </trkpt>
      <trkpt lat="-38.11977" lon="177.50668">
        <ele>393.6</ele>
      </trkpt>
      <trkpt lat="-38.11984" lon="177.5066">
        <ele>396.1</ele>
      </trkpt>
      <trkpt lat="-38.1199" lon="177.50659">
        <ele>397.0</ele>
      </trkpt>
      <trkpt lat="-38.11997" lon="177.5066">
        <ele>397.4</ele>
      </trkpt>
      <trkpt lat="-38.12005" lon="177.50669">
        <ele>396.3</ele>
      </trkpt>
      <trkpt lat="-38.12008" lon="177.50681">
        <ele>394.3</ele>
      </trkpt>
      <trkpt lat="-38.12014" lon="177.50696">
        <ele>392.0</ele>
      </trkpt>
      <trkpt lat="-38.12021" lon="177.50705">
        <ele>390.8</ele>
      </trkpt>
      <trkpt lat="-38.1203" lon="177.50712">
        <ele>390.2</ele>
      </trkpt>
      <trkpt lat="-38.12036" lon="177.50712">
        <ele>390.8</ele>
      </trkpt>
      <trkpt lat="-38.12042" lon="177.50709">
        <ele>392.1</ele>
      </trkpt>
      <trkpt lat="-38.12062" lon="177.50688">
        <ele>399.5</ele>
      </trkpt>
      <trkpt lat="-38.12071" lon="177.50683">
        <ele>401.9</ele>
      </trkpt>
      <trkpt lat="-38.12079" lon="177.50685">
        <ele>402.4</ele>
      </trkpt>
      <trkpt lat="-38.12085" lon="177.50693">
        <ele>401.1</ele>
      </trkpt>
      <trkpt lat="-38.12089" lon="177.50711">
        <ele>396.9</ele>
      </trkpt>
      <trkpt lat="-38.12091" lon="177.50739">
        <ele>389.3</ele>
      </trkpt>
      <trkpt lat="-38.12094" lon="177.50748">
        <ele>387.1</ele>
      </trkpt>
      <trkpt lat="-38.12103" lon="177.5076">
        <ele>386.5</ele>
      </trkpt>
      <trkpt lat="-38.12115" lon="177.50768">
        <ele>386.8</ele>
      </trkpt>
      <trkpt lat="-38.1215" lon="177.50777">
        <ele>389.1</ele>
      </trkpt>
      <trkpt lat="-38.12167" lon="177.50778">
        <ele>390.6</ele>
      </trkpt>
      <trkpt lat="-38.12195" lon="177.50776">
        <ele>393.6</ele>
      </trkpt>
      <trkpt lat="-38.12216" lon="177.50772">
        <ele>396.4</ele>
      </trkpt>
      <trkpt lat="-38.12226" lon="177.50774">
        <ele>396.8</ele>
      </trkpt>
      <trkpt lat="-38.12256" lon="177.50791">
        <ele>394.6</ele>
      </trkpt>
      <trkpt lat="-38.12286" lon="177.50799">
        <ele>392.5</ele>
      </trkpt>
      <trkpt lat="-38.12302" lon="177.50798">
        <ele>392.6</ele>
      </trkpt>
      <trkpt lat="-38.12317" lon="177.50792">
        <ele>394.0</ele>
      </trkpt>
      <trkpt lat="-38.12341" lon="177.5078">
        <ele>395.8</ele>
      </trkpt>
      <trkpt lat="-38.1235" lon="177.50774">
        <ele>396.0</ele>
      </trkpt>
      <trkpt lat="-38.1237" lon="177.50755">
        <ele>396.5</ele>
      </trkpt>
      <trkpt lat="-38.12389" lon="177.50744">
        <ele>396.0</ele>
      </trkpt>
      <trkpt lat="-38.124" lon="177.50733">
        <ele>397.3</ele>
      </trkpt>
      <trkpt lat="-38.12416" lon="177.5071">
        <ele>400.2</ele>
      </trkpt>
      <trkpt lat="-38.12436" lon="177.50694">
        <ele>400.5</ele>
      </trkpt>
      <trkpt lat="-38.1245" lon="177.5068">
        <ele>400.5</ele>
      </trkpt>
      <trkpt lat="-38.12475" lon="177.5064">
        <ele>402.2</ele>
      </trkpt>
      <trkpt lat="-38.12498" lon="177.5061">
        <ele>399.6</ele>
      </trkpt>
      <trkpt lat="-38.1252" lon="177.50578">
        <ele>399.6</ele>
      </trkpt>
      <trkpt lat="-38.1253" lon="177.50563">
        <ele>398.6</ele>
      </trkpt>
      <trkpt lat="-38.12536" lon="177.50543">
        <ele>398.6</ele>
      </trkpt>
      <trkpt lat="-38.12537" lon="177.50515">
        <ele>400.0</ele>
      </trkpt>
      <trkpt lat="-38.12516" lon="177.50419">
        <ele>404.1</ele>
      </trkpt>
      <trkpt lat="-38.12517" lon="177.50403">
        <ele>403.5</ele>
      </trkpt>
      <trkpt lat="-38.12517" lon="177.50383">
        <ele>403.2</ele>
      </trkpt>
      <trkpt lat="-38.12512" lon="177.50341">
        <ele>403.6</ele>
      </trkpt>
      <trkpt lat="-38.12512" lon="177.50323">
        <ele>403.9</ele>
      </trkpt>
      <trkpt lat="-38.12515" lon="177.5031">
        <ele>403.8</ele>
      </trkpt>
      <trkpt lat="-38.12521" lon="177.50296">
        <ele>403.1</ele>
      </trkpt>
      <trkpt lat="-38.12525" lon="177.50282">
        <ele>402.9</ele>
      </trkpt>
      <trkpt lat="-38.12534" lon="177.50228">
        <ele>404.1</ele>
      </trkpt>
      <trkpt lat="-38.1254" lon="177.50208">
        <ele>404.0</ele>
      </trkpt>
      <trkpt lat="-38.12552" lon="177.5019">
        <ele>401.4</ele>
      </trkpt>
      <trkpt lat="-38.12566" lon="177.50179">
        <ele>397.1</ele>
      </trkpt>
      <trkpt lat="-38.12597" lon="177.50165">
        <ele>391.0</ele>
      </trkpt>
      <trkpt lat="-38.12621" lon="177.50159">
        <ele>391.0</ele>
      </trkpt>
      <trkpt lat="-38.12637" lon="177.50153">
        <ele>391.0</ele>
      </trkpt>
      <trkpt lat="-38.12649" lon="177.50149">
        <ele>391.0</ele>
      </trkpt>
      <trkpt lat="-38.12661" lon="177.50144">
        <ele>391.0</ele>
      </trkpt>
      <trkpt lat="-38.12667" lon="177.50137">
        <ele>391.1</ele>
      </trkpt>
      <trkpt lat="-38.12673" lon="177.50124">
        <ele>392.2</ele>
      </trkpt>
      <trkpt lat="-38.12677" lon="177.50105">
        <ele>393.0</ele>
      </trkpt>
      <trkpt lat="-38.12689" lon="177.5008">
        <ele>395.0</ele>
      </trkpt>
      <trkpt lat="-38.12694" lon="177.50062">
        <ele>395.8</ele>
      </trkpt>
      <trkpt lat="-38.12703" lon="177.49968">
        <ele>396.8</ele>
      </trkpt>
      <trkpt lat="-38.12706" lon="177.49954">
        <ele>397.1</ele>
      </trkpt>
      <trkpt lat="-38.1271" lon="177.49942">
        <ele>397.6</ele>
      </trkpt>
      <trkpt lat="-38.1274" lon="177.49879">
        <ele>400.5</ele>
      </trkpt>
      <trkpt lat="-38.1277" lon="177.49815">
        <ele>402.2</ele>
      </trkpt>
      <trkpt lat="-38.12784" lon="177.49791">
        <ele>402.8</ele>
      </trkpt>
      <trkpt lat="-38.12791" lon="177.49787">
        <ele>403.6</ele>
      </trkpt>
      <trkpt lat="-38.12802" lon="177.49788">
        <ele>405.3</ele>
      </trkpt>
      <trkpt lat="-38.12807" lon="177.49802">
        <ele>407.2</ele>
      </trkpt>
      <trkpt lat="-38.12812" lon="177.49824">
        <ele>409.7</ele>
      </trkpt>
      <trkpt lat="-38.12815" lon="177.49852">
        <ele>411.2</ele>
      </trkpt>
      <trkpt lat="-38.1282" lon="177.49867">
        <ele>412.3</ele>
      </trkpt>
      <trkpt lat="-38.12828" lon="177.49879">
        <ele>413.7</ele>
      </trkpt>
      <trkpt lat="-38.12837" lon="177.49885">
        <ele>416.3</ele>
      </trkpt>
      <trkpt lat="-38.12846" lon="177.49884">
        <ele>420.3</ele>
      </trkpt>
      <trkpt lat="-38.12855" lon="177.49878">
        <ele>424.1</ele>
      </trkpt>
      <trkpt lat="-38.12861" lon="177.49869">
        <ele>426.4</ele>
      </trkpt>
      <trkpt lat="-38.12864" lon="177.49855">
        <ele>427.1</ele>
      </trkpt>
      <trkpt lat="-38.12866" lon="177.49835">
        <ele>427.0</ele>
      </trkpt>
      <trkpt lat="-38.12874" lon="177.49799">
        <ele>425.6</ele>
      </trkpt>
      <trkpt lat="-38.12884" lon="177.49768">
        <ele>424.8</ele>
      </trkpt>
      <trkpt lat="-38.12892" lon="177.49759">
        <ele>426.0</ele>
      </trkpt>
      <trkpt lat="-38.12904" lon="177.49754">
        <ele>428.9</ele>
      </trkpt>
      <trkpt lat="-38.12912" lon="177.49753">
        <ele>431.1</ele>
      </trkpt>
      <trkpt lat="-38.12918" lon="177.49748">
        <ele>432.3</ele>
      </trkpt>
      <trkpt lat="-38.12954" lon="177.49712">
        <ele>440.6</ele>
      </trkpt>
      <trkpt lat="-38.1297" lon="177.49691">
        <ele>439.8</ele>
      </trkpt>
      <trkpt lat="-38.12996" lon="177.4968">
        <ele>443.8</ele>
      </trkpt>
      <trkpt lat="-38.13007" lon="177.4967">
        <ele>443.3</ele>
      </trkpt>
      <trkpt lat="-38.13032" lon="177.49653">
        <ele>447.5</ele>
      </trkpt>
      <trkpt lat="-38.13043" lon="177.49646">
        <ele>449.0</ele>
      </trkpt>
      <trkpt lat="-38.13048" lon="177.49644">
        <ele>450.0</ele>
      </trkpt>
      <trkpt lat="-38.13058" lon="177.49645">
        <ele>453.7</ele>
      </trkpt>
      <trkpt lat="-38.13066" lon="177.49651">
        <ele>458.8</ele>
      </trkpt>
      <trkpt lat="-38.13072" lon="177.49652">
        <ele>461.3</ele>
      </trkpt>
      <trkpt lat="-38.13079" lon="177.49646">
        <ele>461.1</ele>
      </trkpt>
      <trkpt lat="-38.13086" lon="177.49629">
        <ele>455.8</ele>
      </trkpt>
      <trkpt lat="-38.131" lon="177.49605">
        <ele>449.6</ele>
      </trkpt>
      <trkpt lat="-38.13114" lon="177.49588">
        <ele>446.2</ele>
      </trkpt>
      <trkpt lat="-38.1313" lon="177.49577">
        <ele>448.2</ele>
      </trkpt>
      <trkpt lat="-38.13138" lon="177.49574">
        <ele>450.0</ele>
      </trkpt>
      <trkpt lat="-38.13145" lon="177.4958">
        <ele>453.3</ele>
      </trkpt>
      <trkpt lat="-38.13157" lon="177.49595">
        <ele>464.1</ele>
      </trkpt>
      <trkpt lat="-38.13165" lon="177.49594">
        <ele>466.2</ele>
      </trkpt>
      <trkpt lat="-38.1318" lon="177.49578">
        <ele>461.8</ele>
      </trkpt>
      <trkpt lat="-38.13195" lon="177.49572">
        <ele>462.4</ele>
      </trkpt>
      <trkpt lat="-38.13213" lon="177.49567">
        <ele>463.5</ele>
      </trkpt>
      <trkpt lat="-38.13237" lon="177.49558">
        <ele>463.8</ele>
      </trkpt>
      <trkpt lat="-38.1326" lon="177.49548">
        <ele>461.2</ele>
      </trkpt>
      <trkpt lat="-38.13276" lon="177.49551">
        <ele>461.5</ele>
      </trkpt>
      <trkpt lat="-38.13289" lon="177.49561">
        <ele>463.8</ele>
      </trkpt>
      <trkpt lat="-38.13304" lon="177.49593">
        <ele>472.8</ele>
      </trkpt>
      <trkpt lat="-38.13317" lon="177.49625">
        <ele>484.8</ele>
      </trkpt>
      <trkpt lat="-38.13337" lon="177.49644">
        <ele>489.3</ele>
      </trkpt>
      <trkpt lat="-38.13365" lon="177.4966">
        <ele>498.0</ele>
      </trkpt>
      <trkpt lat="-38.13385" lon="177.49677">
        <ele>504.5</ele>
      </trkpt>
      <trkpt lat="-38.13397" lon="177.49705">
        <ele>513.0</ele>
      </trkpt>
      <trkpt lat="-38.1341" lon="177.49712">
        <ele>513.9</ele>
      </trkpt>
      <trkpt lat="-38.13424" lon="177.49714">
        <ele>517.7</ele>
      </trkpt>
      <trkpt lat="-38.1343" lon="177.49699">
        <ele>517.8</ele>
      </trkpt>
      <trkpt lat="-38.13425" lon="177.49673">
        <ele>509.5</ele>
      </trkpt>
      <trkpt lat="-38.134" lon="177.49621">
        <ele>495.2</ele>
      </trkpt>
      <trkpt lat="-38.13395" lon="177.49601">
        <ele>490.7</ele>
      </trkpt>
      <trkpt lat="-38.13393" lon="177.49582">
        <ele>486.5</ele>
      </trkpt>
      <trkpt lat="-38.13394" lon="177.49569">
        <ele>482.9</ele>
      </trkpt>
      <trkpt lat="-38.13401" lon="177.49564">
        <ele>483.7</ele>
      </trkpt>
      <trkpt lat="-38.13413" lon="177.49564">
        <ele>487.8</ele>
      </trkpt>
      <trkpt lat="-38.13427" lon="177.49566">
        <ele>492.8</ele>
      </trkpt>
      <trkpt lat="-38.13462" lon="177.49555">
        <ele>498.3</ele>
      </trkpt>
      <trkpt lat="-38.13477" lon="177.49547">
        <ele>498.7</ele>
      </trkpt>
      <trkpt lat="-38.13496" lon="177.49557">
        <ele>508.6</ele>
      </trkpt>
      <trkpt lat="-38.13508" lon="177.49555">
        <ele>509.3</ele>
      </trkpt>
      <trkpt lat="-38.13526" lon="177.49528">
        <ele>497.9</ele>
      </trkpt>
      <trkpt lat="-38.13536" lon="177.49525">
        <ele>497.6</ele>
      </trkpt>
      <trkpt lat="-38.13548" lon="177.49533">
        <ele>502.5</ele>
      </trkpt>
      <trkpt lat="-38.13559" lon="177.49554">
        <ele>512.6</ele>
      </trkpt>
      <trkpt lat="-38.13569" lon="177.49581">
        <ele>524.5</ele>
      </trkpt>
      <trkpt lat="-38.13579" lon="177.49594">
        <ele>531.3</ele>
      </trkpt>
      <trkpt lat="-38.13597" lon="177.49604">
        <ele>543.2</ele>
      </trkpt>
      <trkpt lat="-38.13611" lon="177.49602">
        <ele>548.9</ele>
      </trkpt>
      <trkpt lat="-38.13627" lon="177.49586">
        <ele>550.6</ele>
      </trkpt>
      <trkpt lat="-38.13624" lon="177.49553">
        <ele>537.9</ele>
      </trkpt>
      <trkpt lat="-38.13627" lon="177.49529">
        <ele>531.8</ele>
      </trkpt>
      <trkpt lat="-38.13637" lon="177.49505">
        <ele>530.6</ele>
      </trkpt>
      <trkpt lat="-38.1364" lon="177.49485">
        <ele>527.9</ele>
      </trkpt>
      <trkpt lat="-38.13642" lon="177.49465">
        <ele>525.1</ele>
      </trkpt>
      <trkpt lat="-38.13651" lon="177.49442">
        <ele>525.9</ele>
      </trkpt>
      <trkpt lat="-38.1367" lon="177.49414">
        <ele>531.0</ele>
      </trkpt>
      <trkpt lat="-38.13689" lon="177.4941">
        <ele>537.6</ele>
      </trkpt>
      <trkpt lat="-38.13713" lon="177.49408">
        <ele>546.2</ele>
      </trkpt>
      <trkpt lat="-38.13723" lon="177.49405">
        <ele>549.6</ele>
      </trkpt>
      <trkpt lat="-38.13729" lon="177.49393">
        <ele>550.3</ele>
      </trkpt>
      <trkpt lat="-38.13728" lon="177.49379">
        <ele>548.2</ele>
      </trkpt>
      <trkpt lat="-38.13725" lon="177.49362">
        <ele>545.1</ele>
      </trkpt>
      <trkpt lat="-38.13714" lon="177.49337">
        <ele>538.3</ele>
      </trkpt>
      <trkpt lat="-38.13707" lon="177.49332">
        <ele>535.4</ele>
      </trkpt>
      <trkpt lat="-38.13696" lon="177.49309">
        <ele>529.9</ele>
      </trkpt>
      <trkpt lat="-38.13695" lon="177.49282">
        <ele>527.5</ele>
      </trkpt>
      <trkpt lat="-38.13688" lon="177.49262">
        <ele>525.6</ele>
      </trkpt>
      <trkpt lat="-38.13691" lon="177.49252">
        <ele>525.1</ele>
      </trkpt>
      <trkpt lat="-38.13696" lon="177.49245">
        <ele>523.4</ele>
      </trkpt>
      <trkpt lat="-38.13702" lon="177.49245">
        <ele>523.3</ele>
      </trkpt>
      <trkpt lat="-38.1371" lon="177.49249">
        <ele>524.6</ele>
      </trkpt>
      <trkpt lat="-38.1373" lon="177.49265">
        <ele>528.3</ele>
      </trkpt>
      <trkpt lat="-38.13754" lon="177.49295">
        <ele>537.1</ele>
      </trkpt>
      <trkpt lat="-38.13775" lon="177.49303">
        <ele>532.1</ele>
      </trkpt>
      <trkpt lat="-38.13813" lon="177.4934">
        <ele>529.8</ele>
      </trkpt>
      <trkpt lat="-38.13814" lon="177.49353">
        <ele>531.3</ele>
      </trkpt>
      <trkpt lat="-38.13809" lon="177.49369">
        <ele>535.2</ele>
      </trkpt>
      <trkpt lat="-38.13794" lon="177.49406">
        <ele>545.3</ele>
      </trkpt>
      <trkpt lat="-38.13789" lon="177.49436">
        <ele>555.1</ele>
      </trkpt>
      <trkpt lat="-38.13792" lon="177.49451">
        <ele>559.6</ele>
      </trkpt>
      <trkpt lat="-38.1381" lon="177.49479">
        <ele>565.1</ele>
      </trkpt>
      <trkpt lat="-38.13843" lon="177.49497">
        <ele>563.8</ele>
      </trkpt>
      <trkpt lat="-38.1388" lon="177.49511">
        <ele>560.0</ele>
      </trkpt>
      <trkpt lat="-38.13899" lon="177.4953">
        <ele>564.2</ele>
      </trkpt>
      <trkpt lat="-38.13926" lon="177.49542">
        <ele>559.6</ele>
      </trkpt>
      <trkpt lat="-38.1398" lon="177.49632">
        <ele>567.6</ele>
      </trkpt>
      <trkpt lat="-38.13983" lon="177.49641">
        <ele>568.3</ele>
      </trkpt>
      <trkpt lat="-38.13981" lon="177.49658">
        <ele>574.2</ele>
      </trkpt>
      <trkpt lat="-38.13977" lon="177.49675">
        <ele>578.6</ele>
      </trkpt>
      <trkpt lat="-38.13955" lon="177.4974">
        <ele>588.4</ele>
      </trkpt>
      <trkpt lat="-38.13934" lon="177.49764">
        <ele>595.1</ele>
      </trkpt>
      <trkpt lat="-38.13929" lon="177.49777">
        <ele>592.9</ele>
      </trkpt>
      <trkpt lat="-38.13923" lon="177.49787">
        <ele>592.7</ele>
      </trkpt>
      <trkpt lat="-38.13901" lon="177.49809">
        <ele>599.5</ele>
      </trkpt>
      <trkpt lat="-38.13895" lon="177.49817">
        <ele>601.1</ele>
      </trkpt>
      <trkpt lat="-38.13896" lon="177.49837">
        <ele>593.9</ele>
      </trkpt>
      <trkpt lat="-38.13893" lon="177.49852">
        <ele>593.3</ele>
      </trkpt>
      <trkpt lat="-38.13884" lon="177.49868">
        <ele>597.8</ele>
      </trkpt>
      <trkpt lat="-38.13875" lon="177.49876">
        <ele>604.1</ele>
      </trkpt>
      <trkpt lat="-38.13867" lon="177.49893">
        <ele>608.2</ele>
      </trkpt>
      <trkpt lat="-38.13866" lon="177.49901">
        <ele>607.8</ele>
      </trkpt>
      <trkpt lat="-38.13867" lon="177.49918">
        <ele>604.1</ele>
      </trkpt>
      <trkpt lat="-38.13862" lon="177.49941">
        <ele>605.2</ele>
      </trkpt>
      <trkpt lat="-38.13839" lon="177.50029">
        <ele>617.6</ele>
      </trkpt>
      <trkpt lat="-38.13837" lon="177.50062">
        <ele>618.9</ele>
      </trkpt>
      <trkpt lat="-38.13838" lon="177.50091">
        <ele>620.5</ele>
      </trkpt>
      <trkpt lat="-38.1384" lon="177.50103">
        <ele>623.2</ele>
      </trkpt>
      <trkpt lat="-38.13855" lon="177.50137">
        <ele>623.8</ele>
      </trkpt>
      <trkpt lat="-38.13871" lon="177.50144">
        <ele>614.7</ele>
      </trkpt>
      <trkpt lat="-38.13887" lon="177.50143">
        <ele>603.1</ele>
      </trkpt>
      <trkpt lat="-38.13899" lon="177.50154">
        <ele>597.5</ele>
      </trkpt>
      <trkpt lat="-38.139" lon="177.50173">
        <ele>602.3</ele>
      </trkpt>
      <trkpt lat="-38.13898" lon="177.50205">
        <ele>614.4</ele>
      </trkpt>
      <trkpt lat="-38.139" lon="177.5022">
        <ele>618.0</ele>
      </trkpt>
      <trkpt lat="-38.13909" lon="177.50236">
        <ele>616.8</ele>
      </trkpt>
      <trkpt lat="-38.13925" lon="177.5024">
        <ele>605.9</ele>
      </trkpt>
      <trkpt lat="-38.13935" lon="177.50261">
        <ele>604.9</ele>
      </trkpt>
      <trkpt lat="-38.13944" lon="177.50317">
        <ele>618.0</ele>
      </trkpt>
      <trkpt lat="-38.13941" lon="177.50414">
        <ele>645.0</ele>
      </trkpt>
      <trkpt lat="-38.13944" lon="177.50453">
        <ele>657.6</ele>
      </trkpt>
      <trkpt lat="-38.13951" lon="177.5048">
        <ele>664.0</ele>
      </trkpt>
      <trkpt lat="-38.13962" lon="177.50504">
        <ele>667.6</ele>
      </trkpt>
      <trkpt lat="-38.13971" lon="177.50512">
        <ele>666.1</ele>
      </trkpt>
      <trkpt lat="-38.13983" lon="177.50517">
        <ele>662.0</ele>
      </trkpt>
      <trkpt lat="-38.13992" lon="177.50519">
        <ele>658.2</ele>
      </trkpt>
      <trkpt lat="-38.14004" lon="177.50516">
        <ele>651.7</ele>
      </trkpt>
      <trkpt lat="-38.14012" lon="177.50507">
        <ele>645.4</ele>
      </trkpt>
      <trkpt lat="-38.14028" lon="177.50495">
        <ele>635.3</ele>
      </trkpt>
      <trkpt lat="-38.14043" lon="177.5049">
        <ele>628.6</ele>
      </trkpt>
      <trkpt lat="-38.14058" lon="177.50492">
        <ele>625.0</ele>
      </trkpt>
      <trkpt lat="-38.14068" lon="177.50505">
        <ele>627.7</ele>
      </trkpt>
      <trkpt lat="-38.14072" lon="177.5052">
        <ele>632.6</ele>
      </trkpt>
      <trkpt lat="-38.14076" lon="177.50539">
        <ele>639.2</ele>
      </trkpt>
      <trkpt lat="-38.14086" lon="177.50557">
        <ele>644.0</ele>
      </trkpt>
      <trkpt lat="-38.14106" lon="177.50605">
        <ele>653.4</ele>
      </trkpt>
      <trkpt lat="-38.14121" lon="177.50627">
        <ele>653.2</ele>
      </trkpt>
      <trkpt lat="-38.14148" lon="177.50673">
        <ele>654.3</ele>
      </trkpt>
      <trkpt lat="-38.14178" lon="177.5071">
        <ele>646.3</ele>
      </trkpt>
      <trkpt lat="-38.14195" lon="177.50725">
        <ele>642.6</ele>
      </trkpt>
      <trkpt lat="-38.14201" lon="177.50734">
        <ele>640.3</ele>
      </trkpt>
      <trkpt lat="-38.14212" lon="177.50731">
        <ele>641.2</ele>
      </trkpt>
      <trkpt lat="-38.1424" lon="177.50692">
        <ele>652.5</ele>
      </trkpt>
      <trkpt lat="-38.14251" lon="177.50688">
        <ele>653.7</ele>
      </trkpt>
      <trkpt lat="-38.14261" lon="177.50696">
        <ele>649.6</ele>
      </trkpt>
      <trkpt lat="-38.14273" lon="177.50704">
        <ele>645.6</ele>
      </trkpt>
      <trkpt lat="-38.14278" lon="177.50722">
        <ele>640.7</ele>
      </trkpt>
      <trkpt lat="-38.14285" lon="177.50723">
        <ele>639.6</ele>
      </trkpt>
      <trkpt lat="-38.14296" lon="177.50718">
        <ele>639.3</ele>
      </trkpt>
      <trkpt lat="-38.14303" lon="177.50707">
        <ele>640.3</ele>
      </trkpt>
      <trkpt lat="-38.14317" lon="177.5068">
        <ele>642.0</ele>
      </trkpt>
      <trkpt lat="-38.1432" lon="177.50666">
        <ele>643.3</ele>
      </trkpt>
      <trkpt lat="-38.14314" lon="177.50638">
        <ele>650.1</ele>
      </trkpt>
      <trkpt lat="-38.14317" lon="177.50623">
        <ele>652.6</ele>
      </trkpt>
      <trkpt lat="-38.14332" lon="177.50613">
        <ele>653.0</ele>
      </trkpt>
      <trkpt lat="-38.14345" lon="177.506">
        <ele>655.7</ele>
      </trkpt>
      <trkpt lat="-38.14359" lon="177.5059">
        <ele>657.9</ele>
      </trkpt>
      <trkpt lat="-38.14386" lon="177.50603">
        <ele>653.6</ele>
      </trkpt>
      <trkpt lat="-38.14402" lon="177.50594">
        <ele>655.9</ele>
      </trkpt>
      <trkpt lat="-38.14411" lon="177.50583">
        <ele>659.1</ele>
      </trkpt>
      <trkpt lat="-38.14425" lon="177.5058">
        <ele>660.0</ele>
      </trkpt>
      <trkpt lat="-38.14436" lon="177.50586">
        <ele>659.3</ele>
      </trkpt>
      <trkpt lat="-38.14436" lon="177.50606">
        <ele>652.9</ele>
      </trkpt>
      <trkpt lat="-38.14435" lon="177.50621">
        <ele>648.1</ele>
      </trkpt>
      <trkpt lat="-38.14425" lon="177.5065">
        <ele>638.1</ele>
      </trkpt>
      <trkpt lat="-38.14421" lon="177.50672">
        <ele>631.7</ele>
      </trkpt>
      <trkpt lat="-38.14425" lon="177.50686">
        <ele>630.2</ele>
      </trkpt>
      <trkpt lat="-38.14439" lon="177.50698">
        <ele>628.9</ele>
      </trkpt>
      <trkpt lat="-38.14445" lon="177.5071">
        <ele>626.9</ele>
      </trkpt>
      <trkpt lat="-38.14452" lon="177.5072">
        <ele>624.9</ele>
      </trkpt>
      <trkpt lat="-38.14468" lon="177.50718">
        <ele>624.7</ele>
      </trkpt>
      <trkpt lat="-38.14483" lon="177.50694">
        <ele>630.4</ele>
      </trkpt>
      <trkpt lat="-38.14496" lon="177.50683">
        <ele>633.9</ele>
      </trkpt>
      <trkpt lat="-38.14528" lon="177.50669">
        <ele>645.3</ele>
      </trkpt>
      <trkpt lat="-38.14545" lon="177.50676">
        <ele>647.4</ele>
      </trkpt>
      <trkpt lat="-38.14563" lon="177.50707">
        <ele>642.0</ele>
      </trkpt>
      <trkpt lat="-38.14577" lon="177.50734">
        <ele>636.7</ele>
      </trkpt>
      <trkpt lat="-38.14581" lon="177.50756">
        <ele>630.5</ele>
      </trkpt>
      <trkpt lat="-38.14585" lon="177.50769">
        <ele>626.9</ele>
      </trkpt>
      <trkpt lat="-38.14597" lon="177.5078">
        <ele>624.8</ele>
      </trkpt>
      <trkpt lat="-38.14619" lon="177.50768">
        <ele>632.6</ele>
      </trkpt>
      <trkpt lat="-38.14634" lon="177.50756">
        <ele>640.1</ele>
      </trkpt>
      <trkpt lat="-38.14646" lon="177.50757">
        <ele>641.9</ele>
      </trkpt>
      <trkpt lat="-38.14664" lon="177.50746">
        <ele>649.4</ele>
      </trkpt>
      <trkpt lat="-38.14703" lon="177.50781">
        <ele>634.1</ele>
      </trkpt>
      <trkpt lat="-38.14712" lon="177.50778">
        <ele>635.6</ele>
      </trkpt>
      <trkpt lat="-38.14725" lon="177.50758">
        <ele>644.7</ele>
      </trkpt>
      <trkpt lat="-38.1473" lon="177.50754">
        <ele>646.4</ele>
      </trkpt>
      <trkpt lat="-38.14736" lon="177.50753">
        <ele>646.8</ele>
      </trkpt>
      <trkpt lat="-38.14747" lon="177.50762">
        <ele>642.8</ele>
      </trkpt>
      <trkpt lat="-38.14765" lon="177.50765">
        <ele>643.1</ele>
      </trkpt>
      <trkpt lat="-38.14784" lon="177.50775">
        <ele>641.1</ele>
      </trkpt>
      <trkpt lat="-38.14815" lon="177.50825">
        <ele>625.3</ele>
      </trkpt>
      <trkpt lat="-38.14824" lon="177.50836">
        <ele>623.4</ele>
      </trkpt>
      <trkpt lat="-38.14831" lon="177.50849">
        <ele>624.2</ele>
      </trkpt>
      <trkpt lat="-38.14845" lon="177.50847">
        <ele>621.1</ele>
      </trkpt>
      <trkpt lat="-38.14865" lon="177.50816">
        <ele>620.6</ele>
      </trkpt>
      <trkpt lat="-38.14876" lon="177.50796">
        <ele>623.9</ele>
      </trkpt>
      <trkpt lat="-38.14887" lon="177.50774">
        <ele>627.7</ele>
      </trkpt>
      <trkpt lat="-38.14913" lon="177.50755">
        <ele>624.7</ele>
      </trkpt>
      <trkpt lat="-38.14943" lon="177.50748">
        <ele>617.8</ele>
      </trkpt>
      <trkpt lat="-38.14963" lon="177.50725">
        <ele>621.8</ele>
      </trkpt>
      <trkpt lat="-38.14973" lon="177.50689">
        <ele>635.8</ele>
      </trkpt>
      <trkpt lat="-38.14983" lon="177.50679">
        <ele>639.3</ele>
      </trkpt>
      <trkpt lat="-38.14999" lon="177.50686">
        <ele>633.9</ele>
      </trkpt>
      <trkpt lat="-38.15015" lon="177.50698">
        <ele>632.6</ele>
      </trkpt>
      <trkpt lat="-38.15028" lon="177.50711">
        <ele>630.2</ele>
      </trkpt>
      <trkpt lat="-38.15044" lon="177.50731">
        <ele>625.2</ele>
      </trkpt>
      <trkpt lat="-38.15066" lon="177.50752">
        <ele>621.9</ele>
      </trkpt>
      <trkpt lat="-38.15119" lon="177.50772">
        <ele>620.1</ele>
      </trkpt>
      <trkpt lat="-38.15132" lon="177.50799">
        <ele>605.4</ele>
      </trkpt>
      <trkpt lat="-38.15142" lon="177.50802">
        <ele>604.8</ele>
      </trkpt>
      <trkpt lat="-38.1515" lon="177.50796">
        <ele>609.4</ele>
      </trkpt>
      <trkpt lat="-38.1516" lon="177.50779">
        <ele>620.8</ele>
      </trkpt>
      <trkpt lat="-38.15188" lon="177.50772">
        <ele>631.0</ele>
      </trkpt>
      <trkpt lat="-38.15217" lon="177.50773">
        <ele>637.6</ele>
      </trkpt>
      <trkpt lat="-38.15238" lon="177.50786">
        <ele>635.3</ele>
      </trkpt>
      <trkpt lat="-38.15238" lon="177.50835">
        <ele>607.3</ele>
      </trkpt>
      <trkpt lat="-38.15249" lon="177.50847">
        <ele>606.6</ele>
      </trkpt>
      <trkpt lat="-38.15275" lon="177.50853">
        <ele>620.8</ele>
      </trkpt>
      <trkpt lat="-38.15294" lon="177.50872">
        <ele>626.6</ele>
      </trkpt>
      <trkpt lat="-38.15308" lon="177.50894">
        <ele>628.2</ele>
      </trkpt>
      <trkpt lat="-38.15302" lon="177.50914">
        <ele>618.1</ele>
      </trkpt>
      <trkpt lat="-38.15294" lon="177.50936">
        <ele>606.5</ele>
      </trkpt>
      <trkpt lat="-38.15292" lon="177.50959">
        <ele>598.7</ele>
      </trkpt>
      <trkpt lat="-38.15287" lon="177.5098">
        <ele>590.6</ele>
      </trkpt>
      <trkpt lat="-38.15286" lon="177.51021">
        <ele>577.2</ele>
      </trkpt>
      <trkpt lat="-38.15293" lon="177.51029">
        <ele>575.8</ele>
      </trkpt>
      <trkpt lat="-38.15305" lon="177.51037">
        <ele>575.0</ele>
      </trkpt>
      <trkpt lat="-38.15329" lon="177.51019">
        <ele>588.4</ele>
      </trkpt>
      <trkpt lat="-38.15363" lon="177.51">
        <ele>607.9</ele>
      </trkpt>
      <trkpt lat="-38.15379" lon="177.50992">
        <ele>616.2</ele>
      </trkpt>
      <trkpt lat="-38.15394" lon="177.50997">
        <ele>618.5</ele>
      </trkpt>
      <trkpt lat="-38.15429" lon="177.51026">
        <ele>617.4</ele>
      </trkpt>
      <trkpt lat="-38.15437" lon="177.51048">
        <ele>612.5</ele>
      </trkpt>
      <trkpt lat="-38.1544" lon="177.51092">
        <ele>600.6</ele>
      </trkpt>
      <trkpt lat="-38.15436" lon="177.51118">
        <ele>594.1</ele>
      </trkpt>
      <trkpt lat="-38.15432" lon="177.51139">
        <ele>588.5</ele>
      </trkpt>
      <trkpt lat="-38.15435" lon="177.51249">
        <ele>574.8</ele>
      </trkpt>
      <trkpt lat="-38.15439" lon="177.51261">
        <ele>573.5</ele>
      </trkpt>
      <trkpt lat="-38.15447" lon="177.51265">
        <ele>575.1</ele>
      </trkpt>
      <trkpt lat="-38.15463" lon="177.5126">
        <ele>581.1</ele>
      </trkpt>
      <trkpt lat="-38.15476" lon="177.51266">
        <ele>583.6</ele>
      </trkpt>
      <trkpt lat="-38.15485" lon="177.51277">
        <ele>583.5</ele>
      </trkpt>
      <trkpt lat="-38.15488" lon="177.51293">
        <ele>580.3</ele>
      </trkpt>
      <trkpt lat="-38.15505" lon="177.51317">
        <ele>576.3</ele>
      </trkpt>
      <trkpt lat="-38.15511" lon="177.51327">
        <ele>572.8</ele>
      </trkpt>
      <trkpt lat="-38.15518" lon="177.51354">
        <ele>568.9</ele>
      </trkpt>
      <trkpt lat="-38.15535" lon="177.51376">
        <ele>567.1</ele>
      </trkpt>
      <trkpt lat="-38.15542" lon="177.5138">
        <ele>567.0</ele>
      </trkpt>
      <trkpt lat="-38.15548" lon="177.51378">
        <ele>567.0</ele>
      </trkpt>
      <trkpt lat="-38.15563" lon="177.51344">
        <ele>564.7</ele>
      </trkpt>
      <trkpt lat="-38.15564" lon="177.51331">
        <ele>563.9</ele>
      </trkpt>
      <trkpt lat="-38.15563" lon="177.51298">
        <ele>565.2</ele>
      </trkpt>
      <trkpt lat="-38.15564" lon="177.51284">
        <ele>565.4</ele>
      </trkpt>
      <trkpt lat="-38.15571" lon="177.5126">
        <ele>563.4</ele>
      </trkpt>
      <trkpt lat="-38.15576" lon="177.51205">
        <ele>575.4</ele>
      </trkpt>
      <trkpt lat="-38.15573" lon="177.51196">
        <ele>579.4</ele>
      </trkpt>
      <trkpt lat="-38.15569" lon="177.51187">
        <ele>583.6</ele>
      </trkpt>
      <trkpt lat="-38.1557" lon="177.51171">
        <ele>588.2</ele>
      </trkpt>
      <trkpt lat="-38.15578" lon="177.51164">
        <ele>587.8</ele>
      </trkpt>
      <trkpt lat="-38.15591" lon="177.51149">
        <ele>593.0</ele>
      </trkpt>
      <trkpt lat="-38.15603" lon="177.51147">
        <ele>595.1</ele>
      </trkpt>
      <trkpt lat="-38.15619" lon="177.51147">
        <ele>596.9</ele>
      </trkpt>
      <trkpt lat="-38.15628" lon="177.51168">
        <ele>589.2</ele>
      </trkpt>
      <trkpt lat="-38.15638" lon="177.51177">
        <ele>585.5</ele>
      </trkpt>
      <trkpt lat="-38.15666" lon="177.51183">
        <ele>583.8</ele>
      </trkpt>
      <trkpt lat="-38.15681" lon="177.51198">
        <ele>577.2</ele>
      </trkpt>
      <trkpt lat="-38.15687" lon="177.5123">
        <ele>560.6</ele>
      </trkpt>
      <trkpt lat="-38.15692" lon="177.51239">
        <ele>557.3</ele>
      </trkpt>
      <trkpt lat="-38.157" lon="177.51258">
        <ele>551.5</ele>
      </trkpt>
      <trkpt lat="-38.15715" lon="177.51269">
        <ele>552.0</ele>
      </trkpt>
      <trkpt lat="-38.15725" lon="177.51267">
        <ele>556.0</ele>
      </trkpt>
      <trkpt lat="-38.15741" lon="177.5127">
        <ele>559.5</ele>
      </trkpt>
      <trkpt lat="-38.15748" lon="177.51295">
        <ele>548.3</ele>
      </trkpt>
      <trkpt lat="-38.15751" lon="177.51314">
        <ele>538.3</ele>
      </trkpt>
      <trkpt lat="-38.15757" lon="177.51323">
        <ele>532.6</ele>
      </trkpt>
      <trkpt lat="-38.15766" lon="177.51326">
        <ele>529.8</ele>
      </trkpt>
      <trkpt lat="-38.15776" lon="177.51327">
        <ele>528.0</ele>
      </trkpt>
      <trkpt lat="-38.15791" lon="177.51321">
        <ele>528.9</ele>
      </trkpt>
      <trkpt lat="-38.15806" lon="177.51306">
        <ele>533.6</ele>
      </trkpt>
      <trkpt lat="-38.15821" lon="177.51278">
        <ele>543.1</ele>
      </trkpt>
      <trkpt lat="-38.15834" lon="177.5127">
        <ele>543.8</ele>
      </trkpt>
      <trkpt lat="-38.15853" lon="177.51249">
        <ele>550.5</ele>
      </trkpt>
      <trkpt lat="-38.15855" lon="177.51237">
        <ele>554.7</ele>
      </trkpt>
      <trkpt lat="-38.15865" lon="177.51203">
        <ele>568.0</ele>
      </trkpt>
      <trkpt lat="-38.15871" lon="177.51202">
        <ele>568.8</ele>
      </trkpt>
      <trkpt lat="-38.15885" lon="177.51217">
        <ele>562.6</ele>
      </trkpt>
      <trkpt lat="-38.15896" lon="177.51217">
        <ele>562.7</ele>
      </trkpt>
      <trkpt lat="-38.15908" lon="177.51215">
        <ele>564.0</ele>
      </trkpt>
      <trkpt lat="-38.15929" lon="177.5125">
        <ele>550.2</ele>
      </trkpt>
      <trkpt lat="-38.15942" lon="177.51264">
        <ele>552.5</ele>
      </trkpt>
      <trkpt lat="-38.15949" lon="177.51279">
        <ele>551.3</ele>
      </trkpt>
      <trkpt lat="-38.15947" lon="177.51296">
        <ele>545.0</ele>
      </trkpt>
      <trkpt lat="-38.15945" lon="177.51314">
        <ele>538.5</ele>
      </trkpt>
      <trkpt lat="-38.15945" lon="177.51326">
        <ele>534.8</ele>
      </trkpt>
      <trkpt lat="-38.1594" lon="177.5134">
        <ele>528.4</ele>
      </trkpt>
      <trkpt lat="-38.15931" lon="177.51355">
        <ele>520.1</ele>
      </trkpt>
      <trkpt lat="-38.1593" lon="177.5137">
        <ele>515.4</ele>
      </trkpt>
      <trkpt lat="-38.15933" lon="177.51381">
        <ele>513.4</ele>
      </trkpt>
      <trkpt lat="-38.15939" lon="177.51387">
        <ele>514.1</ele>
      </trkpt>
      <trkpt lat="-38.15952" lon="177.51388">
        <ele>518.9</ele>
      </trkpt>
      <trkpt lat="-38.15959" lon="177.51397">
        <ele>518.9</ele>
      </trkpt>
      <trkpt lat="-38.15958" lon="177.51414">
        <ele>513.2</ele>
      </trkpt>
      <trkpt lat="-38.15962" lon="177.51428">
        <ele>509.1</ele>
      </trkpt>
      <trkpt lat="-38.15971" lon="177.51437">
        <ele>507.9</ele>
      </trkpt>
      <trkpt lat="-38.15982" lon="177.51441">
        <ele>509.0</ele>
      </trkpt>
      <trkpt lat="-38.15991" lon="177.51443">
        <ele>510.4</ele>
      </trkpt>
      <trkpt lat="-38.15996" lon="177.51449">
        <ele>508.4</ele>
      </trkpt>
      <trkpt lat="-38.16008" lon="177.51453">
        <ele>506.3</ele>
      </trkpt>
      <trkpt lat="-38.16027" lon="177.51455">
        <ele>503.4</ele>
      </trkpt>
      <trkpt lat="-38.16062" lon="177.51454">
        <ele>500.6</ele>
      </trkpt>
      <trkpt lat="-38.16081" lon="177.51446">
        <ele>501.7</ele>
      </trkpt>
      <trkpt lat="-38.16088" lon="177.5144">
        <ele>502.6</ele>
      </trkpt>
      <trkpt lat="-38.16093" lon="177.51431">
        <ele>504.5</ele>
      </trkpt>
      <trkpt lat="-38.16093" lon="177.51406">
        <ele>512.7</ele>
      </trkpt>
      <trkpt lat="-38.16091" lon="177.51399">
        <ele>515.4</ele>
      </trkpt>
      <trkpt lat="-38.16089" lon="177.5138">
        <ele>521.5</ele>
      </trkpt>
      <trkpt lat="-38.16099" lon="177.51335">
        <ele>534.1</ele>
      </trkpt>
      <trkpt lat="-38.16107" lon="177.51319">
        <ele>540.8</ele>
      </trkpt>
      <trkpt lat="-38.16118" lon="177.51314">
        <ele>542.4</ele>
      </trkpt>
      <trkpt lat="-38.1613" lon="177.5132">
        <ele>538.7</ele>
      </trkpt>
      <trkpt lat="-38.16153" lon="177.51348">
        <ele>523.7</ele>
      </trkpt>
      <trkpt lat="-38.1618" lon="177.5139">
        <ele>504.3</ele>
      </trkpt>
      <trkpt lat="-38.16191" lon="177.51401">
        <ele>500.4</ele>
      </trkpt>
      <trkpt lat="-38.16205" lon="177.51403">
        <ele>501.1</ele>
      </trkpt>
      <trkpt lat="-38.16214" lon="177.514">
        <ele>503.8</ele>
      </trkpt>
      <trkpt lat="-38.16227" lon="177.5139">
        <ele>510.8</ele>
      </trkpt>
      <trkpt lat="-38.16238" lon="177.5139">
        <ele>512.4</ele>
      </trkpt>
      <trkpt lat="-38.1625" lon="177.51405">
        <ele>505.6</ele>
      </trkpt>
      <trkpt lat="-38.16257" lon="177.51419">
        <ele>499.4</ele>
      </trkpt>
      <trkpt lat="-38.16269" lon="177.51432">
        <ele>496.7</ele>
      </trkpt>
      <trkpt lat="-38.16286" lon="177.51445">
        <ele>494.1</ele>
      </trkpt>
      <trkpt lat="-38.16305" lon="177.51453">
        <ele>493.0</ele>
      </trkpt>
      <trkpt lat="-38.16315" lon="177.51461">
        <ele>490.6</ele>
      </trkpt>
      <trkpt lat="-38.16326" lon="177.51464">
        <ele>490.2</ele>
      </trkpt>
      <trkpt lat="-38.16349" lon="177.51466">
        <ele>487.5</ele>
      </trkpt>
      <trkpt lat="-38.16367" lon="177.51462">
        <ele>486.3</ele>
      </trkpt>
      <trkpt lat="-38.16404" lon="177.51438">
        <ele>486.4</ele>
      </trkpt>
      <trkpt lat="-38.1643" lon="177.51434">
        <ele>481.7</ele>
      </trkpt>
      <trkpt lat="-38.16452" lon="177.51424">
        <ele>478.9</ele>
      </trkpt>
      <trkpt lat="-38.16475" lon="177.51409">
        <ele>474.8</ele>
      </trkpt>
      <trkpt lat="-38.1652" lon="177.51384">
        <ele>468.8</ele>
      </trkpt>
      <trkpt lat="-38.16566" lon="177.51359">
        <ele>470.2</ele>
      </trkpt>
      <trkpt lat="-38.16631" lon="177.51308">
        <ele>473.8</ele>
      </trkpt>
      <trkpt lat="-38.16648" lon="177.51285">
        <ele>475.6</ele>
      </trkpt>
      <trkpt lat="-38.16666" lon="177.51255">
        <ele>478.5</ele>
      </trkpt>
      <trkpt lat="-38.16681" lon="177.51227">
        <ele>477.3</ele>
      </trkpt>
      <trkpt lat="-38.16698" lon="177.51205">
        <ele>476.6</ele>
      </trkpt>
      <trkpt lat="-38.16727" lon="177.51181">
        <ele>477.3</ele>
      </trkpt>
      <trkpt lat="-38.16759" lon="177.5116">
        <ele>480.4</ele>
      </trkpt>
      <trkpt lat="-38.16779" lon="177.51154">
        <ele>481.2</ele>
      </trkpt>
      <trkpt lat="-38.16815" lon="177.51153">
        <ele>479.8</ele>
      </trkpt>
      <trkpt lat="-38.16837" lon="177.51136">
        <ele>484.7</ele>
      </trkpt>
      <trkpt lat="-38.16879" lon="177.51084">
        <ele>491.3</ele>
      </trkpt>
      <trkpt lat="-38.16898" lon="177.51065">
        <ele>489.4</ele>
      </trkpt>
      <trkpt lat="-38.16905" lon="177.51055">
        <ele>488.9</ele>
      </trkpt>
      <trkpt lat="-38.16915" lon="177.51034">
        <ele>488.7</ele>
      </trkpt>
      <trkpt lat="-38.16927" lon="177.51025">
        <ele>490.2</ele>
      </trkpt>
      <trkpt lat="-38.16937" lon="177.51005">
        <ele>492.4</ele>
      </trkpt>
      <trkpt lat="-38.16937" lon="177.50989">
        <ele>494.5</ele>
      </trkpt>
      <trkpt lat="-38.16935" lon="177.50961">
        <ele>499.2</ele>
      </trkpt>
      <trkpt lat="-38.16942" lon="177.50938">
        <ele>501.8</ele>
      </trkpt>
      <trkpt lat="-38.16951" lon="177.50918">
        <ele>502.6</ele>
      </trkpt>
      <trkpt lat="-38.16958" lon="177.50894">
        <ele>504.6</ele>
      </trkpt>
      <trkpt lat="-38.16961" lon="177.50856">
        <ele>509.8</ele>
      </trkpt>
      <trkpt lat="-38.1696" lon="177.50797">
        <ele>513.5</ele>
      </trkpt>
      <trkpt lat="-38.16957" lon="177.50775">
        <ele>513.8</ele>
      </trkpt>
      <trkpt lat="-38.16961" lon="177.50748">
        <ele>513.4</ele>
      </trkpt>
      <trkpt lat="-38.16969" lon="177.50737">
        <ele>513.6</ele>
      </trkpt>
      <trkpt lat="-38.16969" lon="177.50737">
        <ele>513.6</ele>
      </trkpt>
      <trkpt lat="-38.16976" lon="177.50736">
        <ele>513.5</ele>
      </trkpt>
      <trkpt lat="-38.16981" lon="177.50738">
        <ele>513.4</ele>
      </trkpt>
      <trkpt lat="-38.16984" lon="177.50742">
        <ele>513.1</ele>
      </trkpt>
      <trkpt lat="-38.16992" lon="177.50785">
        <ele>509.3</ele>
      </trkpt>
      <trkpt lat="-38.17008" lon="177.50845">
        <ele>505.9</ele>
      </trkpt>
      <trkpt lat="-38.1702" lon="177.50863">
        <ele>509.9</ele>
      </trkpt>
      <trkpt lat="-38.17026" lon="177.50881">
        <ele>510.2</ele>
      </trkpt>
      <trkpt lat="-38.17021" lon="177.50897">
        <ele>504.8</ele>
      </trkpt>
      <trkpt lat="-38.17016" lon="177.50918">
        <ele>499.0</ele>
      </trkpt>
      <trkpt lat="-38.17018" lon="177.50927">
        <ele>499.9</ele>
      </trkpt>
      <trkpt lat="-38.17027" lon="177.50936">
        <ele>503.9</ele>
      </trkpt>
      <trkpt lat="-38.17059" lon="177.50944">
        <ele>518.3</ele>
      </trkpt>
      <trkpt lat="-38.17072" lon="177.50951">
        <ele>523.4</ele>
      </trkpt>
      <trkpt lat="-38.17081" lon="177.50965">
        <ele>525.6</ele>
      </trkpt>
      <trkpt lat="-38.17082" lon="177.50979">
        <ele>524.2</ele>
      </trkpt>
      <trkpt lat="-38.17081" lon="177.50989">
        <ele>522.6</ele>
      </trkpt>
      <trkpt lat="-38.17072" lon="177.51005">
        <ele>519.2</ele>
      </trkpt>
      <trkpt lat="-38.17051" lon="177.51021">
        <ele>514.9</ele>
      </trkpt>
      <trkpt lat="-38.17031" lon="177.51027">
        <ele>508.3</ele>
      </trkpt>
      <trkpt lat="-38.17015" lon="177.51036">
        <ele>503.4</ele>
      </trkpt>
      <trkpt lat="-38.17007" lon="177.51054">
        <ele>502.8</ele>
      </trkpt>
      <trkpt lat="-38.17011" lon="177.51071">
        <ele>507.3</ele>
      </trkpt>
      <trkpt lat="-38.17019" lon="177.51078">
        <ele>512.2</ele>
      </trkpt>
      <trkpt lat="-38.17035" lon="177.51096">
        <ele>521.0</ele>
      </trkpt>
      <trkpt lat="-38.17039" lon="177.51105">
        <ele>523.1</ele>
      </trkpt>
      <trkpt lat="-38.17028" lon="177.51123">
        <ele>518.2</ele>
      </trkpt>
      <trkpt lat="-38.1702" lon="177.51143">
        <ele>514.9</ele>
      </trkpt>
      <trkpt lat="-38.17013" lon="177.51151">
        <ele>511.7</ele>
      </trkpt>
      <trkpt lat="-38.17009" lon="177.51161">
        <ele>510.1</ele>
      </trkpt>
      <trkpt lat="-38.1701" lon="177.51182">
        <ele>507.7</ele>
      </trkpt>
      <trkpt lat="-38.17019" lon="177.51199">
        <ele>507.9</ele>
      </trkpt>
      <trkpt lat="-38.17031" lon="177.51201">
        <ele>512.0</ele>
      </trkpt>
      <trkpt lat="-38.17043" lon="177.51206">
        <ele>515.1</ele>
      </trkpt>
      <trkpt lat="-38.17052" lon="177.51223">
        <ele>513.3</ele>
      </trkpt>
      <trkpt lat="-38.17062" lon="177.51225">
        <ele>515.8</ele>
      </trkpt>
      <trkpt lat="-38.17076" lon="177.51218">
        <ele>522.8</ele>
      </trkpt>
      <trkpt lat="-38.17117" lon="177.51205">
        <ele>542.4</ele>
      </trkpt>
      <trkpt lat="-38.17128" lon="177.51206">
        <ele>545.9</ele>
      </trkpt>
      <trkpt lat="-38.17142" lon="177.51227">
        <ele>540.9</ele>
      </trkpt>
      <trkpt lat="-38.17143" lon="177.51247">
        <ele>531.6</ele>
      </trkpt>
      <trkpt lat="-38.1715" lon="177.51275">
        <ele>522.4</ele>
      </trkpt>
      <trkpt lat="-38.17159" lon="177.51293">
        <ele>517.2</ele>
      </trkpt>
      <trkpt lat="-38.17169" lon="177.513">
        <ele>515.6</ele>
      </trkpt>
      <trkpt lat="-38.17177" lon="177.51297">
        <ele>515.5</ele>
      </trkpt>
      <trkpt lat="-38.17187" lon="177.51288">
        <ele>517.6</ele>
      </trkpt>
      <trkpt lat="-38.17233" lon="177.51217">
        <ele>542.6</ele>
      </trkpt>
      <trkpt lat="-38.17242" lon="177.51194">
        <ele>552.6</ele>
      </trkpt>
      <trkpt lat="-38.17257" lon="177.51175">
        <ele>559.1</ele>
      </trkpt>
      <trkpt lat="-38.17266" lon="177.5117">
        <ele>559.4</ele>
      </trkpt>
      <trkpt lat="-38.17304" lon="177.5119">
        <ele>541.3</ele>
      </trkpt>
      <trkpt lat="-38.17323" lon="177.5119">
        <ele>537.0</ele>
      </trkpt>
      <trkpt lat="-38.17344" lon="177.51165">
        <ele>542.2</ele>
      </trkpt>
      <trkpt lat="-38.17361" lon="177.51135">
        <ele>557.0</ele>
      </trkpt>
      <trkpt lat="-38.17391" lon="177.51121">
        <ele>558.8</ele>
      </trkpt>
      <trkpt lat="-38.17414" lon="177.51112">
        <ele>559.4</ele>
      </trkpt>
      <trkpt lat="-38.17429" lon="177.511">
        <ele>565.2</ele>
      </trkpt>
      <trkpt lat="-38.17479" lon="177.51089">
        <ele>565.1</ele>
      </trkpt>
      <trkpt lat="-38.17529" lon="177.51078">
        <ele>562.0</ele>
      </trkpt>
      <trkpt lat="-38.17541" lon="177.51085">
        <ele>560.5</ele>
      </trkpt>
      <trkpt lat="-38.17545" lon="177.51101">
        <ele>554.7</ele>
      </trkpt>
      <trkpt lat="-38.17552" lon="177.51107">
        <ele>552.6</ele>
      </trkpt>
      <trkpt lat="-38.17569" lon="177.51105">
        <ele>553.2</ele>
      </trkpt>
      <trkpt lat="-38.17573" lon="177.51107">
        <ele>552.7</ele>
      </trkpt>
      <trkpt lat="-38.17573" lon="177.51107">
        <ele>552.7</ele>
      </trkpt>
      <trkpt lat="-38.17577" lon="177.51108">
        <ele>552.5</ele>
      </trkpt>
      <trkpt lat="-38.1759" lon="177.51134">
        <ele>546.9</ele>
      </trkpt>
      <trkpt lat="-38.17597" lon="177.51144">
        <ele>544.7</ele>
      </trkpt>
      <trkpt lat="-38.17619" lon="177.51152">
        <ele>542.2</ele>
      </trkpt>
      <trkpt lat="-38.17635" lon="177.51165">
        <ele>541.9</ele>
      </trkpt>
      <trkpt lat="-38.17652" lon="177.51167">
        <ele>542.1</ele>
      </trkpt>
      <trkpt lat="-38.17673" lon="177.51169">
        <ele>539.7</ele>
      </trkpt>
      <trkpt lat="-38.17682" lon="177.51176">
        <ele>537.8</ele>
      </trkpt>
      <trkpt lat="-38.17708" lon="177.51251">
        <ele>554.6</ele>
      </trkpt>
      <trkpt lat="-38.17728" lon="177.51294">
        <ele>566.0</ele>
      </trkpt>
      <trkpt lat="-38.17752" lon="177.51312">
        <ele>567.2</ele>
      </trkpt>
      <trkpt lat="-38.17828" lon="177.51361">
        <ele>575.4</ele>
      </trkpt>
      <trkpt lat="-38.17851" lon="177.51374">
        <ele>585.1</ele>
      </trkpt>
      <trkpt lat="-38.17903" lon="177.5135">
        <ele>579.1</ele>
      </trkpt>
      <trkpt lat="-38.17921" lon="177.51353">
        <ele>583.9</ele>
      </trkpt>
      <trkpt lat="-38.17946" lon="177.51352">
        <ele>589.2</ele>
      </trkpt>
      <trkpt lat="-38.17968" lon="177.51344">
        <ele>590.5</ele>
      </trkpt>
      <trkpt lat="-38.18008" lon="177.51322">
        <ele>589.0</ele>
      </trkpt>
      <trkpt lat="-38.18051" lon="177.51312">
        <ele>597.3</ele>
      </trkpt>
      <trkpt lat="-38.18064" lon="177.51305">
        <ele>597.7</ele>
      </trkpt>
      <trkpt lat="-38.1809" lon="177.5127">
        <ele>588.1</ele>
      </trkpt>
      <trkpt lat="-38.18111" lon="177.51248">
        <ele>585.9</ele>
      </trkpt>
      <trkpt lat="-38.18147" lon="177.51235">
        <ele>596.9</ele>
      </trkpt>
      <trkpt lat="-38.18166" lon="177.51215">
        <ele>598.8</ele>
      </trkpt>
      <trkpt lat="-38.1817" lon="177.51198">
        <ele>593.1</ele>
      </trkpt>
      <trkpt lat="-38.18166" lon="177.51173">
        <ele>585.7</ele>
      </trkpt>
      <trkpt lat="-38.18168" lon="177.51154">
        <ele>580.4</ele>
      </trkpt>
      <trkpt lat="-38.18177" lon="177.51146">
        <ele>575.5</ele>
      </trkpt>
      <trkpt lat="-38.18183" lon="177.51159">
        <ele>577.4</ele>
      </trkpt>
      <trkpt lat="-38.18197" lon="177.51195">
        <ele>586.3</ele>
      </trkpt>
      <trkpt lat="-38.18213" lon="177.51227">
        <ele>595.4</ele>
      </trkpt>
      <trkpt lat="-38.18257" lon="177.51246">
        <ele>597.1</ele>
      </trkpt>
      <trkpt lat="-38.18278" lon="177.51238">
        <ele>590.7</ele>
      </trkpt>
      <trkpt lat="-38.18288" lon="177.5124">
        <ele>590.0</ele>
      </trkpt>
      <trkpt lat="-38.18295" lon="177.51244">
        <ele>590.4</ele>
      </trkpt>
      <trkpt lat="-38.18293" lon="177.51257">
        <ele>591.8</ele>
      </trkpt>
      <trkpt lat="-38.18276" lon="177.51286">
        <ele>593.8</ele>
      </trkpt>
      <trkpt lat="-38.18261" lon="177.51308">
        <ele>600.1</ele>
      </trkpt>
      <trkpt lat="-38.18253" lon="177.51316">
        <ele>604.7</ele>
      </trkpt>
      <trkpt lat="-38.18233" lon="177.51337">
        <ele>613.0</ele>
      </trkpt>
      <trkpt lat="-38.18226" lon="177.51353">
        <ele>610.8</ele>
      </trkpt>
      <trkpt lat="-38.1821" lon="177.51396">
        <ele>607.0</ele>
      </trkpt>
      <trkpt lat="-38.18203" lon="177.51412">
        <ele>607.4</ele>
      </trkpt>
      <trkpt lat="-38.18196" lon="177.51422">
        <ele>610.1</ele>
      </trkpt>
      <trkpt lat="-38.18181" lon="177.51437">
        <ele>617.2</ele>
      </trkpt>
      <trkpt lat="-38.18173" lon="177.5145">
        <ele>619.8</ele>
      </trkpt>
      <trkpt lat="-38.18168" lon="177.51464">
        <ele>620.3</ele>
      </trkpt>
      <trkpt lat="-38.18175" lon="177.51478">
        <ele>614.5</ele>
      </trkpt>
      <trkpt lat="-38.18193" lon="177.51493">
        <ele>603.5</ele>
      </trkpt>
      <trkpt lat="-38.18208" lon="177.51505">
        <ele>596.2</ele>
      </trkpt>
      <trkpt lat="-38.18214" lon="177.51514">
        <ele>594.6</ele>
      </trkpt>
      <trkpt lat="-38.18226" lon="177.51529">
        <ele>592.5</ele>
      </trkpt>
      <trkpt lat="-38.18229" lon="177.51561">
        <ele>597.7</ele>
      </trkpt>
      <trkpt lat="-38.18227" lon="177.51574">
        <ele>600.5</ele>
      </trkpt>
      <trkpt lat="-38.18231" lon="177.516">
        <ele>602.6</ele>
      </trkpt>
      <trkpt lat="-38.18239" lon="177.5161">
        <ele>603.5</ele>
      </trkpt>
      <trkpt lat="-38.18266" lon="177.51623">
        <ele>602.9</ele>
      </trkpt>
      <trkpt lat="-38.18291" lon="177.51643">
        <ele>603.0</ele>
      </trkpt>
      <trkpt lat="-38.18332" lon="177.51681">
        <ele>608.9</ele>
      </trkpt>
      <trkpt lat="-38.18352" lon="177.51698">
        <ele>604.6</ele>
      </trkpt>
      <trkpt lat="-38.18358" lon="177.51709">
        <ele>604.8</ele>
      </trkpt>
      <trkpt lat="-38.18365" lon="177.51736">
        <ele>608.8</ele>
      </trkpt>
      <trkpt lat="-38.18377" lon="177.51754">
        <ele>607.7</ele>
      </trkpt>
      <trkpt lat="-38.18388" lon="177.51776">
        <ele>607.2</ele>
      </trkpt>
      <trkpt lat="-38.18398" lon="177.51802">
        <ele>609.8</ele>
      </trkpt>
      <trkpt lat="-38.18402" lon="177.51821">
        <ele>613.6</ele>
      </trkpt>
      <trkpt lat="-38.18411" lon="177.51828">
        <ele>614.1</ele>
      </trkpt>
      <trkpt lat="-38.1842" lon="177.51831">
        <ele>613.1</ele>
      </trkpt>
      <trkpt lat="-38.1843" lon="177.51838">
        <ele>610.8</ele>
      </trkpt>
      <trkpt lat="-38.18432" lon="177.51855">
        <ele>611.9</ele>
      </trkpt>
      <trkpt lat="-38.18442" lon="177.51872">
        <ele>612.0</ele>
      </trkpt>
      <trkpt lat="-38.18463" lon="177.51887">
        <ele>611.9</ele>
      </trkpt>
      <trkpt lat="-38.18479" lon="177.51899">
        <ele>613.9</ele>
      </trkpt>
      <trkpt lat="-38.18494" lon="177.51902">
        <ele>614.3</ele>
      </trkpt>
      <trkpt lat="-38.1851" lon="177.51903">
        <ele>610.4</ele>
      </trkpt>
      <trkpt lat="-38.18521" lon="177.51907">
        <ele>607.4</ele>
      </trkpt>
      <trkpt lat="-38.18525" lon="177.51917">
        <ele>609.3</ele>
      </trkpt>
      <trkpt lat="-38.18525" lon="177.51931">
        <ele>611.5</ele>
      </trkpt>
      <trkpt lat="-38.1853" lon="177.51954">
        <ele>613.4</ele>
      </trkpt>
      <trkpt lat="-38.18553" lon="177.52015">
        <ele>616.0</ele>
      </trkpt>
      <trkpt lat="-38.1856" lon="177.52039">
        <ele>615.8</ele>
      </trkpt>
      <trkpt lat="-38.18571" lon="177.52055">
        <ele>617.0</ele>
      </trkpt>
      <trkpt lat="-38.18585" lon="177.52069">
        <ele>619.4</ele>
      </trkpt>
      <trkpt lat="-38.18609" lon="177.52081">
        <ele>616.2</ele>
      </trkpt>
      <trkpt lat="-38.18621" lon="177.52092">
        <ele>614.9</ele>
      </trkpt>
      <trkpt lat="-38.18636" lon="177.52116">
        <ele>615.9</ele>
      </trkpt>
      <trkpt lat="-38.18646" lon="177.52126">
        <ele>617.4</ele>
      </trkpt>
      <trkpt lat="-38.18661" lon="177.52137">
        <ele>620.7</ele>
      </trkpt>
      <trkpt lat="-38.18667" lon="177.52143">
        <ele>622.8</ele>
      </trkpt>
      <trkpt lat="-38.1868" lon="177.52169">
        <ele>624.8</ele>
      </trkpt>
      <trkpt lat="-38.18697" lon="177.52195">
        <ele>617.6</ele>
      </trkpt>
      <trkpt lat="-38.18718" lon="177.52199">
        <ele>613.1</ele>
      </trkpt>
      <trkpt lat="-38.18728" lon="177.52195">
        <ele>610.5</ele>
      </trkpt>
      <trkpt lat="-38.18734" lon="177.52204">
        <ele>610.5</ele>
      </trkpt>
      <trkpt lat="-38.18751" lon="177.52222">
        <ele>611.2</ele>
      </trkpt>
      <trkpt lat="-38.18756" lon="177.52229">
        <ele>610.7</ele>
      </trkpt>
      <trkpt lat="-38.18761" lon="177.52241">
        <ele>611.7</ele>
      </trkpt>
      <trkpt lat="-38.18764" lon="177.52253">
        <ele>612.8</ele>
      </trkpt>
      <trkpt lat="-38.18776" lon="177.52263">
        <ele>609.0</ele>
      </trkpt>
      <trkpt lat="-38.18787" lon="177.52271">
        <ele>606.7</ele>
      </trkpt>
      <trkpt lat="-38.18799" lon="177.52283">
        <ele>606.1</ele>
      </trkpt>
      <trkpt lat="-38.18805" lon="177.52303">
        <ele>609.5</ele>
      </trkpt>
      <trkpt lat="-38.18811" lon="177.52328">
        <ele>615.6</ele>
      </trkpt>
      <trkpt lat="-38.18823" lon="177.52353">
        <ele>619.2</ele>
      </trkpt>
      <trkpt lat="-38.18829" lon="177.52375">
        <ele>621.8</ele>
      </trkpt>
      <trkpt lat="-38.18844" lon="177.52411">
        <ele>627.8</ele>
      </trkpt>
      <trkpt lat="-38.18848" lon="177.52423">
        <ele>628.2</ele>
      </trkpt>
      <trkpt lat="-38.18856" lon="177.52436">
        <ele>628.1</ele>
      </trkpt>
      <trkpt lat="-38.18868" lon="177.52458">
        <ele>628.0</ele>
      </trkpt>
      <trkpt lat="-38.18892" lon="177.52507">
        <ele>628.9</ele>
      </trkpt>
      <trkpt lat="-38.18913" lon="177.52561">
        <ele>630.6</ele>
      </trkpt>
      <trkpt lat="-38.18933" lon="177.52615">
        <ele>624.8</ele>
      </trkpt>
      <trkpt lat="-38.18956" lon="177.52663">
        <ele>621.3</ele>
      </trkpt>
      <trkpt lat="-38.18994" lon="177.52735">
        <ele>626.3</ele>
      </trkpt>
      <trkpt lat="-38.19029" lon="177.52798">
        <ele>629.7</ele>
      </trkpt>
      <trkpt lat="-38.19057" lon="177.52842">
        <ele>627.0</ele>
      </trkpt>
      <trkpt lat="-38.1906" lon="177.52849">
        <ele>625.0</ele>
      </trkpt>
      <trkpt lat="-38.19066" lon="177.52876">
        <ele>619.7</ele>
      </trkpt>
      <trkpt lat="-38.19063" lon="177.52883">
        <ele>620.9</ele>
      </trkpt>
      <trkpt lat="-38.19049" lon="177.52905">
        <ele>627.7</ele>
      </trkpt>
      <trkpt lat="-38.19045" lon="177.52916">
        <ele>629.5</ele>
      </trkpt>
      <trkpt lat="-38.1904" lon="177.52927">
        <ele>630.7</ele>
      </trkpt>
      <trkpt lat="-38.19033" lon="177.52965">
        <ele>628.1</ele>
      </trkpt>
      <trkpt lat="-38.19034" lon="177.52976">
        <ele>625.5</ele>
      </trkpt>
      <trkpt lat="-38.1904" lon="177.53005">
        <ele>617.5</ele>
      </trkpt>
      <trkpt lat="-38.19045" lon="177.53024">
        <ele>614.9</ele>
      </trkpt>
      <trkpt lat="-38.19055" lon="177.5305">
        <ele>611.6</ele>
      </trkpt>
      <trkpt lat="-38.19074" lon="177.53082">
        <ele>609.7</ele>
      </trkpt>
      <trkpt lat="-38.19101" lon="177.53109">
        <ele>601.6</ele>
      </trkpt>
      <trkpt lat="-38.19106" lon="177.53121">
        <ele>600.5</ele>
      </trkpt>
      <trkpt lat="-38.19108" lon="177.53138">
        <ele>601.7</ele>
      </trkpt>
      <trkpt lat="-38.19106" lon="177.53155">
        <ele>605.0</ele>
      </trkpt>
      <trkpt lat="-38.19099" lon="177.53181">
        <ele>612.2</ele>
      </trkpt>
      <trkpt lat="-38.19099" lon="177.53195">
        <ele>614.2</ele>
      </trkpt>
      <trkpt lat="-38.19117" lon="177.53244">
        <ele>614.4</ele>
      </trkpt>
      <trkpt lat="-38.19124" lon="177.53288">
        <ele>616.9</ele>
      </trkpt>
      <trkpt lat="-38.19119" lon="177.53312">
        <ele>620.7</ele>
      </trkpt>
      <trkpt lat="-38.19114" lon="177.53328">
        <ele>623.3</ele>
      </trkpt>
      <trkpt lat="-38.19118" lon="177.53367">
        <ele>627.5</ele>
      </trkpt>
      <trkpt lat="-38.19114" lon="177.53383">
        <ele>629.8</ele>
      </trkpt>
      <trkpt lat="-38.19105" lon="177.53385">
        <ele>630.2</ele>
      </trkpt>
      <trkpt lat="-38.19092" lon="177.53381">
        <ele>630.3</ele>
      </trkpt>
      <trkpt lat="-38.19084" lon="177.53392">
        <ele>630.7</ele>
      </trkpt>
      <trkpt lat="-38.19088" lon="177.53409">
        <ele>631.2</ele>
      </trkpt>
      <trkpt lat="-38.19112" lon="177.53418">
        <ele>633.7</ele>
      </trkpt>
      <trkpt lat="-38.19154" lon="177.53452">
        <ele>641.0</ele>
      </trkpt>
      <trkpt lat="-38.1917" lon="177.53471">
        <ele>645.6</ele>
      </trkpt>
      <trkpt lat="-38.19169" lon="177.53492">
        <ele>648.8</ele>
      </trkpt>
      <trkpt lat="-38.19165" lon="177.53513">
        <ele>647.6</ele>
      </trkpt>
      <trkpt lat="-38.19171" lon="177.53524">
        <ele>646.6</ele>
      </trkpt>
      <trkpt lat="-38.19181" lon="177.53524">
        <ele>646.6</ele>
      </trkpt>
      <trkpt lat="-38.19209" lon="177.53521">
        <ele>647.0</ele>
      </trkpt>
      <trkpt lat="-38.1922" lon="177.53523">
        <ele>647.0</ele>
      </trkpt>
      <trkpt lat="-38.19235" lon="177.53532">
        <ele>647.2</ele>
      </trkpt>
      <trkpt lat="-38.19252" lon="177.53545">
        <ele>648.4</ele>
      </trkpt>
      <trkpt lat="-38.19287" lon="177.53548">
        <ele>652.4</ele>
      </trkpt>
      <trkpt lat="-38.19299" lon="177.53566">
        <ele>658.1</ele>
      </trkpt>
      <trkpt lat="-38.19309" lon="177.53589">
        <ele>663.6</ele>
      </trkpt>
      <trkpt lat="-38.19319" lon="177.53602">
        <ele>663.8</ele>
      </trkpt>
      <trkpt lat="-38.19347" lon="177.53603">
        <ele>673.8</ele>
      </trkpt>
      <trkpt lat="-38.1936" lon="177.5361">
        <ele>678.5</ele>
      </trkpt>
      <trkpt lat="-38.1938" lon="177.53623">
        <ele>686.2</ele>
      </trkpt>
      <trkpt lat="-38.19391" lon="177.53675">
        <ele>686.1</ele>
      </trkpt>
      <trkpt lat="-38.194" lon="177.5369">
        <ele>686.5</ele>
      </trkpt>
      <trkpt lat="-38.19402" lon="177.53704">
        <ele>683.4</ele>
      </trkpt>
      <trkpt lat="-38.19404" lon="177.53734">
        <ele>675.5</ele>
      </trkpt>
      <trkpt lat="-38.19411" lon="177.53739">
        <ele>677.0</ele>
      </trkpt>
      <trkpt lat="-38.19427" lon="177.5374">
        <ele>682.9</ele>
      </trkpt>
      <trkpt lat="-38.19441" lon="177.53734">
        <ele>689.8</ele>
      </trkpt>
      <trkpt lat="-38.19447" lon="177.53738">
        <ele>690.9</ele>
      </trkpt>
      <trkpt lat="-38.19457" lon="177.53754">
        <ele>690.8</ele>
      </trkpt>
      <trkpt lat="-38.1947" lon="177.53803">
        <ele>687.8</ele>
      </trkpt>
      <trkpt lat="-38.19479" lon="177.53822">
        <ele>688.1</ele>
      </trkpt>
      <trkpt lat="-38.19484" lon="177.53826">
        <ele>689.3</ele>
      </trkpt>
      <trkpt lat="-38.19501" lon="177.53826">
        <ele>695.2</ele>
      </trkpt>
      <trkpt lat="-38.19513" lon="177.5383">
        <ele>694.4</ele>
      </trkpt>
      <trkpt lat="-38.19527" lon="177.53848">
        <ele>695.7</ele>
      </trkpt>
      <trkpt lat="-38.19528" lon="177.53866">
        <ele>697.9</ele>
      </trkpt>
      <trkpt lat="-38.19546" lon="177.53894">
        <ele>704.6</ele>
      </trkpt>
      <trkpt lat="-38.19544" lon="177.53911">
        <ele>707.1</ele>
      </trkpt>
      <trkpt lat="-38.19535" lon="177.53925">
        <ele>705.9</ele>
      </trkpt>
      <trkpt lat="-38.19526" lon="177.5393">
        <ele>703.6</ele>
      </trkpt>
      <trkpt lat="-38.19517" lon="177.53946">
        <ele>701.1</ele>
      </trkpt>
      <trkpt lat="-38.19517" lon="177.53971">
        <ele>700.9</ele>
      </trkpt>
      <trkpt lat="-38.19523" lon="177.53982">
        <ele>702.7</ele>
      </trkpt>
      <trkpt lat="-38.19542" lon="177.53994">
        <ele>709.0</ele>
      </trkpt>
      <trkpt lat="-38.19552" lon="177.54027">
        <ele>712.4</ele>
      </trkpt>
      <trkpt lat="-38.1956" lon="177.5404">
        <ele>715.3</ele>
      </trkpt>
      <trkpt lat="-38.19565" lon="177.54055">
        <ele>717.3</ele>
      </trkpt>
      <trkpt lat="-38.19558" lon="177.54081">
        <ele>714.7</ele>
      </trkpt>
      <trkpt lat="-38.19554" lon="177.54092">
        <ele>713.6</ele>
      </trkpt>
      <trkpt lat="-38.19556" lon="177.54114">
        <ele>715.7</ele>
      </trkpt>
      <trkpt lat="-38.1955" lon="177.5413">
        <ele>714.6</ele>
      </trkpt>
      <trkpt lat="-38.19541" lon="177.54137">
        <ele>712.3</ele>
      </trkpt>
      <trkpt lat="-38.19529" lon="177.54145">
        <ele>709.4</ele>
      </trkpt>
      <trkpt lat="-38.19521" lon="177.5416">
        <ele>708.7</ele>
      </trkpt>
      <trkpt lat="-38.19517" lon="177.54177">
        <ele>709.1</ele>
      </trkpt>
      <trkpt lat="-38.19523" lon="177.54194">
        <ele>711.4</ele>
      </trkpt>
      <trkpt lat="-38.19532" lon="177.54214">
        <ele>713.6</ele>
      </trkpt>
      <trkpt lat="-38.19526" lon="177.54227">
        <ele>713.3</ele>
      </trkpt>
      <trkpt lat="-38.19515" lon="177.54248">
        <ele>713.6</ele>
      </trkpt>
      <trkpt lat="-38.19512" lon="177.54265">
        <ele>713.6</ele>
      </trkpt>
      <trkpt lat="-38.19518" lon="177.54302">
        <ele>713.3</ele>
      </trkpt>
      <trkpt lat="-38.19515" lon="177.54325">
        <ele>713.5</ele>
      </trkpt>
      <trkpt lat="-38.19503" lon="177.54347">
        <ele>716.9</ele>
      </trkpt>
      <trkpt lat="-38.19499" lon="177.54356">
        <ele>718.0</ele>
      </trkpt>
      <trkpt lat="-38.19498" lon="177.54382">
        <ele>720.4</ele>
      </trkpt>
      <trkpt lat="-38.19495" lon="177.54407">
        <ele>721.9</ele>
      </trkpt>
      <trkpt lat="-38.19487" lon="177.54445">
        <ele>724.9</ele>
      </trkpt>
      <trkpt lat="-38.19502" lon="177.54468">
        <ele>733.1</ele>
      </trkpt>
      <trkpt lat="-38.19498" lon="177.54482">
        <ele>735.3</ele>
      </trkpt>
      <trkpt lat="-38.19491" lon="177.54493">
        <ele>734.9</ele>
      </trkpt>
      <trkpt lat="-38.19466" lon="177.54499">
        <ele>728.2</ele>
      </trkpt>
      <trkpt lat="-38.19452" lon="177.54508">
        <ele>725.3</ele>
      </trkpt>
      <trkpt lat="-38.19443" lon="177.54524">
        <ele>725.0</ele>
      </trkpt>
      <trkpt lat="-38.19435" lon="177.54546">
        <ele>725.8</ele>
      </trkpt>
      <trkpt lat="-38.19442" lon="177.54564">
        <ele>731.1</ele>
      </trkpt>
      <trkpt lat="-38.1944" lon="177.54581">
        <ele>733.0</ele>
      </trkpt>
      <trkpt lat="-38.19441" lon="177.54597">
        <ele>733.4</ele>
      </trkpt>
      <trkpt lat="-38.19446" lon="177.54617">
        <ele>734.4</ele>
      </trkpt>
      <trkpt lat="-38.19468" lon="177.54651">
        <ele>737.4</ele>
      </trkpt>
      <trkpt lat="-38.19482" lon="177.54686">
        <ele>739.1</ele>
      </trkpt>
      <trkpt lat="-38.19469" lon="177.54705">
        <ele>738.4</ele>
      </trkpt>
      <trkpt lat="-38.19464" lon="177.54722">
        <ele>738.8</ele>
      </trkpt>
      <trkpt lat="-38.19471" lon="177.54734">
        <ele>740.3</ele>
      </trkpt>
      <trkpt lat="-38.19484" lon="177.54743">
        <ele>742.1</ele>
      </trkpt>
      <trkpt lat="-38.19499" lon="177.54773">
        <ele>744.6</ele>
      </trkpt>
      <trkpt lat="-38.19498" lon="177.5479">
        <ele>744.9</ele>
      </trkpt>
      <trkpt lat="-38.19488" lon="177.5483">
        <ele>741.9</ele>
      </trkpt>
      <trkpt lat="-38.19487" lon="177.5486">
        <ele>739.1</ele>
      </trkpt>
      <trkpt lat="-38.19479" lon="177.54916">
        <ele>730.2</ele>
      </trkpt>
      <trkpt lat="-38.19484" lon="177.54954">
        <ele>733.8</ele>
      </trkpt>
      <trkpt lat="-38.19503" lon="177.5499">
        <ele>737.2</ele>
      </trkpt>
      <trkpt lat="-38.19506" lon="177.55006">
        <ele>737.0</ele>
      </trkpt>
      <trkpt lat="-38.19499" lon="177.55031">
        <ele>744.5</ele>
      </trkpt>
      <trkpt lat="-38.19503" lon="177.55046">
        <ele>746.9</ele>
      </trkpt>
      <trkpt lat="-38.19515" lon="177.55066">
        <ele>747.0</ele>
      </trkpt>
      <trkpt lat="-38.19532" lon="177.55072">
        <ele>742.5</ele>
      </trkpt>
      <trkpt lat="-38.19544" lon="177.55074">
        <ele>738.9</ele>
      </trkpt>
      <trkpt lat="-38.19564" lon="177.55089">
        <ele>735.1</ele>
      </trkpt>
      <trkpt lat="-38.19569" lon="177.55124">
        <ele>737.3</ele>
      </trkpt>
      <trkpt lat="-38.19575" lon="177.55147">
        <ele>738.4</ele>
      </trkpt>
      <trkpt lat="-38.19589" lon="177.552">
        <ele>741.6</ele>
      </trkpt>
      <trkpt lat="-38.19599" lon="177.5523">
        <ele>741.2</ele>
      </trkpt>
      <trkpt lat="-38.19624" lon="177.55255">
        <ele>731.5</ele>
      </trkpt>
      <trkpt lat="-38.19631" lon="177.55266">
        <ele>730.0</ele>
      </trkpt>
      <trkpt lat="-38.19631" lon="177.553">
        <ele>737.2</ele>
      </trkpt>
      <trkpt lat="-38.19635" lon="177.55328">
        <ele>741.9</ele>
      </trkpt>
      <trkpt lat="-38.19641" lon="177.55345">
        <ele>743.6</ele>
      </trkpt>
      <trkpt lat="-38.19677" lon="177.55371">
        <ele>739.6</ele>
      </trkpt>
      <trkpt lat="-38.19689" lon="177.55401">
        <ele>742.5</ele>
      </trkpt>
      <trkpt lat="-38.19702" lon="177.55449">
        <ele>743.7</ele>
      </trkpt>
      <trkpt lat="-38.19716" lon="177.55458">
        <ele>739.5</ele>
      </trkpt>
      <trkpt lat="-38.19736" lon="177.55474">
        <ele>735.9</ele>
      </trkpt>
      <trkpt lat="-38.19736" lon="177.5549">
        <ele>739.5</ele>
      </trkpt>
      <trkpt lat="-38.1975" lon="177.55521">
        <ele>742.3</ele>
      </trkpt>
      <trkpt lat="-38.19746" lon="177.55557">
        <ele>747.2</ele>
      </trkpt>
      <trkpt lat="-38.19752" lon="177.5557">
        <ele>749.6</ele>
      </trkpt>
      <trkpt lat="-38.19761" lon="177.55584">
        <ele>750.7</ele>
      </trkpt>
      <trkpt lat="-38.19823" lon="177.55605">
        <ele>746.3</ele>
      </trkpt>
      <trkpt lat="-38.19853" lon="177.556">
        <ele>745.2</ele>
      </trkpt>
      <trkpt lat="-38.1988" lon="177.55599">
        <ele>744.7</ele>
      </trkpt>
      <trkpt lat="-38.19901" lon="177.5561">
        <ele>748.2</ele>
      </trkpt>
      <trkpt lat="-38.19943" lon="177.55624">
        <ele>757.2</ele>
      </trkpt>
      <trkpt lat="-38.19959" lon="177.55622">
        <ele>758.4</ele>
      </trkpt>
      <trkpt lat="-38.19987" lon="177.55604">
        <ele>757.4</ele>
      </trkpt>
      <trkpt lat="-38.20008" lon="177.55601">
        <ele>757.5</ele>
      </trkpt>
      <trkpt lat="-38.20035" lon="177.55601">
        <ele>752.9</ele>
      </trkpt>
      <trkpt lat="-38.20054" lon="177.55619">
        <ele>754.1</ele>
      </trkpt>
      <trkpt lat="-38.20096" lon="177.55631">
        <ele>748.1</ele>
      </trkpt>
      <trkpt lat="-38.20125" lon="177.55658">
        <ele>747.4</ele>
      </trkpt>
      <trkpt lat="-38.20145" lon="177.55679">
        <ele>748.2</ele>
      </trkpt>
      <trkpt lat="-38.20174" lon="177.55698">
        <ele>748.3</ele>
      </trkpt>
      <trkpt lat="-38.202" lon="177.55692">
        <ele>739.4</ele>
      </trkpt>
      <trkpt lat="-38.20217" lon="177.55697">
        <ele>736.6</ele>
      </trkpt>
      <trkpt lat="-38.20231" lon="177.55705">
        <ele>735.5</ele>
      </trkpt>
      <trkpt lat="-38.20243" lon="177.55721">
        <ele>737.5</ele>
      </trkpt>
      <trkpt lat="-38.20272" lon="177.55733">
        <ele>741.4</ele>
      </trkpt>
      <trkpt lat="-38.20316" lon="177.55725">
        <ele>743.9</ele>
      </trkpt>
      <trkpt lat="-38.20348" lon="177.55722">
        <ele>747.7</ele>
      </trkpt>
      <trkpt lat="-38.20364" lon="177.55718">
        <ele>750.0</ele>
      </trkpt>
      <trkpt lat="-38.20378" lon="177.55704">
        <ele>751.9</ele>
      </trkpt>
      <trkpt lat="-38.20409" lon="177.55691">
        <ele>758.8</ele>
      </trkpt>
      <trkpt lat="-38.20429" lon="177.55671">
        <ele>762.6</ele>
      </trkpt>
      <trkpt lat="-38.20436" lon="177.55654">
        <ele>760.8</ele>
      </trkpt>
      <trkpt lat="-38.20444" lon="177.55642">
        <ele>758.6</ele>
      </trkpt>
      <trkpt lat="-38.20484" lon="177.55634">
        <ele>757.8</ele>
      </trkpt>
      <trkpt lat="-38.20501" lon="177.55642">
        <ele>760.6</ele>
      </trkpt>
      <trkpt lat="-38.20512" lon="177.55653">
        <ele>763.9</ele>
      </trkpt>
      <trkpt lat="-38.2054" lon="177.55663">
        <ele>767.3</ele>
      </trkpt>
      <trkpt lat="-38.20566" lon="177.55668">
        <ele>768.7</ele>
      </trkpt>
      <trkpt lat="-38.20574" lon="177.55674">
        <ele>768.6</ele>
      </trkpt>
      <trkpt lat="-38.20619" lon="177.55719">
        <ele>769.9</ele>
      </trkpt>
      <trkpt lat="-38.20634" lon="177.55735">
        <ele>771.3</ele>
      </trkpt>
      <trkpt lat="-38.20651" lon="177.55739">
        <ele>772.9</ele>
      </trkpt>
      <trkpt lat="-38.20662" lon="177.55717">
        <ele>772.4</ele>
      </trkpt>
      <trkpt lat="-38.20679" lon="177.55702">
        <ele>771.1</ele>
      </trkpt>
      <trkpt lat="-38.20704" lon="177.557">
        <ele>770.1</ele>
      </trkpt>
      <trkpt lat="-38.20745" lon="177.55708">
        <ele>768.7</ele>
      </trkpt>
      <trkpt lat="-38.20797" lon="177.55696">
        <ele>776.7</ele>
      </trkpt>
      <trkpt lat="-38.20824" lon="177.55731">
        <ele>783.7</ele>
      </trkpt>
      <trkpt lat="-38.20839" lon="177.55755">
        <ele>784.8</ele>
      </trkpt>
      <trkpt lat="-38.2084" lon="177.55783">
        <ele>782.8</ele>
      </trkpt>
      <trkpt lat="-38.20846" lon="177.55832">
        <ele>778.8</ele>
      </trkpt>
      <trkpt lat="-38.20864" lon="177.55875">
        <ele>777.6</ele>
      </trkpt>
      <trkpt lat="-38.20875" lon="177.5592">
        <ele>779.6</ele>
      </trkpt>
      <trkpt lat="-38.20882" lon="177.55926">
        <ele>779.9</ele>
      </trkpt>
      <trkpt lat="-38.2091" lon="177.55982">
        <ele>786.1</ele>
      </trkpt>
      <trkpt lat="-38.2092" lon="177.56015">
        <ele>790.3</ele>
      </trkpt>
      <trkpt lat="-38.20932" lon="177.56025">
        <ele>790.9</ele>
      </trkpt>
      <trkpt lat="-38.2094" lon="177.56023">
        <ele>790.5</ele>
      </trkpt>
      <trkpt lat="-38.20969" lon="177.56008">
        <ele>787.6</ele>
      </trkpt>
      <trkpt lat="-38.20991" lon="177.5598">
        <ele>779.2</ele>
      </trkpt>
      <trkpt lat="-38.21001" lon="177.55979">
        <ele>778.0</ele>
      </trkpt>
      <trkpt lat="-38.21027" lon="177.55996">
        <ele>785.3</ele>
      </trkpt>
      <trkpt lat="-38.21035" lon="177.55995">
        <ele>785.5</ele>
      </trkpt>
      <trkpt lat="-38.21052" lon="177.55985">
        <ele>783.3</ele>
      </trkpt>
      <trkpt lat="-38.21078" lon="177.55965">
        <ele>778.7</ele>
      </trkpt>
      <trkpt lat="-38.21091" lon="177.55949">
        <ele>774.9</ele>
      </trkpt>
      <trkpt lat="-38.21107" lon="177.55939">
        <ele>773.5</ele>
      </trkpt>
      <trkpt lat="-38.2112" lon="177.55928">
        <ele>771.4</ele>
      </trkpt>
      <trkpt lat="-38.21158" lon="177.55916">
        <ele>771.8</ele>
      </trkpt>
      <trkpt lat="-38.21188" lon="177.55911">
        <ele>769.0</ele>
      </trkpt>
      <trkpt lat="-38.2121" lon="177.55914">
        <ele>768.0</ele>
      </trkpt>
      <trkpt lat="-38.21236" lon="177.55926">
        <ele>768.7</ele>
      </trkpt>
      <trkpt lat="-38.21245" lon="177.55931">
        <ele>769.0</ele>
      </trkpt>
      <trkpt lat="-38.21245" lon="177.55942">
        <ele>771.7</ele>
      </trkpt>
      <trkpt lat="-38.2125" lon="177.55955">
        <ele>774.2</ele>
      </trkpt>
      <trkpt lat="-38.21259" lon="177.55957">
        <ele>775.6</ele>
      </trkpt>
      <trkpt lat="-38.21272" lon="177.55936">
        <ele>773.2</ele>
      </trkpt>
      <trkpt lat="-38.21282" lon="177.55914">
        <ele>771.3</ele>
      </trkpt>
      <trkpt lat="-38.21302" lon="177.55879">
        <ele>767.3</ele>
      </trkpt>
      <trkpt lat="-38.21312" lon="177.55851">
        <ele>763.0</ele>
      </trkpt>
      <trkpt lat="-38.21327" lon="177.55839">
        <ele>763.8</ele>
      </trkpt>
      <trkpt lat="-38.21346" lon="177.55813">
        <ele>756.4</ele>
      </trkpt>
      <trkpt lat="-38.21354" lon="177.55812">
        <ele>754.0</ele>
      </trkpt>
      <trkpt lat="-38.21364" lon="177.55823">
        <ele>754.3</ele>
      </trkpt>
      <trkpt lat="-38.21387" lon="177.55841">
        <ele>754.1</ele>
      </trkpt>
      <trkpt lat="-38.21407" lon="177.5586">
        <ele>756.1</ele>
      </trkpt>
      <trkpt lat="-38.21439" lon="177.5586">
        <ele>752.9</ele>
      </trkpt>
      <trkpt lat="-38.21457" lon="177.55848">
        <ele>747.2</ele>
      </trkpt>
      <trkpt lat="-38.21469" lon="177.55835">
        <ele>741.3</ele>
      </trkpt>
      <trkpt lat="-38.21488" lon="177.55828">
        <ele>736.6</ele>
      </trkpt>
      <trkpt lat="-38.2151" lon="177.5583">
        <ele>735.9</ele>
      </trkpt>
      <trkpt lat="-38.21565" lon="177.5584">
        <ele>737.3</ele>
      </trkpt>
      <trkpt lat="-38.2158" lon="177.55834">
        <ele>734.4</ele>
      </trkpt>
      <trkpt lat="-38.21591" lon="177.55827">
        <ele>731.6</ele>
      </trkpt>
      <trkpt lat="-38.21605" lon="177.55829">
        <ele>733.0</ele>
      </trkpt>
      <trkpt lat="-38.21616" lon="177.5584">
        <ele>737.2</ele>
      </trkpt>
      <trkpt lat="-38.21634" lon="177.55845">
        <ele>739.2</ele>
      </trkpt>
      <trkpt lat="-38.21648" lon="177.55839">
        <ele>737.9</ele>
      </trkpt>
      <trkpt lat="-38.21662" lon="177.55826">
        <ele>733.7</ele>
      </trkpt>
      <trkpt lat="-38.21695" lon="177.55821">
        <ele>733.4</ele>
      </trkpt>
      <trkpt lat="-38.21711" lon="177.55812">
        <ele>731.3</ele>
      </trkpt>
      <trkpt lat="-38.21737" lon="177.55809">
        <ele>732.5</ele>
      </trkpt>
      <trkpt lat="-38.21753" lon="177.55789">
        <ele>728.0</ele>
      </trkpt>
      <trkpt lat="-38.21774" lon="177.55765">
        <ele>721.4</ele>
      </trkpt>
      <trkpt lat="-38.21776" lon="177.55744">
        <ele>717.5</ele>
      </trkpt>
      <trkpt lat="-38.21781" lon="177.55728">
        <ele>714.9</ele>
      </trkpt>
      <trkpt lat="-38.21788" lon="177.55716">
        <ele>713.5</ele>
      </trkpt>
      <trkpt lat="-38.21802" lon="177.55702">
        <ele>713.3</ele>
      </trkpt>
      <trkpt lat="-38.21824" lon="177.55669">
        <ele>714.0</ele>
      </trkpt>
      <trkpt lat="-38.21836" lon="177.55658">
        <ele>713.2</ele>
      </trkpt>
      <trkpt lat="-38.21849" lon="177.55649">
        <ele>709.9</ele>
      </trkpt>
      <trkpt lat="-38.21889" lon="177.55639">
        <ele>706.7</ele>
      </trkpt>
      <trkpt lat="-38.21907" lon="177.55628">
        <ele>706.2</ele>
      </trkpt>
      <trkpt lat="-38.2193" lon="177.55609">
        <ele>705.7</ele>
      </trkpt>
      <trkpt lat="-38.21949" lon="177.55588">
        <ele>706.6</ele>
      </trkpt>
      <trkpt lat="-38.21975" lon="177.55545">
        <ele>708.9</ele>
      </trkpt>
      <trkpt lat="-38.2199" lon="177.55516">
        <ele>714.1</ele>
      </trkpt>
      <trkpt lat="-38.22021" lon="177.55483">
        <ele>717.5</ele>
      </trkpt>
      <trkpt lat="-38.22044" lon="177.55447">
        <ele>719.9</ele>
      </trkpt>
      <trkpt lat="-38.22076" lon="177.55413">
        <ele>728.5</ele>
      </trkpt>
      <trkpt lat="-38.22093" lon="177.55402">
        <ele>729.5</ele>
      </trkpt>
      <trkpt lat="-38.22103" lon="177.55388">
        <ele>730.3</ele>
      </trkpt>
      <trkpt lat="-38.2211" lon="177.55374">
        <ele>732.1</ele>
      </trkpt>
      <trkpt lat="-38.22118" lon="177.55337">
        <ele>739.4</ele>
      </trkpt>
      <trkpt lat="-38.22128" lon="177.55324">
        <ele>742.3</ele>
      </trkpt>
      <trkpt lat="-38.22134" lon="177.55308">
        <ele>747.2</ele>
      </trkpt>
      <trkpt lat="-38.22167" lon="177.55265">
        <ele>762.8</ele>
      </trkpt>
      <trkpt lat="-38.22191" lon="177.55258">
        <ele>763.5</ele>
      </trkpt>
      <trkpt lat="-38.22201" lon="177.55263">
        <ele>760.7</ele>
      </trkpt>
      <trkpt lat="-38.22211" lon="177.55274">
        <ele>755.6</ele>
      </trkpt>
      <trkpt lat="-38.22217" lon="177.55286">
        <ele>750.5</ele>
      </trkpt>
      <trkpt lat="-38.22227" lon="177.55291">
        <ele>747.9</ele>
      </trkpt>
      <trkpt lat="-38.22239" lon="177.55288">
        <ele>748.1</ele>
      </trkpt>
      <trkpt lat="-38.2226" lon="177.55261">
        <ele>756.4</ele>
      </trkpt>
      <trkpt lat="-38.2227" lon="177.55259">
        <ele>756.4</ele>
      </trkpt>
      <trkpt lat="-38.22294" lon="177.55266">
        <ele>753.2</ele>
      </trkpt>
      <trkpt lat="-38.2231" lon="177.55276">
        <ele>750.8</ele>
      </trkpt>
      <trkpt lat="-38.22325" lon="177.55281">
        <ele>750.0</ele>
      </trkpt>
      <trkpt lat="-38.22335" lon="177.55291">
        <ele>748.9</ele>
      </trkpt>
      <trkpt lat="-38.22354" lon="177.55321">
        <ele>745.1</ele>
      </trkpt>
      <trkpt lat="-38.22361" lon="177.55327">
        <ele>744.6</ele>
      </trkpt>
      <trkpt lat="-38.22386" lon="177.55339">
        <ele>743.4</ele>
      </trkpt>
      <trkpt lat="-38.22408" lon="177.55366">
        <ele>743.5</ele>
      </trkpt>
      <trkpt lat="-38.22418" lon="177.55387">
        <ele>744.9</ele>
      </trkpt>
      <trkpt lat="-38.22433" lon="177.55411">
        <ele>745.3</ele>
      </trkpt>
      <trkpt lat="-38.22446" lon="177.5543">
        <ele>744.2</ele>
      </trkpt>
      <trkpt lat="-38.22465" lon="177.55443">
        <ele>744.3</ele>
      </trkpt>
      <trkpt lat="-38.22475" lon="177.55448">
        <ele>745.0</ele>
      </trkpt>
      <trkpt lat="-38.22495" lon="177.55463">
        <ele>747.8</ele>
      </trkpt>
      <trkpt lat="-38.22514" lon="177.55474">
        <ele>748.3</ele>
      </trkpt>
      <trkpt lat="-38.22528" lon="177.55473">
        <ele>747.1</ele>
      </trkpt>
      <trkpt lat="-38.22537" lon="177.55469">
        <ele>745.9</ele>
      </trkpt>
      <trkpt lat="-38.2256" lon="177.55449">
        <ele>742.1</ele>
      </trkpt>
      <trkpt lat="-38.2258" lon="177.55436">
        <ele>739.1</ele>
      </trkpt>
      <trkpt lat="-38.22644" lon="177.55429">
        <ele>734.0</ele>
      </trkpt>
      <trkpt lat="-38.22699" lon="177.5544">
        <ele>728.9</ele>
      </trkpt>
      <trkpt lat="-38.22753" lon="177.55451">
        <ele>722.5</ele>
      </trkpt>
      <trkpt lat="-38.22773" lon="177.55447">
        <ele>720.4</ele>
      </trkpt>
      <trkpt lat="-38.22811" lon="177.55435">
        <ele>717.8</ele>
      </trkpt>
      <trkpt lat="-38.22854" lon="177.55412">
        <ele>719.8</ele>
      </trkpt>
      <trkpt lat="-38.22897" lon="177.55379">
        <ele>717.5</ele>
      </trkpt>
      <trkpt lat="-38.22913" lon="177.55372">
        <ele>717.3</ele>
      </trkpt>
      <trkpt lat="-38.22922" lon="177.55374">
        <ele>718.3</ele>
      </trkpt>
      <trkpt lat="-38.22936" lon="177.55379">
        <ele>720.4</ele>
      </trkpt>
      <trkpt lat="-38.22948" lon="177.55385">
        <ele>722.8</ele>
      </trkpt>
      <trkpt lat="-38.22984" lon="177.55392">
        <ele>728.2</ele>
      </trkpt>
      <trkpt lat="-38.22999" lon="177.55386">
        <ele>728.1</ele>
      </trkpt>
      <trkpt lat="-38.23036" lon="177.5536">
        <ele>729.6</ele>
      </trkpt>
      <trkpt lat="-38.23043" lon="177.55346">
        <ele>727.7</ele>
      </trkpt>
      <trkpt lat="-38.23053" lon="177.55335">
        <ele>727.4</ele>
      </trkpt>
      <trkpt lat="-38.23064" lon="177.55328">
        <ele>728.7</ele>
      </trkpt>
      <trkpt lat="-38.23095" lon="177.55317">
        <ele>736.4</ele>
      </trkpt>
      <trkpt lat="-38.23105" lon="177.55308">
        <ele>739.0</ele>
      </trkpt>
      <trkpt lat="-38.23113" lon="177.55294">
        <ele>740.0</ele>
      </trkpt>
      <trkpt lat="-38.23121" lon="177.55268">
        <ele>739.1</ele>
      </trkpt>
      <trkpt lat="-38.23132" lon="177.55193">
        <ele>734.1</ele>
      </trkpt>
      <trkpt lat="-38.23125" lon="177.55161">
        <ele>726.2</ele>
      </trkpt>
      <trkpt lat="-38.23119" lon="177.5515">
        <ele>721.8</ele>
      </trkpt>
      <trkpt lat="-38.23114" lon="177.55125">
        <ele>716.3</ele>
      </trkpt>
      <trkpt lat="-38.23115" lon="177.55113">
        <ele>715.2</ele>
      </trkpt>
      <trkpt lat="-38.23119" lon="177.55099">
        <ele>715.2</ele>
      </trkpt>
      <trkpt lat="-38.23126" lon="177.55087">
        <ele>716.4</ele>
      </trkpt>
      <trkpt lat="-38.23156" lon="177.55053">
        <ele>721.6</ele>
      </trkpt>
      <trkpt lat="-38.23175" lon="177.55009">
        <ele>720.3</ele>
      </trkpt>
      <trkpt lat="-38.23182" lon="177.54989">
        <ele>721.7</ele>
      </trkpt>
      <trkpt lat="-38.23183" lon="177.54974">
        <ele>722.5</ele>
      </trkpt>
      <trkpt lat="-38.23172" lon="177.54922">
        <ele>719.7</ele>
      </trkpt>
      <trkpt lat="-38.23173" lon="177.54905">
        <ele>719.9</ele>
      </trkpt>
      <trkpt lat="-38.23172" lon="177.5489">
        <ele>719.0</ele>
      </trkpt>
      <trkpt lat="-38.23158" lon="177.54883">
        <ele>713.8</ele>
      </trkpt>
      <trkpt lat="-38.23149" lon="177.5488">
        <ele>710.7</ele>
      </trkpt>
      <trkpt lat="-38.2314" lon="177.54873">
        <ele>707.5</ele>
      </trkpt>
      <trkpt lat="-38.23135" lon="177.54858">
        <ele>705.6</ele>
      </trkpt>
      <trkpt lat="-38.23138" lon="177.54841">
        <ele>706.2</ele>
      </trkpt>
      <trkpt lat="-38.23153" lon="177.54806">
        <ele>705.2</ele>
      </trkpt>
      <trkpt lat="-38.23163" lon="177.54767">
        <ele>700.4</ele>
      </trkpt>
      <trkpt lat="-38.23176" lon="177.54747">
        <ele>699.7</ele>
      </trkpt>
      <trkpt lat="-38.23194" lon="177.54709">
        <ele>695.1</ele>
      </trkpt>
      <trkpt lat="-38.23204" lon="177.54698">
        <ele>694.7</ele>
      </trkpt>
      <trkpt lat="-38.23239" lon="177.5467">
        <ele>695.5</ele>
      </trkpt>
      <trkpt lat="-38.23267" lon="177.54644">
        <ele>694.8</ele>
      </trkpt>
      <trkpt lat="-38.23279" lon="177.54625">
        <ele>693.3</ele>
      </trkpt>
      <trkpt lat="-38.23294" lon="177.5459">
        <ele>691.2</ele>
      </trkpt>
      <trkpt lat="-38.23304" lon="177.54577">
        <ele>692.3</ele>
      </trkpt>
      <trkpt lat="-38.23318" lon="177.54569">
        <ele>693.7</ele>
      </trkpt>
      <trkpt lat="-38.23354" lon="177.54565">
        <ele>690.8</ele>
      </trkpt>
      <trkpt lat="-38.23382" lon="177.54559">
        <ele>687.6</ele>
      </trkpt>
      <trkpt lat="-38.23396" lon="177.54552">
        <ele>686.6</ele>
      </trkpt>
      <trkpt lat="-38.23409" lon="177.54536">
        <ele>687.3</ele>
      </trkpt>
      <trkpt lat="-38.23421" lon="177.54516">
        <ele>688.4</ele>
      </trkpt>
      <trkpt lat="-38.23429" lon="177.54499">
        <ele>688.9</ele>
      </trkpt>
      <trkpt lat="-38.23456" lon="177.5448">
        <ele>684.8</ele>
      </trkpt>
      <trkpt lat="-38.2348" lon="177.54444">
        <ele>684.5</ele>
      </trkpt>
      <trkpt lat="-38.23487" lon="177.54422">
        <ele>686.4</ele>
      </trkpt>
      <trkpt lat="-38.23496" lon="177.5441">
        <ele>684.4</ele>
      </trkpt>
      <trkpt lat="-38.23504" lon="177.5441">
        <ele>683.2</ele>
      </trkpt>
      <trkpt lat="-38.23524" lon="177.54428">
        <ele>679.8</ele>
      </trkpt>
      <trkpt lat="-38.23545" lon="177.5444">
        <ele>675.4</ele>
      </trkpt>
      <trkpt lat="-38.23561" lon="177.54452">
        <ele>671.1</ele>
      </trkpt>
      <trkpt lat="-38.2357" lon="177.54452">
        <ele>670.0</ele>
      </trkpt>
      <trkpt lat="-38.23577" lon="177.54446">
        <ele>670.7</ele>
      </trkpt>
      <trkpt lat="-38.23585" lon="177.54438">
        <ele>671.5</ele>
      </trkpt>
      <trkpt lat="-38.23605" lon="177.54411">
        <ele>673.5</ele>
      </trkpt>
      <trkpt lat="-38.23634" lon="177.54376">
        <ele>676.2</ele>
      </trkpt>
      <trkpt lat="-38.23649" lon="177.54368">
        <ele>675.8</ele>
      </trkpt>
      <trkpt lat="-38.2366" lon="177.54378">
        <ele>671.3</ele>
      </trkpt>
      <trkpt lat="-38.2368" lon="177.54392">
        <ele>662.9</ele>
      </trkpt>
      <trkpt lat="-38.23699" lon="177.54397">
        <ele>657.3</ele>
      </trkpt>
      <trkpt lat="-38.23708" lon="177.54396">
        <ele>655.4</ele>
      </trkpt>
      <trkpt lat="-38.23719" lon="177.54398">
        <ele>652.5</ele>
      </trkpt>
      <trkpt lat="-38.23725" lon="177.54385">
        <ele>653.5</ele>
      </trkpt>
      <trkpt lat="-38.23727" lon="177.54373">
        <ele>655.1</ele>
      </trkpt>
      <trkpt lat="-38.23735" lon="177.5434">
        <ele>658.2</ele>
      </trkpt>
      <trkpt lat="-38.23736" lon="177.54326">
        <ele>660.2</ele>
      </trkpt>
      <trkpt lat="-38.23737" lon="177.54316">
        <ele>661.6</ele>
      </trkpt>
      <trkpt lat="-38.23736" lon="177.543">
        <ele>664.8</ele>
      </trkpt>
      <trkpt lat="-38.23738" lon="177.54274">
        <ele>668.9</ele>
      </trkpt>
      <trkpt lat="-38.23746" lon="177.54262">
        <ele>668.8</ele>
      </trkpt>
      <trkpt lat="-38.23756" lon="177.54264">
        <ele>666.2</ele>
      </trkpt>
      <trkpt lat="-38.23773" lon="177.54274">
        <ele>660.9</ele>
      </trkpt>
      <trkpt lat="-38.23794" lon="177.54274">
        <ele>656.9</ele>
      </trkpt>
      <trkpt lat="-38.23815" lon="177.5427">
        <ele>654.0</ele>
      </trkpt>
      <trkpt lat="-38.23826" lon="177.54263">
        <ele>654.1</ele>
      </trkpt>
      <trkpt lat="-38.23831" lon="177.54233">
        <ele>663.1</ele>
      </trkpt>
      <trkpt lat="-38.23836" lon="177.54223">
        <ele>665.4</ele>
      </trkpt>
      <trkpt lat="-38.23844" lon="177.54225">
        <ele>662.8</ele>
      </trkpt>
      <trkpt lat="-38.23852" lon="177.54233">
        <ele>658.1</ele>
      </trkpt>
      <trkpt lat="-38.23864" lon="177.54236">
        <ele>654.2</ele>
      </trkpt>
      <trkpt lat="-38.23876" lon="177.54233">
        <ele>652.3</ele>
      </trkpt>
      <trkpt lat="-38.23898" lon="177.54218">
        <ele>651.6</ele>
      </trkpt>
      <trkpt lat="-38.23911" lon="177.54219">
        <ele>648.1</ele>
      </trkpt>
      <trkpt lat="-38.23925" lon="177.54218">
        <ele>645.1</ele>
      </trkpt>
      <trkpt lat="-38.23935" lon="177.54206">
        <ele>646.7</ele>
      </trkpt>
      <trkpt lat="-38.23943" lon="177.54187">
        <ele>651.1</ele>
      </trkpt>
      <trkpt lat="-38.23948" lon="177.54159">
        <ele>659.7</ele>
      </trkpt>
      <trkpt lat="-38.23958" lon="177.54155">
        <ele>659.3</ele>
      </trkpt>
      <trkpt lat="-38.23983" lon="177.54166">
        <ele>649.7</ele>
      </trkpt>
      <trkpt lat="-38.23994" lon="177.54167">
        <ele>647.1</ele>
      </trkpt>
      <trkpt lat="-38.24016" lon="177.54164">
        <ele>642.8</ele>
      </trkpt>
      <trkpt lat="-38.24033" lon="177.54156">
        <ele>641.2</ele>
      </trkpt>
      <trkpt lat="-38.24047" lon="177.5414">
        <ele>642.6</ele>
      </trkpt>
      <trkpt lat="-38.24074" lon="177.54135">
        <ele>635.7</ele>
      </trkpt>
      <trkpt lat="-38.24087" lon="177.54131">
        <ele>632.4</ele>
      </trkpt>
      <trkpt lat="-38.24098" lon="177.54118">
        <ele>631.3</ele>
      </trkpt>
      <trkpt lat="-38.24111" lon="177.54107">
        <ele>628.6</ele>
      </trkpt>
      <trkpt lat="-38.24119" lon="177.5409">
        <ele>629.2</ele>
      </trkpt>
      <trkpt lat="-38.24137" lon="177.54062">
        <ele>622.6</ele>
      </trkpt>
      <trkpt lat="-38.24147" lon="177.54043">
        <ele>618.1</ele>
      </trkpt>
      <trkpt lat="-38.24148" lon="177.54033">
        <ele>617.7</ele>
      </trkpt>
      <trkpt lat="-38.24148" lon="177.5402">
        <ele>617.7</ele>
      </trkpt>
      <trkpt lat="-38.2414" lon="177.54">
        <ele>621.5</ele>
      </trkpt>
      <trkpt lat="-38.24123" lon="177.53974">
        <ele>624.3</ele>
      </trkpt>
      <trkpt lat="-38.24118" lon="177.53948">
        <ele>621.2</ele>
      </trkpt>
      <trkpt lat="-38.24114" lon="177.53931">
        <ele>619.4</ele>
      </trkpt>
      <trkpt lat="-38.24089" lon="177.53861">
        <ele>615.7</ele>
      </trkpt>
      <trkpt lat="-38.24083" lon="177.53827">
        <ele>610.9</ele>
      </trkpt>
      <trkpt lat="-38.24077" lon="177.53808">
        <ele>609.1</ele>
      </trkpt>
      <trkpt lat="-38.24064" lon="177.53794">
        <ele>610.4</ele>
      </trkpt>
      <trkpt lat="-38.24057" lon="177.53783">
        <ele>610.4</ele>
      </trkpt>
      <trkpt lat="-38.2403" lon="177.53717">
        <ele>606.3</ele>
      </trkpt>
      <trkpt lat="-38.24023" lon="177.53692">
        <ele>603.6</ele>
      </trkpt>
      <trkpt lat="-38.24014" lon="177.53679">
        <ele>603.6</ele>
      </trkpt>
      <trkpt lat="-38.24002" lon="177.53672">
        <ele>605.5</ele>
      </trkpt>
      <trkpt lat="-38.23981" lon="177.53657">
        <ele>604.8</ele>
      </trkpt>
      <trkpt lat="-38.23962" lon="177.5364">
        <ele>602.8</ele>
      </trkpt>
      <trkpt lat="-38.23936" lon="177.53637">
        <ele>605.2</ele>
      </trkpt>
      <trkpt lat="-38.23916" lon="177.53624">
        <ele>604.3</ele>
      </trkpt>
      <trkpt lat="-38.239" lon="177.53622">
        <ele>605.7</ele>
      </trkpt>
      <trkpt lat="-38.23886" lon="177.53629">
        <ele>608.8</ele>
      </trkpt>
      <trkpt lat="-38.23864" lon="177.53636">
        <ele>612.4</ele>
      </trkpt>
      <trkpt lat="-38.23853" lon="177.53633">
        <ele>613.0</ele>
      </trkpt>
      <trkpt lat="-38.23843" lon="177.53627">
        <ele>613.2</ele>
      </trkpt>
      <trkpt lat="-38.23834" lon="177.53611">
        <ele>612.2</ele>
      </trkpt>
      <trkpt lat="-38.23834" lon="177.536">
        <ele>610.9</ele>
      </trkpt>
      <trkpt lat="-38.23841" lon="177.53591">
        <ele>608.6</ele>
      </trkpt>
      <trkpt lat="-38.23848" lon="177.53583">
        <ele>606.4</ele>
      </trkpt>
      <trkpt lat="-38.23848" lon="177.53573">
        <ele>607.1</ele>
      </trkpt>
      <trkpt lat="-38.23847" lon="177.53567">
        <ele>607.7</ele>
      </trkpt>
      <trkpt lat="-38.23839" lon="177.53563">
        <ele>609.6</ele>
      </trkpt>
      <trkpt lat="-38.23825" lon="177.53544">
        <ele>615.3</ele>
      </trkpt>
      <trkpt lat="-38.23819" lon="177.53515">
        <ele>619.6</ele>
      </trkpt>
      <trkpt lat="-38.2383" lon="177.53501">
        <ele>617.0</ele>
      </trkpt>
      <trkpt lat="-38.23884" lon="177.53486">
        <ele>604.9</ele>
      </trkpt>
      <trkpt lat="-38.23902" lon="177.53487">
        <ele>599.8</ele>
      </trkpt>
      <trkpt lat="-38.23912" lon="177.53491">
        <ele>596.5</ele>
      </trkpt>
      <trkpt lat="-38.23926" lon="177.53485">
        <ele>593.5</ele>
      </trkpt>
      <trkpt lat="-38.23935" lon="177.53483">
        <ele>591.3</ele>
      </trkpt>
      <trkpt lat="-38.23961" lon="177.5349">
        <ele>583.7</ele>
      </trkpt>
      <trkpt lat="-38.2397" lon="177.53486">
        <ele>581.7</ele>
      </trkpt>
      <trkpt lat="-38.23978" lon="177.53481">
        <ele>579.9</ele>
      </trkpt>
      <trkpt lat="-38.23982" lon="177.53473">
        <ele>579.3</ele>
      </trkpt>
      <trkpt lat="-38.23985" lon="177.53463">
        <ele>579.1</ele>
      </trkpt>
      <trkpt lat="-38.23981" lon="177.53451">
        <ele>581.1</ele>
      </trkpt>
      <trkpt lat="-38.23959" lon="177.53425">
        <ele>590.0</ele>
      </trkpt>
      <trkpt lat="-38.2395" lon="177.53411">
        <ele>594.6</ele>
      </trkpt>
      <trkpt lat="-38.2395" lon="177.53388">
        <ele>598.1</ele>
      </trkpt>
      <trkpt lat="-38.23967" lon="177.53389">
        <ele>592.6</ele>
      </trkpt>
      <trkpt lat="-38.23981" lon="177.53393">
        <ele>587.5</ele>
      </trkpt>
      <trkpt lat="-38.23992" lon="177.53388">
        <ele>585.0</ele>
      </trkpt>
      <trkpt lat="-38.23997" lon="177.53377">
        <ele>585.5</ele>
      </trkpt>
      <trkpt lat="-38.24003" lon="177.53368">
        <ele>586.4</ele>
      </trkpt>
      <trkpt lat="-38.24006" lon="177.53351">
        <ele>589.9</ele>
      </trkpt>
      <trkpt lat="-38.24014" lon="177.53344">
        <ele>591.7</ele>
      </trkpt>
      <trkpt lat="-38.24025" lon="177.53351">
        <ele>590.7</ele>
      </trkpt>
      <trkpt lat="-38.24032" lon="177.53367">
        <ele>587.5</ele>
      </trkpt>
      <trkpt lat="-38.24039" lon="177.53388">
        <ele>583.0</ele>
      </trkpt>
      <trkpt lat="-38.24047" lon="177.53399">
        <ele>580.5</ele>
      </trkpt>
      <trkpt lat="-38.24058" lon="177.53403">
        <ele>579.6</ele>
      </trkpt>
      <trkpt lat="-38.24072" lon="177.53396">
        <ele>581.4</ele>
      </trkpt>
      <trkpt lat="-38.2408" lon="177.534">
        <ele>580.4</ele>
      </trkpt>
      <trkpt lat="-38.24083" lon="177.53414">
        <ele>576.7</ele>
      </trkpt>
      <trkpt lat="-38.24082" lon="177.53427">
        <ele>574.1</ele>
      </trkpt>
      <trkpt lat="-38.24087" lon="177.53449">
        <ele>569.7</ele>
      </trkpt>
      <trkpt lat="-38.24091" lon="177.53461">
        <ele>567.3</ele>
      </trkpt>
      <trkpt lat="-38.24096" lon="177.53464">
        <ele>566.6</ele>
      </trkpt>
      <trkpt lat="-38.24105" lon="177.53464">
        <ele>566.4</ele>
      </trkpt>
      <trkpt lat="-38.24127" lon="177.53461">
        <ele>566.6</ele>
      </trkpt>
      <trkpt lat="-38.24138" lon="177.53468">
        <ele>564.8</ele>
      </trkpt>
      <trkpt lat="-38.24146" lon="177.53483">
        <ele>561.0</ele>
      </trkpt>
      <trkpt lat="-38.24156" lon="177.5349">
        <ele>559.0</ele>
      </trkpt>
      <trkpt lat="-38.24164" lon="177.53488">
        <ele>559.1</ele>
      </trkpt>
      <trkpt lat="-38.24174" lon="177.53479">
        <ele>561.2</ele>
      </trkpt>
      <trkpt lat="-38.24183" lon="177.53466">
        <ele>564.1</ele>
      </trkpt>
      <trkpt lat="-38.24213" lon="177.53459">
        <ele>564.7</ele>
      </trkpt>
      <trkpt lat="-38.24223" lon="177.53463">
        <ele>563.6</ele>
      </trkpt>
      <trkpt lat="-38.24233" lon="177.53477">
        <ele>560.8</ele>
      </trkpt>
      <trkpt lat="-38.24242" lon="177.5351">
        <ele>555.1</ele>
      </trkpt>
      <trkpt lat="-38.24247" lon="177.53519">
        <ele>553.4</ele>
      </trkpt>
      <trkpt lat="-38.24255" lon="177.53524">
        <ele>552.2</ele>
      </trkpt>
      <trkpt lat="-38.24267" lon="177.53522">
        <ele>552.2</ele>
      </trkpt>
      <trkpt lat="-38.24281" lon="177.53525">
        <ele>551.3</ele>
      </trkpt>
      <trkpt lat="-38.24292" lon="177.53539">
        <ele>549.3</ele>
      </trkpt>
      <trkpt lat="-38.24298" lon="177.53561">
        <ele>546.9</ele>
      </trkpt>
      <trkpt lat="-38.24337" lon="177.53594">
        <ele>544.1</ele>
      </trkpt>
      <trkpt lat="-38.24354" lon="177.53603">
        <ele>540.5</ele>
      </trkpt>
      <trkpt lat="-38.24378" lon="177.53612">
        <ele>537.0</ele>
      </trkpt>
      <trkpt lat="-38.24388" lon="177.53611">
        <ele>536.4</ele>
      </trkpt>
      <trkpt lat="-38.24399" lon="177.53608">
        <ele>536.0</ele>
      </trkpt>
      <trkpt lat="-38.24407" lon="177.53611">
        <ele>535.0</ele>
      </trkpt>
      <trkpt lat="-38.24418" lon="177.53625">
        <ele>532.9</ele>
      </trkpt>
      <trkpt lat="-38.24426" lon="177.53641">
        <ele>530.7</ele>
      </trkpt>
      <trkpt lat="-38.24437" lon="177.53657">
        <ele>528.9</ele>
      </trkpt>
      <trkpt lat="-38.24448" lon="177.53661">
        <ele>528.1</ele>
      </trkpt>
      <trkpt lat="-38.24487" lon="177.5367">
        <ele>526.2</ele>
      </trkpt>
      <trkpt lat="-38.2455" lon="177.53697">
        <ele>522.1</ele>
      </trkpt>
      <trkpt lat="-38.24594" lon="177.53718">
        <ele>520.1</ele>
      </trkpt>
      <trkpt lat="-38.24626" lon="177.53746">
        <ele>517.5</ele>
      </trkpt>
      <trkpt lat="-38.24683" lon="177.53795">
        <ele>513.1</ele>
      </trkpt>
      <trkpt lat="-38.2474" lon="177.53845">
        <ele>509.6</ele>
      </trkpt>
      <trkpt lat="-38.24787" lon="177.53938">
        <ele>504.2</ele>
      </trkpt>
      <trkpt lat="-38.24799" lon="177.53958">
        <ele>503.2</ele>
      </trkpt>
      <trkpt lat="-38.24817" lon="177.53975">
        <ele>502.6</ele>
      </trkpt>
      <trkpt lat="-38.2487" lon="177.54009">
        <ele>501.8</ele>
      </trkpt>
      <trkpt lat="-38.24923" lon="177.54043">
        <ele>502.8</ele>
      </trkpt>
      <trkpt lat="-38.24974" lon="177.54077">
        <ele>504.4</ele>
      </trkpt>
      <trkpt lat="-38.25026" lon="177.54111">
        <ele>502.5</ele>
      </trkpt>
      <trkpt lat="-38.25053" lon="177.54138">
        <ele>501.2</ele>
      </trkpt>
      <trkpt lat="-38.25066" lon="177.54169">
        <ele>500.6</ele>
      </trkpt>
      <trkpt lat="-38.25075" lon="177.54209">
        <ele>499.3</ele>
      </trkpt>
      <trkpt lat="-38.25099" lon="177.54284">
        <ele>497.2</ele>
      </trkpt>
      <trkpt lat="-38.25122" lon="177.5436">
        <ele>495.4</ele>
      </trkpt>
      <trkpt lat="-38.25145" lon="177.54435">
        <ele>493.2</ele>
      </trkpt>
      <trkpt lat="-38.25152" lon="177.54455">
        <ele>492.5</ele>
      </trkpt>
      <trkpt lat="-38.2516" lon="177.54467">
        <ele>492.1</ele>
      </trkpt>
      <trkpt lat="-38.25173" lon="177.54478">
        <ele>491.8</ele>
      </trkpt>
      <trkpt lat="-38.25208" lon="177.54494">
        <ele>491.7</ele>
      </trkpt>
      <trkpt lat="-38.25221" lon="177.54503">
        <ele>491.4</ele>
      </trkpt>
      <trkpt lat="-38.25252" lon="177.54534">
        <ele>489.2</ele>
      </trkpt>
      <trkpt lat="-38.25269" lon="177.54546">
        <ele>488.8</ele>
      </trkpt>
      <trkpt lat="-38.25281" lon="177.54551">
        <ele>488.7</ele>
      </trkpt>
      <trkpt lat="-38.25315" lon="177.54553">
        <ele>489.7</ele>
      </trkpt>
      <trkpt lat="-38.25351" lon="177.54565">
        <ele>488.2</ele>
      </trkpt>
      <trkpt lat="-38.25423" lon="177.54606">
        <ele>484.9</ele>
      </trkpt>
      <trkpt lat="-38.2547" lon="177.54631">
        <ele>485.7</ele>
      </trkpt>
      <trkpt lat="-38.2552" lon="177.54655">
        <ele>486.9</ele>
      </trkpt>
      <trkpt lat="-38.2557" lon="177.54679">
        <ele>488.0</ele>
      </trkpt>
      <trkpt lat="-38.25581" lon="177.54688">
        <ele>487.9</ele>
      </trkpt>
      <trkpt lat="-38.25589" lon="177.54699">
        <ele>487.6</ele>
      </trkpt>
      <trkpt lat="-38.25594" lon="177.54713">
        <ele>487.4</ele>
      </trkpt>
      <trkpt lat="-38.25607" lon="177.54765">
        <ele>486.5</ele>
      </trkpt>
      <trkpt lat="-38.2561" lon="177.54779">
        <ele>486.2</ele>
      </trkpt>
      <trkpt lat="-38.25624" lon="177.5478">
        <ele>486.0</ele>
      </trkpt>
      <trkpt lat="-38.25645" lon="177.54776">
        <ele>486.3</ele>
      </trkpt>
      <trkpt lat="-38.25672" lon="177.54774">
        <ele>486.6</ele>
      </trkpt>
      <trkpt lat="-38.25746" lon="177.5478">
        <ele>485.1</ele>
      </trkpt>
      <trkpt lat="-38.25821" lon="177.54787">
        <ele>487.6</ele>
      </trkpt>
      <trkpt lat="-38.25896" lon="177.54793">
        <ele>488.4</ele>
      </trkpt>
      <trkpt lat="-38.2597" lon="177.548">
        <ele>489.8</ele>
      </trkpt>
      <trkpt lat="-38.25997" lon="177.54805">
        <ele>490.6</ele>
      </trkpt>
      <trkpt lat="-38.26023" lon="177.54815">
        <ele>490.9</ele>
      </trkpt>
      <trkpt lat="-38.2605" lon="177.54829">
        <ele>491.0</ele>
      </trkpt>
      <trkpt lat="-38.26071" lon="177.54836">
        <ele>491.5</ele>
      </trkpt>
      <trkpt lat="-38.26096" lon="177.54836">
        <ele>491.3</ele>
      </trkpt>
      <trkpt lat="-38.26136" lon="177.54833">
        <ele>490.4</ele>
      </trkpt>
      <trkpt lat="-38.26162" lon="177.54833">
        <ele>490.1</ele>
      </trkpt>
      <trkpt lat="-38.26191" lon="177.54829">
        <ele>492.1</ele>
      </trkpt>
      <trkpt lat="-38.26219" lon="177.5482">
        <ele>493.7</ele>
      </trkpt>
      <trkpt lat="-38.26264" lon="177.54802">
        <ele>493.8</ele>
      </trkpt>
      <trkpt lat="-38.26284" lon="177.5479">
        <ele>493.1</ele>
      </trkpt>
      <trkpt lat="-38.26304" lon="177.54775">
        <ele>492.5</ele>
      </trkpt>
      <trkpt lat="-38.26346" lon="177.54733">
        <ele>493.2</ele>
      </trkpt>
      <trkpt lat="-38.26389" lon="177.54686">
        <ele>494.1</ele>
      </trkpt>
      <trkpt lat="-38.26431" lon="177.54638">
        <ele>492.6</ele>
      </trkpt>
      <trkpt lat="-38.26446" lon="177.54617">
        <ele>492.7</ele>
      </trkpt>
      <trkpt lat="-38.2646" lon="177.5459">
        <ele>492.8</ele>
      </trkpt>
      <trkpt lat="-38.26473" lon="177.54562">
        <ele>492.2</ele>
      </trkpt>
      <trkpt lat="-38.26483" lon="177.54543">
        <ele>491.7</ele>
      </trkpt>
      <trkpt lat="-38.26497" lon="177.54525">
        <ele>491.3</ele>
      </trkpt>
      <trkpt lat="-38.26531" lon="177.54495">
        <ele>492.0</ele>
      </trkpt>
      <trkpt lat="-38.26574" lon="177.54461">
        <ele>493.5</ele>
      </trkpt>
      <trkpt lat="-38.26595" lon="177.54447">
        <ele>493.8</ele>
      </trkpt>
      <trkpt lat="-38.26617" lon="177.54436">
        <ele>493.6</ele>
      </trkpt>
      <trkpt lat="-38.26681" lon="177.54411">
        <ele>492.6</ele>
      </trkpt>
      <trkpt lat="-38.267" lon="177.54401">
        <ele>493.1</ele>
      </trkpt>
      <trkpt lat="-38.2672" lon="177.5439">
        <ele>493.5</ele>
      </trkpt>
      <trkpt lat="-38.26737" lon="177.5438">
        <ele>493.7</ele>
      </trkpt>
      <trkpt lat="-38.26754" lon="177.54368">
        <ele>493.6</ele>
      </trkpt>
      <trkpt lat="-38.268" lon="177.54327">
        <ele>493.2</ele>
      </trkpt>
      <trkpt lat="-38.26847" lon="177.54285">
        <ele>492.8</ele>
      </trkpt>
      <trkpt lat="-38.26893" lon="177.54253">
        <ele>491.5</ele>
      </trkpt>
      <trkpt lat="-38.26939" lon="177.5422">
        <ele>492.9</ele>
      </trkpt>
      <trkpt lat="-38.2702" lon="177.54172">
        <ele>491.4</ele>
      </trkpt>
      <trkpt lat="-38.27088" lon="177.54161">
        <ele>491.9</ele>
      </trkpt>
      <trkpt lat="-38.27156" lon="177.5415">
        <ele>494.0</ele>
      </trkpt>
      <trkpt lat="-38.27224" lon="177.54138">
        <ele>495.3</ele>
      </trkpt>
      <trkpt lat="-38.27242" lon="177.54131">
        <ele>495.3</ele>
      </trkpt>
      <trkpt lat="-38.27306" lon="177.5407">
        <ele>491.9</ele>
      </trkpt>
      <trkpt lat="-38.2737" lon="177.54009">
        <ele>494.3</ele>
      </trkpt>
      <trkpt lat="-38.27434" lon="177.53948">
        <ele>495.6</ele>
      </trkpt>
      <trkpt lat="-38.27452" lon="177.53936">
        <ele>495.8</ele>
      </trkpt>
      <trkpt lat="-38.27469" lon="177.53925">
        <ele>495.3</ele>
      </trkpt>
      <trkpt lat="-38.27535" lon="177.53906">
        <ele>496.3</ele>
      </trkpt>
      <trkpt lat="-38.27573" lon="177.53896">
        <ele>496.5</ele>
      </trkpt>
      <trkpt lat="-38.27608" lon="177.53896">
        <ele>497.1</ele>
      </trkpt>
      <trkpt lat="-38.27695" lon="177.53905">
        <ele>498.1</ele>
      </trkpt>
      <trkpt lat="-38.27782" lon="177.53915">
        <ele>494.2</ele>
      </trkpt>
      <trkpt lat="-38.27798" lon="177.53924">
        <ele>494.8</ele>
      </trkpt>
      <trkpt lat="-38.27823" lon="177.53942">
        <ele>496.1</ele>
      </trkpt>
      <trkpt lat="-38.27852" lon="177.53969">
        <ele>498.9</ele>
      </trkpt>
      <trkpt lat="-38.2787" lon="177.53981">
        <ele>499.8</ele>
      </trkpt>
      <trkpt lat="-38.27904" lon="177.54002">
        <ele>500.6</ele>
      </trkpt>
      <trkpt lat="-38.27966" lon="177.54023">
        <ele>499.0</ele>
      </trkpt>
      <trkpt lat="-38.27989" lon="177.54039">
        <ele>498.8</ele>
      </trkpt>
      <trkpt lat="-38.28025" lon="177.54079">
        <ele>500.2</ele>
      </trkpt>
      <trkpt lat="-38.28051" lon="177.54111">
        <ele>501.6</ele>
      </trkpt>
      <trkpt lat="-38.28105" lon="177.54133">
        <ele>500.2</ele>
      </trkpt>
      <trkpt lat="-38.2812" lon="177.54135">
        <ele>500.5</ele>
      </trkpt>
      <trkpt lat="-38.2813" lon="177.54133">
        <ele>500.3</ele>
      </trkpt>
      <trkpt lat="-38.28156" lon="177.54117">
        <ele>498.5</ele>
      </trkpt>
      <trkpt lat="-38.28184" lon="177.5409">
        <ele>495.2</ele>
      </trkpt>
      <trkpt lat="-38.28233" lon="177.5406">
        <ele>492.7</ele>
      </trkpt>
      <trkpt lat="-38.28244" lon="177.54048">
        <ele>492.2</ele>
      </trkpt>
      <trkpt lat="-38.28245" lon="177.54022">
        <ele>491.5</ele>
      </trkpt>
      <trkpt lat="-38.28241" lon="177.53963">
        <ele>490.4</ele>
      </trkpt>
      <trkpt lat="-38.28241" lon="177.53943">
        <ele>490.2</ele>
      </trkpt>
      <trkpt lat="-38.28244" lon="177.53922">
        <ele>490.0</ele>
      </trkpt>
      <trkpt lat="-38.28249" lon="177.53904">
        <ele>490.1</ele>
      </trkpt>
      <trkpt lat="-38.28274" lon="177.53825">
        <ele>493.1</ele>
      </trkpt>
      <trkpt lat="-38.28279" lon="177.53808">
        <ele>493.7</ele>
      </trkpt>
      <trkpt lat="-38.28284" lon="177.53785">
        <ele>494.5</ele>
      </trkpt>
      <trkpt lat="-38.28285" lon="177.53772">
        <ele>495.0</ele>
      </trkpt>
      <trkpt lat="-38.28283" lon="177.53751">
        <ele>495.8</ele>
      </trkpt>
      <trkpt lat="-38.28276" lon="177.53717">
        <ele>497.5</ele>
      </trkpt>
      <trkpt lat="-38.28264" lon="177.53668">
        <ele>501.9</ele>
      </trkpt>
      <trkpt lat="-38.28237" lon="177.53581">
        <ele>494.1</ele>
      </trkpt>
      <trkpt lat="-38.28226" lon="177.53552">
        <ele>493.7</ele>
      </trkpt>
      <trkpt lat="-38.28222" lon="177.5353">
        <ele>493.6</ele>
      </trkpt>
      <trkpt lat="-38.28225" lon="177.53508">
        <ele>494.2</ele>
      </trkpt>
      <trkpt lat="-38.28234" lon="177.5348">
        <ele>494.2</ele>
      </trkpt>
      <trkpt lat="-38.28251" lon="177.53459">
        <ele>494.0</ele>
      </trkpt>
      <trkpt lat="-38.28266" lon="177.53449">
        <ele>492.8</ele>
      </trkpt>
      <trkpt lat="-38.28312" lon="177.5345">
        <ele>491.5</ele>
      </trkpt>
      <trkpt lat="-38.28358" lon="177.5345">
        <ele>490.4</ele>
      </trkpt>
      <trkpt lat="-38.2839" lon="177.53454">
        <ele>490.0</ele>
      </trkpt>
      <trkpt lat="-38.2846" lon="177.53449">
        <ele>490.5</ele>
      </trkpt>
      <trkpt lat="-38.28531" lon="177.53444">
        <ele>491.5</ele>
      </trkpt>
      <trkpt lat="-38.28549" lon="177.53441">
        <ele>491.5</ele>
      </trkpt>
      <trkpt lat="-38.28568" lon="177.53437">
        <ele>491.4</ele>
      </trkpt>
      <trkpt lat="-38.28599" lon="177.53424">
        <ele>491.5</ele>
      </trkpt>
      <trkpt lat="-38.28665" lon="177.53386">
        <ele>491.6</ele>
      </trkpt>
      <trkpt lat="-38.28731" lon="177.53349">
        <ele>491.1</ele>
      </trkpt>
      <trkpt lat="-38.28796" lon="177.53311">
        <ele>491.2</ele>
      </trkpt>
      <trkpt lat="-38.28862" lon="177.53273">
        <ele>492.5</ele>
      </trkpt>
      <trkpt lat="-38.28889" lon="177.53246">
        <ele>492.0</ele>
      </trkpt>
      <trkpt lat="-38.28903" lon="177.53216">
        <ele>491.9</ele>
      </trkpt>
      <trkpt lat="-38.28958" lon="177.53133">
        <ele>491.8</ele>
      </trkpt>
      <trkpt lat="-38.29016" lon="177.53087">
        <ele>492.2</ele>
      </trkpt>
      <trkpt lat="-38.29032" lon="177.53073">
        <ele>492.3</ele>
      </trkpt>
      <trkpt lat="-38.29065" lon="177.53057">
        <ele>492.5</ele>
      </trkpt>
      <trkpt lat="-38.29092" lon="177.53041">
        <ele>492.6</ele>
      </trkpt>
      <trkpt lat="-38.29112" lon="177.53017">
        <ele>492.6</ele>
      </trkpt>
      <trkpt lat="-38.29163" lon="177.52944">
        <ele>491.6</ele>
      </trkpt>
      <trkpt lat="-38.29215" lon="177.5287">
        <ele>492.1</ele>
      </trkpt>
      <trkpt lat="-38.29233" lon="177.52822">
        <ele>491.8</ele>
      </trkpt>
      <trkpt lat="-38.2924" lon="177.52763">
        <ele>491.9</ele>
      </trkpt>
      <trkpt lat="-38.29234" lon="177.52697">
        <ele>492.4</ele>
      </trkpt>
      <trkpt lat="-38.29229" lon="177.52631">
        <ele>492.2</ele>
      </trkpt>
      <trkpt lat="-38.29249" lon="177.52556">
        <ele>492.0</ele>
      </trkpt>
      <trkpt lat="-38.29265" lon="177.52516">
        <ele>493.5</ele>
      </trkpt>
      <trkpt lat="-38.29287" lon="177.52487">
        <ele>494.0</ele>
      </trkpt>
      <trkpt lat="-38.29322" lon="177.52458">
        <ele>494.0</ele>
      </trkpt>
      <trkpt lat="-38.29359" lon="177.52445">
        <ele>493.6</ele>
      </trkpt>
      <trkpt lat="-38.29421" lon="177.52439">
        <ele>492.8</ele>
      </trkpt>
      <trkpt lat="-38.29458" lon="177.52429">
        <ele>493.0</ele>
      </trkpt>
      <trkpt lat="-38.29543" lon="177.52393">
        <ele>492.7</ele>
      </trkpt>
      <trkpt lat="-38.29627" lon="177.52358">
        <ele>494.0</ele>
      </trkpt>
      <trkpt lat="-38.29711" lon="177.52323">
        <ele>495.4</ele>
      </trkpt>
      <trkpt lat="-38.29797" lon="177.5229">
        <ele>495.8</ele>
      </trkpt>
      <trkpt lat="-38.29882" lon="177.52258">
        <ele>499.0</ele>
      </trkpt>
      <trkpt lat="-38.29939" lon="177.52214">
        <ele>502.2</ele>
      </trkpt>
      <trkpt lat="-38.29991" lon="177.52171">
        <ele>503.8</ele>
      </trkpt>
      <trkpt lat="-38.30044" lon="177.52128">
        <ele>502.2</ele>
      </trkpt>
      <trkpt lat="-38.30074" lon="177.52102">
        <ele>500.7</ele>
      </trkpt>
      <trkpt lat="-38.30137" lon="177.52069">
        <ele>501.0</ele>
      </trkpt>
      <trkpt lat="-38.30214" lon="177.52068">
        <ele>501.9</ele>
      </trkpt>
      <trkpt lat="-38.30272" lon="177.52062">
        <ele>501.6</ele>
      </trkpt>
      <trkpt lat="-38.30329" lon="177.52057">
        <ele>503.0</ele>
      </trkpt>
      <trkpt lat="-38.30389" lon="177.5203">
        <ele>501.8</ele>
      </trkpt>
      <trkpt lat="-38.30448" lon="177.52003">
        <ele>502.5</ele>
      </trkpt>
      <trkpt lat="-38.3052" lon="177.51988">
        <ele>504.6</ele>
      </trkpt>
      <trkpt lat="-38.30594" lon="177.51995">
        <ele>505.3</ele>
      </trkpt>
      <trkpt lat="-38.30668" lon="177.52002">
        <ele>504.2</ele>
      </trkpt>
      <trkpt lat="-38.30741" lon="177.52009">
        <ele>505.0</ele>
      </trkpt>
      <trkpt lat="-38.30762" lon="177.52012">
        <ele>504.8</ele>
      </trkpt>
      <trkpt lat="-38.30777" lon="177.52018">
        <ele>504.8</ele>
      </trkpt>
      <trkpt lat="-38.30795" lon="177.52027">
        <ele>504.8</ele>
      </trkpt>
      <trkpt lat="-38.30808" lon="177.52035">
        <ele>504.8</ele>
      </trkpt>
      <trkpt lat="-38.3082" lon="177.52045">
        <ele>505.0</ele>
      </trkpt>
      <trkpt lat="-38.30833" lon="177.52058">
        <ele>505.2</ele>
      </trkpt>
      <trkpt lat="-38.30846" lon="177.52075">
        <ele>505.3</ele>
      </trkpt>
      <trkpt lat="-38.30892" lon="177.52146">
        <ele>506.2</ele>
      </trkpt>
      <trkpt lat="-38.30939" lon="177.52217">
        <ele>507.6</ele>
      </trkpt>
      <trkpt lat="-38.3098" lon="177.5227">
        <ele>507.2</ele>
      </trkpt>
      <trkpt lat="-38.31025" lon="177.5232">
        <ele>507.5</ele>
      </trkpt>
      <trkpt lat="-38.31066" lon="177.52359">
        <ele>507.7</ele>
      </trkpt>
      <trkpt lat="-38.31107" lon="177.52398">
        <ele>508.3</ele>
      </trkpt>
      <trkpt lat="-38.31152" lon="177.52437">
        <ele>510.6</ele>
      </trkpt>
      <trkpt lat="-38.31197" lon="177.52475">
        <ele>510.8</ele>
      </trkpt>
      <trkpt lat="-38.31241" lon="177.5252">
        <ele>512.5</ele>
      </trkpt>
      <trkpt lat="-38.31282" lon="177.52574">
        <ele>513.3</ele>
      </trkpt>
      <trkpt lat="-38.31315" lon="177.52624">
        <ele>513.1</ele>
      </trkpt>
      <trkpt lat="-38.31348" lon="177.52689">
        <ele>511.8</ele>
      </trkpt>
      <trkpt lat="-38.31381" lon="177.52754">
        <ele>510.5</ele>
      </trkpt>
      <trkpt lat="-38.31402" lon="177.52792">
        <ele>510.8</ele>
      </trkpt>
      <trkpt lat="-38.31426" lon="177.52829">
        <ele>510.3</ele>
      </trkpt>
      <trkpt lat="-38.31486" lon="177.52905">
        <ele>512.6</ele>
      </trkpt>
      <trkpt lat="-38.31547" lon="177.52981">
        <ele>514.5</ele>
      </trkpt>
      <trkpt lat="-38.3156" lon="177.52997">
        <ele>513.7</ele>
      </trkpt>
      <trkpt lat="-38.31595" lon="177.53025">
        <ele>514.3</ele>
      </trkpt>
      <trkpt lat="-38.31653" lon="177.53066">
        <ele>517.1</ele>
      </trkpt>
      <trkpt lat="-38.31711" lon="177.53107">
        <ele>517.5</ele>
      </trkpt>
      <trkpt lat="-38.31768" lon="177.53148">
        <ele>514.7</ele>
      </trkpt>
      <trkpt lat="-38.31804" lon="177.5317">
        <ele>512.7</ele>
      </trkpt>
      <trkpt lat="-38.3183" lon="177.5318">
        <ele>510.5</ele>
      </trkpt>
      <trkpt lat="-38.31857" lon="177.53188">
        <ele>513.4</ele>
      </trkpt>
      <trkpt lat="-38.31889" lon="177.53192">
        <ele>517.9</ele>
      </trkpt>
      <trkpt lat="-38.31953" lon="177.53194">
        <ele>521.0</ele>
      </trkpt>
      <trkpt lat="-38.32018" lon="177.53195">
        <ele>519.8</ele>
      </trkpt>
      <trkpt lat="-38.32082" lon="177.53197">
        <ele>519.0</ele>
      </trkpt>
      <trkpt lat="-38.32101" lon="177.53196">
        <ele>519.9</ele>
      </trkpt>
      <trkpt lat="-38.32119" lon="177.53192">
        <ele>520.2</ele>
      </trkpt>
      <trkpt lat="-38.32142" lon="177.53182">
        <ele>519.6</ele>
      </trkpt>
      <trkpt lat="-38.32195" lon="177.53148">
        <ele>517.8</ele>
      </trkpt>
      <trkpt lat="-38.32239" lon="177.53122">
        <ele>517.8</ele>
      </trkpt>
      <trkpt lat="-38.32261" lon="177.53113">
        <ele>517.8</ele>
      </trkpt>
      <trkpt lat="-38.32307" lon="177.53099">
        <ele>517.0</ele>
      </trkpt>
      <trkpt lat="-38.32353" lon="177.53086">
        <ele>516.5</ele>
      </trkpt>
      <trkpt lat="-38.32421" lon="177.53068">
        <ele>517.4</ele>
      </trkpt>
      <trkpt lat="-38.3249" lon="177.53049">
        <ele>518.0</ele>
      </trkpt>
      <trkpt lat="-38.32543" lon="177.53048">
        <ele>519.1</ele>
      </trkpt>
      <trkpt lat="-38.32582" lon="177.53057">
        <ele>520.8</ele>
      </trkpt>
      <trkpt lat="-38.32652" lon="177.53081">
        <ele>520.4</ele>
      </trkpt>
      <trkpt lat="-38.32722" lon="177.53105">
        <ele>521.4</ele>
      </trkpt>
      <trkpt lat="-38.32792" lon="177.53129">
        <ele>522.0</ele>
      </trkpt>
      <trkpt lat="-38.32862" lon="177.53153">
        <ele>520.2</ele>
      </trkpt>
      <trkpt lat="-38.32915" lon="177.53169">
        <ele>518.5</ele>
      </trkpt>
      <trkpt lat="-38.32968" lon="177.53186">
        <ele>518.0</ele>
      </trkpt>
      <trkpt lat="-38.32993" lon="177.532">
        <ele>519.8</ele>
      </trkpt>
      <trkpt lat="-38.33035" lon="177.53231">
        <ele>523.7</ele>
      </trkpt>
      <trkpt lat="-38.3307" lon="177.53243">
        <ele>522.9</ele>
      </trkpt>
      <trkpt lat="-38.331" lon="177.5325">
        <ele>522.2</ele>
      </trkpt>
      <trkpt lat="-38.33174" lon="177.53256">
        <ele>520.1</ele>
      </trkpt>
      <trkpt lat="-38.33201" lon="177.53272">
        <ele>521.0</ele>
      </trkpt>
      <trkpt lat="-38.33218" lon="177.53283">
        <ele>521.0</ele>
      </trkpt>
      <trkpt lat="-38.33271" lon="177.53306">
        <ele>519.8</ele>
      </trkpt>
      <trkpt lat="-38.33314" lon="177.53312">
        <ele>521.7</ele>
      </trkpt>
      <trkpt lat="-38.3336" lon="177.53314">
        <ele>523.3</ele>
      </trkpt>
      <trkpt lat="-38.33406" lon="177.53317">
        <ele>525.4</ele>
      </trkpt>
      <trkpt lat="-38.33486" lon="177.53319">
        <ele>525.3</ele>
      </trkpt>
      <trkpt lat="-38.33566" lon="177.53321">
        <ele>528.0</ele>
      </trkpt>
      <trkpt lat="-38.33627" lon="177.53332">
        <ele>528.8</ele>
      </trkpt>
      <trkpt lat="-38.33688" lon="177.53352">
        <ele>528.0</ele>
      </trkpt>
      <trkpt lat="-38.33763" lon="177.53373">
        <ele>525.9</ele>
      </trkpt>
      <trkpt lat="-38.33837" lon="177.53395">
        <ele>525.4</ele>
      </trkpt>
      <trkpt lat="-38.33912" lon="177.53416">
        <ele>526.0</ele>
      </trkpt>
      <trkpt lat="-38.33997" lon="177.53438">
        <ele>529.5</ele>
      </trkpt>
      <trkpt lat="-38.3408" lon="177.53461">
        <ele>530.7</ele>
      </trkpt>
      <trkpt lat="-38.34163" lon="177.53481">
        <ele>532.9</ele>
      </trkpt>
      <trkpt lat="-38.3418" lon="177.5348">
        <ele>533.5</ele>
      </trkpt>
      <trkpt lat="-38.34208" lon="177.53474">
        <ele>534.3</ele>
      </trkpt>
      <trkpt lat="-38.34232" lon="177.53468">
        <ele>535.2</ele>
      </trkpt>
      <trkpt lat="-38.34269" lon="177.53447">
        <ele>535.2</ele>
      </trkpt>
      <trkpt lat="-38.34332" lon="177.53401">
        <ele>534.8</ele>
      </trkpt>
      <trkpt lat="-38.34396" lon="177.53355">
        <ele>534.8</ele>
      </trkpt>
      <trkpt lat="-38.34464" lon="177.53311">
        <ele>533.1</ele>
      </trkpt>
      <trkpt lat="-38.34524" lon="177.53286">
        <ele>532.4</ele>
      </trkpt>
      <trkpt lat="-38.34565" lon="177.53277">
        <ele>531.5</ele>
      </trkpt>
      <trkpt lat="-38.34637" lon="177.53257">
        <ele>531.4</ele>
      </trkpt>
      <trkpt lat="-38.34693" lon="177.53244">
        <ele>532.2</ele>
      </trkpt>
      <trkpt lat="-38.34761" lon="177.53232">
        <ele>534.3</ele>
      </trkpt>
      <trkpt lat="-38.34823" lon="177.53232">
        <ele>538.8</ele>
      </trkpt>
      <trkpt lat="-38.34911" lon="177.5324">
        <ele>540.0</ele>
      </trkpt>
      <trkpt lat="-38.34998" lon="177.53249">
        <ele>541.8</ele>
      </trkpt>
      <trkpt lat="-38.35056" lon="177.53257">
        <ele>542.2</ele>
      </trkpt>
      <trkpt lat="-38.35113" lon="177.53265">
        <ele>540.4</ele>
      </trkpt>
      <trkpt lat="-38.35126" lon="177.53268">
        <ele>539.7</ele>
      </trkpt>
      <trkpt lat="-38.35201" lon="177.53292">
        <ele>537.7</ele>
      </trkpt>
      <trkpt lat="-38.35266" lon="177.53302">
        <ele>536.3</ele>
      </trkpt>
      <trkpt lat="-38.35331" lon="177.53312">
        <ele>538.2</ele>
      </trkpt>
      <trkpt lat="-38.3537" lon="177.53322">
        <ele>538.9</ele>
      </trkpt>
      <trkpt lat="-38.3539" lon="177.53329">
        <ele>539.1</ele>
      </trkpt>
      <trkpt lat="-38.35415" lon="177.5334">
        <ele>539.4</ele>
      </trkpt>
      <trkpt lat="-38.35436" lon="177.53351">
        <ele>540.5</ele>
      </trkpt>
      <trkpt lat="-38.3546" lon="177.53367">
        <ele>541.9</ele>
      </trkpt>
      <trkpt lat="-38.35485" lon="177.53386">
        <ele>543.3</ele>
      </trkpt>
      <trkpt lat="-38.35545" lon="177.53445">
        <ele>544.0</ele>
      </trkpt>
      <trkpt lat="-38.3558" lon="177.53476">
        <ele>543.1</ele>
      </trkpt>
      <trkpt lat="-38.35604" lon="177.53494">
        <ele>543.3</ele>
      </trkpt>
      <trkpt lat="-38.35636" lon="177.53516">
        <ele>544.2</ele>
      </trkpt>
      <trkpt lat="-38.35677" lon="177.53549">
        <ele>543.7</ele>
      </trkpt>
      <trkpt lat="-38.35686" lon="177.53555">
        <ele>543.6</ele>
      </trkpt>
      <trkpt lat="-38.35696" lon="177.53559">
        <ele>543.4</ele>
      </trkpt>
      <trkpt lat="-38.35709" lon="177.5356">
        <ele>543.3</ele>
      </trkpt>
      <trkpt lat="-38.35715" lon="177.53559">
        <ele>543.3</ele>
      </trkpt>
      <trkpt lat="-38.3573" lon="177.53552">
        <ele>542.5</ele>
      </trkpt>
      <trkpt lat="-38.35729" lon="177.53546">
        <ele>542.4</ele>
      </trkpt>
      <trkpt lat="-38.35727" lon="177.53535">
        <ele>542.2</ele>
      </trkpt>
      <trkpt lat="-38.35727" lon="177.53531">
        <ele>542.1</ele>
      </trkpt>
      <trkpt lat="-38.35727" lon="177.53531">
        <ele>542.1</ele>
      </trkpt>
      <trkpt lat="-38.35727" lon="177.53522">
        <ele>541.8</ele>
      </trkpt>
      <trkpt lat="-38.35728" lon="177.53515">
        <ele>541.6</ele>
      </trkpt>
      <trkpt lat="-38.35754" lon="177.53434">
        <ele>540.2</ele>
      </trkpt>
      <trkpt lat="-38.35779" lon="177.53353">
        <ele>537.5</ele>
      </trkpt>
      <trkpt lat="-38.35802" lon="177.53284">
        <ele>533.8</ele>
      </trkpt>
      <trkpt lat="-38.35811" lon="177.53265">
        <ele>532.9</ele>
      </trkpt>
      <trkpt lat="-38.35835" lon="177.5322">
        <ele>531.3</ele>
      </trkpt>
      <trkpt lat="-38.35871" lon="177.53165">
        <ele>531.3</ele>
      </trkpt>
      <trkpt lat="-38.35881" lon="177.53147">
        <ele>529.2</ele>
      </trkpt>
      <trkpt lat="-38.35889" lon="177.53127">
        <ele>526.4</ele>
      </trkpt>
      <trkpt lat="-38.35895" lon="177.53107">
        <ele>523.2</ele>
      </trkpt>
      <trkpt lat="-38.359" lon="177.53082">
        <ele>519.1</ele>
      </trkpt>
      <trkpt lat="-38.35902" lon="177.5306">
        <ele>517.7</ele>
      </trkpt>
      <trkpt lat="-38.35902" lon="177.5304">
        <ele>516.4</ele>
      </trkpt>
      <trkpt lat="-38.35892" lon="177.52966">
        <ele>517.4</ele>
      </trkpt>
      <trkpt lat="-38.35889" lon="177.52947">
        <ele>517.6</ele>
      </trkpt>
      <trkpt lat="-38.35885" lon="177.5291">
        <ele>518.2</ele>
      </trkpt>
      <trkpt lat="-38.35883" lon="177.52883">
        <ele>519.7</ele>
      </trkpt>
      <trkpt lat="-38.35882" lon="177.52867">
        <ele>520.7</ele>
      </trkpt>
      <trkpt lat="-38.35883" lon="177.52846">
        <ele>522.1</ele>
      </trkpt>
      <trkpt lat="-38.35884" lon="177.52835">
        <ele>523.0</ele>
      </trkpt>
      <trkpt lat="-38.35889" lon="177.52811">
        <ele>522.0</ele>
      </trkpt>
      <trkpt lat="-38.35894" lon="177.528">
        <ele>521.6</ele>
      </trkpt>
      <trkpt lat="-38.35903" lon="177.5278">
        <ele>520.8</ele>
      </trkpt>
      <trkpt lat="-38.35919" lon="177.52754">
        <ele>519.7</ele>
      </trkpt>
      <trkpt lat="-38.35951" lon="177.52709">
        <ele>521.0</ele>
      </trkpt>
      <trkpt lat="-38.35983" lon="177.52665">
        <ele>521.5</ele>
      </trkpt>
      <trkpt lat="-38.36" lon="177.52639">
        <ele>521.0</ele>
      </trkpt>
      <trkpt lat="-38.36022" lon="177.52602">
        <ele>520.5</ele>
      </trkpt>
      <trkpt lat="-38.3606" lon="177.52527">
        <ele>519.5</ele>
      </trkpt>
      <trkpt lat="-38.36099" lon="177.52448">
        <ele>520.0</ele>
      </trkpt>
      <trkpt lat="-38.36137" lon="177.52369">
        <ele>520.7</ele>
      </trkpt>
      <trkpt lat="-38.36176" lon="177.5229">
        <ele>522.9</ele>
      </trkpt>
      <trkpt lat="-38.36215" lon="177.52212">
        <ele>523.6</ele>
      </trkpt>
      <trkpt lat="-38.36224" lon="177.52193">
        <ele>523.6</ele>
      </trkpt>
      <trkpt lat="-38.36237" lon="177.52171">
        <ele>524.0</ele>
      </trkpt>
      <trkpt lat="-38.36274" lon="177.52113">
        <ele>526.0</ele>
      </trkpt>
      <trkpt lat="-38.36306" lon="177.52058">
        <ele>525.5</ele>
      </trkpt>
      <trkpt lat="-38.36324" lon="177.52019">
        <ele>524.5</ele>
      </trkpt>
      <trkpt lat="-38.36355" lon="177.51937">
        <ele>524.5</ele>
      </trkpt>
      <trkpt lat="-38.36386" lon="177.51856">
        <ele>524.0</ele>
      </trkpt>
      <trkpt lat="-38.36399" lon="177.51814">
        <ele>524.8</ele>
      </trkpt>
      <trkpt lat="-38.36408" lon="177.51768">
        <ele>527.2</ele>
      </trkpt>
      <trkpt lat="-38.36415" lon="177.51721">
        <ele>529.1</ele>
      </trkpt>
      <trkpt lat="-38.36417" lon="177.517">
        <ele>529.7</ele>
      </trkpt>
      <trkpt lat="-38.36421" lon="177.51633">
        <ele>530.0</ele>
      </trkpt>
      <trkpt lat="-38.36427" lon="177.5159">
        <ele>530.2</ele>
      </trkpt>
      <trkpt lat="-38.36432" lon="177.51568">
        <ele>530.5</ele>
      </trkpt>
      <trkpt lat="-38.36444" lon="177.51526">
        <ele>531.5</ele>
      </trkpt>
      <trkpt lat="-38.36469" lon="177.51453">
        <ele>532.5</ele>
      </trkpt>
      <trkpt lat="-38.36476" lon="177.5143">
        <ele>531.9</ele>
      </trkpt>
      <trkpt lat="-38.36484" lon="177.51401">
        <ele>531.7</ele>
      </trkpt>
      <trkpt lat="-38.36489" lon="177.51378">
        <ele>531.8</ele>
      </trkpt>
      <trkpt lat="-38.36491" lon="177.51356">
        <ele>531.4</ele>
      </trkpt>
      <trkpt lat="-38.36492" lon="177.51334">
        <ele>530.9</ele>
      </trkpt>
      <trkpt lat="-38.36492" lon="177.51312">
        <ele>529.9</ele>
      </trkpt>
      <trkpt lat="-38.3649" lon="177.5129">
        <ele>528.7</ele>
      </trkpt>
      <trkpt lat="-38.36487" lon="177.5127">
        <ele>527.6</ele>
      </trkpt>
      <trkpt lat="-38.36471" lon="177.51194">
        <ele>529.6</ele>
      </trkpt>
      <trkpt lat="-38.36449" lon="177.51094">
        <ele>531.7</ele>
      </trkpt>
      <trkpt lat="-38.36435" lon="177.51031">
        <ele>529.3</ele>
      </trkpt>
      <trkpt lat="-38.36422" lon="177.50968">
        <ele>526.6</ele>
      </trkpt>
      <trkpt lat="-38.36412" lon="177.50925">
        <ele>524.8</ele>
      </trkpt>
      <trkpt lat="-38.36398" lon="177.50882">
        <ele>526.6</ele>
      </trkpt>
      <trkpt lat="-38.3639" lon="177.50863">
        <ele>527.1</ele>
      </trkpt>
      <trkpt lat="-38.3638" lon="177.50843">
        <ele>527.1</ele>
      </trkpt>
      <trkpt lat="-38.36365" lon="177.50817">
        <ele>527.2</ele>
      </trkpt>
      <trkpt lat="-38.36329" lon="177.50767">
        <ele>525.5</ele>
      </trkpt>
      <trkpt lat="-38.36312" lon="177.50741">
        <ele>526.5</ele>
      </trkpt>
      <trkpt lat="-38.36298" lon="177.50712">
        <ele>528.1</ele>
      </trkpt>
      <trkpt lat="-38.36285" lon="177.50682">
        <ele>529.2</ele>
      </trkpt>
      <trkpt lat="-38.36273" lon="177.50651">
        <ele>529.7</ele>
      </trkpt>
      <trkpt lat="-38.36266" lon="177.50625">
        <ele>530.5</ele>
      </trkpt>
      <trkpt lat="-38.36253" lon="177.50568">
        <ele>531.9</ele>
      </trkpt>
      <trkpt lat="-38.36234" lon="177.50467">
        <ele>531.6</ele>
      </trkpt>
      <trkpt lat="-38.36215" lon="177.50366">
        <ele>530.6</ele>
      </trkpt>
      <trkpt lat="-38.36195" lon="177.50266">
        <ele>530.5</ele>
      </trkpt>
      <trkpt lat="-38.36192" lon="177.5024">
        <ele>530.8</ele>
      </trkpt>
      <trkpt lat="-38.36191" lon="177.50216">
        <ele>531.0</ele>
      </trkpt>
      <trkpt lat="-38.36192" lon="177.5019">
        <ele>531.7</ele>
      </trkpt>
      <trkpt lat="-38.36194" lon="177.50167">
        <ele>532.6</ele>
      </trkpt>
      <trkpt lat="-38.36208" lon="177.50067">
        <ele>528.4</ele>
      </trkpt>
      <trkpt lat="-38.36221" lon="177.49968">
        <ele>523.7</ele>
      </trkpt>
      <trkpt lat="-38.36235" lon="177.49869">
        <ele>523.8</ele>
      </trkpt>
      <trkpt lat="-38.36249" lon="177.49769">
        <ele>524.0</ele>
      </trkpt>
      <trkpt lat="-38.36262" lon="177.4967">
        <ele>526.5</ele>
      </trkpt>
      <trkpt lat="-38.36276" lon="177.4957">
        <ele>531.7</ele>
      </trkpt>
      <trkpt lat="-38.36288" lon="177.49489">
        <ele>535.7</ele>
      </trkpt>
      <trkpt lat="-38.36299" lon="177.49407">
        <ele>539.2</ele>
      </trkpt>
      <trkpt lat="-38.36314" lon="177.49309">
        <ele>543.7</ele>
      </trkpt>
      <trkpt lat="-38.36326" lon="177.49244">
        <ele>547.1</ele>
      </trkpt>
      <trkpt lat="-38.36333" lon="177.49212">
        <ele>547.6</ele>
      </trkpt>
      <trkpt lat="-38.3635" lon="177.49149">
        <ele>549.2</ele>
      </trkpt>
      <trkpt lat="-38.36361" lon="177.49117">
        <ele>552.5</ele>
      </trkpt>
      <trkpt lat="-38.36379" lon="177.4907">
        <ele>558.4</ele>
      </trkpt>
      <trkpt lat="-38.3639" lon="177.49048">
        <ele>561.3</ele>
      </trkpt>
      <trkpt lat="-38.36404" lon="177.49024">
        <ele>564.5</ele>
      </trkpt>
      <trkpt lat="-38.36421" lon="177.48999">
        <ele>567.5</ele>
      </trkpt>
      <trkpt lat="-38.3646" lon="177.48954">
        <ele>570.7</ele>
      </trkpt>
      <trkpt lat="-38.36519" lon="177.48897">
        <ele>572.6</ele>
      </trkpt>
      <trkpt lat="-38.3654" lon="177.48879">
        <ele>573.5</ele>
      </trkpt>
      <trkpt lat="-38.36557" lon="177.48867">
        <ele>573.1</ele>
      </trkpt>
      <trkpt lat="-38.36598" lon="177.48839">
        <ele>569.9</ele>
      </trkpt>
      <trkpt lat="-38.36654" lon="177.4881">
        <ele>567.6</ele>
      </trkpt>
      <trkpt lat="-38.36706" lon="177.48783">
        <ele>563.3</ele>
      </trkpt>
      <trkpt lat="-38.36758" lon="177.48757">
        <ele>559.0</ele>
      </trkpt>
      <trkpt lat="-38.36808" lon="177.48733">
        <ele>555.5</ele>
      </trkpt>
      <trkpt lat="-38.36858" lon="177.48709">
        <ele>555.2</ele>
      </trkpt>
      <trkpt lat="-38.36874" lon="177.48702">
        <ele>555.4</ele>
      </trkpt>
      <trkpt lat="-38.3691" lon="177.48688">
        <ele>555.7</ele>
      </trkpt>
      <trkpt lat="-38.36944" lon="177.48681">
        <ele>554.6</ele>
      </trkpt>
      <trkpt lat="-38.36962" lon="177.48679">
        <ele>554.0</ele>
      </trkpt>
      <trkpt lat="-38.36975" lon="177.4868">
        <ele>554.2</ele>
      </trkpt>
      <trkpt lat="-38.36998" lon="177.48688">
        <ele>556.4</ele>
      </trkpt>
      <trkpt lat="-38.37013" lon="177.48695">
        <ele>556.6</ele>
      </trkpt>
      <trkpt lat="-38.37045" lon="177.48714">
        <ele>557.4</ele>
      </trkpt>
      <trkpt lat="-38.37087" lon="177.48741">
        <ele>558.9</ele>
      </trkpt>
      <trkpt lat="-38.37099" lon="177.48748">
        <ele>559.2</ele>
      </trkpt>
      <trkpt lat="-38.37114" lon="177.48754">
        <ele>559.3</ele>
      </trkpt>
      <trkpt lat="-38.37133" lon="177.48759">
        <ele>558.8</ele>
      </trkpt>
      <trkpt lat="-38.37167" lon="177.48759">
        <ele>554.3</ele>
      </trkpt>
      <trkpt lat="-38.37245" lon="177.48748">
        <ele>548.7</ele>
      </trkpt>
      <trkpt lat="-38.37263" lon="177.48744">
        <ele>549.2</ele>
      </trkpt>
      <trkpt lat="-38.37281" lon="177.48741">
        <ele>550.2</ele>
      </trkpt>
      <trkpt lat="-38.37299" lon="177.48736">
        <ele>550.7</ele>
      </trkpt>
      <trkpt lat="-38.37316" lon="177.4873">
        <ele>550.6</ele>
      </trkpt>
      <trkpt lat="-38.37333" lon="177.48722">
        <ele>549.9</ele>
      </trkpt>
      <trkpt lat="-38.37349" lon="177.48713">
        <ele>549.3</ele>
      </trkpt>
      <trkpt lat="-38.37366" lon="177.48704">
        <ele>548.6</ele>
      </trkpt>
      <trkpt lat="-38.37397" lon="177.48684">
        <ele>545.7</ele>
      </trkpt>
      <trkpt lat="-38.37435" lon="177.48655">
        <ele>541.0</ele>
      </trkpt>
      <trkpt lat="-38.37455" lon="177.48639">
        <ele>540.0</ele>
      </trkpt>
      <trkpt lat="-38.37465" lon="177.48628">
        <ele>539.4</ele>
      </trkpt>
      <trkpt lat="-38.37476" lon="177.48612">
        <ele>538.6</ele>
      </trkpt>
      <trkpt lat="-38.37483" lon="177.486">
        <ele>538.1</ele>
      </trkpt>
      <trkpt lat="-38.37492" lon="177.48582">
        <ele>537.6</ele>
      </trkpt>
      <trkpt lat="-38.37513" lon="177.48531">
        <ele>538.0</ele>
      </trkpt>
      <trkpt lat="-38.37534" lon="177.4848">
        <ele>538.7</ele>
      </trkpt>
      <trkpt lat="-38.37543" lon="177.48463">
        <ele>538.7</ele>
      </trkpt>
      <trkpt lat="-38.37564" lon="177.48424">
        <ele>537.5</ele>
      </trkpt>
      <trkpt lat="-38.37586" lon="177.4839">
        <ele>538.2</ele>
      </trkpt>
      <trkpt lat="-38.37624" lon="177.48338">
        <ele>549.2</ele>
      </trkpt>
      <trkpt lat="-38.37637" lon="177.48321">
        <ele>551.7</ele>
      </trkpt>
      <trkpt lat="-38.37679" lon="177.4827">
        <ele>553.2</ele>
      </trkpt>
      <trkpt lat="-38.37687" lon="177.4826">
        <ele>554.4</ele>
      </trkpt>
      <trkpt lat="-38.37697" lon="177.48244">
        <ele>556.3</ele>
      </trkpt>
      <trkpt lat="-38.37708" lon="177.48225">
        <ele>559.3</ele>
      </trkpt>
      <trkpt lat="-38.37717" lon="177.48203">
        <ele>561.1</ele>
      </trkpt>
      <trkpt lat="-38.37725" lon="177.48176">
        <ele>561.9</ele>
      </trkpt>
      <trkpt lat="-38.37728" lon="177.48153">
        <ele>561.3</ele>
      </trkpt>
      <trkpt lat="-38.37729" lon="177.48129">
        <ele>560.0</ele>
      </trkpt>
      <trkpt lat="-38.37727" lon="177.48056">
        <ele>554.2</ele>
      </trkpt>
      <trkpt lat="-38.37729" lon="177.4802">
        <ele>552.2</ele>
      </trkpt>
      <trkpt lat="-38.37729" lon="177.48011">
        <ele>551.5</ele>
      </trkpt>
      <trkpt lat="-38.37732" lon="177.47999">
        <ele>551.1</ele>
      </trkpt>
      <trkpt lat="-38.37739" lon="177.47977">
        <ele>549.5</ele>
      </trkpt>
      <trkpt lat="-38.37746" lon="177.47965">
        <ele>548.9</ele>
      </trkpt>
      <trkpt lat="-38.3776" lon="177.47951">
        <ele>549.5</ele>
      </trkpt>
      <trkpt lat="-38.37768" lon="177.47945">
        <ele>549.9</ele>
      </trkpt>
      <trkpt lat="-38.37784" lon="177.47936">
        <ele>550.7</ele>
      </trkpt>
      <trkpt lat="-38.37845" lon="177.47913">
        <ele>554.0</ele>
      </trkpt>
      <trkpt lat="-38.37879" lon="177.47897">
        <ele>560.2</ele>
      </trkpt>
      <trkpt lat="-38.37895" lon="177.47888">
        <ele>561.6</ele>
      </trkpt>
      <trkpt lat="-38.3791" lon="177.47876">
        <ele>561.0</ele>
      </trkpt>
      <trkpt lat="-38.37925" lon="177.47862">
        <ele>561.5</ele>
      </trkpt>
      <trkpt lat="-38.37937" lon="177.47847">
        <ele>562.2</ele>
      </trkpt>
      <trkpt lat="-38.37948" lon="177.4783">
        <ele>562.3</ele>
      </trkpt>
      <trkpt lat="-38.3796" lon="177.47809">
        <ele>564.4</ele>
      </trkpt>
      <trkpt lat="-38.37969" lon="177.47789">
        <ele>564.2</ele>
      </trkpt>
      <trkpt lat="-38.37976" lon="177.47771">
        <ele>562.8</ele>
      </trkpt>
      <trkpt lat="-38.37982" lon="177.4775">
        <ele>559.8</ele>
      </trkpt>
      <trkpt lat="-38.38" lon="177.47675">
        <ele>550.6</ele>
      </trkpt>
      <trkpt lat="-38.3801" lon="177.47631">
        <ele>549.7</ele>
      </trkpt>
      <trkpt lat="-38.38022" lon="177.47567">
        <ele>549.0</ele>
      </trkpt>
      <trkpt lat="-38.38032" lon="177.47498">
        <ele>553.3</ele>
      </trkpt>
      <trkpt lat="-38.38042" lon="177.47429">
        <ele>556.9</ele>
      </trkpt>
      <trkpt lat="-38.38049" lon="177.47405">
        <ele>558.3</ele>
      </trkpt>
      <trkpt lat="-38.38058" lon="177.47386">
        <ele>559.4</ele>
      </trkpt>
      <trkpt lat="-38.38078" lon="177.47349">
        <ele>561.3</ele>
      </trkpt>
      <trkpt lat="-38.38085" lon="177.47329">
        <ele>561.4</ele>
      </trkpt>
      <trkpt lat="-38.38089" lon="177.47309">
        <ele>562.2</ele>
      </trkpt>
      <trkpt lat="-38.38098" lon="177.47249">
        <ele>564.4</ele>
      </trkpt>
      <trkpt lat="-38.38107" lon="177.47189">
        <ele>568.7</ele>
      </trkpt>
      <trkpt lat="-38.38109" lon="177.47166">
        <ele>569.4</ele>
      </trkpt>
      <trkpt lat="-38.38109" lon="177.47145">
        <ele>567.7</ele>
      </trkpt>
      <trkpt lat="-38.38106" lon="177.47122">
        <ele>564.9</ele>
      </trkpt>
      <trkpt lat="-38.38091" lon="177.47081">
        <ele>559.1</ele>
      </trkpt>
      <trkpt lat="-38.38083" lon="177.47065">
        <ele>556.4</ele>
      </trkpt>
      <trkpt lat="-38.38072" lon="177.47048">
        <ele>553.7</ele>
      </trkpt>
      <trkpt lat="-38.3809" lon="177.4703">
        <ele>553.7</ele>
      </trkpt>
      <trkpt lat="-38.38104" lon="177.4702">
        <ele>552.8</ele>
      </trkpt>
      <trkpt lat="-38.38112" lon="177.47017">
        <ele>552.4</ele>
      </trkpt>
      <trkpt lat="-38.38121" lon="177.47015">
        <ele>552.0</ele>
      </trkpt>
      <trkpt lat="-38.38131" lon="177.47015">
        <ele>551.9</ele>
      </trkpt>
      <trkpt lat="-38.38147" lon="177.47019">
        <ele>552.9</ele>
      </trkpt>
      <trkpt lat="-38.38189" lon="177.47037">
        <ele>559.4</ele>
      </trkpt>
      <trkpt lat="-38.38239" lon="177.4705">
        <ele>565.0</ele>
      </trkpt>
      <trkpt lat="-38.38288" lon="177.47062">
        <ele>563.4</ele>
      </trkpt>
      <trkpt lat="-38.38374" lon="177.47091">
        <ele>556.0</ele>
      </trkpt>
      <trkpt lat="-38.38401" lon="177.47105">
        <ele>557.4</ele>
      </trkpt>
      <trkpt lat="-38.38424" lon="177.47121">
        <ele>559.4</ele>
      </trkpt>
      <trkpt lat="-38.38445" lon="177.47143">
        <ele>562.3</ele>
      </trkpt>
      <trkpt lat="-38.38469" lon="177.47176">
        <ele>564.7</ele>
      </trkpt>
      <trkpt lat="-38.38485" lon="177.47194">
        <ele>565.2</ele>
      </trkpt>
      <trkpt lat="-38.38503" lon="177.47211">
        <ele>564.3</ele>
      </trkpt>
      <trkpt lat="-38.38516" lon="177.47219">
        <ele>563.9</ele>
      </trkpt>
      <trkpt lat="-38.3854" lon="177.47225">
        <ele>559.9</ele>
      </trkpt>
      <trkpt lat="-38.38579" lon="177.47246">
        <ele>553.7</ele>
      </trkpt>
      <trkpt lat="-38.38595" lon="177.47251">
        <ele>552.8</ele>
      </trkpt>
      <trkpt lat="-38.38613" lon="177.47249">
        <ele>551.5</ele>
      </trkpt>
      <trkpt lat="-38.38628" lon="177.47241">
        <ele>550.3</ele>
      </trkpt>
      <trkpt lat="-38.38644" lon="177.47228">
        <ele>549.4</ele>
      </trkpt>
      <trkpt lat="-38.38661" lon="177.47207">
        <ele>549.3</ele>
      </trkpt>
      <trkpt lat="-38.38708" lon="177.47134">
        <ele>561.2</ele>
      </trkpt>
      <trkpt lat="-38.38729" lon="177.4709">
        <ele>565.8</ele>
      </trkpt>
      <trkpt lat="-38.3875" lon="177.47059">
        <ele>569.8</ele>
      </trkpt>
      <trkpt lat="-38.38772" lon="177.47032">
        <ele>571.9</ele>
      </trkpt>
      <trkpt lat="-38.38797" lon="177.46997">
        <ele>574.0</ele>
      </trkpt>
      <trkpt lat="-38.38811" lon="177.46981">
        <ele>576.0</ele>
      </trkpt>
      <trkpt lat="-38.38822" lon="177.4697">
        <ele>577.9</ele>
      </trkpt>
      <trkpt lat="-38.38833" lon="177.46963">
        <ele>580.4</ele>
      </trkpt>
      <trkpt lat="-38.38843" lon="177.46957">
        <ele>581.3</ele>
      </trkpt>
      <trkpt lat="-38.38855" lon="177.46954">
        <ele>582.8</ele>
      </trkpt>
      <trkpt lat="-38.38872" lon="177.46954">
        <ele>585.3</ele>
      </trkpt>
      <trkpt lat="-38.38889" lon="177.46957">
        <ele>588.0</ele>
      </trkpt>
      <trkpt lat="-38.3891" lon="177.46961">
        <ele>591.1</ele>
      </trkpt>
      <trkpt lat="-38.38966" lon="177.4698">
        <ele>594.0</ele>
      </trkpt>
      <trkpt lat="-38.38976" lon="177.4698">
        <ele>594.3</ele>
      </trkpt>
      <trkpt lat="-38.38987" lon="177.46978">
        <ele>594.6</ele>
      </trkpt>
      <trkpt lat="-38.38996" lon="177.46972">
        <ele>594.9</ele>
      </trkpt>
      <trkpt lat="-38.39006" lon="177.46961">
        <ele>595.0</ele>
      </trkpt>
      <trkpt lat="-38.39019" lon="177.46944">
        <ele>595.0</ele>
      </trkpt>
      <trkpt lat="-38.39032" lon="177.46933">
        <ele>595.2</ele>
      </trkpt>
      <trkpt lat="-38.39105" lon="177.46898">
        <ele>597.2</ele>
      </trkpt>
      <trkpt lat="-38.39138" lon="177.46879">
        <ele>599.4</ele>
      </trkpt>
      <trkpt lat="-38.39152" lon="177.46868">
        <ele>600.3</ele>
      </trkpt>
      <trkpt lat="-38.3916" lon="177.46858">
        <ele>600.5</ele>
      </trkpt>
      <trkpt lat="-38.39168" lon="177.46844">
        <ele>600.7</ele>
      </trkpt>
      <trkpt lat="-38.39173" lon="177.46828">
        <ele>601.0</ele>
      </trkpt>
      <trkpt lat="-38.39177" lon="177.46811">
        <ele>601.3</ele>
      </trkpt>
      <trkpt lat="-38.3918" lon="177.46741">
        <ele>599.9</ele>
      </trkpt>
      <trkpt lat="-38.39185" lon="177.46687">
        <ele>599.1</ele>
      </trkpt>
      <trkpt lat="-38.39191" lon="177.46642">
        <ele>598.6</ele>
      </trkpt>
      <trkpt lat="-38.39199" lon="177.46607">
        <ele>598.5</ele>
      </trkpt>
      <trkpt lat="-38.39203" lon="177.46591">
        <ele>598.5</ele>
      </trkpt>
      <trkpt lat="-38.39208" lon="177.46579">
        <ele>598.6</ele>
      </trkpt>
      <trkpt lat="-38.39214" lon="177.46568">
        <ele>598.6</ele>
      </trkpt>
      <trkpt lat="-38.39223" lon="177.46556">
        <ele>598.9</ele>
      </trkpt>
      <trkpt lat="-38.39271" lon="177.46505">
        <ele>600.4</ele>
      </trkpt>
      <trkpt lat="-38.3932" lon="177.46455">
        <ele>597.7</ele>
      </trkpt>
      <trkpt lat="-38.39336" lon="177.46437">
        <ele>595.2</ele>
      </trkpt>
      <trkpt lat="-38.39355" lon="177.46427">
        <ele>593.4</ele>
      </trkpt>
      <trkpt lat="-38.39408" lon="177.46409">
        <ele>588.9</ele>
      </trkpt>
      <trkpt lat="-38.3943" lon="177.46409">
        <ele>588.1</ele>
      </trkpt>
      <trkpt lat="-38.3945" lon="177.46414">
        <ele>588.0</ele>
      </trkpt>
      <trkpt lat="-38.39468" lon="177.46423">
        <ele>588.6</ele>
      </trkpt>
      <trkpt lat="-38.3948" lon="177.46434">
        <ele>589.4</ele>
      </trkpt>
      <trkpt lat="-38.39492" lon="177.46454">
        <ele>591.1</ele>
      </trkpt>
      <trkpt lat="-38.39517" lon="177.46491">
        <ele>591.2</ele>
      </trkpt>
      <trkpt lat="-38.39532" lon="177.46506">
        <ele>590.0</ele>
      </trkpt>
      <trkpt lat="-38.39563" lon="177.46568">
        <ele>591.4</ele>
      </trkpt>
      <trkpt lat="-38.39595" lon="177.46631">
        <ele>590.7</ele>
      </trkpt>
      <trkpt lat="-38.39601" lon="177.4667">
        <ele>593.7</ele>
      </trkpt>
      <trkpt lat="-38.39604" lon="177.46764">
        <ele>596.2</ele>
      </trkpt>
      <trkpt lat="-38.39612" lon="177.46804">
        <ele>595.7</ele>
      </trkpt>
      <trkpt lat="-38.39634" lon="177.46835">
        <ele>593.4</ele>
      </trkpt>
      <trkpt lat="-38.39649" lon="177.46845">
        <ele>591.9</ele>
      </trkpt>
      <trkpt lat="-38.39666" lon="177.4685">
        <ele>589.9</ele>
      </trkpt>
      <trkpt lat="-38.39696" lon="177.4684">
        <ele>590.5</ele>
      </trkpt>
      <trkpt lat="-38.39748" lon="177.46808">
        <ele>590.4</ele>
      </trkpt>
      <trkpt lat="-38.398" lon="177.46776">
        <ele>588.9</ele>
      </trkpt>
      <trkpt lat="-38.39828" lon="177.46749">
        <ele>585.9</ele>
      </trkpt>
      <trkpt lat="-38.3984" lon="177.4675">
        <ele>585.8</ele>
      </trkpt>
      <trkpt lat="-38.3984" lon="177.4675">
        <ele>585.8</ele>
      </trkpt>
      <trkpt lat="-38.39857" lon="177.46755">
        <ele>585.7</ele>
      </trkpt>
      <trkpt lat="-38.39874" lon="177.46767">
        <ele>586.5</ele>
      </trkpt>
      <trkpt lat="-38.39925" lon="177.46796">
        <ele>587.8</ele>
      </trkpt>
      <trkpt lat="-38.39945" lon="177.46802">
        <ele>588.0</ele>
      </trkpt>
      <trkpt lat="-38.4" lon="177.46803">
        <ele>586.9</ele>
      </trkpt>
      <trkpt lat="-38.40049" lon="177.46766">
        <ele>588.0</ele>
      </trkpt>
      <trkpt lat="-38.40049" lon="177.46766">
        <ele>588.0</ele>
      </trkpt>
      <trkpt lat="-38.40055" lon="177.46757">
        <ele>587.9</ele>
      </trkpt>
      <trkpt lat="-38.40085" lon="177.46738">
        <ele>587.8</ele>
      </trkpt>
      <trkpt lat="-38.40097" lon="177.46726">
        <ele>587.0</ele>
      </trkpt>
      <trkpt lat="-38.4012" lon="177.4672">
        <ele>587.4</ele>
      </trkpt>
      <trkpt lat="-38.4014" lon="177.46723">
        <ele>588.6</ele>
      </trkpt>
      <trkpt lat="-38.4016" lon="177.46737">
        <ele>590.6</ele>
      </trkpt>
      <trkpt lat="-38.40202" lon="177.46727">
        <ele>591.6</ele>
      </trkpt>
      <trkpt lat="-38.40215" lon="177.46715">
        <ele>591.3</ele>
      </trkpt>
      <trkpt lat="-38.40225" lon="177.46702">
        <ele>590.9</ele>
      </trkpt>
      <trkpt lat="-38.40267" lon="177.46639">
        <ele>587.2</ele>
      </trkpt>
      <trkpt lat="-38.40285" lon="177.46621">
        <ele>585.2</ele>
      </trkpt>
      <trkpt lat="-38.40317" lon="177.46611">
        <ele>584.0</ele>
      </trkpt>
      <trkpt lat="-38.40331" lon="177.4661">
        <ele>583.8</ele>
      </trkpt>
      <trkpt lat="-38.4036" lon="177.46627">
        <ele>585.9</ele>
      </trkpt>
      <trkpt lat="-38.40375" lon="177.46632">
        <ele>586.3</ele>
      </trkpt>
      <trkpt lat="-38.40396" lon="177.46631">
        <ele>585.8</ele>
      </trkpt>
      <trkpt lat="-38.40459" lon="177.46592">
        <ele>584.4</ele>
      </trkpt>
      <trkpt lat="-38.40527" lon="177.46567">
        <ele>585.4</ele>
      </trkpt>
      <trkpt lat="-38.40595" lon="177.46543">
        <ele>586.7</ele>
      </trkpt>
      <trkpt lat="-38.40663" lon="177.46519">
        <ele>586.6</ele>
      </trkpt>
      <trkpt lat="-38.40681" lon="177.46517">
        <ele>587.2</ele>
      </trkpt>
      <trkpt lat="-38.40753" lon="177.46516">
        <ele>590.3</ele>
      </trkpt>
      <trkpt lat="-38.40825" lon="177.46515">
        <ele>592.0</ele>
      </trkpt>
      <trkpt lat="-38.40898" lon="177.46514">
        <ele>592.8</ele>
      </trkpt>
      <trkpt lat="-38.4097" lon="177.46512">
        <ele>592.6</ele>
      </trkpt>
      <trkpt lat="-38.40987" lon="177.46509">
        <ele>592.4</ele>
      </trkpt>
      <trkpt lat="-38.41009" lon="177.46491">
        <ele>593.1</ele>
      </trkpt>
      <trkpt lat="-38.41029" lon="177.46457">
        <ele>595.8</ele>
      </trkpt>
      <trkpt lat="-38.41056" lon="177.46369">
        <ele>596.2</ele>
      </trkpt>
      <trkpt lat="-38.41084" lon="177.46282">
        <ele>593.6</ele>
      </trkpt>
      <trkpt lat="-38.41112" lon="177.46194">
        <ele>591.0</ele>
      </trkpt>
      <trkpt lat="-38.41158" lon="177.46139">
        <ele>594.9</ele>
      </trkpt>
      <trkpt lat="-38.41224" lon="177.46072">
        <ele>595.5</ele>
      </trkpt>
      <trkpt lat="-38.41285" lon="177.46047">
        <ele>595.6</ele>
      </trkpt>
      <trkpt lat="-38.41346" lon="177.46023">
        <ele>596.2</ele>
      </trkpt>
      <trkpt lat="-38.41402" lon="177.4599">
        <ele>595.5</ele>
      </trkpt>
      <trkpt lat="-38.41479" lon="177.45948">
        <ele>596.4</ele>
      </trkpt>
      <trkpt lat="-38.41539" lon="177.45877">
        <ele>594.7</ele>
      </trkpt>
      <trkpt lat="-38.41599" lon="177.45805">
        <ele>591.4</ele>
      </trkpt>
      <trkpt lat="-38.41659" lon="177.45733">
        <ele>592.5</ele>
      </trkpt>
      <trkpt lat="-38.41696" lon="177.45715">
        <ele>593.3</ele>
      </trkpt>
      <trkpt lat="-38.41754" lon="177.45694">
        <ele>592.6</ele>
      </trkpt>
      <trkpt lat="-38.41768" lon="177.45695">
        <ele>593.0</ele>
      </trkpt>
      <trkpt lat="-38.41818" lon="177.45712">
        <ele>596.0</ele>
      </trkpt>
      <trkpt lat="-38.41837" lon="177.4571">
        <ele>596.0</ele>
      </trkpt>
      <trkpt lat="-38.41851" lon="177.457">
        <ele>595.7</ele>
      </trkpt>
      <trkpt lat="-38.41861" lon="177.45674">
        <ele>591.9</ele>
      </trkpt>
      <trkpt lat="-38.41873" lon="177.45652">
        <ele>589.4</ele>
      </trkpt>
      <trkpt lat="-38.41912" lon="177.45625">
        <ele>587.4</ele>
      </trkpt>
      <trkpt lat="-38.41945" lon="177.45575">
        <ele>584.1</ele>
      </trkpt>
      <trkpt lat="-38.41979" lon="177.45525">
        <ele>581.9</ele>
      </trkpt>
      <trkpt lat="-38.42015" lon="177.45487">
        <ele>581.6</ele>
      </trkpt>
      <trkpt lat="-38.42051" lon="177.45449">
        <ele>580.3</ele>
      </trkpt>
      <trkpt lat="-38.42076" lon="177.4544">
        <ele>581.8</ele>
      </trkpt>
      <trkpt lat="-38.4209" lon="177.45432">
        <ele>582.4</ele>
      </trkpt>
      <trkpt lat="-38.42099" lon="177.45421">
        <ele>582.3</ele>
      </trkpt>
      <trkpt lat="-38.42107" lon="177.45408">
        <ele>581.4</ele>
      </trkpt>
      <trkpt lat="-38.42112" lon="177.45396">
        <ele>579.9</ele>
      </trkpt>
      <trkpt lat="-38.42113" lon="177.45384">
        <ele>578.0</ele>
      </trkpt>
      <trkpt lat="-38.42113" lon="177.45372">
        <ele>575.9</ele>
      </trkpt>
      <trkpt lat="-38.42111" lon="177.45357">
        <ele>573.3</ele>
      </trkpt>
      <trkpt lat="-38.42105" lon="177.45339">
        <ele>570.2</ele>
      </trkpt>
      <trkpt lat="-38.42088" lon="177.453">
        <ele>567.9</ele>
      </trkpt>
      <trkpt lat="-38.42084" lon="177.45289">
        <ele>567.4</ele>
      </trkpt>
      <trkpt lat="-38.42082" lon="177.45279">
        <ele>567.0</ele>
      </trkpt>
      <trkpt lat="-38.42082" lon="177.45271">
        <ele>566.8</ele>
      </trkpt>
      <trkpt lat="-38.42084" lon="177.45262">
        <ele>566.4</ele>
      </trkpt>
      <trkpt lat="-38.42087" lon="177.45254">
        <ele>566.2</ele>
      </trkpt>
      <trkpt lat="-38.42093" lon="177.45248">
        <ele>566.2</ele>
      </trkpt>
      <trkpt lat="-38.42099" lon="177.45244">
        <ele>566.2</ele>
      </trkpt>
      <trkpt lat="-38.42107" lon="177.4524">
        <ele>566.3</ele>
      </trkpt>
      <trkpt lat="-38.42127" lon="177.45234">
        <ele>566.4</ele>
      </trkpt>
      <trkpt lat="-38.42163" lon="177.45224">
        <ele>566.7</ele>
      </trkpt>
      <trkpt lat="-38.42188" lon="177.45229">
        <ele>567.1</ele>
      </trkpt>
      <trkpt lat="-38.42247" lon="177.45246">
        <ele>568.0</ele>
      </trkpt>
      <trkpt lat="-38.42329" lon="177.45281">
        <ele>570.9</ele>
      </trkpt>
      <trkpt lat="-38.42354" lon="177.45295">
        <ele>573.0</ele>
      </trkpt>
      <trkpt lat="-38.42399" lon="177.45301">
        <ele>578.1</ele>
      </trkpt>
      <trkpt lat="-38.42421" lon="177.45298">
        <ele>580.0</ele>
      </trkpt>
      <trkpt lat="-38.42439" lon="177.45297">
        <ele>581.7</ele>
      </trkpt>
      <trkpt lat="-38.42451" lon="177.453">
        <ele>583.5</ele>
      </trkpt>
      <trkpt lat="-38.42469" lon="177.45307">
        <ele>586.8</ele>
      </trkpt>
      <trkpt lat="-38.42478" lon="177.45314">
        <ele>589.2</ele>
      </trkpt>
      <trkpt lat="-38.42487" lon="177.45325">
        <ele>592.6</ele>
      </trkpt>
      <trkpt lat="-38.42496" lon="177.4534">
        <ele>596.6</ele>
      </trkpt>
      <trkpt lat="-38.42509" lon="177.4535">
        <ele>600.0</ele>
      </trkpt>
      <trkpt lat="-38.42525" lon="177.45349">
        <ele>601.5</ele>
      </trkpt>
      <trkpt lat="-38.42538" lon="177.4533">
        <ele>599.3</ele>
      </trkpt>
      <trkpt lat="-38.42547" lon="177.45311">
        <ele>595.6</ele>
      </trkpt>
      <trkpt lat="-38.42561" lon="177.453">
        <ele>594.2</ele>
      </trkpt>
      <trkpt lat="-38.42578" lon="177.45288">
        <ele>592.6</ele>
      </trkpt>
      <trkpt lat="-38.42607" lon="177.45285">
        <ele>592.5</ele>
      </trkpt>
      <trkpt lat="-38.42639" lon="177.45291">
        <ele>594.5</ele>
      </trkpt>
      <trkpt lat="-38.42663" lon="177.45304">
        <ele>596.5</ele>
      </trkpt>
      <trkpt lat="-38.42677" lon="177.4531">
        <ele>597.6</ele>
      </trkpt>
      <trkpt lat="-38.42682" lon="177.45309">
        <ele>598.0</ele>
      </trkpt>
      <trkpt lat="-38.42704" lon="177.453">
        <ele>599.8</ele>
      </trkpt>
      <trkpt lat="-38.42748" lon="177.45264">
        <ele>600.5</ele>
      </trkpt>
      <trkpt lat="-38.4277" lon="177.45244">
        <ele>600.5</ele>
      </trkpt>
      <trkpt lat="-38.42837" lon="177.45192">
        <ele>602.1</ele>
      </trkpt>
      <trkpt lat="-38.42905" lon="177.4514">
        <ele>604.7</ele>
      </trkpt>
      <trkpt lat="-38.42973" lon="177.45087">
        <ele>606.7</ele>
      </trkpt>
      <trkpt lat="-38.43041" lon="177.45035">
        <ele>607.1</ele>
      </trkpt>
      <trkpt lat="-38.43109" lon="177.44983">
        <ele>608.2</ele>
      </trkpt>
      <trkpt lat="-38.43177" lon="177.44931">
        <ele>608.8</ele>
      </trkpt>
      <trkpt lat="-38.43244" lon="177.44879">
        <ele>610.9</ele>
      </trkpt>
      <trkpt lat="-38.43294" lon="177.44845">
        <ele>611.6</ele>
      </trkpt>
      <trkpt lat="-38.43378" lon="177.44806">
        <ele>612.9</ele>
      </trkpt>
      <trkpt lat="-38.43461" lon="177.44767">
        <ele>616.0</ele>
      </trkpt>
      <trkpt lat="-38.43545" lon="177.44728">
        <ele>618.4</ele>
      </trkpt>
      <trkpt lat="-38.43628" lon="177.44689">
        <ele>620.4</ele>
      </trkpt>
      <trkpt lat="-38.43711" lon="177.4465">
        <ele>622.6</ele>
      </trkpt>
      <trkpt lat="-38.43795" lon="177.44611">
        <ele>623.4</ele>
      </trkpt>
      <trkpt lat="-38.43878" lon="177.44572">
        <ele>623.2</ele>
      </trkpt>
      <trkpt lat="-38.43951" lon="177.44551">
        <ele>626.6</ele>
      </trkpt>
      <trkpt lat="-38.44024" lon="177.4453">
        <ele>628.0</ele>
      </trkpt>
      <trkpt lat="-38.44097" lon="177.4451">
        <ele>628.0</ele>
      </trkpt>
      <trkpt lat="-38.4417" lon="177.44489">
        <ele>625.0</ele>
      </trkpt>
      <trkpt lat="-38.44243" lon="177.44468">
        <ele>622.4</ele>
      </trkpt>
      <trkpt lat="-38.44264" lon="177.44462">
        <ele>623.8</ele>
      </trkpt>
      <trkpt lat="-38.44276" lon="177.44456">
        <ele>625.0</ele>
      </trkpt>
      <trkpt lat="-38.44304" lon="177.44429">
        <ele>627.4</ele>
      </trkpt>
      <trkpt lat="-38.44344" lon="177.44384">
        <ele>629.1</ele>
      </trkpt>
      <trkpt lat="-38.44384" lon="177.44339">
        <ele>630.8</ele>
      </trkpt>
      <trkpt lat="-38.44408" lon="177.44303">
        <ele>631.1</ele>
      </trkpt>
      <trkpt lat="-38.44424" lon="177.44285">
        <ele>630.9</ele>
      </trkpt>
      <trkpt lat="-38.44445" lon="177.44258">
        <ele>629.3</ele>
      </trkpt>
      <trkpt lat="-38.44465" lon="177.44253">
        <ele>628.8</ele>
      </trkpt>
      <trkpt lat="-38.44532" lon="177.44258">
        <ele>631.0</ele>
      </trkpt>
      <trkpt lat="-38.44564" lon="177.44243">
        <ele>630.1</ele>
      </trkpt>
      <trkpt lat="-38.44585" lon="177.44226">
        <ele>628.4</ele>
      </trkpt>
      <trkpt lat="-38.44609" lon="177.44194">
        <ele>628.2</ele>
      </trkpt>
      <trkpt lat="-38.44663" lon="177.44118">
        <ele>626.4</ele>
      </trkpt>
      <trkpt lat="-38.44691" lon="177.44069">
        <ele>625.7</ele>
      </trkpt>
      <trkpt lat="-38.44719" lon="177.44021">
        <ele>623.4</ele>
      </trkpt>
      <trkpt lat="-38.4474" lon="177.43927">
        <ele>614.3</ele>
      </trkpt>
      <trkpt lat="-38.4475" lon="177.43903">
        <ele>611.2</ele>
      </trkpt>
      <trkpt lat="-38.44765" lon="177.43879">
        <ele>609.7</ele>
      </trkpt>
      <trkpt lat="-38.4479" lon="177.43863">
        <ele>607.9</ele>
      </trkpt>
      <trkpt lat="-38.44853" lon="177.4384">
        <ele>604.7</ele>
      </trkpt>
      <trkpt lat="-38.44914" lon="177.43776">
        <ele>597.7</ele>
      </trkpt>
      <trkpt lat="-38.44926" lon="177.43765">
        <ele>595.4</ele>
      </trkpt>
      <trkpt lat="-38.44944" lon="177.43754">
        <ele>592.8</ele>
      </trkpt>
      <trkpt lat="-38.44974" lon="177.43755">
        <ele>592.0</ele>
      </trkpt>
      <trkpt lat="-38.45032" lon="177.43746">
        <ele>589.5</ele>
      </trkpt>
      <trkpt lat="-38.45099" lon="177.43746">
        <ele>589.0</ele>
      </trkpt>
      <trkpt lat="-38.45168" lon="177.43703">
        <ele>587.9</ele>
      </trkpt>
      <trkpt lat="-38.45198" lon="177.4367">
        <ele>587.9</ele>
      </trkpt>
      <trkpt lat="-38.45262" lon="177.43606">
        <ele>587.7</ele>
      </trkpt>
      <trkpt lat="-38.45297" lon="177.4358">
        <ele>584.8</ele>
      </trkpt>
      <trkpt lat="-38.45329" lon="177.43543">
        <ele>582.4</ele>
      </trkpt>
      <trkpt lat="-38.45381" lon="177.43492">
        <ele>580.8</ele>
      </trkpt>
      <trkpt lat="-38.45409" lon="177.4345">
        <ele>579.7</ele>
      </trkpt>
      <trkpt lat="-38.45432" lon="177.43411">
        <ele>579.5</ele>
      </trkpt>
      <trkpt lat="-38.45473" lon="177.43374">
        <ele>578.7</ele>
      </trkpt>
      <trkpt lat="-38.45501" lon="177.43318">
        <ele>570.5</ele>
      </trkpt>
      <trkpt lat="-38.45517" lon="177.43244">
        <ele>568.1</ele>
      </trkpt>
      <trkpt lat="-38.45521" lon="177.43211">
        <ele>567.5</ele>
      </trkpt>
      <trkpt lat="-38.45524" lon="177.43201">
        <ele>567.4</ele>
      </trkpt>
      <trkpt lat="-38.45536" lon="177.43173">
        <ele>566.7</ele>
      </trkpt>
      <trkpt lat="-38.45594" lon="177.4311">
        <ele>562.6</ele>
      </trkpt>
      <trkpt lat="-38.45651" lon="177.43047">
        <ele>560.0</ele>
      </trkpt>
      <trkpt lat="-38.45691" lon="177.42992">
        <ele>557.8</ele>
      </trkpt>
      <trkpt lat="-38.45739" lon="177.42949">
        <ele>557.0</ele>
      </trkpt>
      <trkpt lat="-38.45774" lon="177.42938">
        <ele>555.8</ele>
      </trkpt>
      <trkpt lat="-38.4578" lon="177.42938">
        <ele>555.8</ele>
      </trkpt>
      <trkpt lat="-38.45825" lon="177.42944">
        <ele>555.7</ele>
      </trkpt>
      <trkpt lat="-38.45848" lon="177.42941">
        <ele>556.0</ele>
      </trkpt>
      <trkpt lat="-38.45859" lon="177.42932">
        <ele>555.9</ele>
      </trkpt>
      <trkpt lat="-38.45874" lon="177.42915">
        <ele>555.4</ele>
      </trkpt>
      <trkpt lat="-38.45882" lon="177.42898">
        <ele>555.3</ele>
      </trkpt>
      <trkpt lat="-38.45903" lon="177.4284">
        <ele>554.0</ele>
      </trkpt>
      <trkpt lat="-38.45925" lon="177.42782">
        <ele>553.2</ele>
      </trkpt>
      <trkpt lat="-38.45938" lon="177.42709">
        <ele>551.7</ele>
      </trkpt>
      <trkpt lat="-38.45951" lon="177.42637">
        <ele>551.6</ele>
      </trkpt>
      <trkpt lat="-38.45955" lon="177.42608">
        <ele>552.1</ele>
      </trkpt>
      <trkpt lat="-38.45969" lon="177.4257">
        <ele>553.0</ele>
      </trkpt>
      <trkpt lat="-38.45993" lon="177.42541">
        <ele>553.8</ele>
      </trkpt>
      <trkpt lat="-38.46026" lon="177.42494">
        <ele>551.8</ele>
      </trkpt>
      <trkpt lat="-38.4606" lon="177.42447">
        <ele>549.5</ele>
      </trkpt>
      <trkpt lat="-38.46083" lon="177.42378">
        <ele>548.1</ele>
      </trkpt>
      <trkpt lat="-38.46092" lon="177.42367">
        <ele>546.9</ele>
      </trkpt>
      <trkpt lat="-38.4612" lon="177.4236">
        <ele>544.9</ele>
      </trkpt>
      <trkpt lat="-38.46145" lon="177.42349">
        <ele>543.1</ele>
      </trkpt>
      <trkpt lat="-38.46193" lon="177.42319">
        <ele>539.6</ele>
      </trkpt>
      <trkpt lat="-38.46206" lon="177.42314">
        <ele>540.8</ele>
      </trkpt>
      <trkpt lat="-38.4622" lon="177.42313">
        <ele>541.9</ele>
      </trkpt>
      <trkpt lat="-38.4623" lon="177.42329">
        <ele>541.4</ele>
      </trkpt>
      <trkpt lat="-38.46247" lon="177.424">
        <ele>539.6</ele>
      </trkpt>
      <trkpt lat="-38.46269" lon="177.42454">
        <ele>540.5</ele>
      </trkpt>
      <trkpt lat="-38.46291" lon="177.42509">
        <ele>541.0</ele>
      </trkpt>
      <trkpt lat="-38.463" lon="177.42537">
        <ele>541.4</ele>
      </trkpt>
      <trkpt lat="-38.46308" lon="177.42554">
        <ele>541.5</ele>
      </trkpt>
      <trkpt lat="-38.46318" lon="177.42569">
        <ele>541.4</ele>
      </trkpt>
      <trkpt lat="-38.46334" lon="177.42586">
        <ele>540.9</ele>
      </trkpt>
      <trkpt lat="-38.46351" lon="177.4261">
        <ele>540.8</ele>
      </trkpt>
      <trkpt lat="-38.46361" lon="177.42632">
        <ele>540.2</ele>
      </trkpt>
      <trkpt lat="-38.46376" lon="177.42657">
        <ele>539.5</ele>
      </trkpt>
      <trkpt lat="-38.46396" lon="177.42673">
        <ele>539.5</ele>
      </trkpt>
      <trkpt lat="-38.46485" lon="177.42688">
        <ele>540.9</ele>
      </trkpt>
      <trkpt lat="-38.46548" lon="177.42698">
        <ele>542.9</ele>
      </trkpt>
      <trkpt lat="-38.46576" lon="177.42699">
        <ele>544.0</ele>
      </trkpt>
      <trkpt lat="-38.46661" lon="177.42731">
        <ele>550.2</ele>
      </trkpt>
      <trkpt lat="-38.46674" lon="177.4274">
        <ele>551.4</ele>
      </trkpt>
      <trkpt lat="-38.46678" lon="177.42747">
        <ele>551.6</ele>
      </trkpt>
      <trkpt lat="-38.46687" lon="177.42768">
        <ele>552.5</ele>
      </trkpt>
      <trkpt lat="-38.46701" lon="177.42842">
        <ele>553.5</ele>
      </trkpt>
      <trkpt lat="-38.46702" lon="177.42852">
        <ele>553.1</ele>
      </trkpt>
      <trkpt lat="-38.46711" lon="177.42878">
        <ele>553.0</ele>
      </trkpt>
      <trkpt lat="-38.46721" lon="177.42888">
        <ele>553.8</ele>
      </trkpt>
      <trkpt lat="-38.46766" lon="177.42916">
        <ele>556.4</ele>
      </trkpt>
      <trkpt lat="-38.4681" lon="177.42944">
        <ele>557.0</ele>
      </trkpt>
      <trkpt lat="-38.46827" lon="177.42955">
        <ele>556.6</ele>
      </trkpt>
      <trkpt lat="-38.46843" lon="177.42963">
        <ele>556.2</ele>
      </trkpt>
      <trkpt lat="-38.46854" lon="177.42967">
        <ele>556.2</ele>
      </trkpt>
      <trkpt lat="-38.46874" lon="177.42977">
        <ele>555.5</ele>
      </trkpt>
      <trkpt lat="-38.46886" lon="177.42988">
        <ele>554.1</ele>
      </trkpt>
      <trkpt lat="-38.46893" lon="177.43001">
        <ele>551.9</ele>
      </trkpt>
      <trkpt lat="-38.4692" lon="177.43064">
        <ele>548.7</ele>
      </trkpt>
      <trkpt lat="-38.46946" lon="177.43127">
        <ele>545.4</ele>
      </trkpt>
      <trkpt lat="-38.46952" lon="177.43159">
        <ele>544.2</ele>
      </trkpt>
      <trkpt lat="-38.46953" lon="177.43211">
        <ele>545.1</ele>
      </trkpt>
      <trkpt lat="-38.46954" lon="177.43233">
        <ele>545.5</ele>
      </trkpt>
      <trkpt lat="-38.46959" lon="177.43275">
        <ele>546.3</ele>
      </trkpt>
      <trkpt lat="-38.46975" lon="177.43358">
        <ele>548.2</ele>
      </trkpt>
      <trkpt lat="-38.46992" lon="177.43441">
        <ele>550.1</ele>
      </trkpt>
      <trkpt lat="-38.46994" lon="177.43469">
        <ele>549.7</ele>
      </trkpt>
      <trkpt lat="-38.47004" lon="177.43508">
        <ele>549.2</ele>
      </trkpt>
      <trkpt lat="-38.47042" lon="177.43607">
        <ele>550.4</ele>
      </trkpt>
      <trkpt lat="-38.4706" lon="177.43636">
        <ele>550.3</ele>
      </trkpt>
      <trkpt lat="-38.47106" lon="177.43682">
        <ele>551.8</ele>
      </trkpt>
      <trkpt lat="-38.47152" lon="177.43727">
        <ele>552.9</ele>
      </trkpt>
      <trkpt lat="-38.47167" lon="177.43753">
        <ele>552.1</ele>
      </trkpt>
      <trkpt lat="-38.47184" lon="177.43831">
        <ele>553.8</ele>
      </trkpt>
      <trkpt lat="-38.47195" lon="177.43861">
        <ele>553.9</ele>
      </trkpt>
      <trkpt lat="-38.47217" lon="177.43915">
        <ele>553.0</ele>
      </trkpt>
      <trkpt lat="-38.47232" lon="177.4392">
        <ele>553.1</ele>
      </trkpt>
      <trkpt lat="-38.47251" lon="177.4393">
        <ele>553.2</ele>
      </trkpt>
      <trkpt lat="-38.47262" lon="177.43935">
        <ele>553.6</ele>
      </trkpt>
      <trkpt lat="-38.47291" lon="177.43938">
        <ele>554.5</ele>
      </trkpt>
      <trkpt lat="-38.47356" lon="177.43926">
        <ele>555.3</ele>
      </trkpt>
      <trkpt lat="-38.47377" lon="177.43923">
        <ele>554.9</ele>
      </trkpt>
      <trkpt lat="-38.47401" lon="177.43924">
        <ele>554.3</ele>
      </trkpt>
      <trkpt lat="-38.47418" lon="177.43935">
        <ele>553.8</ele>
      </trkpt>
      <trkpt lat="-38.47437" lon="177.43952">
        <ele>554.2</ele>
      </trkpt>
      <trkpt lat="-38.47498" lon="177.44014">
        <ele>554.8</ele>
      </trkpt>
      <trkpt lat="-38.47531" lon="177.44033">
        <ele>556.9</ele>
      </trkpt>
      <trkpt lat="-38.47593" lon="177.44076">
        <ele>556.6</ele>
      </trkpt>
      <trkpt lat="-38.47616" lon="177.44107">
        <ele>558.0</ele>
      </trkpt>
      <trkpt lat="-38.47644" lon="177.44135">
        <ele>559.4</ele>
      </trkpt>
      <trkpt lat="-38.47649" lon="177.44142">
        <ele>559.6</ele>
      </trkpt>
      <trkpt lat="-38.47675" lon="177.44152">
        <ele>560.2</ele>
      </trkpt>
      <trkpt lat="-38.47702" lon="177.44141">
        <ele>561.7</ele>
      </trkpt>
      <trkpt lat="-38.47766" lon="177.44099">
        <ele>563.1</ele>
      </trkpt>
      <trkpt lat="-38.47811" lon="177.44091">
        <ele>563.3</ele>
      </trkpt>
      <trkpt lat="-38.47851" lon="177.44106">
        <ele>565.0</ele>
      </trkpt>
      <trkpt lat="-38.47914" lon="177.44123">
        <ele>566.8</ele>
      </trkpt>
      <trkpt lat="-38.47932" lon="177.44102">
        <ele>567.7</ele>
      </trkpt>
      <trkpt lat="-38.47948" lon="177.44092">
        <ele>570.2</ele>
      </trkpt>
      <trkpt lat="-38.47971" lon="177.44053">
        <ele>573.5</ele>
      </trkpt>
      <trkpt lat="-38.47991" lon="177.44011">
        <ele>575.8</ele>
      </trkpt>
      <trkpt lat="-38.48022" lon="177.43934">
        <ele>577.4</ele>
      </trkpt>
      <trkpt lat="-38.48058" lon="177.43902">
        <ele>580.8</ele>
      </trkpt>
      <trkpt lat="-38.48105" lon="177.43853">
        <ele>580.3</ele>
      </trkpt>
      <trkpt lat="-38.48127" lon="177.43838">
        <ele>578.8</ele>
      </trkpt>
      <trkpt lat="-38.48155" lon="177.43834">
        <ele>578.9</ele>
      </trkpt>
      <trkpt lat="-38.48175" lon="177.43837">
        <ele>579.8</ele>
      </trkpt>
      <trkpt lat="-38.48199" lon="177.43848">
        <ele>582.1</ele>
      </trkpt>
      <trkpt lat="-38.48217" lon="177.43854">
        <ele>583.3</ele>
      </trkpt>
      <trkpt lat="-38.48255" lon="177.43851">
        <ele>582.8</ele>
      </trkpt>
      <trkpt lat="-38.48291" lon="177.43831">
        <ele>582.5</ele>
      </trkpt>
      <trkpt lat="-38.48331" lon="177.43822">
        <ele>585.6</ele>
      </trkpt>
      <trkpt lat="-38.48363" lon="177.43832">
        <ele>587.1</ele>
      </trkpt>
      <trkpt lat="-38.48379" lon="177.43844">
        <ele>589.0</ele>
      </trkpt>
      <trkpt lat="-38.48384" lon="177.4386">
        <ele>591.1</ele>
      </trkpt>
      <trkpt lat="-38.48402" lon="177.43884">
        <ele>592.9</ele>
      </trkpt>
      <trkpt lat="-38.48418" lon="177.43888">
        <ele>592.4</ele>
      </trkpt>
      <trkpt lat="-38.48438" lon="177.43889">
        <ele>593.6</ele>
      </trkpt>
      <trkpt lat="-38.48461" lon="177.439">
        <ele>595.4</ele>
      </trkpt>
      <trkpt lat="-38.48484" lon="177.43908">
        <ele>597.0</ele>
      </trkpt>
      <trkpt lat="-38.48519" lon="177.43907">
        <ele>600.1</ele>
      </trkpt>
      <trkpt lat="-38.48542" lon="177.43901">
        <ele>602.5</ele>
      </trkpt>
      <trkpt lat="-38.48576" lon="177.43881">
        <ele>604.4</ele>
      </trkpt>
      <trkpt lat="-38.48597" lon="177.43877">
        <ele>605.5</ele>
      </trkpt>
      <trkpt lat="-38.4863" lon="177.43883">
        <ele>608.2</ele>
      </trkpt>
      <trkpt lat="-38.4863" lon="177.43883">
        <ele>608.2</ele>
      </trkpt>
      <trkpt lat="-38.48638" lon="177.43885">
        <ele>608.9</ele>
      </trkpt>
      <trkpt lat="-38.48666" lon="177.43871">
        <ele>608.3</ele>
      </trkpt>
      <trkpt lat="-38.48685" lon="177.43867">
        <ele>610.3</ele>
      </trkpt>
      <trkpt lat="-38.48701" lon="177.43861">
        <ele>611.6</ele>
      </trkpt>
      <trkpt lat="-38.48729" lon="177.43844">
        <ele>612.3</ele>
      </trkpt>
      <trkpt lat="-38.48745" lon="177.43822">
        <ele>613.0</ele>
      </trkpt>
      <trkpt lat="-38.48781" lon="177.43808">
        <ele>615.8</ele>
      </trkpt>
      <trkpt lat="-38.48799" lon="177.43817">
        <ele>616.6</ele>
      </trkpt>
      <trkpt lat="-38.48824" lon="177.43823">
        <ele>618.2</ele>
      </trkpt>
      <trkpt lat="-38.48836" lon="177.43834">
        <ele>619.3</ele>
      </trkpt>
      <trkpt lat="-38.48842" lon="177.43843">
        <ele>621.5</ele>
      </trkpt>
      <trkpt lat="-38.48863" lon="177.43859">
        <ele>626.0</ele>
      </trkpt>
      <trkpt lat="-38.48881" lon="177.43867">
        <ele>628.6</ele>
      </trkpt>
      <trkpt lat="-38.48897" lon="177.43872">
        <ele>630.4</ele>
      </trkpt>
      <trkpt lat="-38.48912" lon="177.43863">
        <ele>629.2</ele>
      </trkpt>
      <trkpt lat="-38.48939" lon="177.43833">
        <ele>625.1</ele>
      </trkpt>
      <trkpt lat="-38.48959" lon="177.43828">
        <ele>626.6</ele>
      </trkpt>
      <trkpt lat="-38.48986" lon="177.43849">
        <ele>632.3</ele>
      </trkpt>
      <trkpt lat="-38.48993" lon="177.43867">
        <ele>635.8</ele>
      </trkpt>
      <trkpt lat="-38.49014" lon="177.43863">
        <ele>637.6</ele>
      </trkpt>
      <trkpt lat="-38.49027" lon="177.43843">
        <ele>636.4</ele>
      </trkpt>
      <trkpt lat="-38.49047" lon="177.43833">
        <ele>637.7</ele>
      </trkpt>
      <trkpt lat="-38.49079" lon="177.43807">
        <ele>640.5</ele>
      </trkpt>
      <trkpt lat="-38.49105" lon="177.43796">
        <ele>642.6</ele>
      </trkpt>
      <trkpt lat="-38.49141" lon="177.43793">
        <ele>646.0</ele>
      </trkpt>
      <trkpt lat="-38.49165" lon="177.43802">
        <ele>649.4</ele>
      </trkpt>
      <trkpt lat="-38.49204" lon="177.43772">
        <ele>650.3</ele>
      </trkpt>
      <trkpt lat="-38.49229" lon="177.43748">
        <ele>650.0</ele>
      </trkpt>
      <trkpt lat="-38.49249" lon="177.43737">
        <ele>651.6</ele>
      </trkpt>
      <trkpt lat="-38.49296" lon="177.43721">
        <ele>652.8</ele>
      </trkpt>
      <trkpt lat="-38.49329" lon="177.43701">
        <ele>653.1</ele>
      </trkpt>
      <trkpt lat="-38.49373" lon="177.43706">
        <ele>653.7</ele>
      </trkpt>
      <trkpt lat="-38.4942" lon="177.43714">
        <ele>653.9</ele>
      </trkpt>
      <trkpt lat="-38.49466" lon="177.43722">
        <ele>653.0</ele>
      </trkpt>
      <trkpt lat="-38.49491" lon="177.43714">
        <ele>652.9</ele>
      </trkpt>
      <trkpt lat="-38.49509" lon="177.43703">
        <ele>653.6</ele>
      </trkpt>
      <trkpt lat="-38.49539" lon="177.43692">
        <ele>655.3</ele>
      </trkpt>
      <trkpt lat="-38.49602" lon="177.43711">
        <ele>657.0</ele>
      </trkpt>
      <trkpt lat="-38.49665" lon="177.43731">
        <ele>657.9</ele>
      </trkpt>
      <trkpt lat="-38.49729" lon="177.43751">
        <ele>660.7</ele>
      </trkpt>
      <trkpt lat="-38.49758" lon="177.43788">
        <ele>662.4</ele>
      </trkpt>
      <trkpt lat="-38.49787" lon="177.43784">
        <ele>664.0</ele>
      </trkpt>
      <trkpt lat="-38.49828" lon="177.43786">
        <ele>666.1</ele>
      </trkpt>
      <trkpt lat="-38.49838" lon="177.4379">
        <ele>666.1</ele>
      </trkpt>
      <trkpt lat="-38.49862" lon="177.43792">
        <ele>665.8</ele>
      </trkpt>
      <trkpt lat="-38.49881" lon="177.43789">
        <ele>665.9</ele>
      </trkpt>
      <trkpt lat="-38.49933" lon="177.43772">
        <ele>667.1</ele>
      </trkpt>
      <trkpt lat="-38.49984" lon="177.43757">
        <ele>669.3</ele>
      </trkpt>
      <trkpt lat="-38.49992" lon="177.4375">
        <ele>669.8</ele>
      </trkpt>
      <trkpt lat="-38.50058" lon="177.43757">
        <ele>672.6</ele>
      </trkpt>
      <trkpt lat="-38.50107" lon="177.43738">
        <ele>676.0</ele>
      </trkpt>
      <trkpt lat="-38.5016" lon="177.43751">
        <ele>674.9</ele>
      </trkpt>
      <trkpt lat="-38.50213" lon="177.43765">
        <ele>673.4</ele>
      </trkpt>
      <trkpt lat="-38.50222" lon="177.43775">
        <ele>673.1</ele>
      </trkpt>
      <trkpt lat="-38.50232" lon="177.43802">
        <ele>673.0</ele>
      </trkpt>
      <trkpt lat="-38.50269" lon="177.43844">
        <ele>673.5</ele>
      </trkpt>
      <trkpt lat="-38.50283" lon="177.4385">
        <ele>673.8</ele>
      </trkpt>
      <trkpt lat="-38.50325" lon="177.4386">
        <ele>674.0</ele>
      </trkpt>
      <trkpt lat="-38.50375" lon="177.43875">
        <ele>673.0</ele>
      </trkpt>
      <trkpt lat="-38.50408" lon="177.43878">
        <ele>671.6</ele>
      </trkpt>
      <trkpt lat="-38.50438" lon="177.43894">
        <ele>670.6</ele>
      </trkpt>
      <trkpt lat="-38.50482" lon="177.43905">
        <ele>667.3</ele>
      </trkpt>
      <trkpt lat="-38.50532" lon="177.43902">
        <ele>663.8</ele>
      </trkpt>
      <trkpt lat="-38.50573" lon="177.4387">
        <ele>661.0</ele>
      </trkpt>
      <trkpt lat="-38.50588" lon="177.43857">
        <ele>659.9</ele>
      </trkpt>
      <trkpt lat="-38.50599" lon="177.43863">
        <ele>659.1</ele>
      </trkpt>
      <trkpt lat="-38.50614" lon="177.43883">
        <ele>658.2</ele>
      </trkpt>
      <trkpt lat="-38.50632" lon="177.43932">
        <ele>658.2</ele>
      </trkpt>
      <trkpt lat="-38.5066" lon="177.43984">
        <ele>658.7</ele>
      </trkpt>
      <trkpt lat="-38.50688" lon="177.44037">
        <ele>656.6</ele>
      </trkpt>
      <trkpt lat="-38.50719" lon="177.44072">
        <ele>654.3</ele>
      </trkpt>
      <trkpt lat="-38.50755" lon="177.44077">
        <ele>651.2</ele>
      </trkpt>
      <trkpt lat="-38.50788" lon="177.4409">
        <ele>648.8</ele>
      </trkpt>
      <trkpt lat="-38.50804" lon="177.44114">
        <ele>650.7</ele>
      </trkpt>
      <trkpt lat="-38.50813" lon="177.4413">
        <ele>652.4</ele>
      </trkpt>
      <trkpt lat="-38.50824" lon="177.44141">
        <ele>653.3</ele>
      </trkpt>
      <trkpt lat="-38.50847" lon="177.44143">
        <ele>652.3</ele>
      </trkpt>
      <trkpt lat="-38.50913" lon="177.44127">
        <ele>644.7</ele>
      </trkpt>
      <trkpt lat="-38.50979" lon="177.44111">
        <ele>642.4</ele>
      </trkpt>
      <trkpt lat="-38.50998" lon="177.44095">
        <ele>639.5</ele>
      </trkpt>
      <trkpt lat="-38.5102" lon="177.44076">
        <ele>636.4</ele>
      </trkpt>
      <trkpt lat="-38.5105" lon="177.44063">
        <ele>634.6</ele>
      </trkpt>
      <trkpt lat="-38.51082" lon="177.44053">
        <ele>632.8</ele>
      </trkpt>
      <trkpt lat="-38.51118" lon="177.44051">
        <ele>629.8</ele>
      </trkpt>
      <trkpt lat="-38.51203" lon="177.4404">
        <ele>621.2</ele>
      </trkpt>
      <trkpt lat="-38.51227" lon="177.44035">
        <ele>618.2</ele>
      </trkpt>
      <trkpt lat="-38.51261" lon="177.44041">
        <ele>615.7</ele>
      </trkpt>
      <trkpt lat="-38.51336" lon="177.44087">
        <ele>610.3</ele>
      </trkpt>
      <trkpt lat="-38.51348" lon="177.44098">
        <ele>611.1</ele>
      </trkpt>
      <trkpt lat="-38.51368" lon="177.44106">
        <ele>611.3</ele>
      </trkpt>
      <trkpt lat="-38.51393" lon="177.44093">
        <ele>609.5</ele>
      </trkpt>
      <trkpt lat="-38.51437" lon="177.44036">
        <ele>604.5</ele>
      </trkpt>
      <trkpt lat="-38.51481" lon="177.4398">
        <ele>603.7</ele>
      </trkpt>
      <trkpt lat="-38.51546" lon="177.43918">
        <ele>598.8</ele>
      </trkpt>
      <trkpt lat="-38.51612" lon="177.43856">
        <ele>598.2</ele>
      </trkpt>
      <trkpt lat="-38.5162" lon="177.43844">
        <ele>597.8</ele>
      </trkpt>
      <trkpt lat="-38.51629" lon="177.43824">
        <ele>597.5</ele>
      </trkpt>
      <trkpt lat="-38.51651" lon="177.43744">
        <ele>597.4</ele>
      </trkpt>
      <trkpt lat="-38.51653" lon="177.43716">
        <ele>597.9</ele>
      </trkpt>
      <trkpt lat="-38.51646" lon="177.43698">
        <ele>597.0</ele>
      </trkpt>
      <trkpt lat="-38.51604" lon="177.43641">
        <ele>590.5</ele>
      </trkpt>
      <trkpt lat="-38.51597" lon="177.4363">
        <ele>589.0</ele>
      </trkpt>
      <trkpt lat="-38.51595" lon="177.43601">
        <ele>587.4</ele>
      </trkpt>
      <trkpt lat="-38.51598" lon="177.4359">
        <ele>587.3</ele>
      </trkpt>
      <trkpt lat="-38.51626" lon="177.43547">
        <ele>586.1</ele>
      </trkpt>
      <trkpt lat="-38.5167" lon="177.43516">
        <ele>587.8</ele>
      </trkpt>
      <trkpt lat="-38.51693" lon="177.43508">
        <ele>585.8</ele>
      </trkpt>
      <trkpt lat="-38.51708" lon="177.43511">
        <ele>585.5</ele>
      </trkpt>
      <trkpt lat="-38.51739" lon="177.43523">
        <ele>586.0</ele>
      </trkpt>
      <trkpt lat="-38.51748" lon="177.43524">
        <ele>585.8</ele>
      </trkpt>
      <trkpt lat="-38.51761" lon="177.43522">
        <ele>585.2</ele>
      </trkpt>
      <trkpt lat="-38.51803" lon="177.4349">
        <ele>580.2</ele>
      </trkpt>
      <trkpt lat="-38.51817" lon="177.43483">
        <ele>579.1</ele>
      </trkpt>
      <trkpt lat="-38.51829" lon="177.43484">
        <ele>579.4</ele>
      </trkpt>
      <trkpt lat="-38.51845" lon="177.43487">
        <ele>579.7</ele>
      </trkpt>
      <trkpt lat="-38.5186" lon="177.43489">
        <ele>579.6</ele>
      </trkpt>
      <trkpt lat="-38.51874" lon="177.43478">
        <ele>577.9</ele>
      </trkpt>
      <trkpt lat="-38.51881" lon="177.43472">
        <ele>577.1</ele>
      </trkpt>
      <trkpt lat="-38.51894" lon="177.43458">
        <ele>575.5</ele>
      </trkpt>
      <trkpt lat="-38.51908" lon="177.43454">
        <ele>575.1</ele>
      </trkpt>
      <trkpt lat="-38.51922" lon="177.43436">
        <ele>573.4</ele>
      </trkpt>
      <trkpt lat="-38.51923" lon="177.43419">
        <ele>572.0</ele>
      </trkpt>
      <trkpt lat="-38.51919" lon="177.43403">
        <ele>571.5</ele>
      </trkpt>
      <trkpt lat="-38.519" lon="177.43369">
        <ele>569.0</ele>
      </trkpt>
      <trkpt lat="-38.51889" lon="177.43352">
        <ele>567.1</ele>
      </trkpt>
      <trkpt lat="-38.51883" lon="177.43338">
        <ele>565.7</ele>
      </trkpt>
      <trkpt lat="-38.51886" lon="177.43314">
        <ele>563.1</ele>
      </trkpt>
      <trkpt lat="-38.51891" lon="177.43303">
        <ele>562.1</ele>
      </trkpt>
      <trkpt lat="-38.5195" lon="177.43268">
        <ele>561.9</ele>
      </trkpt>
      <trkpt lat="-38.52011" lon="177.43187">
        <ele>553.0</ele>
      </trkpt>
      <trkpt lat="-38.52037" lon="177.43163">
        <ele>549.6</ele>
      </trkpt>
      <trkpt lat="-38.52052" lon="177.43144">
        <ele>547.6</ele>
      </trkpt>
      <trkpt lat="-38.52085" lon="177.43125">
        <ele>545.1</ele>
      </trkpt>
      <trkpt lat="-38.52105" lon="177.4311">
        <ele>545.1</ele>
      </trkpt>
      <trkpt lat="-38.52115" lon="177.43106">
        <ele>545.6</ele>
      </trkpt>
      <trkpt lat="-38.52124" lon="177.43099">
        <ele>545.6</ele>
      </trkpt>
      <trkpt lat="-38.52146" lon="177.43068">
        <ele>542.4</ele>
      </trkpt>
      <trkpt lat="-38.52179" lon="177.43046">
        <ele>538.4</ele>
      </trkpt>
      <trkpt lat="-38.52225" lon="177.43052">
        <ele>539.3</ele>
      </trkpt>
      <trkpt lat="-38.52262" lon="177.43068">
        <ele>542.9</ele>
      </trkpt>
      <trkpt lat="-38.52308" lon="177.43048">
        <ele>535.1</ele>
      </trkpt>
      <trkpt lat="-38.52365" lon="177.43014">
        <ele>527.7</ele>
      </trkpt>
      <trkpt lat="-38.52422" lon="177.4298">
        <ele>525.9</ele>
      </trkpt>
      <trkpt lat="-38.52431" lon="177.42975">
        <ele>524.5</ele>
      </trkpt>
      <trkpt lat="-38.52481" lon="177.42973">
        <ele>520.2</ele>
      </trkpt>
      <trkpt lat="-38.5249" lon="177.42972">
        <ele>519.5</ele>
      </trkpt>
      <trkpt lat="-38.52505" lon="177.42966">
        <ele>518.1</ele>
      </trkpt>
      <trkpt lat="-38.52517" lon="177.42956">
        <ele>517.2</ele>
      </trkpt>
      <trkpt lat="-38.52523" lon="177.42949">
        <ele>516.7</ele>
      </trkpt>
      <trkpt lat="-38.52527" lon="177.42916">
        <ele>519.5</ele>
      </trkpt>
      <trkpt lat="-38.52525" lon="177.42898">
        <ele>521.1</ele>
      </trkpt>
      <trkpt lat="-38.52529" lon="177.42869">
        <ele>523.7</ele>
      </trkpt>
      <trkpt lat="-38.52534" lon="177.42854">
        <ele>526.5</ele>
      </trkpt>
      <trkpt lat="-38.52544" lon="177.42849">
        <ele>527.8</ele>
      </trkpt>
      <trkpt lat="-38.52552" lon="177.42849">
        <ele>528.2</ele>
      </trkpt>
      <trkpt lat="-38.52568" lon="177.42851">
        <ele>528.5</ele>
      </trkpt>
      <trkpt lat="-38.52588" lon="177.42866">
        <ele>526.5</ele>
      </trkpt>
      <trkpt lat="-38.52597" lon="177.4288">
        <ele>524.7</ele>
      </trkpt>
      <trkpt lat="-38.52621" lon="177.42966">
        <ele>517.7</ele>
      </trkpt>
      <trkpt lat="-38.52626" lon="177.42977">
        <ele>517.5</ele>
      </trkpt>
      <trkpt lat="-38.52633" lon="177.42991">
        <ele>517.0</ele>
      </trkpt>
      <trkpt lat="-38.52645" lon="177.43002">
        <ele>516.9</ele>
      </trkpt>
      <trkpt lat="-38.527" lon="177.43023">
        <ele>518.5</ele>
      </trkpt>
      <trkpt lat="-38.52766" lon="177.43044">
        <ele>519.7</ele>
      </trkpt>
      <trkpt lat="-38.52832" lon="177.43066">
        <ele>518.3</ele>
      </trkpt>
      <trkpt lat="-38.52877" lon="177.43075">
        <ele>518.0</ele>
      </trkpt>
      <trkpt lat="-38.52905" lon="177.43097">
        <ele>515.8</ele>
      </trkpt>
      <trkpt lat="-38.5297" lon="177.43152">
        <ele>511.5</ele>
      </trkpt>
      <trkpt lat="-38.53018" lon="177.43198">
        <ele>513.4</ele>
      </trkpt>
      <trkpt lat="-38.53067" lon="177.43244">
        <ele>514.6</ele>
      </trkpt>
      <trkpt lat="-38.53116" lon="177.43291">
        <ele>515.7</ele>
      </trkpt>
      <trkpt lat="-38.53145" lon="177.4331">
        <ele>515.9</ele>
      </trkpt>
      <trkpt lat="-38.53192" lon="177.43327">
        <ele>515.0</ele>
      </trkpt>
      <trkpt lat="-38.53239" lon="177.43345">
        <ele>513.4</ele>
      </trkpt>
      <trkpt lat="-38.5327" lon="177.43347">
        <ele>512.9</ele>
      </trkpt>
      <trkpt lat="-38.53289" lon="177.43337">
        <ele>513.6</ele>
      </trkpt>
      <trkpt lat="-38.53307" lon="177.43336">
        <ele>513.3</ele>
      </trkpt>
      <trkpt lat="-38.53326" lon="177.43343">
        <ele>512.0</ele>
      </trkpt>
      <trkpt lat="-38.53347" lon="177.43356">
        <ele>510.5</ele>
      </trkpt>
      <trkpt lat="-38.53359" lon="177.43371">
        <ele>509.0</ele>
      </trkpt>
      <trkpt lat="-38.53399" lon="177.43408">
        <ele>506.9</ele>
      </trkpt>
      <trkpt lat="-38.53439" lon="177.43445">
        <ele>507.8</ele>
      </trkpt>
      <trkpt lat="-38.53494" lon="177.43523">
        <ele>507.7</ele>
      </trkpt>
      <trkpt lat="-38.53548" lon="177.43601">
        <ele>506.1</ele>
      </trkpt>
      <trkpt lat="-38.53603" lon="177.43679">
        <ele>508.4</ele>
      </trkpt>
      <trkpt lat="-38.53611" lon="177.43706">
        <ele>506.7</ele>
      </trkpt>
      <trkpt lat="-38.53616" lon="177.43719">
        <ele>505.9</ele>
      </trkpt>
      <trkpt lat="-38.53624" lon="177.43732">
        <ele>505.2</ele>
      </trkpt>
      <trkpt lat="-38.53634" lon="177.43742">
        <ele>504.7</ele>
      </trkpt>
      <trkpt lat="-38.53679" lon="177.43773">
        <ele>504.4</ele>
      </trkpt>
      <trkpt lat="-38.53723" lon="177.43803">
        <ele>504.3</ele>
      </trkpt>
      <trkpt lat="-38.53791" lon="177.43844">
        <ele>504.5</ele>
      </trkpt>
      <trkpt lat="-38.53859" lon="177.43885">
        <ele>505.2</ele>
      </trkpt>
      <trkpt lat="-38.53888" lon="177.43893">
        <ele>505.4</ele>
      </trkpt>
      <trkpt lat="-38.53917" lon="177.43903">
        <ele>505.2</ele>
      </trkpt>
      <trkpt lat="-38.53937" lon="177.43943">
        <ele>507.9</ele>
      </trkpt>
      <trkpt lat="-38.53966" lon="177.44008">
        <ele>511.7</ele>
      </trkpt>
      <trkpt lat="-38.54042" lon="177.44066">
        <ele>517.3</ele>
      </trkpt>
      <trkpt lat="-38.54069" lon="177.44113">
        <ele>514.5</ele>
      </trkpt>
      <trkpt lat="-38.54097" lon="177.4416">
        <ele>509.7</ele>
      </trkpt>
      <trkpt lat="-38.54131" lon="177.4417">
        <ele>508.5</ele>
      </trkpt>
      <trkpt lat="-38.54156" lon="177.44175">
        <ele>507.7</ele>
      </trkpt>
      <trkpt lat="-38.54198" lon="177.44206">
        <ele>501.6</ele>
      </trkpt>
      <trkpt lat="-38.54207" lon="177.44215">
        <ele>500.1</ele>
      </trkpt>
      <trkpt lat="-38.54239" lon="177.44225">
        <ele>498.2</ele>
      </trkpt>
      <trkpt lat="-38.54256" lon="177.44247">
        <ele>495.8</ele>
      </trkpt>
      <trkpt lat="-38.54294" lon="177.44286">
        <ele>497.6</ele>
      </trkpt>
      <trkpt lat="-38.54333" lon="177.44323">
        <ele>496.6</ele>
      </trkpt>
      <trkpt lat="-38.54352" lon="177.44354">
        <ele>497.2</ele>
      </trkpt>
      <trkpt lat="-38.54371" lon="177.44396">
        <ele>496.5</ele>
      </trkpt>
      <trkpt lat="-38.54405" lon="177.44431">
        <ele>495.1</ele>
      </trkpt>
      <trkpt lat="-38.54434" lon="177.44456">
        <ele>492.0</ele>
      </trkpt>
      <trkpt lat="-38.54487" lon="177.44489">
        <ele>486.7</ele>
      </trkpt>
      <trkpt lat="-38.5456" lon="177.44546">
        <ele>482.9</ele>
      </trkpt>
      <trkpt lat="-38.54591" lon="177.44564">
        <ele>481.1</ele>
      </trkpt>
      <trkpt lat="-38.54673" lon="177.44609">
        <ele>478.2</ele>
      </trkpt>
      <trkpt lat="-38.54701" lon="177.44622">
        <ele>479.1</ele>
      </trkpt>
      <trkpt lat="-38.54722" lon="177.4463">
        <ele>479.8</ele>
      </trkpt>
      <trkpt lat="-38.54725" lon="177.4463">
        <ele>479.9</ele>
      </trkpt>
      <trkpt lat="-38.54732" lon="177.44632">
        <ele>480.2</ele>
      </trkpt>
      <trkpt lat="-38.54737" lon="177.44667">
        <ele>481.1</ele>
      </trkpt>
      <trkpt lat="-38.54725" lon="177.44703">
        <ele>483.8</ele>
      </trkpt>
      <trkpt lat="-38.54697" lon="177.44747">
        <ele>484.1</ele>
      </trkpt>
      <trkpt lat="-38.5469" lon="177.44771">
        <ele>485.6</ele>
      </trkpt>
      <trkpt lat="-38.54672" lon="177.44808">
        <ele>486.5</ele>
      </trkpt>
      <trkpt lat="-38.54664" lon="177.44862">
        <ele>489.2</ele>
      </trkpt>
      <trkpt lat="-38.54666" lon="177.44909">
        <ele>491.6</ele>
      </trkpt>
      <trkpt lat="-38.54676" lon="177.44938">
        <ele>493.8</ele>
      </trkpt>
      <trkpt lat="-38.54676" lon="177.4499">
        <ele>494.0</ele>
      </trkpt>
      <trkpt lat="-38.5468" lon="177.45013">
        <ele>494.7</ele>
      </trkpt>
      <trkpt lat="-38.54721" lon="177.45074">
        <ele>501.7</ele>
      </trkpt>
      <trkpt lat="-38.54703" lon="177.45143">
        <ele>498.1</ele>
      </trkpt>
      <trkpt lat="-38.54705" lon="177.45213">
        <ele>499.4</ele>
      </trkpt>
      <trkpt lat="-38.54712" lon="177.45244">
        <ele>500.8</ele>
      </trkpt>
      <trkpt lat="-38.54741" lon="177.45318">
        <ele>504.5</ele>
      </trkpt>
      <trkpt lat="-38.54733" lon="177.45408">
        <ele>500.8</ele>
      </trkpt>
      <trkpt lat="-38.54736" lon="177.45498">
        <ele>498.2</ele>
      </trkpt>
      <trkpt lat="-38.54742" lon="177.45535">
        <ele>496.9</ele>
      </trkpt>
      <trkpt lat="-38.5474" lon="177.45569">
        <ele>494.7</ele>
      </trkpt>
      <trkpt lat="-38.5473" lon="177.45616">
        <ele>495.9</ele>
      </trkpt>
      <trkpt lat="-38.54676" lon="177.45656">
        <ele>495.4</ele>
      </trkpt>
      <trkpt lat="-38.5466" lon="177.4567">
        <ele>496.2</ele>
      </trkpt>
      <trkpt lat="-38.54642" lon="177.45713">
        <ele>501.2</ele>
      </trkpt>
      <trkpt lat="-38.54621" lon="177.45808">
        <ele>505.0</ele>
      </trkpt>
      <trkpt lat="-38.5461" lon="177.45837">
        <ele>504.4</ele>
      </trkpt>
      <trkpt lat="-38.5457" lon="177.45928">
        <ele>505.9</ele>
      </trkpt>
      <trkpt lat="-38.5455" lon="177.46011">
        <ele>506.1</ele>
      </trkpt>
      <trkpt lat="-38.54522" lon="177.46059">
        <ele>506.6</ele>
      </trkpt>
      <trkpt lat="-38.54494" lon="177.46107">
        <ele>508.7</ele>
      </trkpt>
      <trkpt lat="-38.54478" lon="177.46139">
        <ele>508.9</ele>
      </trkpt>
      <trkpt lat="-38.54472" lon="177.46189">
        <ele>509.0</ele>
      </trkpt>
      <trkpt lat="-38.54483" lon="177.4621">
        <ele>508.8</ele>
      </trkpt>
      <trkpt lat="-38.54531" lon="177.46267">
        <ele>508.6</ele>
      </trkpt>
      <trkpt lat="-38.54604" lon="177.46311">
        <ele>508.5</ele>
      </trkpt>
      <trkpt lat="-38.54641" lon="177.46343">
        <ele>508.0</ele>
      </trkpt>
      <trkpt lat="-38.54679" lon="177.46375">
        <ele>509.4</ele>
      </trkpt>
      <trkpt lat="-38.54709" lon="177.46387">
        <ele>510.3</ele>
      </trkpt>
      <trkpt lat="-38.54749" lon="177.46393">
        <ele>511.7</ele>
      </trkpt>
      <trkpt lat="-38.54764" lon="177.46397">
        <ele>511.6</ele>
      </trkpt>
      <trkpt lat="-38.5478" lon="177.46406">
        <ele>511.2</ele>
      </trkpt>
      <trkpt lat="-38.54834" lon="177.4647">
        <ele>508.4</ele>
      </trkpt>
      <trkpt lat="-38.54888" lon="177.46534">
        <ele>510.3</ele>
      </trkpt>
      <trkpt lat="-38.54899" lon="177.46557">
        <ele>510.4</ele>
      </trkpt>
      <trkpt lat="-38.54891" lon="177.46629">
        <ele>510.4</ele>
      </trkpt>
      <trkpt lat="-38.54889" lon="177.46657">
        <ele>510.4</ele>
      </trkpt>
      <trkpt lat="-38.54886" lon="177.46762">
        <ele>510.2</ele>
      </trkpt>
      <trkpt lat="-38.54884" lon="177.46867">
        <ele>514.6</ele>
      </trkpt>
      <trkpt lat="-38.54896" lon="177.46923">
        <ele>517.1</ele>
      </trkpt>
      <trkpt lat="-38.54908" lon="177.46979">
        <ele>518.1</ele>
      </trkpt>
      <trkpt lat="-38.54904" lon="177.47032">
        <ele>518.7</ele>
      </trkpt>
      <trkpt lat="-38.54883" lon="177.47141">
        <ele>523.1</ele>
      </trkpt>
      <trkpt lat="-38.54862" lon="177.47249">
        <ele>526.4</ele>
      </trkpt>
      <trkpt lat="-38.54862" lon="177.47316">
        <ele>528.1</ele>
      </trkpt>
      <trkpt lat="-38.54862" lon="177.47383">
        <ele>528.5</ele>
      </trkpt>
      <trkpt lat="-38.54859" lon="177.4745">
        <ele>528.8</ele>
      </trkpt>
      <trkpt lat="-38.54852" lon="177.47519">
        <ele>528.2</ele>
      </trkpt>
      <trkpt lat="-38.54869" lon="177.47586">
        <ele>528.4</ele>
      </trkpt>
      <trkpt lat="-38.54887" lon="177.47653">
        <ele>526.8</ele>
      </trkpt>
      <trkpt lat="-38.54885" lon="177.47712">
        <ele>526.4</ele>
      </trkpt>
      <trkpt lat="-38.54878" lon="177.47795">
        <ele>527.1</ele>
      </trkpt>
      <trkpt lat="-38.54865" lon="177.47852">
        <ele>525.9</ele>
      </trkpt>
      <trkpt lat="-38.54852" lon="177.4791">
        <ele>523.5</ele>
      </trkpt>
      <trkpt lat="-38.54838" lon="177.47941">
        <ele>522.9</ele>
      </trkpt>
      <trkpt lat="-38.5479" lon="177.48002">
        <ele>525.1</ele>
      </trkpt>
      <trkpt lat="-38.54742" lon="177.48064">
        <ele>525.7</ele>
      </trkpt>
      <trkpt lat="-38.54694" lon="177.48125">
        <ele>526.8</ele>
      </trkpt>
      <trkpt lat="-38.54647" lon="177.48154">
        <ele>527.2</ele>
      </trkpt>
      <trkpt lat="-38.546" lon="177.48183">
        <ele>530.2</ele>
      </trkpt>
      <trkpt lat="-38.54554" lon="177.48186">
        <ele>532.7</ele>
      </trkpt>
      <trkpt lat="-38.54508" lon="177.48189">
        <ele>535.3</ele>
      </trkpt>
      <trkpt lat="-38.54487" lon="177.48204">
        <ele>536.8</ele>
      </trkpt>
      <trkpt lat="-38.54471" lon="177.48235">
        <ele>538.3</ele>
      </trkpt>
      <trkpt lat="-38.54469" lon="177.48262">
        <ele>539.6</ele>
      </trkpt>
      <trkpt lat="-38.54483" lon="177.48295">
        <ele>541.4</ele>
      </trkpt>
      <trkpt lat="-38.54517" lon="177.48342">
        <ele>544.2</ele>
      </trkpt>
      <trkpt lat="-38.54543" lon="177.48376">
        <ele>547.2</ele>
      </trkpt>
      <trkpt lat="-38.54547" lon="177.48395">
        <ele>547.3</ele>
      </trkpt>
      <trkpt lat="-38.54538" lon="177.48416">
        <ele>545.5</ele>
      </trkpt>
      <trkpt lat="-38.54531" lon="177.48424">
        <ele>544.9</ele>
      </trkpt>
      <trkpt lat="-38.54486" lon="177.48443">
        <ele>542.7</ele>
      </trkpt>
      <trkpt lat="-38.5444" lon="177.48461">
        <ele>544.6</ele>
      </trkpt>
      <trkpt lat="-38.54432" lon="177.48472">
        <ele>544.9</ele>
      </trkpt>
      <trkpt lat="-38.54421" lon="177.48497">
        <ele>545.1</ele>
      </trkpt>
      <trkpt lat="-38.54402" lon="177.48571">
        <ele>547.9</ele>
      </trkpt>
      <trkpt lat="-38.54383" lon="177.48645">
        <ele>548.4</ele>
      </trkpt>
      <trkpt lat="-38.54364" lon="177.48719">
        <ele>548.5</ele>
      </trkpt>
      <trkpt lat="-38.54331" lon="177.48819">
        <ele>548.2</ele>
      </trkpt>
      <trkpt lat="-38.54333" lon="177.48856">
        <ele>547.5</ele>
      </trkpt>
      <trkpt lat="-38.54339" lon="177.48949">
        <ele>545.8</ele>
      </trkpt>
      <trkpt lat="-38.54346" lon="177.49042">
        <ele>546.4</ele>
      </trkpt>
      <trkpt lat="-38.54342" lon="177.49137">
        <ele>547.9</ele>
      </trkpt>
      <trkpt lat="-38.54261" lon="177.49182">
        <ele>548.4</ele>
      </trkpt>
      <trkpt lat="-38.54236" lon="177.49198">
        <ele>548.6</ele>
      </trkpt>
      <trkpt lat="-38.54216" lon="177.49218">
        <ele>548.8</ele>
      </trkpt>
      <trkpt lat="-38.54193" lon="177.4925">
        <ele>549.3</ele>
      </trkpt>
      <trkpt lat="-38.54178" lon="177.49263">
        <ele>549.4</ele>
      </trkpt>
      <trkpt lat="-38.54149" lon="177.4927">
        <ele>549.4</ele>
      </trkpt>
      <trkpt lat="-38.54112" lon="177.49274">
        <ele>549.4</ele>
      </trkpt>
      <trkpt lat="-38.54077" lon="177.49275">
        <ele>549.3</ele>
      </trkpt>
      <trkpt lat="-38.54055" lon="177.49281">
        <ele>549.0</ele>
      </trkpt>
      <trkpt lat="-38.5404" lon="177.49296">
        <ele>548.3</ele>
      </trkpt>
      <trkpt lat="-38.54027" lon="177.49319">
        <ele>546.7</ele>
      </trkpt>
      <trkpt lat="-38.54023" lon="177.49336">
        <ele>545.4</ele>
      </trkpt>
      <trkpt lat="-38.54021" lon="177.49359">
        <ele>542.7</ele>
      </trkpt>
      <trkpt lat="-38.54027" lon="177.49391">
        <ele>540.1</ele>
      </trkpt>
      <trkpt lat="-38.54045" lon="177.49453">
        <ele>538.7</ele>
      </trkpt>
      <trkpt lat="-38.54053" lon="177.49499">
        <ele>538.0</ele>
      </trkpt>
      <trkpt lat="-38.54063" lon="177.49533">
        <ele>536.8</ele>
      </trkpt>
      <trkpt lat="-38.54074" lon="177.49544">
        <ele>537.7</ele>
      </trkpt>
      <trkpt lat="-38.5409" lon="177.4955">
        <ele>538.7</ele>
      </trkpt>
      <trkpt lat="-38.54125" lon="177.49542">
        <ele>540.7</ele>
      </trkpt>
      <trkpt lat="-38.54153" lon="177.49548">
        <ele>540.0</ele>
      </trkpt>
      <trkpt lat="-38.54196" lon="177.49571">
        <ele>538.3</ele>
      </trkpt>
      <trkpt lat="-38.54218" lon="177.49572">
        <ele>540.3</ele>
      </trkpt>
      <trkpt lat="-38.54258" lon="177.49588">
        <ele>541.0</ele>
      </trkpt>
      <trkpt lat="-38.5427" lon="177.4959">
        <ele>541.4</ele>
      </trkpt>
      <trkpt lat="-38.54295" lon="177.49602">
        <ele>540.4</ele>
      </trkpt>
      <trkpt lat="-38.54309" lon="177.49617">
        <ele>538.3</ele>
      </trkpt>
      <trkpt lat="-38.54337" lon="177.49657">
        <ele>534.8</ele>
      </trkpt>
      <trkpt lat="-38.54345" lon="177.49683">
        <ele>531.3</ele>
      </trkpt>
      <trkpt lat="-38.54361" lon="177.49706">
        <ele>531.6</ele>
      </trkpt>
      <trkpt lat="-38.54378" lon="177.49739">
        <ele>532.1</ele>
      </trkpt>
      <trkpt lat="-38.54381" lon="177.49765">
        <ele>530.5</ele>
      </trkpt>
      <trkpt lat="-38.54375" lon="177.49785">
        <ele>526.3</ele>
      </trkpt>
      <trkpt lat="-38.54353" lon="177.49823">
        <ele>513.1</ele>
      </trkpt>
      <trkpt lat="-38.5435" lon="177.49853">
        <ele>510.3</ele>
      </trkpt>
      <trkpt lat="-38.54352" lon="177.49869">
        <ele>510.7</ele>
      </trkpt>
      <trkpt lat="-38.54374" lon="177.49931">
        <ele>516.8</ele>
      </trkpt>
      <trkpt lat="-38.54382" lon="177.49949">
        <ele>518.4</ele>
      </trkpt>
      <trkpt lat="-38.54392" lon="177.49962">
        <ele>521.3</ele>
      </trkpt>
      <trkpt lat="-38.54404" lon="177.49987">
        <ele>523.9</ele>
      </trkpt>
      <trkpt lat="-38.54405" lon="177.49997">
        <ele>523.5</ele>
      </trkpt>
      <trkpt lat="-38.54402" lon="177.50004">
        <ele>522.5</ele>
      </trkpt>
      <trkpt lat="-38.54402" lon="177.50004">
        <ele>522.5</ele>
      </trkpt>
      <trkpt lat="-38.54399" lon="177.50014">
        <ele>522.5</ele>
      </trkpt>
      <trkpt lat="-38.54384" lon="177.5003">
        <ele>517.7</ele>
      </trkpt>
      <trkpt lat="-38.54354" lon="177.50083">
        <ele>507.6</ele>
      </trkpt>
      <trkpt lat="-38.54323" lon="177.50157">
        <ele>501.9</ele>
      </trkpt>
      <trkpt lat="-38.54304" lon="177.50186">
        <ele>495.3</ele>
      </trkpt>
      <trkpt lat="-38.54285" lon="177.50239">
        <ele>494.1</ele>
      </trkpt>
      <trkpt lat="-38.54276" lon="177.50255">
        <ele>492.1</ele>
      </trkpt>
      <trkpt lat="-38.54267" lon="177.50294">
        <ele>490.2</ele>
      </trkpt>
      <trkpt lat="-38.54265" lon="177.50341">
        <ele>491.1</ele>
      </trkpt>
      <trkpt lat="-38.5426" lon="177.50395">
        <ele>486.1</ele>
      </trkpt>
      <trkpt lat="-38.54267" lon="177.50411">
        <ele>487.9</ele>
      </trkpt>
      <trkpt lat="-38.54273" lon="177.50434">
        <ele>487.1</ele>
      </trkpt>
      <trkpt lat="-38.5428" lon="177.50453">
        <ele>486.8</ele>
      </trkpt>
      <trkpt lat="-38.54293" lon="177.50519">
        <ele>481.6</ele>
      </trkpt>
      <trkpt lat="-38.54296" lon="177.50559">
        <ele>476.7</ele>
      </trkpt>
      <trkpt lat="-38.54296" lon="177.50597">
        <ele>471.4</ele>
      </trkpt>
      <trkpt lat="-38.54297" lon="177.50625">
        <ele>468.6</ele>
      </trkpt>
      <trkpt lat="-38.54303" lon="177.50638">
        <ele>469.1</ele>
      </trkpt>
      <trkpt lat="-38.54311" lon="177.5065">
        <ele>470.4</ele>
      </trkpt>
      <trkpt lat="-38.54321" lon="177.50653">
        <ele>473.5</ele>
      </trkpt>
      <trkpt lat="-38.54353" lon="177.50644">
        <ele>481.7</ele>
      </trkpt>
      <trkpt lat="-38.5437" lon="177.5062">
        <ele>486.0</ele>
      </trkpt>
      <trkpt lat="-38.54381" lon="177.5061">
        <ele>487.9</ele>
      </trkpt>
      <trkpt lat="-38.54388" lon="177.50609">
        <ele>488.7</ele>
      </trkpt>
      <trkpt lat="-38.54393" lon="177.50615">
        <ele>488.9</ele>
      </trkpt>
      <trkpt lat="-38.54395" lon="177.50631">
        <ele>488.5</ele>
      </trkpt>
      <trkpt lat="-38.54385" lon="177.50652">
        <ele>486.1</ele>
      </trkpt>
      <trkpt lat="-38.54354" lon="177.50697">
        <ele>479.6</ele>
      </trkpt>
      <trkpt lat="-38.54323" lon="177.50741">
        <ele>469.0</ele>
      </trkpt>
      <trkpt lat="-38.54304" lon="177.50782">
        <ele>467.6</ele>
      </trkpt>
      <trkpt lat="-38.54285" lon="177.508">
        <ele>465.0</ele>
      </trkpt>
      <trkpt lat="-38.54259" lon="177.50801">
        <ele>457.6</ele>
      </trkpt>
      <trkpt lat="-38.5419" lon="177.50826">
        <ele>449.0</ele>
      </trkpt>
      <trkpt lat="-38.54165" lon="177.50832">
        <ele>445.3</ele>
      </trkpt>
      <trkpt lat="-38.54157" lon="177.50843">
        <ele>445.7</ele>
      </trkpt>
      <trkpt lat="-38.5415" lon="177.50871">
        <ele>450.0</ele>
      </trkpt>
      <trkpt lat="-38.54142" lon="177.50887">
        <ele>450.7</ele>
      </trkpt>
      <trkpt lat="-38.54134" lon="177.50897">
        <ele>449.8</ele>
      </trkpt>
      <trkpt lat="-38.54097" lon="177.50959">
        <ele>444.8</ele>
      </trkpt>
      <trkpt lat="-38.54087" lon="177.50974">
        <ele>442.8</ele>
      </trkpt>
      <trkpt lat="-38.54083" lon="177.50985">
        <ele>442.7</ele>
      </trkpt>
      <trkpt lat="-38.54073" lon="177.51025">
        <ele>443.7</ele>
      </trkpt>
      <trkpt lat="-38.54048" lon="177.5109">
        <ele>438.9</ele>
      </trkpt>
      <trkpt lat="-38.54039" lon="177.51119">
        <ele>437.9</ele>
      </trkpt>
      <trkpt lat="-38.54025" lon="177.51188">
        <ele>435.7</ele>
      </trkpt>
      <trkpt lat="-38.54017" lon="177.51245">
        <ele>431.2</ele>
      </trkpt>
      <trkpt lat="-38.54017" lon="177.51284">
        <ele>429.9</ele>
      </trkpt>
      <trkpt lat="-38.5402" lon="177.51354">
        <ele>429.0</ele>
      </trkpt>
      <trkpt lat="-38.54019" lon="177.51369">
        <ele>428.3</ele>
      </trkpt>
      <trkpt lat="-38.54013" lon="177.51382">
        <ele>426.6</ele>
      </trkpt>
      <trkpt lat="-38.53994" lon="177.51384">
        <ele>422.3</ele>
      </trkpt>
      <trkpt lat="-38.53986" lon="177.51376">
        <ele>420.4</ele>
      </trkpt>
      <trkpt lat="-38.53971" lon="177.51372">
        <ele>417.2</ele>
      </trkpt>
      <trkpt lat="-38.53959" lon="177.51371">
        <ele>414.7</ele>
      </trkpt>
      <trkpt lat="-38.53944" lon="177.51372">
        <ele>411.9</ele>
      </trkpt>
      <trkpt lat="-38.53884" lon="177.51404">
        <ele>402.5</ele>
      </trkpt>
      <trkpt lat="-38.53873" lon="177.51419">
        <ele>400.4</ele>
      </trkpt>
      <trkpt lat="-38.53871" lon="177.51437">
        <ele>400.0</ele>
      </trkpt>
      <trkpt lat="-38.53859" lon="177.51463">
        <ele>396.6</ele>
      </trkpt>
      <trkpt lat="-38.5385" lon="177.51489">
        <ele>394.0</ele>
      </trkpt>
      <trkpt lat="-38.53847" lon="177.515">
        <ele>393.1</ele>
      </trkpt>
      <trkpt lat="-38.53848" lon="177.51538">
        <ele>393.4</ele>
      </trkpt>
      <trkpt lat="-38.53859" lon="177.51558">
        <ele>396.1</ele>
      </trkpt>
      <trkpt lat="-38.5387" lon="177.51567">
        <ele>398.7</ele>
      </trkpt>
      <trkpt lat="-38.53882" lon="177.51573">
        <ele>401.4</ele>
      </trkpt>
      <trkpt lat="-38.53886" lon="177.51579">
        <ele>402.2</ele>
      </trkpt>
      <trkpt lat="-38.5389" lon="177.51597">
        <ele>402.3</ele>
      </trkpt>
      <trkpt lat="-38.53893" lon="177.51648">
        <ele>400.4</ele>
      </trkpt>
      <trkpt lat="-38.53883" lon="177.51661">
        <ele>397.8</ele>
      </trkpt>
      <trkpt lat="-38.53851" lon="177.51699">
        <ele>389.7</ele>
      </trkpt>
      <trkpt lat="-38.53843" lon="177.51715">
        <ele>387.7</ele>
      </trkpt>
      <trkpt lat="-38.53837" lon="177.51738">
        <ele>385.9</ele>
      </trkpt>
      <trkpt lat="-38.53839" lon="177.51757">
        <ele>384.9</ele>
      </trkpt>
      <trkpt lat="-38.53851" lon="177.51776">
        <ele>384.0</ele>
      </trkpt>
      <trkpt lat="-38.53884" lon="177.51793">
        <ele>385.2</ele>
      </trkpt>
      <trkpt lat="-38.53905" lon="177.51808">
        <ele>384.9</ele>
      </trkpt>
      <trkpt lat="-38.53917" lon="177.51812">
        <ele>385.3</ele>
      </trkpt>
      <trkpt lat="-38.53929" lon="177.51807">
        <ele>386.4</ele>
      </trkpt>
      <trkpt lat="-38.53943" lon="177.51797">
        <ele>388.0</ele>
      </trkpt>
      <trkpt lat="-38.53955" lon="177.51785">
        <ele>389.4</ele>
      </trkpt>
      <trkpt lat="-38.53972" lon="177.5179">
        <ele>389.0</ele>
      </trkpt>
      <trkpt lat="-38.53976" lon="177.51801">
        <ele>388.1</ele>
      </trkpt>
      <trkpt lat="-38.53959" lon="177.5186">
        <ele>385.3</ele>
      </trkpt>
      <trkpt lat="-38.53941" lon="177.51874">
        <ele>384.8</ele>
      </trkpt>
      <trkpt lat="-38.53914" lon="177.51868">
        <ele>383.0</ele>
      </trkpt>
      <trkpt lat="-38.53907" lon="177.51865">
        <ele>382.1</ele>
      </trkpt>
      <trkpt lat="-38.53884" lon="177.5185">
        <ele>379.7</ele>
      </trkpt>
      <trkpt lat="-38.53865" lon="177.51844">
        <ele>378.1</ele>
      </trkpt>
      <trkpt lat="-38.53847" lon="177.51849">
        <ele>376.4</ele>
      </trkpt>
      <trkpt lat="-38.53836" lon="177.51863">
        <ele>374.8</ele>
      </trkpt>
      <trkpt lat="-38.5381" lon="177.51959">
        <ele>370.9</ele>
      </trkpt>
      <trkpt lat="-38.5378" lon="177.52035">
        <ele>368.6</ele>
      </trkpt>
      <trkpt lat="-38.53766" lon="177.5204">
        <ele>366.1</ele>
      </trkpt>
      <trkpt lat="-38.53751" lon="177.52039">
        <ele>363.1</ele>
      </trkpt>
      <trkpt lat="-38.53737" lon="177.52029">
        <ele>361.5</ele>
      </trkpt>
      <trkpt lat="-38.53722" lon="177.52016">
        <ele>360.2</ele>
      </trkpt>
      <trkpt lat="-38.53715" lon="177.52013">
        <ele>359.8</ele>
      </trkpt>
      <trkpt lat="-38.53704" lon="177.52017">
        <ele>359.3</ele>
      </trkpt>
      <trkpt lat="-38.53688" lon="177.5204">
        <ele>357.8</ele>
      </trkpt>
      <trkpt lat="-38.53675" lon="177.52088">
        <ele>354.9</ele>
      </trkpt>
      <trkpt lat="-38.53651" lon="177.52181">
        <ele>350.1</ele>
      </trkpt>
      <trkpt lat="-38.53626" lon="177.52275">
        <ele>348.1</ele>
      </trkpt>
      <trkpt lat="-38.53623" lon="177.52297">
        <ele>348.0</ele>
      </trkpt>
      <trkpt lat="-38.53633" lon="177.52358">
        <ele>351.5</ele>
      </trkpt>
      <trkpt lat="-38.53632" lon="177.52386">
        <ele>352.4</ele>
      </trkpt>
      <trkpt lat="-38.53624" lon="177.52413">
        <ele>351.1</ele>
      </trkpt>
      <trkpt lat="-38.53605" lon="177.52432">
        <ele>346.8</ele>
      </trkpt>
      <trkpt lat="-38.5356" lon="177.5246">
        <ele>339.2</ele>
      </trkpt>
      <trkpt lat="-38.53546" lon="177.5247">
        <ele>337.5</ele>
      </trkpt>
      <trkpt lat="-38.5354" lon="177.5249">
        <ele>336.9</ele>
      </trkpt>
      <trkpt lat="-38.53538" lon="177.52533">
        <ele>337.2</ele>
      </trkpt>
      <trkpt lat="-38.53527" lon="177.52587">
        <ele>334.4</ele>
      </trkpt>
      <trkpt lat="-38.53525" lon="177.52625">
        <ele>333.3</ele>
      </trkpt>
      <trkpt lat="-38.53526" lon="177.52658">
        <ele>333.3</ele>
      </trkpt>
      <trkpt lat="-38.53512" lon="177.52694">
        <ele>328.0</ele>
      </trkpt>
      <trkpt lat="-38.53496" lon="177.52723">
        <ele>325.1</ele>
      </trkpt>
      <trkpt lat="-38.5349" lon="177.52775">
        <ele>326.6</ele>
      </trkpt>
      <trkpt lat="-38.53489" lon="177.52787">
        <ele>326.9</ele>
      </trkpt>
      <trkpt lat="-38.53483" lon="177.52821">
        <ele>328.0</ele>
      </trkpt>
      <trkpt lat="-38.53476" lon="177.52843">
        <ele>330.1</ele>
      </trkpt>
      <trkpt lat="-38.53441" lon="177.52894">
        <ele>331.3</ele>
      </trkpt>
      <trkpt lat="-38.53394" lon="177.52955">
        <ele>329.4</ele>
      </trkpt>
      <trkpt lat="-38.53374" lon="177.52974">
        <ele>327.0</ele>
      </trkpt>
      <trkpt lat="-38.53369" lon="177.5299">
        <ele>325.8</ele>
      </trkpt>
      <trkpt lat="-38.53372" lon="177.53026">
        <ele>324.8</ele>
      </trkpt>
      <trkpt lat="-38.53375" lon="177.5307">
        <ele>322.1</ele>
      </trkpt>
      <trkpt lat="-38.53381" lon="177.53084">
        <ele>323.0</ele>
      </trkpt>
      <trkpt lat="-38.53394" lon="177.53105">
        <ele>324.7</ele>
      </trkpt>
      <trkpt lat="-38.53412" lon="177.5314">
        <ele>323.9</ele>
      </trkpt>
      <trkpt lat="-38.5342" lon="177.53165">
        <ele>322.4</ele>
      </trkpt>
      <trkpt lat="-38.53421" lon="177.53192">
        <ele>320.6</ele>
      </trkpt>
      <trkpt lat="-38.53407" lon="177.5323">
        <ele>314.3</ele>
      </trkpt>
      <trkpt lat="-38.53402" lon="177.53256">
        <ele>312.4</ele>
      </trkpt>
      <trkpt lat="-38.53407" lon="177.53281">
        <ele>310.6</ele>
      </trkpt>
      <trkpt lat="-38.53403" lon="177.53296">
        <ele>309.4</ele>
      </trkpt>
      <trkpt lat="-38.53399" lon="177.53307">
        <ele>308.5</ele>
      </trkpt>
      <trkpt lat="-38.53392" lon="177.53322">
        <ele>307.3</ele>
      </trkpt>
      <trkpt lat="-38.53383" lon="177.5334">
        <ele>305.7</ele>
      </trkpt>
      <trkpt lat="-38.53373" lon="177.53348">
        <ele>304.7</ele>
      </trkpt>
      <trkpt lat="-38.53339" lon="177.53347">
        <ele>302.7</ele>
      </trkpt>
      <trkpt lat="-38.53318" lon="177.53349">
        <ele>302.8</ele>
      </trkpt>
      <trkpt lat="-38.53307" lon="177.53335">
        <ele>304.8</ele>
      </trkpt>
      <trkpt lat="-38.53298" lon="177.53344">
        <ele>304.2</ele>
      </trkpt>
      <trkpt lat="-38.53265" lon="177.5339">
        <ele>301.3</ele>
      </trkpt>
      <trkpt lat="-38.5324" lon="177.53414">
        <ele>302.1</ele>
      </trkpt>
      <trkpt lat="-38.5323" lon="177.53438">
        <ele>303.1</ele>
      </trkpt>
      <trkpt lat="-38.53229" lon="177.53475">
        <ele>302.1</ele>
      </trkpt>
      <trkpt lat="-38.53253" lon="177.53538">
        <ele>296.7</ele>
      </trkpt>
      <trkpt lat="-38.53253" lon="177.53563">
        <ele>297.3</ele>
      </trkpt>
      <trkpt lat="-38.53244" lon="177.53581">
        <ele>299.3</ele>
      </trkpt>
      <trkpt lat="-38.53231" lon="177.536">
        <ele>301.6</ele>
      </trkpt>
      <trkpt lat="-38.53216" lon="177.53616">
        <ele>304.3</ele>
      </trkpt>
      <trkpt lat="-38.53189" lon="177.5367">
        <ele>308.3</ele>
      </trkpt>
      <trkpt lat="-38.53162" lon="177.53725">
        <ele>308.7</ele>
      </trkpt>
      <trkpt lat="-38.53133" lon="177.5379">
        <ele>308.6</ele>
      </trkpt>
      <trkpt lat="-38.53105" lon="177.53856">
        <ele>306.9</ele>
      </trkpt>
      <trkpt lat="-38.53083" lon="177.53949">
        <ele>298.8</ele>
      </trkpt>
      <trkpt lat="-38.53061" lon="177.54043">
        <ele>301.8</ele>
      </trkpt>
      <trkpt lat="-38.5304" lon="177.54137">
        <ele>307.6</ele>
      </trkpt>
      <trkpt lat="-38.53036" lon="177.54168">
        <ele>308.8</ele>
      </trkpt>
      <trkpt lat="-38.53028" lon="177.54189">
        <ele>307.5</ele>
      </trkpt>
      <trkpt lat="-38.53013" lon="177.54207">
        <ele>308.6</ele>
      </trkpt>
      <trkpt lat="-38.52999" lon="177.54234">
        <ele>308.2</ele>
      </trkpt>
      <trkpt lat="-38.52996" lon="177.54252">
        <ele>307.0</ele>
      </trkpt>
      <trkpt lat="-38.52997" lon="177.54274">
        <ele>305.3</ele>
      </trkpt>
      <trkpt lat="-38.52995" lon="177.54284">
        <ele>305.8</ele>
      </trkpt>
      <trkpt lat="-38.5299" lon="177.543">
        <ele>307.3</ele>
      </trkpt>
      <trkpt lat="-38.5298" lon="177.54322">
        <ele>310.4</ele>
      </trkpt>
      <trkpt lat="-38.5298" lon="177.54332">
        <ele>309.7</ele>
      </trkpt>
      <trkpt lat="-38.5298" lon="177.54332">
        <ele>309.7</ele>
      </trkpt>
      <trkpt lat="-38.53001" lon="177.54352">
        <ele>302.3</ele>
      </trkpt>
      <trkpt lat="-38.53013" lon="177.54357">
        <ele>299.8</ele>
      </trkpt>
      <trkpt lat="-38.53032" lon="177.54376">
        <ele>296.3</ele>
      </trkpt>
      <trkpt lat="-38.5304" lon="177.544">
        <ele>295.6</ele>
      </trkpt>
      <trkpt lat="-38.53042" lon="177.5444">
        <ele>296.0</ele>
      </trkpt>
      <trkpt lat="-38.53029" lon="177.54459">
        <ele>300.0</ele>
      </trkpt>
      <trkpt lat="-38.53004" lon="177.5447">
        <ele>307.5</ele>
      </trkpt>
      <trkpt lat="-38.52994" lon="177.54473">
        <ele>310.7</ele>
      </trkpt>
      <trkpt lat="-38.5299" lon="177.54478">
        <ele>312.2</ele>
      </trkpt>
      <trkpt lat="-38.52988" lon="177.54482">
        <ele>313.0</ele>
      </trkpt>
      <trkpt lat="-38.52988" lon="177.54482">
        <ele>313.0</ele>
      </trkpt>
      <trkpt lat="-38.5299" lon="177.54492">
        <ele>312.5</ele>
      </trkpt>
      <trkpt lat="-38.52998" lon="177.545">
        <ele>309.7</ele>
      </trkpt>
      <trkpt lat="-38.53019" lon="177.54511">
        <ele>304.4</ele>
      </trkpt>
      <trkpt lat="-38.53028" lon="177.54517">
        <ele>302.1</ele>
      </trkpt>
      <trkpt lat="-38.5304" lon="177.54532">
        <ele>299.2</ele>
      </trkpt>
      <trkpt lat="-38.53045" lon="177.54544">
        <ele>298.2</ele>
      </trkpt>
      <trkpt lat="-38.53029" lon="177.54632">
        <ele>306.0</ele>
      </trkpt>
      <trkpt lat="-38.53023" lon="177.54719">
        <ele>304.9</ele>
      </trkpt>
      <trkpt lat="-38.53034" lon="177.54768">
        <ele>301.9</ele>
      </trkpt>
      <trkpt lat="-38.53061" lon="177.54819">
        <ele>297.5</ele>
      </trkpt>
      <trkpt lat="-38.53089" lon="177.5487">
        <ele>298.1</ele>
      </trkpt>
      <trkpt lat="-38.53107" lon="177.54909">
        <ele>302.6</ele>
      </trkpt>
      <trkpt lat="-38.53127" lon="177.54934">
        <ele>301.6</ele>
      </trkpt>
      <trkpt lat="-38.53156" lon="177.54941">
        <ele>293.2</ele>
      </trkpt>
      <trkpt lat="-38.5317" lon="177.54946">
        <ele>289.9</ele>
      </trkpt>
      <trkpt lat="-38.53201" lon="177.5497">
        <ele>285.9</ele>
      </trkpt>
      <trkpt lat="-38.53215" lon="177.5499">
        <ele>284.0</ele>
      </trkpt>
      <trkpt lat="-38.53226" lon="177.55072">
        <ele>288.5</ele>
      </trkpt>
      <trkpt lat="-38.53226" lon="177.55109">
        <ele>287.5</ele>
      </trkpt>
      <trkpt lat="-38.53193" lon="177.55141">
        <ele>296.8</ele>
      </trkpt>
      <trkpt lat="-38.5318" lon="177.55161">
        <ele>298.5</ele>
      </trkpt>
      <trkpt lat="-38.53174" lon="177.55182">
        <ele>299.1</ele>
      </trkpt>
      <trkpt lat="-38.53177" lon="177.552">
        <ele>297.5</ele>
      </trkpt>
      <trkpt lat="-38.53192" lon="177.55234">
        <ele>291.6</ele>
      </trkpt>
      <trkpt lat="-38.53229" lon="177.55283">
        <ele>286.4</ele>
      </trkpt>
      <trkpt lat="-38.53269" lon="177.55317">
        <ele>283.8</ele>
      </trkpt>
      <trkpt lat="-38.53283" lon="177.55339">
        <ele>284.4</ele>
      </trkpt>
      <trkpt lat="-38.53295" lon="177.55367">
        <ele>286.8</ele>
      </trkpt>
      <trkpt lat="-38.53304" lon="177.55425">
        <ele>294.5</ele>
      </trkpt>
      <trkpt lat="-38.53319" lon="177.55479">
        <ele>292.9</ele>
      </trkpt>
      <trkpt lat="-38.53365" lon="177.55548">
        <ele>282.9</ele>
      </trkpt>
      <trkpt lat="-38.53383" lon="177.55583">
        <ele>280.7</ele>
      </trkpt>
      <trkpt lat="-38.53412" lon="177.55648">
        <ele>276.4</ele>
      </trkpt>
      <trkpt lat="-38.5344" lon="177.55714">
        <ele>272.5</ele>
      </trkpt>
      <trkpt lat="-38.53455" lon="177.5574">
        <ele>270.2</ele>
      </trkpt>
      <trkpt lat="-38.53499" lon="177.55803">
        <ele>266.2</ele>
      </trkpt>
      <trkpt lat="-38.53522" lon="177.55827">
        <ele>266.7</ele>
      </trkpt>
      <trkpt lat="-38.53522" lon="177.55827">
        <ele>266.7</ele>
      </trkpt>
      <trkpt lat="-38.53528" lon="177.55833">
        <ele>266.9</ele>
      </trkpt>
      <trkpt lat="-38.53585" lon="177.55871">
        <ele>265.2</ele>
      </trkpt>
      <trkpt lat="-38.53642" lon="177.55908">
        <ele>267.3</ele>
      </trkpt>
      <trkpt lat="-38.53699" lon="177.55946">
        <ele>266.1</ele>
      </trkpt>
      <trkpt lat="-38.5371" lon="177.55956">
        <ele>265.7</ele>
      </trkpt>
      <trkpt lat="-38.53719" lon="177.55969">
        <ele>265.4</ele>
      </trkpt>
      <trkpt lat="-38.53741" lon="177.5601">
        <ele>265.5</ele>
      </trkpt>
      <trkpt lat="-38.5375" lon="177.56022">
        <ele>265.5</ele>
      </trkpt>
      <trkpt lat="-38.53757" lon="177.56029">
        <ele>265.2</ele>
      </trkpt>
      <trkpt lat="-38.5377" lon="177.56037">
        <ele>264.5</ele>
      </trkpt>
      <trkpt lat="-38.53787" lon="177.56039">
        <ele>263.7</ele>
      </trkpt>
      <trkpt lat="-38.53796" lon="177.5604">
        <ele>263.3</ele>
      </trkpt>
      <trkpt lat="-38.53827" lon="177.56046">
        <ele>261.9</ele>
      </trkpt>
      <trkpt lat="-38.5384" lon="177.56051">
        <ele>261.1</ele>
      </trkpt>
      <trkpt lat="-38.53852" lon="177.56057">
        <ele>260.0</ele>
      </trkpt>
      <trkpt lat="-38.53865" lon="177.56068">
        <ele>259.0</ele>
      </trkpt>
      <trkpt lat="-38.5388" lon="177.56086">
        <ele>258.2</ele>
      </trkpt>
      <trkpt lat="-38.539" lon="177.56117">
        <ele>260.6</ele>
      </trkpt>
      <trkpt lat="-38.53939" lon="177.562">
        <ele>263.2</ele>
      </trkpt>
      <trkpt lat="-38.53967" lon="177.56306">
        <ele>260.6</ele>
      </trkpt>
      <trkpt lat="-38.53996" lon="177.56413">
        <ele>254.3</ele>
      </trkpt>
      <trkpt lat="-38.54002" lon="177.56474">
        <ele>254.4</ele>
      </trkpt>
      <trkpt lat="-38.54008" lon="177.56535">
        <ele>254.6</ele>
      </trkpt>
      <trkpt lat="-38.54002" lon="177.56613">
        <ele>253.0</ele>
      </trkpt>
      <trkpt lat="-38.53996" lon="177.56692">
        <ele>250.0</ele>
      </trkpt>
      <trkpt lat="-38.53987" lon="177.56781">
        <ele>247.0</ele>
      </trkpt>
      <trkpt lat="-38.53966" lon="177.56845">
        <ele>250.3</ele>
      </trkpt>
      <trkpt lat="-38.53948" lon="177.56905">
        <ele>250.6</ele>
      </trkpt>
      <trkpt lat="-38.53917" lon="177.56982">
        <ele>246.9</ele>
      </trkpt>
      <trkpt lat="-38.53887" lon="177.57059">
        <ele>245.5</ele>
      </trkpt>
      <trkpt lat="-38.53841" lon="177.57137">
        <ele>243.6</ele>
      </trkpt>
      <trkpt lat="-38.53827" lon="177.57165">
        <ele>242.3</ele>
      </trkpt>
      <trkpt lat="-38.53803" lon="177.57243">
        <ele>245.6</ele>
      </trkpt>
      <trkpt lat="-38.53779" lon="177.57316">
        <ele>246.1</ele>
      </trkpt>
      <trkpt lat="-38.53756" lon="177.57388">
        <ele>242.2</ele>
      </trkpt>
      <trkpt lat="-38.5374" lon="177.57484">
        <ele>239.8</ele>
      </trkpt>
      <trkpt lat="-38.53742" lon="177.57558">
        <ele>237.4</ele>
      </trkpt>
      <trkpt lat="-38.53743" lon="177.57639">
        <ele>235.6</ele>
      </trkpt>
      <trkpt lat="-38.53744" lon="177.57721">
        <ele>233.3</ele>
      </trkpt>
      <trkpt lat="-38.53731" lon="177.57781">
        <ele>232.7</ele>
      </trkpt>
      <trkpt lat="-38.53728" lon="177.5785">
        <ele>231.1</ele>
      </trkpt>
      <trkpt lat="-38.53738" lon="177.57906">
        <ele>228.4</ele>
      </trkpt>
      <trkpt lat="-38.53745" lon="177.57938">
        <ele>227.9</ele>
      </trkpt>
      <trkpt lat="-38.53756" lon="177.57974">
        <ele>228.2</ele>
      </trkpt>
      <trkpt lat="-38.53766" lon="177.58">
        <ele>228.2</ele>
      </trkpt>
      <trkpt lat="-38.53809" lon="177.58096">
        <ele>226.3</ele>
      </trkpt>
      <trkpt lat="-38.53853" lon="177.58192">
        <ele>227.4</ele>
      </trkpt>
      <trkpt lat="-38.53863" lon="177.58216">
        <ele>227.7</ele>
      </trkpt>
      <trkpt lat="-38.53868" lon="177.58227">
        <ele>227.8</ele>
      </trkpt>
      <trkpt lat="-38.53884" lon="177.58283">
        <ele>228.5</ele>
      </trkpt>
      <trkpt lat="-38.539" lon="177.58363">
        <ele>227.8</ele>
      </trkpt>
      <trkpt lat="-38.53917" lon="177.58444">
        <ele>227.0</ele>
      </trkpt>
      <trkpt lat="-38.53938" lon="177.58531">
        <ele>225.7</ele>
      </trkpt>
      <trkpt lat="-38.53983" lon="177.58608">
        <ele>226.4</ele>
      </trkpt>
      <trkpt lat="-38.54008" lon="177.58676">
        <ele>227.9</ele>
      </trkpt>
      <trkpt lat="-38.54011" lon="177.58716">
        <ele>228.5</ele>
      </trkpt>
      <trkpt lat="-38.54011" lon="177.58793">
        <ele>230.7</ele>
      </trkpt>
      <trkpt lat="-38.54011" lon="177.58869">
        <ele>234.9</ele>
      </trkpt>
      <trkpt lat="-38.54009" lon="177.58909">
        <ele>236.5</ele>
      </trkpt>
      <trkpt lat="-38.54008" lon="177.58931">
        <ele>237.5</ele>
      </trkpt>
      <trkpt lat="-38.53997" lon="177.59016">
        <ele>240.4</ele>
      </trkpt>
      <trkpt lat="-38.53977" lon="177.591">
        <ele>244.8</ele>
      </trkpt>
      <trkpt lat="-38.53934" lon="177.59193">
        <ele>239.2</ele>
      </trkpt>
      <trkpt lat="-38.53899" lon="177.59237">
        <ele>237.4</ele>
      </trkpt>
      <trkpt lat="-38.53891" lon="177.59274">
        <ele>237.2</ele>
      </trkpt>
      <trkpt lat="-38.5389" lon="177.59285">
        <ele>236.6</ele>
      </trkpt>
      <trkpt lat="-38.53894" lon="177.59298">
        <ele>236.5</ele>
      </trkpt>
      <trkpt lat="-38.53905" lon="177.59361">
        <ele>234.4</ele>
      </trkpt>
      <trkpt lat="-38.53908" lon="177.59402">
        <ele>231.7</ele>
      </trkpt>
      <trkpt lat="-38.53847" lon="177.59485">
        <ele>224.8</ele>
      </trkpt>
      <trkpt lat="-38.53822" lon="177.59497">
        <ele>221.6</ele>
      </trkpt>
      <trkpt lat="-38.53799" lon="177.59503">
        <ele>221.0</ele>
      </trkpt>
      <trkpt lat="-38.53785" lon="177.59514">
        <ele>220.8</ele>
      </trkpt>
      <trkpt lat="-38.53773" lon="177.59529">
        <ele>220.2</ele>
      </trkpt>
      <trkpt lat="-38.53764" lon="177.59543">
        <ele>219.3</ele>
      </trkpt>
      <trkpt lat="-38.53725" lon="177.59629">
        <ele>215.0</ele>
      </trkpt>
      <trkpt lat="-38.53707" lon="177.59665">
        <ele>212.0</ele>
      </trkpt>
      <trkpt lat="-38.53693" lon="177.59685">
        <ele>211.0</ele>
      </trkpt>
      <trkpt lat="-38.53632" lon="177.59759">
        <ele>206.5</ele>
      </trkpt>
      <trkpt lat="-38.53572" lon="177.59833">
        <ele>204.7</ele>
      </trkpt>
      <trkpt lat="-38.53511" lon="177.59907">
        <ele>203.7</ele>
      </trkpt>
      <trkpt lat="-38.53477" lon="177.5994">
        <ele>202.1</ele>
      </trkpt>
      <trkpt lat="-38.53447" lon="177.59967">
        <ele>201.8</ele>
      </trkpt>
      <trkpt lat="-38.53425" lon="177.59989">
        <ele>201.2</ele>
      </trkpt>
      <trkpt lat="-38.53413" lon="177.60005">
        <ele>201.3</ele>
      </trkpt>
      <trkpt lat="-38.53411" lon="177.60032">
        <ele>201.8</ele>
      </trkpt>
      <trkpt lat="-38.53418" lon="177.60093">
        <ele>201.9</ele>
      </trkpt>
      <trkpt lat="-38.53425" lon="177.60172">
        <ele>201.1</ele>
      </trkpt>
      <trkpt lat="-38.53431" lon="177.60222">
        <ele>200.8</ele>
      </trkpt>
      <trkpt lat="-38.53445" lon="177.60284">
        <ele>199.6</ele>
      </trkpt>
      <trkpt lat="-38.53475" lon="177.60377">
        <ele>196.7</ele>
      </trkpt>
      <trkpt lat="-38.53504" lon="177.60471">
        <ele>197.4</ele>
      </trkpt>
      <trkpt lat="-38.53534" lon="177.60564">
        <ele>202.4</ele>
      </trkpt>
      <trkpt lat="-38.53563" lon="177.60658">
        <ele>204.9</ele>
      </trkpt>
      <trkpt lat="-38.53593" lon="177.60751">
        <ele>202.5</ele>
      </trkpt>
      <trkpt lat="-38.53623" lon="177.60845">
        <ele>192.7</ele>
      </trkpt>
      <trkpt lat="-38.53654" lon="177.60922">
        <ele>187.3</ele>
      </trkpt>
      <trkpt lat="-38.53667" lon="177.60947">
        <ele>187.0</ele>
      </trkpt>
      <trkpt lat="-38.53673" lon="177.60957">
        <ele>186.8</ele>
      </trkpt>
      <trkpt lat="-38.53682" lon="177.60967">
        <ele>186.6</ele>
      </trkpt>
      <trkpt lat="-38.53706" lon="177.60997">
        <ele>186.0</ele>
      </trkpt>
      <trkpt lat="-38.5372" lon="177.6101">
        <ele>185.7</ele>
      </trkpt>
      <trkpt lat="-38.53726" lon="177.61013">
        <ele>185.6</ele>
      </trkpt>
      <trkpt lat="-38.53741" lon="177.61016">
        <ele>185.3</ele>
      </trkpt>
      <trkpt lat="-38.53812" lon="177.61015">
        <ele>186.1</ele>
      </trkpt>
      <trkpt lat="-38.53884" lon="177.61015">
        <ele>190.0</ele>
      </trkpt>
      <trkpt lat="-38.53882" lon="177.61">
        <ele>188.5</ele>
      </trkpt>
      <trkpt lat="-38.5388" lon="177.60994">
        <ele>187.8</ele>
      </trkpt>
      <trkpt lat="-38.53874" lon="177.60991">
        <ele>187.2</ele>
      </trkpt>
      <trkpt lat="-38.53851" lon="177.60981">
        <ele>185.1</ele>
      </trkpt>
      <trkpt lat="-38.53842" lon="177.60981">
        <ele>184.6</ele>
      </trkpt>
      <trkpt lat="-38.53814" lon="177.60987">
        <ele>183.8</ele>
      </trkpt>
      <trkpt lat="-38.53804" lon="177.60984">
        <ele>183.4</ele>
      </trkpt>
      <trkpt lat="-38.53802" lon="177.6098">
        <ele>183.3</ele>
      </trkpt>
      <trkpt lat="-38.53801" lon="177.6097">
        <ele>183.0</ele>
      </trkpt>
      <trkpt lat="-38.53813" lon="177.6096">
        <ele>182.8</ele>
      </trkpt>
      <trkpt lat="-38.5383" lon="177.60955">
        <ele>182.8</ele>
      </trkpt>
      <trkpt lat="-38.5383" lon="177.60955">
        <ele>182.8</ele>
      </trkpt>
      <trkpt lat="-38.5383" lon="177.60955">
        <ele>182.8</ele>
      </trkpt>
      <trkpt lat="-38.53813" lon="177.6096">
        <ele>182.8</ele>
      </trkpt>
      <trkpt lat="-38.53801" lon="177.6097">
        <ele>183.0</ele>
      </trkpt>
      <trkpt lat="-38.53802" lon="177.6098">
        <ele>183.3</ele>
      </trkpt>
      <trkpt lat="-38.53804" lon="177.60984">
        <ele>183.4</ele>
      </trkpt>
      <trkpt lat="-38.53814" lon="177.60987">
        <ele>183.8</ele>
      </trkpt>
      <trkpt lat="-38.53842" lon="177.60981">
        <ele>184.6</ele>
      </trkpt>
      <trkpt lat="-38.53851" lon="177.60981">
        <ele>185.1</ele>
      </trkpt>
      <trkpt lat="-38.53874" lon="177.60991">
        <ele>187.2</ele>
      </trkpt>
      <trkpt lat="-38.5388" lon="177.60994">
        <ele>187.8</ele>
      </trkpt>
      <trkpt lat="-38.53882" lon="177.61">
        <ele>188.5</ele>
      </trkpt>
      <trkpt lat="-38.53884" lon="177.61015">
        <ele>190.0</ele>
      </trkpt>
      <trkpt lat="-38.53971" lon="177.61015">
        <ele>189.0</ele>
      </trkpt>
      <trkpt lat="-38.54057" lon="177.61016">
        <ele>184.5</ele>
      </trkpt>
      <trkpt lat="-38.54144" lon="177.61016">
        <ele>182.7</ele>
      </trkpt>
      <trkpt lat="-38.54162" lon="177.61017">
        <ele>182.6</ele>
      </trkpt>
      <trkpt lat="-38.54177" lon="177.61019">
        <ele>182.8</ele>
      </trkpt>
      <trkpt lat="-38.54209" lon="177.61027">
        <ele>183.3</ele>
      </trkpt>
      <trkpt lat="-38.54226" lon="177.61029">
        <ele>183.5</ele>
      </trkpt>
      <trkpt lat="-38.54241" lon="177.61028">
        <ele>183.6</ele>
      </trkpt>
      <trkpt lat="-38.54259" lon="177.61025">
        <ele>184.7</ele>
      </trkpt>
      <trkpt lat="-38.54305" lon="177.61015">
        <ele>189.0</ele>
      </trkpt>
      <trkpt lat="-38.54351" lon="177.61004">
        <ele>191.4</ele>
      </trkpt>
      <trkpt lat="-38.54414" lon="177.60969">
        <ele>190.1</ele>
      </trkpt>
      <trkpt lat="-38.54429" lon="177.60962">
        <ele>188.2</ele>
      </trkpt>
      <trkpt lat="-38.54446" lon="177.60958">
        <ele>186.7</ele>
      </trkpt>
      <trkpt lat="-38.54455" lon="177.60958">
        <ele>186.3</ele>
      </trkpt>
      <trkpt lat="-38.54474" lon="177.60963">
        <ele>186.3</ele>
      </trkpt>
      <trkpt lat="-38.54482" lon="177.60968">
        <ele>186.7</ele>
      </trkpt>
      <trkpt lat="-38.54493" lon="177.60975">
        <ele>187.1</ele>
      </trkpt>
      <trkpt lat="-38.54504" lon="177.60985">
        <ele>187.6</ele>
      </trkpt>
      <trkpt lat="-38.54516" lon="177.61003">
        <ele>188.2</ele>
      </trkpt>
      <trkpt lat="-38.54531" lon="177.61032">
        <ele>187.6</ele>
      </trkpt>
      <trkpt lat="-38.54551" lon="177.61078">
        <ele>186.3</ele>
      </trkpt>
      <trkpt lat="-38.54564" lon="177.61111">
        <ele>185.4</ele>
      </trkpt>
      <trkpt lat="-38.54579" lon="177.61163">
        <ele>184.7</ele>
      </trkpt>
      <trkpt lat="-38.54596" lon="177.61247">
        <ele>188.4</ele>
      </trkpt>
      <trkpt lat="-38.54609" lon="177.61331">
        <ele>188.5</ele>
      </trkpt>
      <trkpt lat="-38.54607" lon="177.61418">
        <ele>192.5</ele>
      </trkpt>
      <trkpt lat="-38.54596" lon="177.61489">
        <ele>197.5</ele>
      </trkpt>
      <trkpt lat="-38.5458" lon="177.6156">
        <ele>200.7</ele>
      </trkpt>
      <trkpt lat="-38.54557" lon="177.61623">
        <ele>206.1</ele>
      </trkpt>
      <trkpt lat="-38.54534" lon="177.61672">
        <ele>209.6</ele>
      </trkpt>
      <trkpt lat="-38.54511" lon="177.61734">
        <ele>209.6</ele>
      </trkpt>
      <trkpt lat="-38.54461" lon="177.61794">
        <ele>212.5</ele>
      </trkpt>
      <trkpt lat="-38.54412" lon="177.61854">
        <ele>208.1</ele>
      </trkpt>
      <trkpt lat="-38.544" lon="177.61885">
        <ele>209.1</ele>
      </trkpt>
      <trkpt lat="-38.54391" lon="177.61918">
        <ele>209.0</ele>
      </trkpt>
      <trkpt lat="-38.54392" lon="177.61972">
        <ele>216.4</ele>
      </trkpt>
      <trkpt lat="-38.54406" lon="177.62034">
        <ele>221.9</ele>
      </trkpt>
      <trkpt lat="-38.54419" lon="177.62063">
        <ele>223.6</ele>
      </trkpt>
      <trkpt lat="-38.54456" lon="177.62103">
        <ele>234.6</ele>
      </trkpt>
      <trkpt lat="-38.54472" lon="177.62125">
        <ele>237.3</ele>
      </trkpt>
      <trkpt lat="-38.54478" lon="177.62141">
        <ele>237.1</ele>
      </trkpt>
      <trkpt lat="-38.54479" lon="177.62158">
        <ele>235.4</ele>
      </trkpt>
      <trkpt lat="-38.54478" lon="177.62226">
        <ele>237.1</ele>
      </trkpt>
      <trkpt lat="-38.54481" lon="177.62311">
        <ele>243.6</ele>
      </trkpt>
      <trkpt lat="-38.54476" lon="177.62367">
        <ele>247.4</ele>
      </trkpt>
      <trkpt lat="-38.54466" lon="177.62385">
        <ele>247.5</ele>
      </trkpt>
      <trkpt lat="-38.54443" lon="177.62431">
        <ele>247.3</ele>
      </trkpt>
      <trkpt lat="-38.5444" lon="177.62442">
        <ele>246.8</ele>
      </trkpt>
      <trkpt lat="-38.5444" lon="177.6247">
        <ele>246.5</ele>
      </trkpt>
      <trkpt lat="-38.54447" lon="177.62498">
        <ele>246.9</ele>
      </trkpt>
      <trkpt lat="-38.54457" lon="177.62558">
        <ele>241.6</ele>
      </trkpt>
      <trkpt lat="-38.54466" lon="177.62619">
        <ele>235.5</ele>
      </trkpt>
      <trkpt lat="-38.54462" lon="177.62643">
        <ele>232.7</ele>
      </trkpt>
      <trkpt lat="-38.54457" lon="177.62661">
        <ele>230.6</ele>
      </trkpt>
      <trkpt lat="-38.54445" lon="177.62713">
        <ele>226.5</ele>
      </trkpt>
      <trkpt lat="-38.54451" lon="177.62747">
        <ele>224.0</ele>
      </trkpt>
      <trkpt lat="-38.54496" lon="177.62822">
        <ele>212.8</ele>
      </trkpt>
      <trkpt lat="-38.54584" lon="177.62847">
        <ele>208.4</ele>
      </trkpt>
      <trkpt lat="-38.54632" lon="177.62891">
        <ele>209.1</ele>
      </trkpt>
      <trkpt lat="-38.54681" lon="177.62934">
        <ele>204.9</ele>
      </trkpt>
      <trkpt lat="-38.54718" lon="177.62966">
        <ele>203.0</ele>
      </trkpt>
      <trkpt lat="-38.54739" lon="177.62986">
        <ele>199.9</ele>
      </trkpt>
      <trkpt lat="-38.54764" lon="177.62999">
        <ele>197.5</ele>
      </trkpt>
      <trkpt lat="-38.54772" lon="177.63001">
        <ele>197.6</ele>
      </trkpt>
      <trkpt lat="-38.5479" lon="177.63004">
        <ele>197.9</ele>
      </trkpt>
      <trkpt lat="-38.54817" lon="177.63006">
        <ele>198.2</ele>
      </trkpt>
      <trkpt lat="-38.54844" lon="177.63012">
        <ele>197.6</ele>
      </trkpt>
      <trkpt lat="-38.54879" lon="177.63025">
        <ele>195.9</ele>
      </trkpt>
      <trkpt lat="-38.54888" lon="177.6303">
        <ele>195.3</ele>
      </trkpt>
      <trkpt lat="-38.54904" lon="177.63042">
        <ele>194.0</ele>
      </trkpt>
      <trkpt lat="-38.54918" lon="177.63057">
        <ele>192.9</ele>
      </trkpt>
      <trkpt lat="-38.54924" lon="177.63064">
        <ele>193.9</ele>
      </trkpt>
      <trkpt lat="-38.54936" lon="177.63084">
        <ele>195.3</ele>
      </trkpt>
      <trkpt lat="-38.54944" lon="177.63105">
        <ele>195.1</ele>
      </trkpt>
      <trkpt lat="-38.54953" lon="177.6315">
        <ele>191.5</ele>
      </trkpt>
      <trkpt lat="-38.54956" lon="177.6316">
        <ele>190.6</ele>
      </trkpt>
      <trkpt lat="-38.5496" lon="177.63169">
        <ele>190.0</ele>
      </trkpt>
      <trkpt lat="-38.54975" lon="177.63195">
        <ele>188.6</ele>
      </trkpt>
      <trkpt lat="-38.5498" lon="177.63206">
        <ele>187.5</ele>
      </trkpt>
      <trkpt lat="-38.54984" lon="177.63216">
        <ele>186.3</ele>
      </trkpt>
      <trkpt lat="-38.5499" lon="177.63238">
        <ele>183.1</ele>
      </trkpt>
      <trkpt lat="-38.54991" lon="177.63263">
        <ele>181.1</ele>
      </trkpt>
      <trkpt lat="-38.54991" lon="177.63293">
        <ele>180.5</ele>
      </trkpt>
      <trkpt lat="-38.5499" lon="177.63304">
        <ele>180.3</ele>
      </trkpt>
      <trkpt lat="-38.54985" lon="177.63326">
        <ele>180.2</ele>
      </trkpt>
      <trkpt lat="-38.54978" lon="177.63348">
        <ele>181.2</ele>
      </trkpt>
      <trkpt lat="-38.54966" lon="177.63381">
        <ele>183.3</ele>
      </trkpt>
      <trkpt lat="-38.5496" lon="177.63394">
        <ele>184.1</ele>
      </trkpt>
      <trkpt lat="-38.54942" lon="177.63426">
        <ele>186.1</ele>
      </trkpt>
      <trkpt lat="-38.54937" lon="177.63436">
        <ele>186.5</ele>
      </trkpt>
      <trkpt lat="-38.54933" lon="177.63447">
        <ele>186.8</ele>
      </trkpt>
      <trkpt lat="-38.54915" lon="177.63533">
        <ele>187.6</ele>
      </trkpt>
      <trkpt lat="-38.5491" lon="177.63574">
        <ele>189.0</ele>
      </trkpt>
      <trkpt lat="-38.54918" lon="177.63614">
        <ele>187.9</ele>
      </trkpt>
      <trkpt lat="-38.54914" lon="177.63698">
        <ele>188.4</ele>
      </trkpt>
      <trkpt lat="-38.54902" lon="177.63769">
        <ele>188.7</ele>
      </trkpt>
      <trkpt lat="-38.54887" lon="177.63797">
        <ele>188.1</ele>
      </trkpt>
      <trkpt lat="-38.54833" lon="177.63884">
        <ele>178.2</ele>
      </trkpt>
      <trkpt lat="-38.54817" lon="177.6393">
        <ele>175.8</ele>
      </trkpt>
      <trkpt lat="-38.54807" lon="177.64006">
        <ele>176.1</ele>
      </trkpt>
      <trkpt lat="-38.54804" lon="177.64035">
        <ele>176.2</ele>
      </trkpt>
      <trkpt lat="-38.54777" lon="177.64119">
        <ele>178.0</ele>
      </trkpt>
      <trkpt lat="-38.5475" lon="177.64204">
        <ele>179.0</ele>
      </trkpt>
      <trkpt lat="-38.5473" lon="177.6428">
        <ele>180.8</ele>
      </trkpt>
      <trkpt lat="-38.54708" lon="177.64355">
        <ele>181.8</ele>
      </trkpt>
      <trkpt lat="-38.54687" lon="177.64417">
        <ele>181.5</ele>
      </trkpt>
      <trkpt lat="-38.54655" lon="177.64459">
        <ele>180.9</ele>
      </trkpt>
      <trkpt lat="-38.54629" lon="177.64502">
        <ele>178.1</ele>
      </trkpt>
      <trkpt lat="-38.54616" lon="177.64532">
        <ele>176.3</ele>
      </trkpt>
      <trkpt lat="-38.54613" lon="177.64554">
        <ele>175.2</ele>
      </trkpt>
      <trkpt lat="-38.54608" lon="177.64579">
        <ele>174.1</ele>
      </trkpt>
      <trkpt lat="-38.54606" lon="177.64599">
        <ele>175.2</ele>
      </trkpt>
      <trkpt lat="-38.54612" lon="177.64617">
        <ele>176.5</ele>
      </trkpt>
      <trkpt lat="-38.54621" lon="177.64635">
        <ele>177.3</ele>
      </trkpt>
      <trkpt lat="-38.54685" lon="177.64668">
        <ele>173.2</ele>
      </trkpt>
      <trkpt lat="-38.54717" lon="177.64687">
        <ele>174.4</ele>
      </trkpt>
      <trkpt lat="-38.54751" lon="177.64717">
        <ele>170.6</ele>
      </trkpt>
      <trkpt lat="-38.54773" lon="177.64742">
        <ele>168.0</ele>
      </trkpt>
      <trkpt lat="-38.54785" lon="177.6477">
        <ele>167.4</ele>
      </trkpt>
      <trkpt lat="-38.54796" lon="177.64806">
        <ele>167.9</ele>
      </trkpt>
      <trkpt lat="-38.54812" lon="177.64887">
        <ele>164.1</ele>
      </trkpt>
      <trkpt lat="-38.54815" lon="177.6492">
        <ele>161.4</ele>
      </trkpt>
      <trkpt lat="-38.54815" lon="177.64946">
        <ele>157.0</ele>
      </trkpt>
      <trkpt lat="-38.54808" lon="177.6496">
        <ele>155.7</ele>
      </trkpt>
      <trkpt lat="-38.54799" lon="177.64975">
        <ele>154.8</ele>
      </trkpt>
      <trkpt lat="-38.5477" lon="177.6502">
        <ele>152.8</ele>
      </trkpt>
      <trkpt lat="-38.5474" lon="177.65065">
        <ele>149.7</ele>
      </trkpt>
      <trkpt lat="-38.54729" lon="177.65088">
        <ele>148.0</ele>
      </trkpt>
      <trkpt lat="-38.54722" lon="177.6511">
        <ele>147.2</ele>
      </trkpt>
      <trkpt lat="-38.54701" lon="177.65172">
        <ele>146.1</ele>
      </trkpt>
      <trkpt lat="-38.5468" lon="177.65235">
        <ele>143.4</ele>
      </trkpt>
      <trkpt lat="-38.54648" lon="177.65302">
        <ele>144.1</ele>
      </trkpt>
      <trkpt lat="-38.54625" lon="177.65391">
        <ele>142.0</ele>
      </trkpt>
      <trkpt lat="-38.5458" lon="177.65487">
        <ele>141.9</ele>
      </trkpt>
      <trkpt lat="-38.54576" lon="177.655">
        <ele>141.4</ele>
      </trkpt>
      <trkpt lat="-38.54574" lon="177.65521">
        <ele>139.9</ele>
      </trkpt>
      <trkpt lat="-38.54576" lon="177.65545">
        <ele>137.3</ele>
      </trkpt>
      <trkpt lat="-38.54587" lon="177.65635">
        <ele>131.0</ele>
      </trkpt>
      <trkpt lat="-38.54603" lon="177.65739">
        <ele>127.8</ele>
      </trkpt>
      <trkpt lat="-38.54628" lon="177.65806">
        <ele>126.1</ele>
      </trkpt>
      <trkpt lat="-38.54653" lon="177.65874">
        <ele>122.4</ele>
      </trkpt>
      <trkpt lat="-38.54667" lon="177.65926">
        <ele>124.0</ele>
      </trkpt>
      <trkpt lat="-38.54678" lon="177.65977">
        <ele>125.7</ele>
      </trkpt>
      <trkpt lat="-38.54682" lon="177.65997">
        <ele>126.3</ele>
      </trkpt>
      <trkpt lat="-38.54686" lon="177.66028">
        <ele>127.3</ele>
      </trkpt>
      <trkpt lat="-38.54688" lon="177.66058">
        <ele>129.6</ele>
      </trkpt>
      <trkpt lat="-38.54684" lon="177.66167">
        <ele>129.6</ele>
      </trkpt>
      <trkpt lat="-38.5468" lon="177.66276">
        <ele>128.6</ele>
      </trkpt>
      <trkpt lat="-38.54678" lon="177.66298">
        <ele>128.4</ele>
      </trkpt>
      <trkpt lat="-38.54674" lon="177.66321">
        <ele>128.1</ele>
      </trkpt>
      <trkpt lat="-38.54668" lon="177.66341">
        <ele>127.9</ele>
      </trkpt>
      <trkpt lat="-38.54649" lon="177.6639">
        <ele>127.2</ele>
      </trkpt>
      <trkpt lat="-38.54643" lon="177.6641">
        <ele>127.0</ele>
      </trkpt>
      <trkpt lat="-38.54639" lon="177.66432">
        <ele>127.5</ele>
      </trkpt>
      <trkpt lat="-38.54637" lon="177.66456">
        <ele>128.2</ele>
      </trkpt>
      <trkpt lat="-38.54639" lon="177.66558">
        <ele>129.0</ele>
      </trkpt>
      <trkpt lat="-38.5464" lon="177.66578">
        <ele>128.8</ele>
      </trkpt>
      <trkpt lat="-38.54646" lon="177.66602">
        <ele>129.2</ele>
      </trkpt>
      <trkpt lat="-38.54653" lon="177.66622">
        <ele>129.8</ele>
      </trkpt>
      <trkpt lat="-38.54664" lon="177.66641">
        <ele>130.6</ele>
      </trkpt>
      <trkpt lat="-38.54677" lon="177.66661">
        <ele>131.9</ele>
      </trkpt>
      <trkpt lat="-38.54722" lon="177.66715">
        <ele>138.4</ele>
      </trkpt>
      <trkpt lat="-38.54766" lon="177.66753">
        <ele>144.3</ele>
      </trkpt>
      <trkpt lat="-38.54811" lon="177.66791">
        <ele>150.7</ele>
      </trkpt>
      <trkpt lat="-38.5489" lon="177.66837">
        <ele>157.1</ele>
      </trkpt>
      <trkpt lat="-38.54909" lon="177.66851">
        <ele>158.0</ele>
      </trkpt>
      <trkpt lat="-38.54924" lon="177.66876">
        <ele>159.1</ele>
      </trkpt>
      <trkpt lat="-38.54939" lon="177.66896">
        <ele>161.8</ele>
      </trkpt>
      <trkpt lat="-38.54953" lon="177.66945">
        <ele>165.2</ele>
      </trkpt>
      <trkpt lat="-38.54955" lon="177.66959">
        <ele>166.0</ele>
      </trkpt>
      <trkpt lat="-38.54949" lon="177.67">
        <ele>166.5</ele>
      </trkpt>
      <trkpt lat="-38.54949" lon="177.67021">
        <ele>168.6</ele>
      </trkpt>
      <trkpt lat="-38.54942" lon="177.67065">
        <ele>172.3</ele>
      </trkpt>
      <trkpt lat="-38.54933" lon="177.67097">
        <ele>174.1</ele>
      </trkpt>
      <trkpt lat="-38.5493" lon="177.67123">
        <ele>175.1</ele>
      </trkpt>
      <trkpt lat="-38.54935" lon="177.67147">
        <ele>176.8</ele>
      </trkpt>
      <trkpt lat="-38.54942" lon="177.67166">
        <ele>178.4</ele>
      </trkpt>
      <trkpt lat="-38.54953" lon="177.6724">
        <ele>177.1</ele>
      </trkpt>
      <trkpt lat="-38.54955" lon="177.67275">
        <ele>176.1</ele>
      </trkpt>
      <trkpt lat="-38.54949" lon="177.67348">
        <ele>171.9</ele>
      </trkpt>
      <trkpt lat="-38.54949" lon="177.6738">
        <ele>170.4</ele>
      </trkpt>
      <trkpt lat="-38.54941" lon="177.67441">
        <ele>167.1</ele>
      </trkpt>
      <trkpt lat="-38.54921" lon="177.67524">
        <ele>164.8</ele>
      </trkpt>
      <trkpt lat="-38.5491" lon="177.67569">
        <ele>161.9</ele>
      </trkpt>
      <trkpt lat="-38.54907" lon="177.67591">
        <ele>160.8</ele>
      </trkpt>
      <trkpt lat="-38.54908" lon="177.67613">
        <ele>160.7</ele>
      </trkpt>
      <trkpt lat="-38.5491" lon="177.6765">
        <ele>160.6</ele>
      </trkpt>
      <trkpt lat="-38.54925" lon="177.67694">
        <ele>161.7</ele>
      </trkpt>
      <trkpt lat="-38.54936" lon="177.67732">
        <ele>163.9</ele>
      </trkpt>
      <trkpt lat="-38.54942" lon="177.67763">
        <ele>166.5</ele>
      </trkpt>
      <trkpt lat="-38.54941" lon="177.67842">
        <ele>171.7</ele>
      </trkpt>
      <trkpt lat="-38.54937" lon="177.67902">
        <ele>175.7</ele>
      </trkpt>
      <trkpt lat="-38.54933" lon="177.67962">
        <ele>180.7</ele>
      </trkpt>
      <trkpt lat="-38.54923" lon="177.68038">
        <ele>185.6</ele>
      </trkpt>
      <trkpt lat="-38.54918" lon="177.68063">
        <ele>186.5</ele>
      </trkpt>
      <trkpt lat="-38.54918" lon="177.6811">
        <ele>186.9</ele>
      </trkpt>
      <trkpt lat="-38.54933" lon="177.68192">
        <ele>186.7</ele>
      </trkpt>
      <trkpt lat="-38.54937" lon="177.68213">
        <ele>185.9</ele>
      </trkpt>
      <trkpt lat="-38.54943" lon="177.68235">
        <ele>185.6</ele>
      </trkpt>
      <trkpt lat="-38.54958" lon="177.68277">
        <ele>186.6</ele>
      </trkpt>
      <trkpt lat="-38.54964" lon="177.68298">
        <ele>186.7</ele>
      </trkpt>
      <trkpt lat="-38.54966" lon="177.68311">
        <ele>186.2</ele>
      </trkpt>
      <trkpt lat="-38.54968" lon="177.68321">
        <ele>185.9</ele>
      </trkpt>
      <trkpt lat="-38.54968" lon="177.68333">
        <ele>184.8</ele>
      </trkpt>
      <trkpt lat="-38.54965" lon="177.68379">
        <ele>177.9</ele>
      </trkpt>
      <trkpt lat="-38.54965" lon="177.68401">
        <ele>175.0</ele>
      </trkpt>
      <trkpt lat="-38.54966" lon="177.68414">
        <ele>173.5</ele>
      </trkpt>
      <trkpt lat="-38.54971" lon="177.68435">
        <ele>171.6</ele>
      </trkpt>
      <trkpt lat="-38.54974" lon="177.68444">
        <ele>170.9</ele>
      </trkpt>
      <trkpt lat="-38.54982" lon="177.68461">
        <ele>169.7</ele>
      </trkpt>
      <trkpt lat="-38.55009" lon="177.68511">
        <ele>167.7</ele>
      </trkpt>
      <trkpt lat="-38.55037" lon="177.68562">
        <ele>169.2</ele>
      </trkpt>
      <trkpt lat="-38.55069" lon="177.68605">
        <ele>169.1</ele>
      </trkpt>
      <trkpt lat="-38.55081" lon="177.68626">
        <ele>168.1</ele>
      </trkpt>
      <trkpt lat="-38.55086" lon="177.68637">
        <ele>167.1</ele>
      </trkpt>
      <trkpt lat="-38.55091" lon="177.68658">
        <ele>164.5</ele>
      </trkpt>
      <trkpt lat="-38.55092" lon="177.6868">
        <ele>165.5</ele>
      </trkpt>
      <trkpt lat="-38.55091" lon="177.68693">
        <ele>167.5</ele>
      </trkpt>
      <trkpt lat="-38.55089" lon="177.68703">
        <ele>169.0</ele>
      </trkpt>
      <trkpt lat="-38.55085" lon="177.68717">
        <ele>171.0</ele>
      </trkpt>
      <trkpt lat="-38.55056" lon="177.688">
        <ele>179.7</ele>
      </trkpt>
      <trkpt lat="-38.55047" lon="177.68831">
        <ele>182.5</ele>
      </trkpt>
      <trkpt lat="-38.55017" lon="177.68919">
        <ele>187.2</ele>
      </trkpt>
      <trkpt lat="-38.55017" lon="177.68981">
        <ele>195.6</ele>
      </trkpt>
      <trkpt lat="-38.55014" lon="177.69018">
        <ele>198.8</ele>
      </trkpt>
      <trkpt lat="-38.55002" lon="177.69061">
        <ele>198.4</ele>
      </trkpt>
      <trkpt lat="-38.55" lon="177.69076">
        <ele>199.2</ele>
      </trkpt>
      <trkpt lat="-38.55" lon="177.69095">
        <ele>199.3</ele>
      </trkpt>
      <trkpt lat="-38.55008" lon="177.69123">
        <ele>200.7</ele>
      </trkpt>
      <trkpt lat="-38.55018" lon="177.6914">
        <ele>203.5</ele>
      </trkpt>
      <trkpt lat="-38.55051" lon="177.69192">
        <ele>208.0</ele>
      </trkpt>
      <trkpt lat="-38.55085" lon="177.69244">
        <ele>206.1</ele>
      </trkpt>
      <trkpt lat="-38.55097" lon="177.69261">
        <ele>204.8</ele>
      </trkpt>
      <trkpt lat="-38.55106" lon="177.69278">
        <ele>202.5</ele>
      </trkpt>
      <trkpt lat="-38.55154" lon="177.69341">
        <ele>196.6</ele>
      </trkpt>
      <trkpt lat="-38.55176" lon="177.69364">
        <ele>196.6</ele>
      </trkpt>
      <trkpt lat="-38.55192" lon="177.69387">
        <ele>196.6</ele>
      </trkpt>
      <trkpt lat="-38.55206" lon="177.69413">
        <ele>195.5</ele>
      </trkpt>
      <trkpt lat="-38.55224" lon="177.69471">
        <ele>191.1</ele>
      </trkpt>
      <trkpt lat="-38.55232" lon="177.69491">
        <ele>190.3</ele>
      </trkpt>
      <trkpt lat="-38.5524" lon="177.69506">
        <ele>190.4</ele>
      </trkpt>
      <trkpt lat="-38.55252" lon="177.69532">
        <ele>188.4</ele>
      </trkpt>
      <trkpt lat="-38.55277" lon="177.69566">
        <ele>185.1</ele>
      </trkpt>
      <trkpt lat="-38.55301" lon="177.6959">
        <ele>183.7</ele>
      </trkpt>
      <trkpt lat="-38.5532" lon="177.69601">
        <ele>185.0</ele>
      </trkpt>
      <trkpt lat="-38.55361" lon="177.69634">
        <ele>182.6</ele>
      </trkpt>
      <trkpt lat="-38.55403" lon="177.69708">
        <ele>168.6</ele>
      </trkpt>
      <trkpt lat="-38.55409" lon="177.6975">
        <ele>161.8</ele>
      </trkpt>
      <trkpt lat="-38.55409" lon="177.6977">
        <ele>159.9</ele>
      </trkpt>
      <trkpt lat="-38.55398" lon="177.69824">
        <ele>153.3</ele>
      </trkpt>
      <trkpt lat="-38.55395" lon="177.69858">
        <ele>149.1</ele>
      </trkpt>
      <trkpt lat="-38.55404" lon="177.69893">
        <ele>146.5</ele>
      </trkpt>
      <trkpt lat="-38.55413" lon="177.69906">
        <ele>146.5</ele>
      </trkpt>
      <trkpt lat="-38.55426" lon="177.69918">
        <ele>145.4</ele>
      </trkpt>
      <trkpt lat="-38.55466" lon="177.69927">
        <ele>142.5</ele>
      </trkpt>
      <trkpt lat="-38.55522" lon="177.69907">
        <ele>141.8</ele>
      </trkpt>
      <trkpt lat="-38.55578" lon="177.69888">
        <ele>137.1</ele>
      </trkpt>
      <trkpt lat="-38.556" lon="177.69879">
        <ele>137.3</ele>
      </trkpt>
      <trkpt lat="-38.55613" lon="177.69874">
        <ele>137.4</ele>
      </trkpt>
      <trkpt lat="-38.55632" lon="177.69871">
        <ele>137.6</ele>
      </trkpt>
      <trkpt lat="-38.55651" lon="177.69871">
        <ele>137.5</ele>
      </trkpt>
      <trkpt lat="-38.55694" lon="177.69877">
        <ele>138.8</ele>
      </trkpt>
      <trkpt lat="-38.55715" lon="177.69883">
        <ele>139.7</ele>
      </trkpt>
      <trkpt lat="-38.55737" lon="177.69891">
        <ele>140.4</ele>
      </trkpt>
      <trkpt lat="-38.55758" lon="177.69903">
        <ele>140.9</ele>
      </trkpt>
      <trkpt lat="-38.55779" lon="177.69921">
        <ele>141.6</ele>
      </trkpt>
      <trkpt lat="-38.55795" lon="177.69938">
        <ele>143.8</ele>
      </trkpt>
      <trkpt lat="-38.55829" lon="177.69982">
        <ele>144.3</ele>
      </trkpt>
      <trkpt lat="-38.55855" lon="177.7002">
        <ele>148.6</ele>
      </trkpt>
      <trkpt lat="-38.55874" lon="177.70065">
        <ele>150.7</ele>
      </trkpt>
      <trkpt lat="-38.55901" lon="177.70146">
        <ele>149.5</ele>
      </trkpt>
      <trkpt lat="-38.55927" lon="177.70227">
        <ele>148.5</ele>
      </trkpt>
      <trkpt lat="-38.55938" lon="177.70257">
        <ele>149.8</ele>
      </trkpt>
      <trkpt lat="-38.55948" lon="177.7028">
        <ele>151.6</ele>
      </trkpt>
      <trkpt lat="-38.55961" lon="177.70305">
        <ele>153.3</ele>
      </trkpt>
      <trkpt lat="-38.55984" lon="177.70342">
        <ele>154.9</ele>
      </trkpt>
      <trkpt lat="-38.55994" lon="177.70361">
        <ele>155.3</ele>
      </trkpt>
      <trkpt lat="-38.56003" lon="177.70384">
        <ele>155.4</ele>
      </trkpt>
      <trkpt lat="-38.56011" lon="177.70411">
        <ele>156.3</ele>
      </trkpt>
      <trkpt lat="-38.56025" lon="177.70494">
        <ele>160.4</ele>
      </trkpt>
      <trkpt lat="-38.5604" lon="177.70577">
        <ele>165.1</ele>
      </trkpt>
      <trkpt lat="-38.56055" lon="177.7066">
        <ele>171.0</ele>
      </trkpt>
      <trkpt lat="-38.56062" lon="177.70744">
        <ele>172.4</ele>
      </trkpt>
      <trkpt lat="-38.56065" lon="177.70832">
        <ele>175.4</ele>
      </trkpt>
      <trkpt lat="-38.56067" lon="177.7092">
        <ele>176.2</ele>
      </trkpt>
      <trkpt lat="-38.56063" lon="177.70952">
        <ele>176.8</ele>
      </trkpt>
      <trkpt lat="-38.56062" lon="177.70998">
        <ele>178.4</ele>
      </trkpt>
      <trkpt lat="-38.56066" lon="177.71019">
        <ele>178.6</ele>
      </trkpt>
      <trkpt lat="-38.5607" lon="177.71033">
        <ele>178.7</ele>
      </trkpt>
      <trkpt lat="-38.56083" lon="177.71055">
        <ele>179.0</ele>
      </trkpt>
      <trkpt lat="-38.56141" lon="177.71097">
        <ele>183.4</ele>
      </trkpt>
      <trkpt lat="-38.56172" lon="177.71136">
        <ele>182.1</ele>
      </trkpt>
      <trkpt lat="-38.5618" lon="177.71152">
        <ele>181.1</ele>
      </trkpt>
      <trkpt lat="-38.56195" lon="177.71195">
        <ele>179.8</ele>
      </trkpt>
      <trkpt lat="-38.56214" lon="177.71257">
        <ele>177.6</ele>
      </trkpt>
      <trkpt lat="-38.56227" lon="177.71293">
        <ele>174.7</ele>
      </trkpt>
      <trkpt lat="-38.56235" lon="177.71314">
        <ele>172.8</ele>
      </trkpt>
      <trkpt lat="-38.56246" lon="177.71336">
        <ele>170.7</ele>
      </trkpt>
      <trkpt lat="-38.56287" lon="177.71387">
        <ele>162.5</ele>
      </trkpt>
      <trkpt lat="-38.56301" lon="177.71409">
        <ele>158.5</ele>
      </trkpt>
      <trkpt lat="-38.56322" lon="177.71445">
        <ele>155.5</ele>
      </trkpt>
      <trkpt lat="-38.56334" lon="177.71473">
        <ele>154.4</ele>
      </trkpt>
      <trkpt lat="-38.56354" lon="177.71553">
        <ele>157.5</ele>
      </trkpt>
      <trkpt lat="-38.56374" lon="177.71634">
        <ele>156.2</ele>
      </trkpt>
      <trkpt lat="-38.56388" lon="177.71699">
        <ele>153.6</ele>
      </trkpt>
      <trkpt lat="-38.56394" lon="177.71721">
        <ele>152.9</ele>
      </trkpt>
      <trkpt lat="-38.56376" lon="177.71763">
        <ele>149.9</ele>
      </trkpt>
      <trkpt lat="-38.56376" lon="177.71779">
        <ele>149.7</ele>
      </trkpt>
      <trkpt lat="-38.56377" lon="177.71795">
        <ele>149.6</ele>
      </trkpt>
      <trkpt lat="-38.56374" lon="177.71815">
        <ele>149.1</ele>
      </trkpt>
      <trkpt lat="-38.56318" lon="177.71857">
        <ele>148.1</ele>
      </trkpt>
      <trkpt lat="-38.56257" lon="177.71898">
        <ele>154.1</ele>
      </trkpt>
      <trkpt lat="-38.56206" lon="177.71899">
        <ele>157.7</ele>
      </trkpt>
      <trkpt lat="-38.56166" lon="177.71887">
        <ele>160.3</ele>
      </trkpt>
      <trkpt lat="-38.56166" lon="177.71887">
        <ele>160.3</ele>
      </trkpt>
      <trkpt lat="-38.56206" lon="177.71899">
        <ele>157.7</ele>
      </trkpt>
      <trkpt lat="-38.56257" lon="177.71898">
        <ele>154.1</ele>
      </trkpt>
      <trkpt lat="-38.56318" lon="177.71857">
        <ele>148.1</ele>
      </trkpt>
      <trkpt lat="-38.56374" lon="177.71815">
        <ele>149.1</ele>
      </trkpt>
      <trkpt lat="-38.56377" lon="177.71795">
        <ele>149.6</ele>
      </trkpt>
      <trkpt lat="-38.56376" lon="177.71779">
        <ele>149.7</ele>
      </trkpt>
      <trkpt lat="-38.56376" lon="177.71763">
        <ele>149.9</ele>
      </trkpt>
      <trkpt lat="-38.56394" lon="177.71721">
        <ele>152.9</ele>
      </trkpt>
      <trkpt lat="-38.56429" lon="177.71824">
        <ele>153.8</ele>
      </trkpt>
      <trkpt lat="-38.56463" lon="177.71927">
        <ele>153.1</ele>
      </trkpt>
      <trkpt lat="-38.56466" lon="177.71939">
        <ele>152.5</ele>
      </trkpt>
      <trkpt lat="-38.56469" lon="177.71952">
        <ele>151.9</ele>
      </trkpt>
      <trkpt lat="-38.56471" lon="177.71972">
        <ele>151.0</ele>
      </trkpt>
      <trkpt lat="-38.56473" lon="177.72005">
        <ele>149.1</ele>
      </trkpt>
      <trkpt lat="-38.56475" lon="177.72025">
        <ele>146.7</ele>
      </trkpt>
      <trkpt lat="-38.56478" lon="177.72044">
        <ele>144.5</ele>
      </trkpt>
      <trkpt lat="-38.56482" lon="177.7206">
        <ele>142.6</ele>
      </trkpt>
      <trkpt lat="-38.56482" lon="177.7206">
        <ele>142.6</ele>
      </trkpt>
      <trkpt lat="-38.56494" lon="177.72088">
        <ele>139.4</ele>
      </trkpt>
      <trkpt lat="-38.56524" lon="177.72145">
        <ele>135.9</ele>
      </trkpt>
      <trkpt lat="-38.56554" lon="177.72202">
        <ele>133.5</ele>
      </trkpt>
      <trkpt lat="-38.56573" lon="177.72228">
        <ele>133.6</ele>
      </trkpt>
      <trkpt lat="-38.56581" lon="177.72236">
        <ele>133.7</ele>
      </trkpt>
      <trkpt lat="-38.56596" lon="177.72245">
        <ele>134.2</ele>
      </trkpt>
      <trkpt lat="-38.56605" lon="177.72248">
        <ele>134.7</ele>
      </trkpt>
      <trkpt lat="-38.56614" lon="177.7225">
        <ele>135.2</ele>
      </trkpt>
      <trkpt lat="-38.56624" lon="177.72251">
        <ele>136.0</ele>
      </trkpt>
      <trkpt lat="-38.56685" lon="177.72246">
        <ele>140.5</ele>
      </trkpt>
      <trkpt lat="-38.56694" lon="177.72247">
        <ele>141.0</ele>
      </trkpt>
      <trkpt lat="-38.56712" lon="177.7225">
        <ele>141.7</ele>
      </trkpt>
      <trkpt lat="-38.56728" lon="177.72257">
        <ele>142.0</ele>
      </trkpt>
      <trkpt lat="-38.56737" lon="177.72264">
        <ele>141.8</ele>
      </trkpt>
      <trkpt lat="-38.56749" lon="177.72276">
        <ele>140.9</ele>
      </trkpt>
      <trkpt lat="-38.56769" lon="177.72301">
        <ele>138.5</ele>
      </trkpt>
      <trkpt lat="-38.56804" lon="177.72352">
        <ele>133.3</ele>
      </trkpt>
      <trkpt lat="-38.56815" lon="177.72364">
        <ele>132.4</ele>
      </trkpt>
      <trkpt lat="-38.56825" lon="177.72376">
        <ele>131.2</ele>
      </trkpt>
      <trkpt lat="-38.56867" lon="177.72417">
        <ele>129.2</ele>
      </trkpt>
      <trkpt lat="-38.56909" lon="177.72458">
        <ele>130.0</ele>
      </trkpt>
      <trkpt lat="-38.56923" lon="177.72475">
        <ele>129.8</ele>
      </trkpt>
      <trkpt lat="-38.56934" lon="177.72489">
        <ele>129.7</ele>
      </trkpt>
      <trkpt lat="-38.56945" lon="177.72506">
        <ele>129.6</ele>
      </trkpt>
      <trkpt lat="-38.56957" lon="177.72527">
        <ele>129.7</ele>
      </trkpt>
      <trkpt lat="-38.57002" lon="177.72614">
        <ele>129.1</ele>
      </trkpt>
      <trkpt lat="-38.57047" lon="177.727">
        <ele>130.9</ele>
      </trkpt>
      <trkpt lat="-38.57091" lon="177.72787">
        <ele>131.3</ele>
      </trkpt>
      <trkpt lat="-38.57119" lon="177.72846">
        <ele>130.6</ele>
      </trkpt>
      <trkpt lat="-38.57149" lon="177.72916">
        <ele>131.8</ele>
      </trkpt>
      <trkpt lat="-38.57155" lon="177.72938">
        <ele>132.5</ele>
      </trkpt>
      <trkpt lat="-38.57158" lon="177.7296">
        <ele>133.3</ele>
      </trkpt>
      <trkpt lat="-38.57158" lon="177.72983">
        <ele>134.0</ele>
      </trkpt>
      <trkpt lat="-38.57155" lon="177.73006">
        <ele>134.6</ele>
      </trkpt>
      <trkpt lat="-38.57145" lon="177.73068">
        <ele>135.0</ele>
      </trkpt>
      <trkpt lat="-38.57134" lon="177.73131">
        <ele>135.6</ele>
      </trkpt>
      <trkpt lat="-38.57123" lon="177.732">
        <ele>135.8</ele>
      </trkpt>
      <trkpt lat="-38.57119" lon="177.73234">
        <ele>135.7</ele>
      </trkpt>
      <trkpt lat="-38.57115" lon="177.73289">
        <ele>135.5</ele>
      </trkpt>
      <trkpt lat="-38.57115" lon="177.7331">
        <ele>135.6</ele>
      </trkpt>
      <trkpt lat="-38.57119" lon="177.73358">
        <ele>136.4</ele>
      </trkpt>
      <trkpt lat="-38.57128" lon="177.73402">
        <ele>137.4</ele>
      </trkpt>
      <trkpt lat="-38.57134" lon="177.73423">
        <ele>137.8</ele>
      </trkpt>
      <trkpt lat="-38.57142" lon="177.73443">
        <ele>138.0</ele>
      </trkpt>
      <trkpt lat="-38.57151" lon="177.73462">
        <ele>137.8</ele>
      </trkpt>
      <trkpt lat="-38.57162" lon="177.73482">
        <ele>137.1</ele>
      </trkpt>
      <trkpt lat="-38.57199" lon="177.73527">
        <ele>139.3</ele>
      </trkpt>
      <trkpt lat="-38.57254" lon="177.73591">
        <ele>138.2</ele>
      </trkpt>
      <trkpt lat="-38.57307" lon="177.73648">
        <ele>138.9</ele>
      </trkpt>
      <trkpt lat="-38.5736" lon="177.73704">
        <ele>138.2</ele>
      </trkpt>
      <trkpt lat="-38.57412" lon="177.7376">
        <ele>137.4</ele>
      </trkpt>
      <trkpt lat="-38.57479" lon="177.7383">
        <ele>136.0</ele>
      </trkpt>
      <trkpt lat="-38.57546" lon="177.73899">
        <ele>137.4</ele>
      </trkpt>
      <trkpt lat="-38.57612" lon="177.73969">
        <ele>139.5</ele>
      </trkpt>
      <trkpt lat="-38.57666" lon="177.74018">
        <ele>139.6</ele>
      </trkpt>
      <trkpt lat="-38.5772" lon="177.74067">
        <ele>139.6</ele>
      </trkpt>
      <trkpt lat="-38.57733" lon="177.7408">
        <ele>139.6</ele>
      </trkpt>
      <trkpt lat="-38.57752" lon="177.741">
        <ele>139.7</ele>
      </trkpt>
      <trkpt lat="-38.5777" lon="177.74123">
        <ele>139.5</ele>
      </trkpt>
      <trkpt lat="-38.5781" lon="177.74177">
        <ele>138.7</ele>
      </trkpt>
      <trkpt lat="-38.57851" lon="177.74231">
        <ele>139.8</ele>
      </trkpt>
      <trkpt lat="-38.57905" lon="177.74293">
        <ele>142.6</ele>
      </trkpt>
      <trkpt lat="-38.57941" lon="177.74328">
        <ele>143.8</ele>
      </trkpt>
      <trkpt lat="-38.57977" lon="177.74364">
        <ele>147.1</ele>
      </trkpt>
      <trkpt lat="-38.57999" lon="177.74389">
        <ele>149.3</ele>
      </trkpt>
      <trkpt lat="-38.58058" lon="177.74459">
        <ele>150.2</ele>
      </trkpt>
      <trkpt lat="-38.58116" lon="177.74534">
        <ele>149.8</ele>
      </trkpt>
      <trkpt lat="-38.58126" lon="177.74551">
        <ele>149.6</ele>
      </trkpt>
      <trkpt lat="-38.58136" lon="177.7457">
        <ele>149.1</ele>
      </trkpt>
      <trkpt lat="-38.58151" lon="177.746">
        <ele>148.6</ele>
      </trkpt>
      <trkpt lat="-38.58181" lon="177.74663">
        <ele>149.6</ele>
      </trkpt>
      <trkpt lat="-38.58212" lon="177.74726">
        <ele>151.4</ele>
      </trkpt>
      <trkpt lat="-38.58237" lon="177.74774">
        <ele>151.7</ele>
      </trkpt>
      <trkpt lat="-38.58263" lon="177.74824">
        <ele>153.6</ele>
      </trkpt>
      <trkpt lat="-38.58272" lon="177.74842">
        <ele>154.6</ele>
      </trkpt>
      <trkpt lat="-38.58279" lon="177.74862">
        <ele>155.4</ele>
      </trkpt>
      <trkpt lat="-38.58293" lon="177.74917">
        <ele>156.5</ele>
      </trkpt>
      <trkpt lat="-38.58298" lon="177.74942">
        <ele>156.4</ele>
      </trkpt>
      <trkpt lat="-38.58303" lon="177.74973">
        <ele>156.2</ele>
      </trkpt>
      <trkpt lat="-38.58311" lon="177.75053">
        <ele>155.1</ele>
      </trkpt>
      <trkpt lat="-38.58315" lon="177.75076">
        <ele>154.9</ele>
      </trkpt>
      <trkpt lat="-38.5832" lon="177.75097">
        <ele>155.3</ele>
      </trkpt>
      <trkpt lat="-38.58328" lon="177.7512">
        <ele>156.2</ele>
      </trkpt>
      <trkpt lat="-38.58339" lon="177.7515">
        <ele>157.9</ele>
      </trkpt>
      <trkpt lat="-38.58351" lon="177.7518">
        <ele>159.3</ele>
      </trkpt>
      <trkpt lat="-38.58361" lon="177.75201">
        <ele>160.0</ele>
      </trkpt>
      <trkpt lat="-38.58372" lon="177.75222">
        <ele>160.8</ele>
      </trkpt>
      <trkpt lat="-38.58424" lon="177.75304">
        <ele>163.0</ele>
      </trkpt>
      <trkpt lat="-38.58475" lon="177.75387">
        <ele>163.2</ele>
      </trkpt>
      <trkpt lat="-38.58527" lon="177.75469">
        <ele>166.3</ele>
      </trkpt>
      <trkpt lat="-38.58538" lon="177.7549">
        <ele>167.9</ele>
      </trkpt>
      <trkpt lat="-38.58555" lon="177.7553">
        <ele>169.8</ele>
      </trkpt>
      <trkpt lat="-38.58582" lon="177.75618">
        <ele>170.4</ele>
      </trkpt>
      <trkpt lat="-38.58587" lon="177.7564">
        <ele>171.5</ele>
      </trkpt>
      <trkpt lat="-38.58591" lon="177.75686">
        <ele>173.3</ele>
      </trkpt>
      <trkpt lat="-38.58594" lon="177.75706">
        <ele>174.4</ele>
      </trkpt>
      <trkpt lat="-38.58606" lon="177.75751">
        <ele>177.0</ele>
      </trkpt>
      <trkpt lat="-38.5862" lon="177.75794">
        <ele>177.5</ele>
      </trkpt>
      <trkpt lat="-38.58655" lon="177.75895">
        <ele>175.2</ele>
      </trkpt>
      <trkpt lat="-38.58691" lon="177.75996">
        <ele>181.7</ele>
      </trkpt>
      <trkpt lat="-38.58726" lon="177.76098">
        <ele>189.0</ele>
      </trkpt>
      <trkpt lat="-38.58751" lon="177.76164">
        <ele>189.8</ele>
      </trkpt>
      <trkpt lat="-38.58764" lon="177.76193">
        <ele>191.1</ele>
      </trkpt>
      <trkpt lat="-38.58775" lon="177.76214">
        <ele>191.9</ele>
      </trkpt>
      <trkpt lat="-38.58813" lon="177.76285">
        <ele>190.1</ele>
      </trkpt>
      <trkpt lat="-38.58852" lon="177.76356">
        <ele>185.6</ele>
      </trkpt>
      <trkpt lat="-38.58869" lon="177.76397">
        <ele>183.8</ele>
      </trkpt>
      <trkpt lat="-38.5888" lon="177.76438">
        <ele>179.8</ele>
      </trkpt>
      <trkpt lat="-38.58887" lon="177.76474">
        <ele>175.0</ele>
      </trkpt>
      <trkpt lat="-38.58898" lon="177.76533">
        <ele>167.3</ele>
      </trkpt>
      <trkpt lat="-38.5891" lon="177.76593">
        <ele>159.4</ele>
      </trkpt>
      <trkpt lat="-38.58916" lon="177.76622">
        <ele>155.4</ele>
      </trkpt>
      <trkpt lat="-38.58924" lon="177.76645">
        <ele>153.6</ele>
      </trkpt>
      <trkpt lat="-38.58933" lon="177.76664">
        <ele>152.6</ele>
      </trkpt>
      <trkpt lat="-38.58945" lon="177.76681">
        <ele>151.7</ele>
      </trkpt>
      <trkpt lat="-38.58957" lon="177.76695">
        <ele>150.9</ele>
      </trkpt>
      <trkpt lat="-38.59021" lon="177.76761">
        <ele>143.9</ele>
      </trkpt>
      <trkpt lat="-38.59033" lon="177.76777">
        <ele>142.4</ele>
      </trkpt>
      <trkpt lat="-38.59053" lon="177.76815">
        <ele>136.9</ele>
      </trkpt>
      <trkpt lat="-38.59065" lon="177.76833">
        <ele>134.3</ele>
      </trkpt>
      <trkpt lat="-38.59077" lon="177.76848">
        <ele>132.7</ele>
      </trkpt>
      <trkpt lat="-38.59091" lon="177.76862">
        <ele>130.4</ele>
      </trkpt>
      <trkpt lat="-38.59107" lon="177.76874">
        <ele>127.9</ele>
      </trkpt>
      <trkpt lat="-38.5913" lon="177.76889">
        <ele>124.6</ele>
      </trkpt>
      <trkpt lat="-38.59146" lon="177.76898">
        <ele>122.4</ele>
      </trkpt>
      <trkpt lat="-38.59164" lon="177.76904">
        <ele>120.8</ele>
      </trkpt>
      <trkpt lat="-38.5918" lon="177.76908">
        <ele>119.7</ele>
      </trkpt>
      <trkpt lat="-38.59218" lon="177.76912">
        <ele>118.4</ele>
      </trkpt>
      <trkpt lat="-38.59227" lon="177.76915">
        <ele>117.6</ele>
      </trkpt>
      <trkpt lat="-38.59236" lon="177.76921">
        <ele>116.6</ele>
      </trkpt>
      <trkpt lat="-38.59242" lon="177.76928">
        <ele>115.8</ele>
      </trkpt>
      <trkpt lat="-38.59246" lon="177.76938">
        <ele>114.6</ele>
      </trkpt>
      <trkpt lat="-38.5925" lon="177.76948">
        <ele>113.6</ele>
      </trkpt>
      <trkpt lat="-38.59252" lon="177.76961">
        <ele>112.6</ele>
      </trkpt>
      <trkpt lat="-38.59254" lon="177.76981">
        <ele>111.0</ele>
      </trkpt>
      <trkpt lat="-38.59257" lon="177.77094">
        <ele>101.7</ele>
      </trkpt>
      <trkpt lat="-38.59259" lon="177.77118">
        <ele>99.5</ele>
      </trkpt>
      <trkpt lat="-38.59261" lon="177.77139">
        <ele>97.6</ele>
      </trkpt>
      <trkpt lat="-38.59266" lon="177.77162">
        <ele>96.5</ele>
      </trkpt>
      <trkpt lat="-38.59273" lon="177.77183">
        <ele>96.4</ele>
      </trkpt>
      <trkpt lat="-38.59306" lon="177.77259">
        <ele>93.0</ele>
      </trkpt>
      <trkpt lat="-38.59314" lon="177.7728">
        <ele>91.1</ele>
      </trkpt>
      <trkpt lat="-38.59322" lon="177.77303">
        <ele>87.9</ele>
      </trkpt>
      <trkpt lat="-38.59338" lon="177.77358">
        <ele>80.0</ele>
      </trkpt>
      <trkpt lat="-38.59354" lon="177.77412">
        <ele>75.6</ele>
      </trkpt>
      <trkpt lat="-38.59365" lon="177.77451">
        <ele>74.6</ele>
      </trkpt>
      <trkpt lat="-38.5937" lon="177.77472">
        <ele>73.6</ele>
      </trkpt>
      <trkpt lat="-38.59373" lon="177.7749">
        <ele>72.3</ele>
      </trkpt>
      <trkpt lat="-38.59374" lon="177.77506">
        <ele>71.1</ele>
      </trkpt>
      <trkpt lat="-38.59374" lon="177.77521">
        <ele>70.0</ele>
      </trkpt>
      <trkpt lat="-38.59371" lon="177.77535">
        <ele>69.4</ele>
      </trkpt>
      <trkpt lat="-38.59368" lon="177.77546">
        <ele>68.9</ele>
      </trkpt>
      <trkpt lat="-38.59363" lon="177.77557">
        <ele>68.4</ele>
      </trkpt>
      <trkpt lat="-38.59347" lon="177.77591">
        <ele>66.8</ele>
      </trkpt>
      <trkpt lat="-38.59332" lon="177.77619">
        <ele>66.6</ele>
      </trkpt>
      <trkpt lat="-38.59316" lon="177.77645">
        <ele>68.4</ele>
      </trkpt>
      <trkpt lat="-38.593" lon="177.7767">
        <ele>69.4</ele>
      </trkpt>
      <trkpt lat="-38.59266" lon="177.77717">
        <ele>71.2</ele>
      </trkpt>
      <trkpt lat="-38.5925" lon="177.77738">
        <ele>71.2</ele>
      </trkpt>
      <trkpt lat="-38.59194" lon="177.77804">
        <ele>69.6</ele>
      </trkpt>
      <trkpt lat="-38.59139" lon="177.77869">
        <ele>64.1</ele>
      </trkpt>
      <trkpt lat="-38.59113" lon="177.77902">
        <ele>62.8</ele>
      </trkpt>
      <trkpt lat="-38.5909" lon="177.77937">
        <ele>63.1</ele>
      </trkpt>
      <trkpt lat="-38.5908" lon="177.77955">
        <ele>63.8</ele>
      </trkpt>
      <trkpt lat="-38.59072" lon="177.77974">
        <ele>65.1</ele>
      </trkpt>
      <trkpt lat="-38.59064" lon="177.77994">
        <ele>66.3</ele>
      </trkpt>
      <trkpt lat="-38.59056" lon="177.78015">
        <ele>66.5</ele>
      </trkpt>
      <trkpt lat="-38.59046" lon="177.78045">
        <ele>65.2</ele>
      </trkpt>
      <trkpt lat="-38.59022" lon="177.78124">
        <ele>61.5</ele>
      </trkpt>
      <trkpt lat="-38.58997" lon="177.78203">
        <ele>59.9</ele>
      </trkpt>
      <trkpt lat="-38.58989" lon="177.78225">
        <ele>60.7</ele>
      </trkpt>
      <trkpt lat="-38.58981" lon="177.78244">
        <ele>61.5</ele>
      </trkpt>
      <trkpt lat="-38.58971" lon="177.78262">
        <ele>62.4</ele>
      </trkpt>
      <trkpt lat="-38.58958" lon="177.7828">
        <ele>63.1</ele>
      </trkpt>
      <trkpt lat="-38.58932" lon="177.78307">
        <ele>63.9</ele>
      </trkpt>
      <trkpt lat="-38.5891" lon="177.78325">
        <ele>64.8</ele>
      </trkpt>
      <trkpt lat="-38.58856" lon="177.78367">
        <ele>67.8</ele>
      </trkpt>
      <trkpt lat="-38.58825" lon="177.78394">
        <ele>66.2</ele>
      </trkpt>
      <trkpt lat="-38.58812" lon="177.78409">
        <ele>64.7</ele>
      </trkpt>
      <trkpt lat="-38.58795" lon="177.7843">
        <ele>64.2</ele>
      </trkpt>
      <trkpt lat="-38.58758" lon="177.78481">
        <ele>63.3</ele>
      </trkpt>
      <trkpt lat="-38.58721" lon="177.78531">
        <ele>62.1</ele>
      </trkpt>
      <trkpt lat="-38.58705" lon="177.78549">
        <ele>61.1</ele>
      </trkpt>
      <trkpt lat="-38.58683" lon="177.78565">
        <ele>59.7</ele>
      </trkpt>
      <trkpt lat="-38.58664" lon="177.78577">
        <ele>58.3</ele>
      </trkpt>
      <trkpt lat="-38.58589" lon="177.78609">
        <ele>61.2</ele>
      </trkpt>
      <trkpt lat="-38.5858" lon="177.78615">
        <ele>61.4</ele>
      </trkpt>
      <trkpt lat="-38.58569" lon="177.78623">
        <ele>62.1</ele>
      </trkpt>
      <trkpt lat="-38.58562" lon="177.78631">
        <ele>62.1</ele>
      </trkpt>
      <trkpt lat="-38.58556" lon="177.7864">
        <ele>61.6</ele>
      </trkpt>
      <trkpt lat="-38.58548" lon="177.78654">
        <ele>60.4</ele>
      </trkpt>
      <trkpt lat="-38.58541" lon="177.78672">
        <ele>58.8</ele>
      </trkpt>
      <trkpt lat="-38.58533" lon="177.78698">
        <ele>57.7</ele>
      </trkpt>
      <trkpt lat="-38.58519" lon="177.78761">
        <ele>54.7</ele>
      </trkpt>
      <trkpt lat="-38.58518" lon="177.78785">
        <ele>54.5</ele>
      </trkpt>
      <trkpt lat="-38.58519" lon="177.78807">
        <ele>54.2</ele>
      </trkpt>
      <trkpt lat="-38.58532" lon="177.78895">
        <ele>54.5</ele>
      </trkpt>
      <trkpt lat="-38.58541" lon="177.7894">
        <ele>54.9</ele>
      </trkpt>
      <trkpt lat="-38.58548" lon="177.7896">
        <ele>55.2</ele>
      </trkpt>
      <trkpt lat="-38.58562" lon="177.7899">
        <ele>55.8</ele>
      </trkpt>
      <trkpt lat="-38.5857" lon="177.7901">
        <ele>56.0</ele>
      </trkpt>
      <trkpt lat="-38.58572" lon="177.79021">
        <ele>55.9</ele>
      </trkpt>
      <trkpt lat="-38.58573" lon="177.79033">
        <ele>55.8</ele>
      </trkpt>
      <trkpt lat="-38.58573" lon="177.79043">
        <ele>55.8</ele>
      </trkpt>
      <trkpt lat="-38.58568" lon="177.79155">
        <ele>55.5</ele>
      </trkpt>
      <trkpt lat="-38.58562" lon="177.79267">
        <ele>51.3</ele>
      </trkpt>
      <trkpt lat="-38.58564" lon="177.79287">
        <ele>50.9</ele>
      </trkpt>
      <trkpt lat="-38.58568" lon="177.79304">
        <ele>50.6</ele>
      </trkpt>
      <trkpt lat="-38.58574" lon="177.7932">
        <ele>50.3</ele>
      </trkpt>
      <trkpt lat="-38.58581" lon="177.79331">
        <ele>50.1</ele>
      </trkpt>
      <trkpt lat="-38.58601" lon="177.79353">
        <ele>50.1</ele>
      </trkpt>
      <trkpt lat="-38.58624" lon="177.79368">
        <ele>50.4</ele>
      </trkpt>
      <trkpt lat="-38.58687" lon="177.79404">
        <ele>52.0</ele>
      </trkpt>
      <trkpt lat="-38.58718" lon="177.79424">
        <ele>52.4</ele>
      </trkpt>
      <trkpt lat="-38.58749" lon="177.79449">
        <ele>51.8</ele>
      </trkpt>
      <trkpt lat="-38.58818" lon="177.79509">
        <ele>50.8</ele>
      </trkpt>
      <trkpt lat="-38.58887" lon="177.79569">
        <ele>51.0</ele>
      </trkpt>
      <trkpt lat="-38.58957" lon="177.79629">
        <ele>50.7</ele>
      </trkpt>
      <trkpt lat="-38.58987" lon="177.79651">
        <ele>50.9</ele>
      </trkpt>
      <trkpt lat="-38.59003" lon="177.79659">
        <ele>51.0</ele>
      </trkpt>
      <trkpt lat="-38.59018" lon="177.79666">
        <ele>50.8</ele>
      </trkpt>
      <trkpt lat="-38.59053" lon="177.79674">
        <ele>50.3</ele>
      </trkpt>
      <trkpt lat="-38.59113" lon="177.79679">
        <ele>51.1</ele>
      </trkpt>
      <trkpt lat="-38.59173" lon="177.79685">
        <ele>53.1</ele>
      </trkpt>
      <trkpt lat="-38.59233" lon="177.7969">
        <ele>54.2</ele>
      </trkpt>
      <trkpt lat="-38.59254" lon="177.79692">
        <ele>54.5</ele>
      </trkpt>
      <trkpt lat="-38.59298" lon="177.79698">
        <ele>55.4</ele>
      </trkpt>
      <trkpt lat="-38.59316" lon="177.79703">
        <ele>55.8</ele>
      </trkpt>
      <trkpt lat="-38.59348" lon="177.79716">
        <ele>56.5</ele>
      </trkpt>
      <trkpt lat="-38.59365" lon="177.79726">
        <ele>56.5</ele>
      </trkpt>
      <trkpt lat="-38.5938" lon="177.79736">
        <ele>56.1</ele>
      </trkpt>
      <trkpt lat="-38.59394" lon="177.7975">
        <ele>54.7</ele>
      </trkpt>
      <trkpt lat="-38.59407" lon="177.79764">
        <ele>54.3</ele>
      </trkpt>
      <trkpt lat="-38.59419" lon="177.79781">
        <ele>53.7</ele>
      </trkpt>
      <trkpt lat="-38.59431" lon="177.79799">
        <ele>53.3</ele>
      </trkpt>
      <trkpt lat="-38.59475" lon="177.79883">
        <ele>51.1</ele>
      </trkpt>
      <trkpt lat="-38.59519" lon="177.79967">
        <ele>51.8</ele>
      </trkpt>
      <trkpt lat="-38.59563" lon="177.80051">
        <ele>51.7</ele>
      </trkpt>
      <trkpt lat="-38.59573" lon="177.80069">
        <ele>51.3</ele>
      </trkpt>
      <trkpt lat="-38.59585" lon="177.80086">
        <ele>51.1</ele>
      </trkpt>
      <trkpt lat="-38.59597" lon="177.80101">
        <ele>51.4</ele>
      </trkpt>
      <trkpt lat="-38.59611" lon="177.80114">
        <ele>51.5</ele>
      </trkpt>
      <trkpt lat="-38.59627" lon="177.80127">
        <ele>51.5</ele>
      </trkpt>
      <trkpt lat="-38.59643" lon="177.80134">
        <ele>51.4</ele>
      </trkpt>
      <trkpt lat="-38.59661" lon="177.8014">
        <ele>51.3</ele>
      </trkpt>
      <trkpt lat="-38.59677" lon="177.80143">
        <ele>51.3</ele>
      </trkpt>
      <trkpt lat="-38.59694" lon="177.80143">
        <ele>51.7</ele>
      </trkpt>
      <trkpt lat="-38.59713" lon="177.80142">
        <ele>52.2</ele>
      </trkpt>
      <trkpt lat="-38.59746" lon="177.80138">
        <ele>53.3</ele>
      </trkpt>
      <trkpt lat="-38.59765" lon="177.80138">
        <ele>52.9</ele>
      </trkpt>
      <trkpt lat="-38.59782" lon="177.80141">
        <ele>52.0</ele>
      </trkpt>
      <trkpt lat="-38.598" lon="177.80146">
        <ele>50.8</ele>
      </trkpt>
      <trkpt lat="-38.59816" lon="177.80152">
        <ele>49.8</ele>
      </trkpt>
      <trkpt lat="-38.59832" lon="177.80162">
        <ele>48.4</ele>
      </trkpt>
      <trkpt lat="-38.59846" lon="177.80172">
        <ele>48.0</ele>
      </trkpt>
      <trkpt lat="-38.59862" lon="177.80185">
        <ele>48.0</ele>
      </trkpt>
      <trkpt lat="-38.5993" lon="177.80245">
        <ele>48.0</ele>
      </trkpt>
      <trkpt lat="-38.59998" lon="177.80305">
        <ele>47.4</ele>
      </trkpt>
      <trkpt lat="-38.60066" lon="177.80365">
        <ele>48.2</ele>
      </trkpt>
      <trkpt lat="-38.60134" lon="177.80425">
        <ele>54.0</ele>
      </trkpt>
      <trkpt lat="-38.60203" lon="177.80485">
        <ele>52.8</ele>
      </trkpt>
      <trkpt lat="-38.60234" lon="177.80515">
        <ele>51.5</ele>
      </trkpt>
      <trkpt lat="-38.60256" lon="177.8054">
        <ele>51.7</ele>
      </trkpt>
      <trkpt lat="-38.60269" lon="177.80557">
        <ele>51.8</ele>
      </trkpt>
      <trkpt lat="-38.60281" lon="177.80574">
        <ele>51.1</ele>
      </trkpt>
      <trkpt lat="-38.60336" lon="177.80655">
        <ele>47.6</ele>
      </trkpt>
      <trkpt lat="-38.6039" lon="177.80737">
        <ele>50.4</ele>
      </trkpt>
      <trkpt lat="-38.60445" lon="177.80818">
        <ele>50.8</ele>
      </trkpt>
      <trkpt lat="-38.605" lon="177.80899">
        <ele>48.1</ele>
      </trkpt>
      <trkpt lat="-38.60537" lon="177.80954">
        <ele>49.9</ele>
      </trkpt>
      <trkpt lat="-38.60574" lon="177.81008">
        <ele>46.7</ele>
      </trkpt>
      <trkpt lat="-38.60588" lon="177.81024">
        <ele>46.9</ele>
      </trkpt>
      <trkpt lat="-38.60602" lon="177.81039">
        <ele>46.6</ele>
      </trkpt>
      <trkpt lat="-38.6064" lon="177.81068">
        <ele>45.6</ele>
      </trkpt>
      <trkpt lat="-38.60718" lon="177.8112">
        <ele>44.4</ele>
      </trkpt>
      <trkpt lat="-38.60731" lon="177.81132">
        <ele>44.2</ele>
      </trkpt>
      <trkpt lat="-38.60757" lon="177.81161">
        <ele>44.2</ele>
      </trkpt>
      <trkpt lat="-38.60768" lon="177.81176">
        <ele>44.7</ele>
      </trkpt>
      <trkpt lat="-38.6078" lon="177.81196">
        <ele>44.9</ele>
      </trkpt>
      <trkpt lat="-38.60817" lon="177.81266">
        <ele>44.2</ele>
      </trkpt>
      <trkpt lat="-38.60854" lon="177.81336">
        <ele>45.7</ele>
      </trkpt>
      <trkpt lat="-38.60865" lon="177.81355">
        <ele>45.9</ele>
      </trkpt>
      <trkpt lat="-38.60876" lon="177.81373">
        <ele>45.6</ele>
      </trkpt>
      <trkpt lat="-38.60889" lon="177.8139">
        <ele>45.0</ele>
      </trkpt>
      <trkpt lat="-38.60904" lon="177.81404">
        <ele>44.2</ele>
      </trkpt>
      <trkpt lat="-38.60919" lon="177.81417">
        <ele>43.1</ele>
      </trkpt>
      <trkpt lat="-38.60987" lon="177.8146">
        <ele>44.2</ele>
      </trkpt>
      <trkpt lat="-38.61055" lon="177.81504">
        <ele>44.3</ele>
      </trkpt>
      <trkpt lat="-38.61079" lon="177.81517">
        <ele>44.9</ele>
      </trkpt>
      <trkpt lat="-38.61134" lon="177.81542">
        <ele>50.1</ele>
      </trkpt>
      <trkpt lat="-38.61211" lon="177.81573">
        <ele>50.3</ele>
      </trkpt>
      <trkpt lat="-38.61235" lon="177.81587">
        <ele>48.2</ele>
      </trkpt>
      <trkpt lat="-38.61259" lon="177.81603">
        <ele>47.6</ele>
      </trkpt>
      <trkpt lat="-38.61323" lon="177.81664">
        <ele>43.2</ele>
      </trkpt>
      <trkpt lat="-38.61387" lon="177.81725">
        <ele>43.0</ele>
      </trkpt>
      <trkpt lat="-38.61452" lon="177.81786">
        <ele>41.3</ele>
      </trkpt>
      <trkpt lat="-38.61516" lon="177.81847">
        <ele>40.0</ele>
      </trkpt>
      <trkpt lat="-38.61581" lon="177.81908">
        <ele>39.2</ele>
      </trkpt>
      <trkpt lat="-38.61645" lon="177.81969">
        <ele>38.4</ele>
      </trkpt>
      <trkpt lat="-38.6171" lon="177.82029">
        <ele>40.2</ele>
      </trkpt>
      <trkpt lat="-38.61726" lon="177.82042">
        <ele>40.7</ele>
      </trkpt>
      <trkpt lat="-38.61742" lon="177.82052">
        <ele>41.1</ele>
      </trkpt>
      <trkpt lat="-38.61758" lon="177.82059">
        <ele>41.6</ele>
      </trkpt>
      <trkpt lat="-38.61778" lon="177.82064">
        <ele>42.1</ele>
      </trkpt>
      <trkpt lat="-38.61813" lon="177.82068">
        <ele>42.8</ele>
      </trkpt>
      <trkpt lat="-38.61865" lon="177.8207">
        <ele>42.5</ele>
      </trkpt>
      <trkpt lat="-38.61882" lon="177.82072">
        <ele>41.7</ele>
      </trkpt>
      <trkpt lat="-38.61903" lon="177.82077">
        <ele>40.0</ele>
      </trkpt>
      <trkpt lat="-38.6192" lon="177.82084">
        <ele>38.3</ele>
      </trkpt>
      <trkpt lat="-38.6197" lon="177.82105">
        <ele>41.9</ele>
      </trkpt>
      <trkpt lat="-38.62008" lon="177.82118">
        <ele>43.2</ele>
      </trkpt>
      <trkpt lat="-38.62033" lon="177.82121">
        <ele>43.8</ele>
      </trkpt>
      <trkpt lat="-38.62079" lon="177.82121">
        <ele>45.6</ele>
      </trkpt>
      <trkpt lat="-38.62134" lon="177.82128">
        <ele>41.8</ele>
      </trkpt>
      <trkpt lat="-38.62208" lon="177.82138">
        <ele>37.6</ele>
      </trkpt>
      <trkpt lat="-38.62282" lon="177.82149">
        <ele>36.1</ele>
      </trkpt>
      <trkpt lat="-38.62355" lon="177.8216">
        <ele>36.1</ele>
      </trkpt>
      <trkpt lat="-38.62429" lon="177.8217">
        <ele>35.8</ele>
      </trkpt>
      <trkpt lat="-38.62503" lon="177.82181">
        <ele>35.0</ele>
      </trkpt>
      <trkpt lat="-38.6252" lon="177.82185">
        <ele>35.2</ele>
      </trkpt>
      <trkpt lat="-38.62538" lon="177.82194">
        <ele>35.3</ele>
      </trkpt>
      <trkpt lat="-38.62553" lon="177.82203">
        <ele>35.4</ele>
      </trkpt>
      <trkpt lat="-38.62569" lon="177.82217">
        <ele>35.3</ele>
      </trkpt>
      <trkpt lat="-38.62639" lon="177.82285">
        <ele>35.8</ele>
      </trkpt>
      <trkpt lat="-38.62695" lon="177.82338">
        <ele>35.4</ele>
      </trkpt>
      <trkpt lat="-38.62751" lon="177.82391">
        <ele>35.4</ele>
      </trkpt>
      <trkpt lat="-38.62807" lon="177.82445">
        <ele>34.7</ele>
      </trkpt>
      <trkpt lat="-38.62821" lon="177.82458">
        <ele>34.2</ele>
      </trkpt>
      <trkpt lat="-38.62838" lon="177.8247">
        <ele>33.8</ele>
      </trkpt>
      <trkpt lat="-38.62855" lon="177.8248">
        <ele>33.9</ele>
      </trkpt>
      <trkpt lat="-38.62929" lon="177.82509">
        <ele>34.7</ele>
      </trkpt>
      <trkpt lat="-38.63004" lon="177.82539">
        <ele>33.5</ele>
      </trkpt>
      <trkpt lat="-38.63078" lon="177.82568">
        <ele>32.1</ele>
      </trkpt>
      <trkpt lat="-38.63152" lon="177.82598">
        <ele>34.2</ele>
      </trkpt>
      <trkpt lat="-38.63171" lon="177.82606">
        <ele>34.8</ele>
      </trkpt>
      <trkpt lat="-38.63187" lon="177.82615">
        <ele>35.6</ele>
      </trkpt>
      <trkpt lat="-38.63195" lon="177.82622">
        <ele>35.8</ele>
      </trkpt>
      <trkpt lat="-38.63202" lon="177.8263">
        <ele>35.8</ele>
      </trkpt>
      <trkpt lat="-38.6321" lon="177.82639">
        <ele>35.7</ele>
      </trkpt>
      <trkpt lat="-38.63215" lon="177.82647">
        <ele>35.5</ele>
      </trkpt>
      <trkpt lat="-38.63226" lon="177.82668">
        <ele>34.4</ele>
      </trkpt>
      <trkpt lat="-38.63231" lon="177.82681">
        <ele>34.2</ele>
      </trkpt>
      <trkpt lat="-38.63235" lon="177.82699">
        <ele>33.9</ele>
      </trkpt>
      <trkpt lat="-38.6324" lon="177.82731">
        <ele>33.3</ele>
      </trkpt>
      <trkpt lat="-38.63248" lon="177.82832">
        <ele>32.0</ele>
      </trkpt>
      <trkpt lat="-38.63256" lon="177.82888">
        <ele>32.6</ele>
      </trkpt>
      <trkpt lat="-38.63276" lon="177.82988">
        <ele>32.4</ele>
      </trkpt>
      <trkpt lat="-38.633" lon="177.83097">
        <ele>31.1</ele>
      </trkpt>
      <trkpt lat="-38.63324" lon="177.83206">
        <ele>30.9</ele>
      </trkpt>
      <trkpt lat="-38.63348" lon="177.83315">
        <ele>30.4</ele>
      </trkpt>
      <trkpt lat="-38.63373" lon="177.83423">
        <ele>30.4</ele>
      </trkpt>
      <trkpt lat="-38.63397" lon="177.83532">
        <ele>29.0</ele>
      </trkpt>
      <trkpt lat="-38.63421" lon="177.83641">
        <ele>29.6</ele>
      </trkpt>
      <trkpt lat="-38.63425" lon="177.83661">
        <ele>29.7</ele>
      </trkpt>
      <trkpt lat="-38.63428" lon="177.83687">
        <ele>29.6</ele>
      </trkpt>
      <trkpt lat="-38.63429" lon="177.8371">
        <ele>29.3</ele>
      </trkpt>
      <trkpt lat="-38.63429" lon="177.83731">
        <ele>29.2</ele>
      </trkpt>
      <trkpt lat="-38.63422" lon="177.83843">
        <ele>28.9</ele>
      </trkpt>
      <trkpt lat="-38.63415" lon="177.83956">
        <ele>29.0</ele>
      </trkpt>
      <trkpt lat="-38.63408" lon="177.84069">
        <ele>29.8</ele>
      </trkpt>
      <trkpt lat="-38.63401" lon="177.84182">
        <ele>29.8</ele>
      </trkpt>
      <trkpt lat="-38.63394" lon="177.84295">
        <ele>29.6</ele>
      </trkpt>
      <trkpt lat="-38.63387" lon="177.84408">
        <ele>30.8</ele>
      </trkpt>
      <trkpt lat="-38.63387" lon="177.84432">
        <ele>30.9</ele>
      </trkpt>
      <trkpt lat="-38.63387" lon="177.84453">
        <ele>30.8</ele>
      </trkpt>
      <trkpt lat="-38.63389" lon="177.84476">
        <ele>30.8</ele>
      </trkpt>
      <trkpt lat="-38.63391" lon="177.845">
        <ele>30.8</ele>
      </trkpt>
      <trkpt lat="-38.63406" lon="177.84608">
        <ele>27.9</ele>
      </trkpt>
      <trkpt lat="-38.63422" lon="177.84715">
        <ele>28.0</ele>
      </trkpt>
      <trkpt lat="-38.63437" lon="177.84823">
        <ele>28.8</ele>
      </trkpt>
      <trkpt lat="-38.63452" lon="177.8493">
        <ele>30.9</ele>
      </trkpt>
      <trkpt lat="-38.63468" lon="177.85038">
        <ele>32.1</ele>
      </trkpt>
      <trkpt lat="-38.63483" lon="177.85145">
        <ele>32.9</ele>
      </trkpt>
      <trkpt lat="-38.63486" lon="177.8517">
        <ele>33.0</ele>
      </trkpt>
      <trkpt lat="-38.63489" lon="177.8522">
        <ele>32.9</ele>
      </trkpt>
      <trkpt lat="-38.63491" lon="177.85253">
        <ele>32.9</ele>
      </trkpt>
      <trkpt lat="-38.63495" lon="177.85317">
        <ele>32.9</ele>
      </trkpt>
      <trkpt lat="-38.63495" lon="177.85359">
        <ele>33.0</ele>
      </trkpt>
      <trkpt lat="-38.63493" lon="177.85386">
        <ele>33.0</ele>
      </trkpt>
      <trkpt lat="-38.6348" lon="177.85494">
        <ele>32.8</ele>
      </trkpt>
      <trkpt lat="-38.63468" lon="177.85602">
        <ele>32.5</ele>
      </trkpt>
      <trkpt lat="-38.63456" lon="177.8571">
        <ele>31.5</ele>
      </trkpt>
      <trkpt lat="-38.63443" lon="177.8582">
        <ele>30.4</ele>
      </trkpt>
      <trkpt lat="-38.63431" lon="177.8593">
        <ele>29.3</ele>
      </trkpt>
      <trkpt lat="-38.63419" lon="177.8604">
        <ele>28.5</ele>
      </trkpt>
      <trkpt lat="-38.63406" lon="177.86151">
        <ele>28.6</ele>
      </trkpt>
      <trkpt lat="-38.63394" lon="177.86261">
        <ele>27.5</ele>
      </trkpt>
      <trkpt lat="-38.63382" lon="177.86371">
        <ele>28.0</ele>
      </trkpt>
      <trkpt lat="-38.6337" lon="177.86482">
        <ele>28.2</ele>
      </trkpt>
      <trkpt lat="-38.63357" lon="177.86592">
        <ele>26.9</ele>
      </trkpt>
      <trkpt lat="-38.63345" lon="177.86702">
        <ele>26.1</ele>
      </trkpt>
      <trkpt lat="-38.63333" lon="177.86812">
        <ele>25.3</ele>
      </trkpt>
      <trkpt lat="-38.6332" lon="177.86923">
        <ele>27.2</ele>
      </trkpt>
      <trkpt lat="-38.63308" lon="177.87033">
        <ele>23.8</ele>
      </trkpt>
      <trkpt lat="-38.63296" lon="177.87143">
        <ele>23.3</ele>
      </trkpt>
      <trkpt lat="-38.63284" lon="177.87253">
        <ele>21.4</ele>
      </trkpt>
      <trkpt lat="-38.63271" lon="177.87364">
        <ele>20.9</ele>
      </trkpt>
      <trkpt lat="-38.63259" lon="177.87474">
        <ele>20.9</ele>
      </trkpt>
      <trkpt lat="-38.63247" lon="177.87584">
        <ele>20.0</ele>
      </trkpt>
      <trkpt lat="-38.63234" lon="177.87695">
        <ele>19.0</ele>
      </trkpt>
      <trkpt lat="-38.63222" lon="177.87805">
        <ele>18.0</ele>
      </trkpt>
      <trkpt lat="-38.6321" lon="177.87915">
        <ele>16.5</ele>
      </trkpt>
      <trkpt lat="-38.63197" lon="177.88025">
        <ele>17.7</ele>
      </trkpt>
      <trkpt lat="-38.63185" lon="177.88136">
        <ele>17.7</ele>
      </trkpt>
      <trkpt lat="-38.63191" lon="177.88137">
        <ele>17.5</ele>
      </trkpt>
      <trkpt lat="-38.63191" lon="177.88137">
        <ele>17.5</ele>
      </trkpt>
      <trkpt lat="-38.63273" lon="177.88152">
        <ele>15.7</ele>
      </trkpt>
      <trkpt lat="-38.63356" lon="177.88167">
        <ele>16.7</ele>
      </trkpt>
      <trkpt lat="-38.63438" lon="177.88182">
        <ele>16.3</ele>
      </trkpt>
      <trkpt lat="-38.63521" lon="177.88197">
        <ele>16.1</ele>
      </trkpt>
      <trkpt lat="-38.63603" lon="177.88212">
        <ele>15.2</ele>
      </trkpt>
      <trkpt lat="-38.63686" lon="177.88227">
        <ele>14.3</ele>
      </trkpt>
      <trkpt lat="-38.63768" lon="177.88242">
        <ele>14.1</ele>
      </trkpt>
      <trkpt lat="-38.63851" lon="177.88258">
        <ele>13.7</ele>
      </trkpt>
      <trkpt lat="-38.63933" lon="177.88273">
        <ele>12.8</ele>
      </trkpt>
      <trkpt lat="-38.64016" lon="177.88288">
        <ele>12.9</ele>
      </trkpt>
      <trkpt lat="-38.64098" lon="177.88303">
        <ele>12.4</ele>
      </trkpt>
      <trkpt lat="-38.64181" lon="177.88318">
        <ele>12.5</ele>
      </trkpt>
      <trkpt lat="-38.64263" lon="177.88333">
        <ele>13.2</ele>
      </trkpt>
      <trkpt lat="-38.64263" lon="177.88333">
        <ele>13.2</ele>
      </trkpt>
      <trkpt lat="-38.64252" lon="177.88435">
        <ele>12.5</ele>
      </trkpt>
      <trkpt lat="-38.64241" lon="177.88537">
        <ele>10.8</ele>
      </trkpt>
      <trkpt lat="-38.64231" lon="177.88638">
        <ele>10.9</ele>
      </trkpt>
      <trkpt lat="-38.6422" lon="177.8874">
        <ele>11.0</ele>
      </trkpt>
      <trkpt lat="-38.64209" lon="177.88842">
        <ele>11.5</ele>
      </trkpt>
      <trkpt lat="-38.64206" lon="177.88883">
        <ele>11.5</ele>
      </trkpt>
      <trkpt lat="-38.64207" lon="177.8891">
        <ele>11.5</ele>
      </trkpt>
      <trkpt lat="-38.64209" lon="177.88937">
        <ele>11.5</ele>
      </trkpt>
      <trkpt lat="-38.64216" lon="177.88985">
        <ele>11.4</ele>
      </trkpt>
      <trkpt lat="-38.64238" lon="177.89091">
        <ele>10.1</ele>
      </trkpt>
      <trkpt lat="-38.64259" lon="177.89197">
        <ele>9.5</ele>
      </trkpt>
      <trkpt lat="-38.6428" lon="177.89304">
        <ele>8.6</ele>
      </trkpt>
      <trkpt lat="-38.64301" lon="177.8941">
        <ele>8.0</ele>
      </trkpt>
      <trkpt lat="-38.64323" lon="177.89516">
        <ele>8.0</ele>
      </trkpt>
      <trkpt lat="-38.64344" lon="177.89623">
        <ele>8.8</ele>
      </trkpt>
      <trkpt lat="-38.64365" lon="177.89729">
        <ele>9.1</ele>
      </trkpt>
      <trkpt lat="-38.64386" lon="177.89835">
        <ele>9.6</ele>
      </trkpt>
      <trkpt lat="-38.64408" lon="177.89942">
        <ele>9.4</ele>
      </trkpt>
      <trkpt lat="-38.64429" lon="177.90048">
        <ele>10.0</ele>
      </trkpt>
      <trkpt lat="-38.6445" lon="177.90154">
        <ele>10.5</ele>
      </trkpt>
      <trkpt lat="-38.64456" lon="177.90183">
        <ele>10.6</ele>
      </trkpt>
      <trkpt lat="-38.64464" lon="177.90212">
        <ele>10.7</ele>
      </trkpt>
      <trkpt lat="-38.6447" lon="177.90228">
        <ele>10.8</ele>
      </trkpt>
      <trkpt lat="-38.64479" lon="177.90246">
        <ele>11.0</ele>
      </trkpt>
      <trkpt lat="-38.64531" lon="177.90335">
        <ele>11.0</ele>
      </trkpt>
      <trkpt lat="-38.64583" lon="177.90424">
        <ele>10.9</ele>
      </trkpt>
      <trkpt lat="-38.64635" lon="177.90513">
        <ele>9.7</ele>
      </trkpt>
      <trkpt lat="-38.64687" lon="177.90602">
        <ele>7.9</ele>
      </trkpt>
      <trkpt lat="-38.64738" lon="177.90691">
        <ele>9.6</ele>
      </trkpt>
      <trkpt lat="-38.6479" lon="177.9078">
        <ele>9.5</ele>
      </trkpt>
      <trkpt lat="-38.64842" lon="177.90869">
        <ele>10.1</ele>
      </trkpt>
      <trkpt lat="-38.64894" lon="177.90958">
        <ele>9.5</ele>
      </trkpt>
      <trkpt lat="-38.64946" lon="177.91047">
        <ele>9.2</ele>
      </trkpt>
      <trkpt lat="-38.64997" lon="177.91136">
        <ele>9.6</ele>
      </trkpt>
      <trkpt lat="-38.65049" lon="177.91225">
        <ele>8.5</ele>
      </trkpt>
      <trkpt lat="-38.65101" lon="177.91314">
        <ele>8.0</ele>
      </trkpt>
      <trkpt lat="-38.65153" lon="177.91403">
        <ele>8.8</ele>
      </trkpt>
      <trkpt lat="-38.65205" lon="177.91492">
        <ele>10.3</ele>
      </trkpt>
      <trkpt lat="-38.65214" lon="177.91516">
        <ele>10.6</ele>
      </trkpt>
      <trkpt lat="-38.65219" lon="177.91545">
        <ele>10.6</ele>
      </trkpt>
      <trkpt lat="-38.65218" lon="177.91552">
        <ele>10.6</ele>
      </trkpt>
      <trkpt lat="-38.65218" lon="177.91559">
        <ele>10.6</ele>
      </trkpt>
      <trkpt lat="-38.65219" lon="177.91566">
        <ele>10.6</ele>
      </trkpt>
      <trkpt lat="-38.65222" lon="177.91573">
        <ele>10.7</ele>
      </trkpt>
      <trkpt lat="-38.65226" lon="177.91579">
        <ele>10.7</ele>
      </trkpt>
      <trkpt lat="-38.65232" lon="177.91585">
        <ele>10.8</ele>
      </trkpt>
      <trkpt lat="-38.65237" lon="177.91587">
        <ele>10.8</ele>
      </trkpt>
      <trkpt lat="-38.65243" lon="177.91587">
        <ele>10.9</ele>
      </trkpt>
      <trkpt lat="-38.6525" lon="177.91589">
        <ele>11.0</ele>
      </trkpt>
      <trkpt lat="-38.65264" lon="177.91601">
        <ele>11.0</ele>
      </trkpt>
      <trkpt lat="-38.6527" lon="177.91608">
        <ele>11.0</ele>
      </trkpt>
      <trkpt lat="-38.65278" lon="177.91613">
        <ele>11.0</ele>
      </trkpt>
      <trkpt lat="-38.65322" lon="177.91689">
        <ele>11.1</ele>
      </trkpt>
      <trkpt lat="-38.65367" lon="177.91764">
        <ele>11.2</ele>
      </trkpt>
      <trkpt lat="-38.65411" lon="177.9184">
        <ele>11.3</ele>
      </trkpt>
      <trkpt lat="-38.65455" lon="177.91916">
        <ele>11.4</ele>
      </trkpt>
      <trkpt lat="-38.65458" lon="177.91921">
        <ele>11.5</ele>
      </trkpt>
      <trkpt lat="-38.65458" lon="177.91921">
        <ele>11.5</ele>
      </trkpt>
      <trkpt lat="-38.65462" lon="177.91928">
        <ele>11.5</ele>
      </trkpt>
      <trkpt lat="-38.65467" lon="177.91909">
        <ele>11.4</ele>
      </trkpt>
      <trkpt lat="-38.65502" lon="177.91882">
        <ele>11.6</ele>
      </trkpt>
      <trkpt lat="-38.65506" lon="177.91878">
        <ele>11.6</ele>
      </trkpt>
      <trkpt lat="-38.65574" lon="177.91839">
        <ele>11.1</ele>
      </trkpt>
      <trkpt lat="-38.65605" lon="177.91823">
        <ele>10.6</ele>
      </trkpt>
      <trkpt lat="-38.65653" lon="177.91802">
        <ele>10.5</ele>
      </trkpt>
      <trkpt lat="-38.65696" lon="177.91788">
        <ele>10.2</ele>
      </trkpt>
      <trkpt lat="-38.6575" lon="177.91775">
        <ele>10.0</ele>
      </trkpt>
      <trkpt lat="-38.65801" lon="177.91768">
        <ele>10.1</ele>
      </trkpt>
      <trkpt lat="-38.65834" lon="177.91765">
        <ele>10.2</ele>
      </trkpt>
      <trkpt lat="-38.65887" lon="177.91764">
        <ele>9.0</ele>
      </trkpt>
      <trkpt lat="-38.65939" lon="177.91769">
        <ele>8.0</ele>
      </trkpt>
      <trkpt lat="-38.65976" lon="177.91774">
        <ele>7.4</ele>
      </trkpt>
      <trkpt lat="-38.66004" lon="177.91781">
        <ele>7.1</ele>
      </trkpt>
      <trkpt lat="-38.66054" lon="177.91794">
        <ele>7.6</ele>
      </trkpt>
      <trkpt lat="-38.66102" lon="177.91812">
        <ele>8.2</ele>
      </trkpt>
      <trkpt lat="-38.66141" lon="177.91829">
        <ele>8.8</ele>
      </trkpt>
      <trkpt lat="-38.662" lon="177.91862">
        <ele>9.0</ele>
      </trkpt>
      <trkpt lat="-38.66227" lon="177.91878">
        <ele>9.0</ele>
      </trkpt>
      <trkpt lat="-38.66247" lon="177.91891">
        <ele>9.1</ele>
      </trkpt>
      <trkpt lat="-38.66264" lon="177.91905">
        <ele>9.1</ele>
      </trkpt>
      <trkpt lat="-38.66295" lon="177.91935">
        <ele>8.6</ele>
      </trkpt>
      <trkpt lat="-38.66329" lon="177.91974">
        <ele>8.5</ele>
      </trkpt>
      <trkpt lat="-38.66344" lon="177.91994">
        <ele>8.5</ele>
      </trkpt>
      <trkpt lat="-38.66371" lon="177.92027">
        <ele>7.6</ele>
      </trkpt>
      <trkpt lat="-38.66395" lon="177.92063">
        <ele>7.1</ele>
      </trkpt>
      <trkpt lat="-38.66395" lon="177.92063">
        <ele>7.1</ele>
      </trkpt>
      <trkpt lat="-38.66397" lon="177.92066">
        <ele>7.1</ele>
      </trkpt>
      <trkpt lat="-38.66398" lon="177.92071">
        <ele>7.1</ele>
      </trkpt>
      <trkpt lat="-38.664" lon="177.92074">
        <ele>7.1</ele>
      </trkpt>
      <trkpt lat="-38.66404" lon="177.92078">
        <ele>7.1</ele>
      </trkpt>
      <trkpt lat="-38.66435" lon="177.92126">
        <ele>6.9</ele>
      </trkpt>
      <trkpt lat="-38.66466" lon="177.92178">
        <ele>7.0</ele>
      </trkpt>
      <trkpt lat="-38.66493" lon="177.92232">
        <ele>7.6</ele>
      </trkpt>
      <trkpt lat="-38.66521" lon="177.92285">
        <ele>7.6</ele>
      </trkpt>
      <trkpt lat="-38.66541" lon="177.92332">
        <ele>8.0</ele>
      </trkpt>
      <trkpt lat="-38.66578" lon="177.92432">
        <ele>8.0</ele>
      </trkpt>
      <trkpt lat="-38.66614" lon="177.92532">
        <ele>8.4</ele>
      </trkpt>
      <trkpt lat="-38.66651" lon="177.92631">
        <ele>8.1</ele>
      </trkpt>
      <trkpt lat="-38.66688" lon="177.92731">
        <ele>6.4</ele>
      </trkpt>
      <trkpt lat="-38.66724" lon="177.92831">
        <ele>6.7</ele>
      </trkpt>
      <trkpt lat="-38.66761" lon="177.92931">
        <ele>6.8</ele>
      </trkpt>
      <trkpt lat="-38.66788" lon="177.93004">
        <ele>5.7</ele>
      </trkpt>
      <trkpt lat="-38.66816" lon="177.93076">
        <ele>6.6</ele>
      </trkpt>
      <trkpt lat="-38.66819" lon="177.9309">
        <ele>7.0</ele>
      </trkpt>
      <trkpt lat="-38.66847" lon="177.93149">
        <ele>8.3</ele>
      </trkpt>
      <trkpt lat="-38.66878" lon="177.93193">
        <ele>8.1</ele>
      </trkpt>
      <trkpt lat="-38.66916" lon="177.93253">
        <ele>9.0</ele>
      </trkpt>
      <trkpt lat="-38.66955" lon="177.93313">
        <ele>9.2</ele>
      </trkpt>
      <trkpt lat="-38.67012" lon="177.93401">
        <ele>8.2</ele>
      </trkpt>
      <trkpt lat="-38.67069" lon="177.93488">
        <ele>7.9</ele>
      </trkpt>
      <trkpt lat="-38.67115" lon="177.9354">
        <ele>7.7</ele>
      </trkpt>
      <trkpt lat="-38.67175" lon="177.93604">
        <ele>8.4</ele>
      </trkpt>
      <trkpt lat="-38.67235" lon="177.93668">
        <ele>8.0</ele>
      </trkpt>
      <trkpt lat="-38.67306" lon="177.93733">
        <ele>6.5</ele>
      </trkpt>
      <trkpt lat="-38.67349" lon="177.93767">
        <ele>6.6</ele>
      </trkpt>
      <trkpt lat="-38.67395" lon="177.93799">
        <ele>7.1</ele>
      </trkpt>
      <trkpt lat="-38.67441" lon="177.93831">
        <ele>7.2</ele>
      </trkpt>
      <trkpt lat="-38.67501" lon="177.93865">
        <ele>9.2</ele>
      </trkpt>
      <trkpt lat="-38.67562" lon="177.93898">
        <ele>8.6</ele>
      </trkpt>
      <trkpt lat="-38.67622" lon="177.93932">
        <ele>7.3</ele>
      </trkpt>
      <trkpt lat="-38.6763" lon="177.93938">
        <ele>7.1</ele>
      </trkpt>
      <trkpt lat="-38.6764" lon="177.9394">
        <ele>6.9</ele>
      </trkpt>
      <trkpt lat="-38.67687" lon="177.93958">
        <ele>6.4</ele>
      </trkpt>
      <trkpt lat="-38.67734" lon="177.93977">
        <ele>6.1</ele>
      </trkpt>
      <trkpt lat="-38.67809" lon="177.93995">
        <ele>6.0</ele>
      </trkpt>
      <trkpt lat="-38.67832" lon="177.94">
        <ele>6.0</ele>
      </trkpt>
      <trkpt lat="-38.67864" lon="177.94002">
        <ele>6.0</ele>
      </trkpt>
      <trkpt lat="-38.67912" lon="177.93998">
        <ele>6.0</ele>
      </trkpt>
      <trkpt lat="-38.6796" lon="177.93995">
        <ele>6.0</ele>
      </trkpt>
      <trkpt lat="-38.68023" lon="177.93985">
        <ele>6.3</ele>
      </trkpt>
      <trkpt lat="-38.68087" lon="177.93975">
        <ele>7.2</ele>
      </trkpt>
      <trkpt lat="-38.68141" lon="177.93957">
        <ele>7.7</ele>
      </trkpt>
      <trkpt lat="-38.68195" lon="177.9394">
        <ele>7.4</ele>
      </trkpt>
      <trkpt lat="-38.68254" lon="177.93915">
        <ele>6.0</ele>
      </trkpt>
      <trkpt lat="-38.68296" lon="177.93896">
        <ele>6.4</ele>
      </trkpt>
      <trkpt lat="-38.68307" lon="177.93892">
        <ele>6.4</ele>
      </trkpt>
      <trkpt lat="-38.68342" lon="177.93876">
        <ele>6.5</ele>
      </trkpt>
      <trkpt lat="-38.68419" lon="177.93826">
        <ele>7.0</ele>
      </trkpt>
      <trkpt lat="-38.68497" lon="177.93776">
        <ele>7.7</ele>
      </trkpt>
      <trkpt lat="-38.68574" lon="177.93727">
        <ele>7.1</ele>
      </trkpt>
      <trkpt lat="-38.68652" lon="177.93677">
        <ele>7.0</ele>
      </trkpt>
      <trkpt lat="-38.68729" lon="177.93628">
        <ele>6.7</ele>
      </trkpt>
      <trkpt lat="-38.68807" lon="177.93578">
        <ele>6.9</ele>
      </trkpt>
      <trkpt lat="-38.68884" lon="177.93528">
        <ele>6.5</ele>
      </trkpt>
      <trkpt lat="-38.68962" lon="177.93479">
        <ele>7.0</ele>
      </trkpt>
      <trkpt lat="-38.68969" lon="177.93476">
        <ele>6.9</ele>
      </trkpt>
      <trkpt lat="-38.68972" lon="177.93471">
        <ele>7.0</ele>
      </trkpt>
      <trkpt lat="-38.69047" lon="177.93415">
        <ele>6.9</ele>
      </trkpt>
      <trkpt lat="-38.69122" lon="177.93359">
        <ele>7.4</ele>
      </trkpt>
      <trkpt lat="-38.69198" lon="177.93302">
        <ele>8.1</ele>
      </trkpt>
      <trkpt lat="-38.69273" lon="177.93246">
        <ele>6.8</ele>
      </trkpt>
      <trkpt lat="-38.69348" lon="177.9319">
        <ele>6.1</ele>
      </trkpt>
      <trkpt lat="-38.69423" lon="177.93134">
        <ele>6.6</ele>
      </trkpt>
      <trkpt lat="-38.69498" lon="177.93078">
        <ele>6.1</ele>
      </trkpt>
      <trkpt lat="-38.69573" lon="177.93021">
        <ele>5.5</ele>
      </trkpt>
      <trkpt lat="-38.69648" lon="177.92965">
        <ele>5.1</ele>
      </trkpt>
      <trkpt lat="-38.69723" lon="177.92909">
        <ele>5.6</ele>
      </trkpt>
      <trkpt lat="-38.69798" lon="177.92853">
        <ele>4.3</ele>
      </trkpt>
      <trkpt lat="-38.69806" lon="177.9285">
        <ele>4.3</ele>
      </trkpt>
      <trkpt lat="-38.69812" lon="177.92843">
        <ele>4.1</ele>
      </trkpt>
      <trkpt lat="-38.69847" lon="177.92815">
        <ele>4.1</ele>
      </trkpt>
      <trkpt lat="-38.69867" lon="177.92803">
        <ele>4.0</ele>
      </trkpt>
      <trkpt lat="-38.69895" lon="177.9279">
        <ele>3.6</ele>
      </trkpt>
      <trkpt lat="-38.6992" lon="177.92786">
        <ele>3.3</ele>
      </trkpt>
      <trkpt lat="-38.69939" lon="177.92786">
        <ele>3.6</ele>
      </trkpt>
      <trkpt lat="-38.6995" lon="177.92787">
        <ele>3.7</ele>
      </trkpt>
      <trkpt lat="-38.69999" lon="177.92801">
        <ele>4.8</ele>
      </trkpt>
      <trkpt lat="-38.70022" lon="177.9281">
        <ele>4.7</ele>
      </trkpt>
      <trkpt lat="-38.70038" lon="177.9282">
        <ele>4.7</ele>
      </trkpt>
      <trkpt lat="-38.70113" lon="177.92875">
        <ele>4.8</ele>
      </trkpt>
      <trkpt lat="-38.70113" lon="177.92875">
        <ele>4.8</ele>
      </trkpt>
      <trkpt lat="-38.70183" lon="177.92927">
        <ele>5.0</ele>
      </trkpt>
      <trkpt lat="-38.70253" lon="177.92978">
        <ele>5.5</ele>
      </trkpt>
      <trkpt lat="-38.70296" lon="177.93012">
        <ele>6.0</ele>
      </trkpt>
      <trkpt lat="-38.703" lon="177.93013">
        <ele>6.0</ele>
      </trkpt>
      <trkpt lat="-38.70301" lon="177.93011">
        <ele>6.0</ele>
      </trkpt>
      <trkpt lat="-38.70302" lon="177.93009">
        <ele>6.0</ele>
      </trkpt>
      <trkpt lat="-38.70291" lon="177.92982">
        <ele>5.4</ele>
      </trkpt>
      <trkpt lat="-38.70289" lon="177.92974">
        <ele>5.1</ele>
      </trkpt>
      <trkpt lat="-38.70292" lon="177.92966">
        <ele>4.8</ele>
      </trkpt>
      <trkpt lat="-38.70294" lon="177.92965">
        <ele>4.7</ele>
      </trkpt>
      <trkpt lat="-38.70308" lon="177.92976">
        <ele>5.0</ele>
      </trkpt>
      <trkpt lat="-38.70337" lon="177.92996">
        <ele>5.8</ele>
      </trkpt>
      <trkpt lat="-38.70359" lon="177.93014">
        <ele>5.5</ele>
      </trkpt>
      <trkpt lat="-38.70362" lon="177.93021">
        <ele>5.4</ele>
      </trkpt>
      <trkpt lat="-38.70363" lon="177.9303">
        <ele>5.3</ele>
      </trkpt>
      <trkpt lat="-38.70359" lon="177.93036">
        <ele>5.3</ele>
      </trkpt>
      <trkpt lat="-38.70341" lon="177.93057">
        <ele>5.2</ele>
      </trkpt>
      <trkpt lat="-38.7034" lon="177.9306">
        <ele>5.2</ele>
      </trkpt>
      <trkpt lat="-38.70341" lon="177.93064">
        <ele>5.1</ele>
      </trkpt>
      <trkpt lat="-38.7038" lon="177.93117">
        <ele>4.4</ele>
      </trkpt>
      <trkpt lat="-38.70435" lon="177.93193">
        <ele>3.9</ele>
      </trkpt>
      <trkpt lat="-38.70489" lon="177.93268">
        <ele>4.9</ele>
      </trkpt>
      <trkpt lat="-38.70544" lon="177.93343">
        <ele>4.2</ele>
      </trkpt>
      <trkpt lat="-38.70598" lon="177.93419">
        <ele>5.5</ele>
      </trkpt>
      <trkpt lat="-38.70653" lon="177.93494">
        <ele>4.3</ele>
      </trkpt>
      <trkpt lat="-38.70711" lon="177.93578">
        <ele>3.8</ele>
      </trkpt>
      <trkpt lat="-38.70769" lon="177.93662">
        <ele>3.0</ele>
      </trkpt>
      <trkpt lat="-38.70784" lon="177.9368">
        <ele>2.7</ele>
      </trkpt>
      <trkpt lat="-38.70801" lon="177.93705">
        <ele>2.6</ele>
      </trkpt>
      <trkpt lat="-38.70831" lon="177.93739">
        <ele>2.7</ele>
      </trkpt>
      <trkpt lat="-38.7084" lon="177.93747">
        <ele>2.7</ele>
      </trkpt>
      <trkpt lat="-38.70851" lon="177.93761">
        <ele>2.6</ele>
      </trkpt>
      <trkpt lat="-38.70867" lon="177.93781">
        <ele>2.2</ele>
      </trkpt>
      <trkpt lat="-38.70875" lon="177.93796">
        <ele>2.1</ele>
      </trkpt>
      <trkpt lat="-38.70889" lon="177.93833">
        <ele>1.7</ele>
      </trkpt>
      <trkpt lat="-38.70923" lon="177.93913">
        <ele>3.5</ele>
      </trkpt>
      <trkpt lat="-38.70958" lon="177.93993">
        <ele>4.7</ele>
      </trkpt>
      <trkpt lat="-38.70993" lon="177.94073">
        <ele>4.3</ele>
      </trkpt>
      <trkpt lat="-38.7102" lon="177.94137">
        <ele>3.5</ele>
      </trkpt>
      <trkpt lat="-38.71025" lon="177.94152">
        <ele>3.5</ele>
      </trkpt>
      <trkpt lat="-38.71027" lon="177.94166">
        <ele>3.7</ele>
      </trkpt>
      <trkpt lat="-38.71026" lon="177.94181">
        <ele>4.0</ele>
      </trkpt>
      <trkpt lat="-38.71022" lon="177.94193">
        <ele>4.4</ele>
      </trkpt>
      <trkpt lat="-38.71013" lon="177.94206">
        <ele>4.8</ele>
      </trkpt>
      <trkpt lat="-38.70995" lon="177.94229">
        <ele>5.5</ele>
      </trkpt>
      <trkpt lat="-38.70987" lon="177.94251">
        <ele>5.8</ele>
      </trkpt>
      <trkpt lat="-38.70978" lon="177.94265">
        <ele>5.6</ele>
      </trkpt>
      <trkpt lat="-38.70978" lon="177.94265">
        <ele>5.6</ele>
      </trkpt>
      <trkpt lat="-38.70965" lon="177.94269">
        <ele>5.4</ele>
      </trkpt>
      <trkpt lat="-38.70951" lon="177.94275">
        <ele>5.3</ele>
      </trkpt>
      <trkpt lat="-38.70875" lon="177.9432">
        <ele>5.5</ele>
      </trkpt>
      <trkpt lat="-38.70799" lon="177.94366">
        <ele>6.4</ele>
      </trkpt>
      <trkpt lat="-38.7074" lon="177.9441">
        <ele>7.0</ele>
      </trkpt>
      <trkpt lat="-38.70673" lon="177.94454">
        <ele>7.0</ele>
      </trkpt>
      <trkpt lat="-38.70605" lon="177.94498">
        <ele>7.7</ele>
      </trkpt>
      <trkpt lat="-38.70544" lon="177.94538">
        <ele>7.3</ele>
      </trkpt>
      <trkpt lat="-38.70483" lon="177.94579">
        <ele>7.1</ele>
      </trkpt>
      <trkpt lat="-38.70441" lon="177.94609">
        <ele>7.4</ele>
      </trkpt>
      <trkpt lat="-38.70398" lon="177.94639">
        <ele>6.9</ele>
      </trkpt>
      <trkpt lat="-38.70343" lon="177.94678">
        <ele>5.3</ele>
      </trkpt>
      <trkpt lat="-38.70329" lon="177.94686">
        <ele>5.3</ele>
      </trkpt>
      <trkpt lat="-38.70307" lon="177.94697">
        <ele>5.6</ele>
      </trkpt>
      <trkpt lat="-38.70286" lon="177.94711">
        <ele>6.1</ele>
      </trkpt>
      <trkpt lat="-38.70274" lon="177.94723">
        <ele>6.6</ele>
      </trkpt>
      <trkpt lat="-38.7024" lon="177.94754">
        <ele>8.0</ele>
      </trkpt>
      <trkpt lat="-38.70164" lon="177.94808">
        <ele>8.0</ele>
      </trkpt>
      <trkpt lat="-38.70088" lon="177.94862">
        <ele>6.7</ele>
      </trkpt>
      <trkpt lat="-38.7003" lon="177.94911">
        <ele>6.7</ele>
      </trkpt>
      <trkpt lat="-38.69972" lon="177.9496">
        <ele>7.0</ele>
      </trkpt>
      <trkpt lat="-38.69914" lon="177.95009">
        <ele>7.9</ele>
      </trkpt>
      <trkpt lat="-38.69857" lon="177.95058">
        <ele>7.1</ele>
      </trkpt>
      <trkpt lat="-38.69795" lon="177.95113">
        <ele>6.1</ele>
      </trkpt>
      <trkpt lat="-38.69733" lon="177.95169">
        <ele>5.8</ele>
      </trkpt>
      <trkpt lat="-38.69671" lon="177.95225">
        <ele>6.4</ele>
      </trkpt>
      <trkpt lat="-38.6961" lon="177.9528">
        <ele>6.0</ele>
      </trkpt>
      <trkpt lat="-38.69548" lon="177.95336">
        <ele>7.0</ele>
      </trkpt>
      <trkpt lat="-38.69495" lon="177.95391">
        <ele>8.3</ele>
      </trkpt>
      <trkpt lat="-38.69441" lon="177.95446">
        <ele>7.7</ele>
      </trkpt>
      <trkpt lat="-38.69388" lon="177.95502">
        <ele>7.6</ele>
      </trkpt>
      <trkpt lat="-38.69334" lon="177.95557">
        <ele>6.3</ele>
      </trkpt>
      <trkpt lat="-38.69288" lon="177.95609">
        <ele>6.5</ele>
      </trkpt>
      <trkpt lat="-38.69242" lon="177.9566">
        <ele>6.2</ele>
      </trkpt>
      <trkpt lat="-38.69182" lon="177.95733">
        <ele>7.5</ele>
      </trkpt>
      <trkpt lat="-38.69123" lon="177.95805">
        <ele>7.3</ele>
      </trkpt>
      <trkpt lat="-38.69063" lon="177.95878">
        <ele>7.4</ele>
      </trkpt>
      <trkpt lat="-38.69004" lon="177.95951">
        <ele>7.0</ele>
      </trkpt>
      <trkpt lat="-38.68945" lon="177.96023">
        <ele>7.3</ele>
      </trkpt>
      <trkpt lat="-38.68885" lon="177.96096">
        <ele>7.6</ele>
      </trkpt>
      <trkpt lat="-38.68826" lon="177.96169">
        <ele>6.8</ele>
      </trkpt>
      <trkpt lat="-38.68766" lon="177.96241">
        <ele>6.5</ele>
      </trkpt>
      <trkpt lat="-38.68711" lon="177.9631">
        <ele>7.6</ele>
      </trkpt>
      <trkpt lat="-38.68654" lon="177.96393">
        <ele>7.1</ele>
      </trkpt>
      <trkpt lat="-38.68598" lon="177.96477">
        <ele>8.4</ele>
      </trkpt>
      <trkpt lat="-38.68541" lon="177.9656">
        <ele>6.6</ele>
      </trkpt>
      <trkpt lat="-38.68484" lon="177.96644">
        <ele>5.6</ele>
      </trkpt>
      <trkpt lat="-38.68428" lon="177.96727">
        <ele>6.1</ele>
      </trkpt>
      <trkpt lat="-38.68371" lon="177.96811">
        <ele>6.7</ele>
      </trkpt>
      <trkpt lat="-38.6832" lon="177.96896">
        <ele>7.5</ele>
      </trkpt>
      <trkpt lat="-38.6827" lon="177.96981">
        <ele>8.2</ele>
      </trkpt>
      <trkpt lat="-38.6822" lon="177.97066">
        <ele>7.3</ele>
      </trkpt>
      <trkpt lat="-38.68169" lon="177.97151">
        <ele>6.8</ele>
      </trkpt>
      <trkpt lat="-38.68126" lon="177.97219">
        <ele>6.7</ele>
      </trkpt>
      <trkpt lat="-38.68082" lon="177.97313">
        <ele>8.0</ele>
      </trkpt>
      <trkpt lat="-38.68038" lon="177.97408">
        <ele>6.0</ele>
      </trkpt>
      <trkpt lat="-38.67994" lon="177.97503">
        <ele>5.8</ele>
      </trkpt>
      <trkpt lat="-38.6795" lon="177.97598">
        <ele>4.4</ele>
      </trkpt>
      <trkpt lat="-38.67906" lon="177.97693">
        <ele>5.7</ele>
      </trkpt>
      <trkpt lat="-38.67862" lon="177.97788">
        <ele>7.2</ele>
      </trkpt>
      <trkpt lat="-38.67819" lon="177.97882">
        <ele>8.2</ele>
      </trkpt>
      <trkpt lat="-38.67775" lon="177.97977">
        <ele>7.5</ele>
      </trkpt>
      <trkpt lat="-38.67731" lon="177.98072">
        <ele>6.6</ele>
      </trkpt>
      <trkpt lat="-38.67687" lon="177.98167">
        <ele>6.0</ele>
      </trkpt>
      <trkpt lat="-38.67647" lon="177.9827">
        <ele>7.6</ele>
      </trkpt>
      <trkpt lat="-38.67608" lon="177.98373">
        <ele>7.3</ele>
      </trkpt>
      <trkpt lat="-38.67569" lon="177.98476">
        <ele>8.6</ele>
      </trkpt>
      <trkpt lat="-38.6753" lon="177.9858">
        <ele>5.3</ele>
      </trkpt>
      <trkpt lat="-38.6749" lon="177.98683">
        <ele>8.3</ele>
      </trkpt>
      <trkpt lat="-38.67451" lon="177.98786">
        <ele>6.2</ele>
      </trkpt>
      <trkpt lat="-38.67412" lon="177.98889">
        <ele>7.5</ele>
      </trkpt>
      <trkpt lat="-38.67372" lon="177.98992">
        <ele>8.4</ele>
      </trkpt>
      <trkpt lat="-38.67346" lon="177.99082">
        <ele>7.0</ele>
      </trkpt>
      <trkpt lat="-38.67321" lon="177.99183">
        <ele>8.7</ele>
      </trkpt>
      <trkpt lat="-38.67295" lon="177.99285">
        <ele>6.1</ele>
      </trkpt>
      <trkpt lat="-38.67275" lon="177.99373">
        <ele>4.0</ele>
      </trkpt>
      <trkpt lat="-38.67267" lon="177.9941">
        <ele>4.5</ele>
      </trkpt>
      <trkpt lat="-38.67256" lon="177.9948">
        <ele>5.5</ele>
      </trkpt>
      <trkpt lat="-38.67244" lon="177.9955">
        <ele>7.1</ele>
      </trkpt>
      <trkpt lat="-38.67229" lon="177.9964">
        <ele>6.3</ele>
      </trkpt>
      <trkpt lat="-38.67214" lon="177.9973">
        <ele>5.9</ele>
      </trkpt>
      <trkpt lat="-38.67206" lon="177.99763">
        <ele>5.8</ele>
      </trkpt>
      <trkpt lat="-38.67198" lon="177.99794">
        <ele>5.6</ele>
      </trkpt>
      <trkpt lat="-38.67177" lon="177.99867">
        <ele>6.7</ele>
      </trkpt>
      <trkpt lat="-38.67156" lon="177.9994">
        <ele>6.8</ele>
      </trkpt>
      <trkpt lat="-38.67136" lon="178.00012">
        <ele>7.7</ele>
      </trkpt>
      <trkpt lat="-38.6712" lon="178.00062">
        <ele>11.1</ele>
      </trkpt>
      <trkpt lat="-38.6712" lon="178.00062">
        <ele>11.1</ele>
      </trkpt>
      <trkpt lat="-38.67118" lon="178.00072">
        <ele>11.7</ele>
      </trkpt>
      <trkpt lat="-38.6711" lon="178.00068">
        <ele>11.9</ele>
      </trkpt>
      <trkpt lat="-38.67086" lon="178.00148">
        <ele>15.1</ele>
      </trkpt>
      <trkpt lat="-38.67062" lon="178.00228">
        <ele>12.3</ele>
      </trkpt>
      <trkpt lat="-38.67055" lon="178.00231">
        <ele>12.0</ele>
      </trkpt>
      <trkpt lat="-38.67051" lon="178.00233">
        <ele>11.9</ele>
      </trkpt>
      <trkpt lat="-38.67047" lon="178.00239">
        <ele>11.7</ele>
      </trkpt>
      <trkpt lat="-38.6704" lon="178.00259">
        <ele>11.4</ele>
      </trkpt>
      <trkpt lat="-38.6704" lon="178.00259">
        <ele>11.4</ele>
      </trkpt>
      <trkpt lat="-38.67047" lon="178.00239">
        <ele>11.7</ele>
      </trkpt>
      <trkpt lat="-38.67051" lon="178.00233">
        <ele>11.9</ele>
      </trkpt>
      <trkpt lat="-38.67055" lon="178.00231">
        <ele>12.0</ele>
      </trkpt>
      <trkpt lat="-38.67062" lon="178.00228">
        <ele>12.3</ele>
      </trkpt>
      <trkpt lat="-38.67086" lon="178.00148">
        <ele>15.1</ele>
      </trkpt>
      <trkpt lat="-38.6711" lon="178.00068">
        <ele>11.9</ele>
      </trkpt>
      <trkpt lat="-38.67118" lon="178.00072">
        <ele>11.7</ele>
      </trkpt>
      <trkpt lat="-38.67089" lon="178.00169">
        <ele>15.8</ele>
      </trkpt>
      <trkpt lat="-38.6706" lon="178.00266">
        <ele>11.4</ele>
      </trkpt>
      <trkpt lat="-38.67031" lon="178.00362">
        <ele>11.4</ele>
      </trkpt>
      <trkpt lat="-38.67002" lon="178.00459">
        <ele>11.9</ele>
      </trkpt>
      <trkpt lat="-38.66998" lon="178.00484">
        <ele>10.7</ele>
      </trkpt>
      <trkpt lat="-38.66997" lon="178.00506">
        <ele>9.9</ele>
      </trkpt>
      <trkpt lat="-38.67001" lon="178.00574">
        <ele>10.0</ele>
      </trkpt>
      <trkpt lat="-38.66991" lon="178.00575">
        <ele>9.8</ele>
      </trkpt>
      <trkpt lat="-38.66991" lon="178.00575">
        <ele>9.8</ele>
      </trkpt>
      <trkpt lat="-38.66994" lon="178.00626">
        <ele>10.4</ele>
      </trkpt>
      <trkpt lat="-38.66995" lon="178.00628">
        <ele>10.4</ele>
      </trkpt>
      <trkpt lat="-38.67004" lon="178.00627">
        <ele>10.4</ele>
      </trkpt>
      <trkpt lat="-38.67011" lon="178.00627">
        <ele>10.2</ele>
      </trkpt>
      <trkpt lat="-38.67015" lon="178.00628">
        <ele>10.1</ele>
      </trkpt>
      <trkpt lat="-38.67022" lon="178.00633">
        <ele>10.0</ele>
      </trkpt>
      <trkpt lat="-38.67025" lon="178.00638">
        <ele>10.0</ele>
      </trkpt>
      <trkpt lat="-38.67025" lon="178.00638">
        <ele>10.0</ele>
      </trkpt>
      <trkpt lat="-38.67028" lon="178.00641">
        <ele>9.9</ele>
      </trkpt>
      <trkpt lat="-38.67025" lon="178.00731">
        <ele>9.4</ele>
      </trkpt>
      <trkpt lat="-38.6703" lon="178.00791">
        <ele>8.8</ele>
      </trkpt>
      <trkpt lat="-38.67042" lon="178.00865">
        <ele>7.9</ele>
      </trkpt>
      <trkpt lat="-38.67043" lon="178.00958">
        <ele>6.8</ele>
      </trkpt>
      <trkpt lat="-38.67046" lon="178.01035">
        <ele>5.2</ele>
      </trkpt>
      <trkpt lat="-38.67048" lon="178.01112">
        <ele>4.4</ele>
      </trkpt>
      <trkpt lat="-38.6705" lon="178.01189">
        <ele>6.6</ele>
      </trkpt>
      <trkpt lat="-38.6705" lon="178.01253">
        <ele>7.1</ele>
      </trkpt>
      <trkpt lat="-38.6705" lon="178.01316">
        <ele>4.3</ele>
      </trkpt>
      <trkpt lat="-38.6705" lon="178.01316">
        <ele>4.3</ele>
      </trkpt>
      <trkpt lat="-38.67049" lon="178.01334">
        <ele>3.7</ele>
      </trkpt>
      <trkpt lat="-38.67051" lon="178.0135">
        <ele>3.4</ele>
      </trkpt>
      <trkpt lat="-38.67057" lon="178.01432">
        <ele>2.5</ele>
      </trkpt>
      <trkpt lat="-38.67066" lon="178.01504">
        <ele>1.8</ele>
      </trkpt>
      <trkpt lat="-38.67066" lon="178.01504">
        <ele>1.8</ele>
      </trkpt>
      <trkpt lat="-38.67069" lon="178.01523">
        <ele>2.5</ele>
      </trkpt>
      <trkpt lat="-38.67068" lon="178.01573">
        <ele>4.9</ele>
      </trkpt>
      <trkpt lat="-38.67072" lon="178.01608">
        <ele>5.6</ele>
      </trkpt>
      <trkpt lat="-38.67076" lon="178.01642">
        <ele>6.2</ele>
      </trkpt>
      <trkpt lat="-38.67076" lon="178.01656">
        <ele>6.5</ele>
      </trkpt>
      <trkpt lat="-38.67081" lon="178.01666">
        <ele>6.9</ele>
      </trkpt>
      <trkpt lat="-38.67084" lon="178.01679">
        <ele>6.8</ele>
      </trkpt>
      <trkpt lat="-38.67084" lon="178.01687">
        <ele>6.7</ele>
      </trkpt>
      <trkpt lat="-38.67079" lon="178.01695">
        <ele>6.5</ele>
      </trkpt>
      <trkpt lat="-38.67088" lon="178.0172">
        <ele>6.0</ele>
      </trkpt>
      <trkpt lat="-38.67088" lon="178.0172">
        <ele>6.0</ele>
      </trkpt>
      <trkpt lat="-38.67106" lon="178.01774">
        <ele>4.8</ele>
      </trkpt>
      <trkpt lat="-38.67137" lon="178.01874">
        <ele>4.7</ele>
      </trkpt>
      <trkpt lat="-38.67154" lon="178.01924">
        <ele>6.4</ele>
      </trkpt>
      <trkpt lat="-38.67168" lon="178.01953">
        <ele>6.3</ele>
      </trkpt>
      <trkpt lat="-38.67182" lon="178.01991">
        <ele>5.5</ele>
      </trkpt>
      <trkpt lat="-38.67197" lon="178.02036">
        <ele>6.2</ele>
      </trkpt>
      <trkpt lat="-38.67202" lon="178.02049">
        <ele>6.6</ele>
      </trkpt>
      <trkpt lat="-38.67207" lon="178.02056">
        <ele>6.8</ele>
      </trkpt>
      <trkpt lat="-38.67214" lon="178.02064">
        <ele>6.9</ele>
      </trkpt>
      <trkpt lat="-38.67238" lon="178.02084">
        <ele>7.4</ele>
      </trkpt>
      <trkpt lat="-38.67242" lon="178.0209">
        <ele>7.4</ele>
      </trkpt>
      <trkpt lat="-38.67245" lon="178.02098">
        <ele>7.3</ele>
      </trkpt>
      <trkpt lat="-38.67245" lon="178.02111">
        <ele>7.5</ele>
      </trkpt>
      <trkpt lat="-38.67245" lon="178.02121">
        <ele>7.6</ele>
      </trkpt>
      <trkpt lat="-38.67242" lon="178.02145">
        <ele>7.9</ele>
      </trkpt>
      <trkpt lat="-38.67243" lon="178.02183">
        <ele>7.7</ele>
      </trkpt>
      <trkpt lat="-38.67242" lon="178.02208">
        <ele>7.1</ele>
      </trkpt>
      <trkpt lat="-38.67239" lon="178.02247">
        <ele>6.2</ele>
      </trkpt>
      <trkpt lat="-38.67239" lon="178.02281">
        <ele>5.5</ele>
      </trkpt>
      <trkpt lat="-38.67237" lon="178.02292">
        <ele>5.4</ele>
      </trkpt>
      <trkpt lat="-38.67233" lon="178.02301">
        <ele>5.4</ele>
      </trkpt>
      <trkpt lat="-38.6723" lon="178.02306">
        <ele>5.4</ele>
      </trkpt>
      <trkpt lat="-38.6723" lon="178.02306">
        <ele>5.4</ele>
      </trkpt>
      <trkpt lat="-38.67223" lon="178.02313">
        <ele>5.5</ele>
      </trkpt>
      <trkpt lat="-38.67216" lon="178.02316">
        <ele>5.7</ele>
      </trkpt>
      <trkpt lat="-38.67206" lon="178.02328">
        <ele>6.1</ele>
      </trkpt>
      <trkpt lat="-38.67198" lon="178.02337">
        <ele>6.4</ele>
      </trkpt>
      <trkpt lat="-38.67193" lon="178.02344">
        <ele>6.6</ele>
      </trkpt>
      <trkpt lat="-38.67195" lon="178.02355">
        <ele>6.9</ele>
      </trkpt>
      <trkpt lat="-38.67194" lon="178.0237">
        <ele>7.3</ele>
      </trkpt>
      <trkpt lat="-38.67196" lon="178.02385">
        <ele>7.4</ele>
      </trkpt>
      <trkpt lat="-38.672" lon="178.02397">
        <ele>7.5</ele>
      </trkpt>
      <trkpt lat="-38.67205" lon="178.02407">
        <ele>7.5</ele>
      </trkpt>
      <trkpt lat="-38.67211" lon="178.02412">
        <ele>7.3</ele>
      </trkpt>
      <trkpt lat="-38.67218" lon="178.02416">
        <ele>7.1</ele>
      </trkpt>
      <trkpt lat="-38.67225" lon="178.02417">
        <ele>6.9</ele>
      </trkpt>
      <trkpt lat="-38.6723" lon="178.02432">
        <ele>7.2</ele>
      </trkpt>
      <trkpt lat="-38.67233" lon="178.02441">
        <ele>7.4</ele>
      </trkpt>
      <trkpt lat="-38.67235" lon="178.02451">
        <ele>7.7</ele>
      </trkpt>
      <trkpt lat="-38.67235" lon="178.02462">
        <ele>8.1</ele>
      </trkpt>
      <trkpt lat="-38.67235" lon="178.02475">
        <ele>8.5</ele>
      </trkpt>
      <trkpt lat="-38.6723" lon="178.02501">
        <ele>9.5</ele>
      </trkpt>
      <trkpt lat="-38.67229" lon="178.02518">
        <ele>9.9</ele>
      </trkpt>
      <trkpt lat="-38.67226" lon="178.02556">
        <ele>10.7</ele>
      </trkpt>
      <trkpt lat="-38.67225" lon="178.02571">
        <ele>11.0</ele>
      </trkpt>
      <trkpt lat="-38.67229" lon="178.02593">
        <ele>11.2</ele>
      </trkpt>
      <trkpt lat="-38.6723" lon="178.02606">
        <ele>11.0</ele>
      </trkpt>
      <trkpt lat="-38.67228" lon="178.02625">
        <ele>10.9</ele>
      </trkpt>
      <trkpt lat="-38.67225" lon="178.02642">
        <ele>10.8</ele>
      </trkpt>
      <trkpt lat="-38.67219" lon="178.02656">
        <ele>10.8</ele>
      </trkpt>
      <trkpt lat="-38.67201" lon="178.02691">
        <ele>10.5</ele>
      </trkpt>
      <trkpt lat="-38.6719" lon="178.02712">
        <ele>10.1</ele>
      </trkpt>
      <trkpt lat="-38.6717" lon="178.02733">
        <ele>9.6</ele>
      </trkpt>
      <trkpt lat="-38.67153" lon="178.02748">
        <ele>8.9</ele>
      </trkpt>
      <trkpt lat="-38.67116" lon="178.02773">
        <ele>8.0</ele>
      </trkpt>
      <trkpt lat="-38.67103" lon="178.02776">
        <ele>7.9</ele>
      </trkpt>
      <trkpt lat="-38.67103" lon="178.02776">
        <ele>7.9</ele>
      </trkpt>
      <trkpt lat="-38.67094" lon="178.02778">
        <ele>7.7</ele>
      </trkpt>
      <trkpt lat="-38.67093" lon="178.02771">
        <ele>7.8</ele>
      </trkpt>
      <trkpt lat="-38.67092" lon="178.02768">
        <ele>7.9</ele>
      </trkpt>
      <trkpt lat="-38.67092" lon="178.02763">
        <ele>7.9</ele>
      </trkpt>
      <trkpt lat="-38.67029" lon="178.0277">
        <ele>8.7</ele>
      </trkpt>
      <trkpt lat="-38.66967" lon="178.02778">
        <ele>10.5</ele>
      </trkpt>
      <trkpt lat="-38.66963" lon="178.02781">
        <ele>10.7</ele>
      </trkpt>
      <trkpt lat="-38.66963" lon="178.02781">
        <ele>10.7</ele>
      </trkpt>
      <trkpt lat="-38.66962" lon="178.02789">
        <ele>10.7</ele>
      </trkpt>
      <trkpt lat="-38.6696" lon="178.02795">
        <ele>10.7</ele>
      </trkpt>
      <trkpt lat="-38.6694" lon="178.02807">
        <ele>11.1</ele>
      </trkpt>
      <trkpt lat="-38.66907" lon="178.0282">
        <ele>11.4</ele>
      </trkpt>
      <trkpt lat="-38.66878" lon="178.0283">
        <ele>11.5</ele>
      </trkpt>
      <trkpt lat="-38.66873" lon="178.02829">
        <ele>11.6</ele>
      </trkpt>
      <trkpt lat="-38.66844" lon="178.02844">
        <ele>11.6</ele>
      </trkpt>
      <trkpt lat="-38.66843" lon="178.0284">
        <ele>11.5</ele>
      </trkpt>
      <trkpt lat="-38.66838" lon="178.02843">
        <ele>11.4</ele>
      </trkpt>
      <trkpt lat="-38.66837" lon="178.02848">
        <ele>11.3</ele>
      </trkpt>
      <trkpt lat="-38.66837" lon="178.02852">
        <ele>11.2</ele>
      </trkpt>
      <trkpt lat="-38.66839" lon="178.02855">
        <ele>11.1</ele>
      </trkpt>
      <trkpt lat="-38.66872" lon="178.02899">
        <ele>10.1</ele>
      </trkpt>
      <trkpt lat="-38.66905" lon="178.02944">
        <ele>9.1</ele>
      </trkpt>
      <trkpt lat="-38.66914" lon="178.02954">
        <ele>8.8</ele>
      </trkpt>
      <trkpt lat="-38.66924" lon="178.02965">
        <ele>8.6</ele>
      </trkpt>
      <trkpt lat="-38.66946" lon="178.03006">
        <ele>7.7</ele>
      </trkpt>
      <trkpt lat="-38.6697" lon="178.03046">
        <ele>7.0</ele>
      </trkpt>
      <trkpt lat="-38.6698" lon="178.03058">
        <ele>6.7</ele>
      </trkpt>
      <trkpt lat="-38.66988" lon="178.03066">
        <ele>6.4</ele>
      </trkpt>
      <trkpt lat="-38.66997" lon="178.03068">
        <ele>6.0</ele>
      </trkpt>
      <trkpt lat="-38.67007" lon="178.03074">
        <ele>6.0</ele>
      </trkpt>
      <trkpt lat="-38.67022" lon="178.03081">
        <ele>6.2</ele>
      </trkpt>
      <trkpt lat="-38.67036" lon="178.03085">
        <ele>6.5</ele>
      </trkpt>
      <trkpt lat="-38.6705" lon="178.03085">
        <ele>6.7</ele>
      </trkpt>
      <trkpt lat="-38.67069" lon="178.03083">
        <ele>6.8</ele>
      </trkpt>
      <trkpt lat="-38.67082" lon="178.03078">
        <ele>6.8</ele>
      </trkpt>
      <trkpt lat="-38.671" lon="178.03067">
        <ele>6.7</ele>
      </trkpt>
      <trkpt lat="-38.67107" lon="178.0306">
        <ele>6.6</ele>
      </trkpt>
      <trkpt lat="-38.67122" lon="178.03043">
        <ele>6.5</ele>
      </trkpt>
      <trkpt lat="-38.67149" lon="178.03">
        <ele>6.4</ele>
      </trkpt>
      <trkpt lat="-38.67149" lon="178.03">
        <ele>6.4</ele>
      </trkpt>
    </trkseg>
  </trk>
</gpx>
