<?xml version="1.0" encoding="UTF-8"?>
<gpx xmlns:gpxdata="http://www.cluetrust.com/XML/GPXDATA/1/0" xmlns:xsi="http://www.w3.org/2001/XMLSchema-instance" xmlns="http://www.topografix.com/GPX/1/1" version="1.1" creator="http://ridewithgps.com/" xsi:schemaLocation="http://www.topografix.com/GPX/1/1 http://www.topografix.com/GPX/1/1/gpx.xsd http://www.cluetrust.com/XML/GPXDATA/1/0 http://www.cluetrust.com/Schemas/gpxdata10.xsd">
  <metadata>
    <name>Remutaka cycle trail</name>
    <link href="https://ridewithgps.com/routes/40148824">
      <text>Remutaka cycle trail</text>
    </link>
    <time>2022-07-11T21:19:34Z</time>
  </metadata>
  <trk>
    <name>Remutaka cycle trail</name>
    <trkseg>
      <trkpt lat="-41.23241" lon="174.90139">
        <ele>2.7</ele>
      </trkpt>
      <trkpt lat="-41.23227" lon="174.90143">
        <ele>3.1</ele>
      </trkpt>
      <trkpt lat="-41.23163" lon="174.9015">
        <ele>3.9</ele>
      </trkpt>
      <trkpt lat="-41.23108" lon="174.90158">
        <ele>3.2</ele>
      </trkpt>
      <trkpt lat="-41.2307" lon="174.90153">
        <ele>2.7</ele>
      </trkpt>
      <trkpt lat="-41.23014" lon="174.90128">
        <ele>2.8</ele>
      </trkpt>
      <trkpt lat="-41.23001" lon="174.90125">
        <ele>3.0</ele>
      </trkpt>
      <trkpt lat="-41.22972" lon="174.9013">
        <ele>3.9</ele>
      </trkpt>
      <trkpt lat="-41.22954" lon="174.90142">
        <ele>4.2</ele>
      </trkpt>
      <trkpt lat="-41.22909" lon="174.90181">
        <ele>3.2</ele>
      </trkpt>
      <trkpt lat="-41.22889" lon="174.90204">
        <ele>2.5</ele>
      </trkpt>
      <trkpt lat="-41.228119" lon="174.90259">
        <ele>4.9</ele>
      </trkpt>
      <trkpt lat="-41.22796" lon="174.90269">
        <ele>5.0</ele>
      </trkpt>
      <trkpt lat="-41.22784" lon="174.90271">
        <ele>5.0</ele>
      </trkpt>
      <trkpt lat="-41.22763" lon="174.9027">
        <ele>5.2</ele>
      </trkpt>
      <trkpt lat="-41.22737" lon="174.90266">
        <ele>5.4</ele>
      </trkpt>
      <trkpt lat="-41.2271" lon="174.90258">
        <ele>5.9</ele>
      </trkpt>
      <trkpt lat="-41.22675" lon="174.902449">
        <ele>6.8</ele>
      </trkpt>
      <trkpt lat="-41.22637" lon="174.90228">
        <ele>6.5</ele>
      </trkpt>
      <trkpt lat="-41.22613" lon="174.90213">
        <ele>6.1</ele>
      </trkpt>
      <trkpt lat="-41.22574" lon="174.90187">
        <ele>5.3</ele>
      </trkpt>
      <trkpt lat="-41.22563" lon="174.90169">
        <ele>5.0</ele>
      </trkpt>
      <trkpt lat="-41.22522" lon="174.90142">
        <ele>4.0</ele>
      </trkpt>
      <trkpt lat="-41.2246" lon="174.90132">
        <ele>4.0</ele>
      </trkpt>
      <trkpt lat="-41.22394" lon="174.90148">
        <ele>4.9</ele>
      </trkpt>
      <trkpt lat="-41.2234" lon="174.90129">
        <ele>5.4</ele>
      </trkpt>
      <trkpt lat="-41.22302" lon="174.90103">
        <ele>3.5</ele>
      </trkpt>
      <trkpt lat="-41.22273" lon="174.90093">
        <ele>1.7</ele>
      </trkpt>
      <trkpt lat="-41.22228" lon="174.90082">
        <ele>0.8</ele>
      </trkpt>
      <trkpt lat="-41.22182" lon="174.90071">
        <ele>2.1</ele>
      </trkpt>
      <trkpt lat="-41.221649" lon="174.90071">
        <ele>2.5</ele>
      </trkpt>
      <trkpt lat="-41.22142" lon="174.90068">
        <ele>2.1</ele>
      </trkpt>
      <trkpt lat="-41.22124" lon="174.90071">
        <ele>1.8</ele>
      </trkpt>
      <trkpt lat="-41.22083" lon="174.90097">
        <ele>1.3</ele>
      </trkpt>
      <trkpt lat="-41.220239" lon="174.90107">
        <ele>1.6</ele>
      </trkpt>
      <trkpt lat="-41.22011" lon="174.90107">
        <ele>1.6</ele>
      </trkpt>
      <trkpt lat="-41.21999" lon="174.90104">
        <ele>1.5</ele>
      </trkpt>
      <trkpt lat="-41.21954" lon="174.90076">
        <ele>1.2</ele>
      </trkpt>
      <trkpt lat="-41.21909" lon="174.90049">
        <ele>1.4</ele>
      </trkpt>
      <trkpt lat="-41.218559" lon="174.90007">
        <ele>1.9</ele>
      </trkpt>
      <trkpt lat="-41.21804" lon="174.89964">
        <ele>3.2</ele>
      </trkpt>
      <trkpt lat="-41.21752" lon="174.89922">
        <ele>1.2</ele>
      </trkpt>
      <trkpt lat="-41.21702" lon="174.89907">
        <ele>0.7</ele>
      </trkpt>
      <trkpt lat="-41.21653" lon="174.89893">
        <ele>0.5</ele>
      </trkpt>
      <trkpt lat="-41.21581" lon="174.89879">
        <ele>4.6</ele>
      </trkpt>
      <trkpt lat="-41.21523" lon="174.89873">
        <ele>3.7</ele>
      </trkpt>
      <trkpt lat="-41.21465" lon="174.89868">
        <ele>5.8</ele>
      </trkpt>
      <trkpt lat="-41.21397" lon="174.89857">
        <ele>8.1</ele>
      </trkpt>
      <trkpt lat="-41.21354" lon="174.89868">
        <ele>7.0</ele>
      </trkpt>
      <trkpt lat="-41.21338" lon="174.89879">
        <ele>6.8</ele>
      </trkpt>
      <trkpt lat="-41.21334" lon="174.89879">
        <ele>6.7</ele>
      </trkpt>
      <trkpt lat="-41.212829" lon="174.89874">
        <ele>6.2</ele>
      </trkpt>
      <trkpt lat="-41.21233" lon="174.89912">
        <ele>6.7</ele>
      </trkpt>
      <trkpt lat="-41.21211" lon="174.89919">
        <ele>6.6</ele>
      </trkpt>
      <trkpt lat="-41.21192" lon="174.8994">
        <ele>7.4</ele>
      </trkpt>
      <trkpt lat="-41.21178" lon="174.89947">
        <ele>7.8</ele>
      </trkpt>
      <trkpt lat="-41.21158" lon="174.8995">
        <ele>7.7</ele>
      </trkpt>
      <trkpt lat="-41.2116" lon="174.89957">
        <ele>8.2</ele>
      </trkpt>
      <trkpt lat="-41.21148" lon="174.89962">
        <ele>8.0</ele>
      </trkpt>
      <trkpt lat="-41.21131" lon="174.89972">
        <ele>7.9</ele>
      </trkpt>
      <trkpt lat="-41.21107" lon="174.89992">
        <ele>7.8</ele>
      </trkpt>
      <trkpt lat="-41.211039" lon="174.89989">
        <ele>7.5</ele>
      </trkpt>
      <trkpt lat="-41.21099" lon="174.89989">
        <ele>7.3</ele>
      </trkpt>
      <trkpt lat="-41.210949" lon="174.89992">
        <ele>7.2</ele>
      </trkpt>
      <trkpt lat="-41.21092" lon="174.89997">
        <ele>7.3</ele>
      </trkpt>
      <trkpt lat="-41.21063" lon="174.89999">
        <ele>7.0</ele>
      </trkpt>
      <trkpt lat="-41.21025" lon="174.900119">
        <ele>7.4</ele>
      </trkpt>
      <trkpt lat="-41.209919" lon="174.900299">
        <ele>7.8</ele>
      </trkpt>
      <trkpt lat="-41.209919" lon="174.900299">
        <ele>7.8</ele>
      </trkpt>
      <trkpt lat="-41.21025" lon="174.900119">
        <ele>7.4</ele>
      </trkpt>
      <trkpt lat="-41.21063" lon="174.89999">
        <ele>7.0</ele>
      </trkpt>
      <trkpt lat="-41.21092" lon="174.89997">
        <ele>7.3</ele>
      </trkpt>
      <trkpt lat="-41.21094" lon="174.90007">
        <ele>7.7</ele>
      </trkpt>
      <trkpt lat="-41.21099" lon="174.900119">
        <ele>8.0</ele>
      </trkpt>
      <trkpt lat="-41.211039" lon="174.90011">
        <ele>8.2</ele>
      </trkpt>
      <trkpt lat="-41.21108" lon="174.90008">
        <ele>8.3</ele>
      </trkpt>
      <trkpt lat="-41.2111" lon="174.900029">
        <ele>8.3</ele>
      </trkpt>
      <trkpt lat="-41.21109" lon="174.89997">
        <ele>8.1</ele>
      </trkpt>
      <trkpt lat="-41.21107" lon="174.89992">
        <ele>7.8</ele>
      </trkpt>
      <trkpt lat="-41.21131" lon="174.89972">
        <ele>7.9</ele>
      </trkpt>
      <trkpt lat="-41.21148" lon="174.89962">
        <ele>8.0</ele>
      </trkpt>
      <trkpt lat="-41.2116" lon="174.89957">
        <ele>8.2</ele>
      </trkpt>
      <trkpt lat="-41.21158" lon="174.8995">
        <ele>7.7</ele>
      </trkpt>
      <trkpt lat="-41.21178" lon="174.89947">
        <ele>7.8</ele>
      </trkpt>
      <trkpt lat="-41.21192" lon="174.8994">
        <ele>7.4</ele>
      </trkpt>
      <trkpt lat="-41.21155" lon="174.89936">
        <ele>6.8</ele>
      </trkpt>
      <trkpt lat="-41.21152" lon="174.89937">
        <ele>6.8</ele>
      </trkpt>
      <trkpt lat="-41.21097" lon="174.89937">
        <ele>5.1</ele>
      </trkpt>
      <trkpt lat="-41.21091" lon="174.8994">
        <ele>5.1</ele>
      </trkpt>
      <trkpt lat="-41.21072" lon="174.8994">
        <ele>5.0</ele>
      </trkpt>
      <trkpt lat="-41.21058" lon="174.89929">
        <ele>5.0</ele>
      </trkpt>
      <trkpt lat="-41.21053" lon="174.89928">
        <ele>5.0</ele>
      </trkpt>
      <trkpt lat="-41.21006" lon="174.899489">
        <ele>6.3</ele>
      </trkpt>
      <trkpt lat="-41.20959" lon="174.89971">
        <ele>6.2</ele>
      </trkpt>
      <trkpt lat="-41.209069" lon="174.90008">
        <ele>5.6</ele>
      </trkpt>
      <trkpt lat="-41.208799" lon="174.90033">
        <ele>5.0</ele>
      </trkpt>
      <trkpt lat="-41.20863" lon="174.90055">
        <ele>5.1</ele>
      </trkpt>
      <trkpt lat="-41.20825" lon="174.90108">
        <ele>7.4</ele>
      </trkpt>
      <trkpt lat="-41.20775" lon="174.90188">
        <ele>9.3</ele>
      </trkpt>
      <trkpt lat="-41.20747" lon="174.90255">
        <ele>9.9</ele>
      </trkpt>
      <trkpt lat="-41.20719" lon="174.90323">
        <ele>8.8</ele>
      </trkpt>
      <trkpt lat="-41.20681" lon="174.904059">
        <ele>7.3</ele>
      </trkpt>
      <trkpt lat="-41.20648" lon="174.90462">
        <ele>8.2</ele>
      </trkpt>
      <trkpt lat="-41.20615" lon="174.90519">
        <ele>8.2</ele>
      </trkpt>
      <trkpt lat="-41.20605" lon="174.90545">
        <ele>8.0</ele>
      </trkpt>
      <trkpt lat="-41.205509" lon="174.90618">
        <ele>9.0</ele>
      </trkpt>
      <trkpt lat="-41.20523" lon="174.9065">
        <ele>10.1</ele>
      </trkpt>
      <trkpt lat="-41.20501" lon="174.90672">
        <ele>11.0</ele>
      </trkpt>
      <trkpt lat="-41.2049" lon="174.90706">
        <ele>10.5</ele>
      </trkpt>
      <trkpt lat="-41.20479" lon="174.90715">
        <ele>9.8</ele>
      </trkpt>
      <trkpt lat="-41.204569" lon="174.90724">
        <ele>8.4</ele>
      </trkpt>
      <trkpt lat="-41.20454" lon="174.907279">
        <ele>8.1</ele>
      </trkpt>
      <trkpt lat="-41.20425" lon="174.90769">
        <ele>6.2</ele>
      </trkpt>
      <trkpt lat="-41.204189" lon="174.90781">
        <ele>6.2</ele>
      </trkpt>
      <trkpt lat="-41.20416" lon="174.90799">
        <ele>6.8</ele>
      </trkpt>
      <trkpt lat="-41.20416" lon="174.908269">
        <ele>7.8</ele>
      </trkpt>
      <trkpt lat="-41.204189" lon="174.908539">
        <ele>8.5</ele>
      </trkpt>
      <trkpt lat="-41.20407" lon="174.9088">
        <ele>8.8</ele>
      </trkpt>
      <trkpt lat="-41.20402" lon="174.909">
        <ele>9.1</ele>
      </trkpt>
      <trkpt lat="-41.20399" lon="174.90918">
        <ele>9.4</ele>
      </trkpt>
      <trkpt lat="-41.20391" lon="174.90933">
        <ele>8.9</ele>
      </trkpt>
      <trkpt lat="-41.20376" lon="174.90947">
        <ele>8.3</ele>
      </trkpt>
      <trkpt lat="-41.20347" lon="174.90963">
        <ele>7.4</ele>
      </trkpt>
      <trkpt lat="-41.20322" lon="174.90984">
        <ele>7.0</ele>
      </trkpt>
      <trkpt lat="-41.20306" lon="174.91007">
        <ele>7.1</ele>
      </trkpt>
      <trkpt lat="-41.20292" lon="174.91032">
        <ele>7.4</ele>
      </trkpt>
      <trkpt lat="-41.20283" lon="174.91054">
        <ele>7.6</ele>
      </trkpt>
      <trkpt lat="-41.20272" lon="174.91073">
        <ele>7.9</ele>
      </trkpt>
      <trkpt lat="-41.20264" lon="174.91083">
        <ele>8.0</ele>
      </trkpt>
      <trkpt lat="-41.20245" lon="174.91102">
        <ele>8.0</ele>
      </trkpt>
      <trkpt lat="-41.20221" lon="174.91107">
        <ele>7.8</ele>
      </trkpt>
      <trkpt lat="-41.20172" lon="174.91154">
        <ele>8.7</ele>
      </trkpt>
      <trkpt lat="-41.20129" lon="174.91215">
        <ele>9.2</ele>
      </trkpt>
      <trkpt lat="-41.20112" lon="174.9126">
        <ele>9.0</ele>
      </trkpt>
      <trkpt lat="-41.20111" lon="174.91294">
        <ele>9.0</ele>
      </trkpt>
      <trkpt lat="-41.20104" lon="174.9132">
        <ele>8.7</ele>
      </trkpt>
      <trkpt lat="-41.20094" lon="174.91342">
        <ele>8.5</ele>
      </trkpt>
      <trkpt lat="-41.20075" lon="174.91393">
        <ele>8.8</ele>
      </trkpt>
      <trkpt lat="-41.20062" lon="174.91422">
        <ele>9.0</ele>
      </trkpt>
      <trkpt lat="-41.200539" lon="174.91464">
        <ele>9.0</ele>
      </trkpt>
      <trkpt lat="-41.20047" lon="174.91491">
        <ele>9.0</ele>
      </trkpt>
      <trkpt lat="-41.2004" lon="174.91509">
        <ele>9.0</ele>
      </trkpt>
      <trkpt lat="-41.20032" lon="174.9152">
        <ele>9.0</ele>
      </trkpt>
      <trkpt lat="-41.20011" lon="174.91535">
        <ele>8.7</ele>
      </trkpt>
      <trkpt lat="-41.19991" lon="174.91564">
        <ele>8.2</ele>
      </trkpt>
      <trkpt lat="-41.19979" lon="174.91587">
        <ele>8.0</ele>
      </trkpt>
      <trkpt lat="-41.1997" lon="174.91611">
        <ele>8.0</ele>
      </trkpt>
      <trkpt lat="-41.1997" lon="174.91625">
        <ele>8.0</ele>
      </trkpt>
      <trkpt lat="-41.19964" lon="174.91648">
        <ele>8.0</ele>
      </trkpt>
      <trkpt lat="-41.19953" lon="174.91673">
        <ele>8.2</ele>
      </trkpt>
      <trkpt lat="-41.19932" lon="174.91708">
        <ele>8.8</ele>
      </trkpt>
      <trkpt lat="-41.19921" lon="174.91734">
        <ele>8.9</ele>
      </trkpt>
      <trkpt lat="-41.19912" lon="174.91747">
        <ele>8.8</ele>
      </trkpt>
      <trkpt lat="-41.19902" lon="174.91754">
        <ele>8.6</ele>
      </trkpt>
      <trkpt lat="-41.19893" lon="174.91756">
        <ele>8.4</ele>
      </trkpt>
      <trkpt lat="-41.19883" lon="174.91766">
        <ele>8.6</ele>
      </trkpt>
      <trkpt lat="-41.1987" lon="174.9179">
        <ele>9.6</ele>
      </trkpt>
      <trkpt lat="-41.19849" lon="174.91851">
        <ele>12.3</ele>
      </trkpt>
      <trkpt lat="-41.19821" lon="174.919009">
        <ele>12.2</ele>
      </trkpt>
      <trkpt lat="-41.19777" lon="174.9197">
        <ele>10.3</ele>
      </trkpt>
      <trkpt lat="-41.19771" lon="174.91989">
        <ele>10.0</ele>
      </trkpt>
      <trkpt lat="-41.19727" lon="174.92073">
        <ele>10.1</ele>
      </trkpt>
      <trkpt lat="-41.19705" lon="174.92102">
        <ele>10.9</ele>
      </trkpt>
      <trkpt lat="-41.19693" lon="174.92112">
        <ele>11.1</ele>
      </trkpt>
      <trkpt lat="-41.19683" lon="174.92124">
        <ele>11.4</ele>
      </trkpt>
      <trkpt lat="-41.196779" lon="174.92135">
        <ele>11.6</ele>
      </trkpt>
      <trkpt lat="-41.19664" lon="174.921879">
        <ele>11.9</ele>
      </trkpt>
      <trkpt lat="-41.19657" lon="174.92225">
        <ele>11.6</ele>
      </trkpt>
      <trkpt lat="-41.19642" lon="174.9226">
        <ele>11.1</ele>
      </trkpt>
      <trkpt lat="-41.19629" lon="174.92308">
        <ele>11.7</ele>
      </trkpt>
      <trkpt lat="-41.19614" lon="174.92345">
        <ele>11.7</ele>
      </trkpt>
      <trkpt lat="-41.19599" lon="174.923939">
        <ele>12.8</ele>
      </trkpt>
      <trkpt lat="-41.19578" lon="174.92477">
        <ele>11.5</ele>
      </trkpt>
      <trkpt lat="-41.19563" lon="174.92512">
        <ele>10.9</ele>
      </trkpt>
      <trkpt lat="-41.19552" lon="174.92531">
        <ele>10.9</ele>
      </trkpt>
      <trkpt lat="-41.19541" lon="174.92547">
        <ele>11.0</ele>
      </trkpt>
      <trkpt lat="-41.19529" lon="174.92569">
        <ele>11.3</ele>
      </trkpt>
      <trkpt lat="-41.195099" lon="174.92612">
        <ele>11.8</ele>
      </trkpt>
      <trkpt lat="-41.1947" lon="174.92671">
        <ele>11.7</ele>
      </trkpt>
      <trkpt lat="-41.194629" lon="174.92687">
        <ele>11.7</ele>
      </trkpt>
      <trkpt lat="-41.19452" lon="174.92746">
        <ele>11.8</ele>
      </trkpt>
      <trkpt lat="-41.19419" lon="174.92813">
        <ele>12.5</ele>
      </trkpt>
      <trkpt lat="-41.19393" lon="174.92899">
        <ele>13.9</ele>
      </trkpt>
      <trkpt lat="-41.19389" lon="174.92909">
        <ele>14.1</ele>
      </trkpt>
      <trkpt lat="-41.193779" lon="174.92926">
        <ele>13.8</ele>
      </trkpt>
      <trkpt lat="-41.19355" lon="174.929759">
        <ele>12.4</ele>
      </trkpt>
      <trkpt lat="-41.19342" lon="174.930119">
        <ele>12.3</ele>
      </trkpt>
      <trkpt lat="-41.1933" lon="174.93033">
        <ele>12.8</ele>
      </trkpt>
      <trkpt lat="-41.19317" lon="174.93049">
        <ele>13.1</ele>
      </trkpt>
      <trkpt lat="-41.19305" lon="174.93067">
        <ele>13.3</ele>
      </trkpt>
      <trkpt lat="-41.19259" lon="174.93154">
        <ele>14.0</ele>
      </trkpt>
      <trkpt lat="-41.1922" lon="174.93232">
        <ele>13.1</ele>
      </trkpt>
      <trkpt lat="-41.191809" lon="174.93311">
        <ele>12.4</ele>
      </trkpt>
      <trkpt lat="-41.19142" lon="174.9339">
        <ele>12.7</ele>
      </trkpt>
      <trkpt lat="-41.19137" lon="174.93402">
        <ele>12.8</ele>
      </trkpt>
      <trkpt lat="-41.19127" lon="174.9341">
        <ele>12.8</ele>
      </trkpt>
      <trkpt lat="-41.19093" lon="174.93478">
        <ele>13.2</ele>
      </trkpt>
      <trkpt lat="-41.19059" lon="174.93547">
        <ele>13.6</ele>
      </trkpt>
      <trkpt lat="-41.19053" lon="174.93554">
        <ele>13.5</ele>
      </trkpt>
      <trkpt lat="-41.190019" lon="174.93595">
        <ele>13.0</ele>
      </trkpt>
      <trkpt lat="-41.18992" lon="174.93606">
        <ele>12.8</ele>
      </trkpt>
      <trkpt lat="-41.18956" lon="174.93662">
        <ele>11.9</ele>
      </trkpt>
      <trkpt lat="-41.18919" lon="174.93718">
        <ele>12.9</ele>
      </trkpt>
      <trkpt lat="-41.18883" lon="174.93785">
        <ele>14.1</ele>
      </trkpt>
      <trkpt lat="-41.1887" lon="174.93821">
        <ele>14.5</ele>
      </trkpt>
      <trkpt lat="-41.18868" lon="174.93838">
        <ele>14.8</ele>
      </trkpt>
      <trkpt lat="-41.18869" lon="174.93848">
        <ele>15.0</ele>
      </trkpt>
      <trkpt lat="-41.18867" lon="174.93856">
        <ele>15.2</ele>
      </trkpt>
      <trkpt lat="-41.18844" lon="174.93894">
        <ele>16.0</ele>
      </trkpt>
      <trkpt lat="-41.18819" lon="174.93948">
        <ele>16.8</ele>
      </trkpt>
      <trkpt lat="-41.18809" lon="174.93964">
        <ele>16.6</ele>
      </trkpt>
      <trkpt lat="-41.18772" lon="174.9398">
        <ele>15.4</ele>
      </trkpt>
      <trkpt lat="-41.18745" lon="174.94005">
        <ele>14.7</ele>
      </trkpt>
      <trkpt lat="-41.18732" lon="174.94021">
        <ele>14.0</ele>
      </trkpt>
      <trkpt lat="-41.1872" lon="174.94045">
        <ele>13.2</ele>
      </trkpt>
      <trkpt lat="-41.18712" lon="174.94066">
        <ele>12.8</ele>
      </trkpt>
      <trkpt lat="-41.18703" lon="174.94106">
        <ele>13.4</ele>
      </trkpt>
      <trkpt lat="-41.18697" lon="174.94123">
        <ele>14.0</ele>
      </trkpt>
      <trkpt lat="-41.1867" lon="174.94144">
        <ele>14.3</ele>
      </trkpt>
      <trkpt lat="-41.18631" lon="174.94189">
        <ele>14.8</ele>
      </trkpt>
      <trkpt lat="-41.18606" lon="174.94213">
        <ele>15.1</ele>
      </trkpt>
      <trkpt lat="-41.1858" lon="174.94243">
        <ele>15.6</ele>
      </trkpt>
      <trkpt lat="-41.18557" lon="174.94266">
        <ele>14.8</ele>
      </trkpt>
      <trkpt lat="-41.18508" lon="174.94309">
        <ele>13.8</ele>
      </trkpt>
      <trkpt lat="-41.18494" lon="174.94326">
        <ele>13.9</ele>
      </trkpt>
      <trkpt lat="-41.18469" lon="174.94363">
        <ele>14.5</ele>
      </trkpt>
      <trkpt lat="-41.18451" lon="174.94382">
        <ele>14.9</ele>
      </trkpt>
      <trkpt lat="-41.18429" lon="174.94404">
        <ele>15.6</ele>
      </trkpt>
      <trkpt lat="-41.18396" lon="174.94429">
        <ele>16.6</ele>
      </trkpt>
      <trkpt lat="-41.18368" lon="174.94455">
        <ele>17.2</ele>
      </trkpt>
      <trkpt lat="-41.18316" lon="174.94496">
        <ele>17.0</ele>
      </trkpt>
      <trkpt lat="-41.18294" lon="174.945159">
        <ele>17.0</ele>
      </trkpt>
      <trkpt lat="-41.18275" lon="174.94529">
        <ele>17.1</ele>
      </trkpt>
      <trkpt lat="-41.18263" lon="174.9454">
        <ele>17.3</ele>
      </trkpt>
      <trkpt lat="-41.18241" lon="174.94574">
        <ele>17.6</ele>
      </trkpt>
      <trkpt lat="-41.18226" lon="174.94592">
        <ele>17.2</ele>
      </trkpt>
      <trkpt lat="-41.18212" lon="174.94604">
        <ele>16.7</ele>
      </trkpt>
      <trkpt lat="-41.18186" lon="174.94624">
        <ele>16.1</ele>
      </trkpt>
      <trkpt lat="-41.18144" lon="174.94663">
        <ele>16.2</ele>
      </trkpt>
      <trkpt lat="-41.18103" lon="174.94701">
        <ele>16.8</ele>
      </trkpt>
      <trkpt lat="-41.18039" lon="174.9478">
        <ele>17.9</ele>
      </trkpt>
      <trkpt lat="-41.1801" lon="174.94822">
        <ele>18.7</ele>
      </trkpt>
      <trkpt lat="-41.17989" lon="174.94841">
        <ele>18.6</ele>
      </trkpt>
      <trkpt lat="-41.17974" lon="174.94858">
        <ele>18.1</ele>
      </trkpt>
      <trkpt lat="-41.17962" lon="174.94871">
        <ele>18.0</ele>
      </trkpt>
      <trkpt lat="-41.17938" lon="174.94888">
        <ele>18.1</ele>
      </trkpt>
      <trkpt lat="-41.1791" lon="174.94926">
        <ele>18.8</ele>
      </trkpt>
      <trkpt lat="-41.17884" lon="174.94944">
        <ele>18.3</ele>
      </trkpt>
      <trkpt lat="-41.17875" lon="174.94953">
        <ele>18.2</ele>
      </trkpt>
      <trkpt lat="-41.17859" lon="174.94987">
        <ele>18.5</ele>
      </trkpt>
      <trkpt lat="-41.1785" lon="174.95001">
        <ele>18.8</ele>
      </trkpt>
      <trkpt lat="-41.17823" lon="174.95024">
        <ele>18.7</ele>
      </trkpt>
      <trkpt lat="-41.17794" lon="174.95069">
        <ele>18.0</ele>
      </trkpt>
      <trkpt lat="-41.177639" lon="174.95095">
        <ele>17.6</ele>
      </trkpt>
      <trkpt lat="-41.17739" lon="174.95128">
        <ele>17.9</ele>
      </trkpt>
      <trkpt lat="-41.17706" lon="174.95158">
        <ele>17.8</ele>
      </trkpt>
      <trkpt lat="-41.17687" lon="174.95192">
        <ele>18.5</ele>
      </trkpt>
      <trkpt lat="-41.176789" lon="174.95201">
        <ele>18.7</ele>
      </trkpt>
      <trkpt lat="-41.176609" lon="174.95243">
        <ele>19.6</ele>
      </trkpt>
      <trkpt lat="-41.17631" lon="174.952769">
        <ele>19.2</ele>
      </trkpt>
      <trkpt lat="-41.17595" lon="174.95329">
        <ele>18.5</ele>
      </trkpt>
      <trkpt lat="-41.17547" lon="174.95374">
        <ele>18.2</ele>
      </trkpt>
      <trkpt lat="-41.17531" lon="174.95391">
        <ele>18.3</ele>
      </trkpt>
      <trkpt lat="-41.17508" lon="174.954379">
        <ele>19.4</ele>
      </trkpt>
      <trkpt lat="-41.17469" lon="174.95475">
        <ele>20.4</ele>
      </trkpt>
      <trkpt lat="-41.17454" lon="174.95485">
        <ele>20.5</ele>
      </trkpt>
      <trkpt lat="-41.17445" lon="174.95497">
        <ele>20.6</ele>
      </trkpt>
      <trkpt lat="-41.17431" lon="174.95521">
        <ele>20.8</ele>
      </trkpt>
      <trkpt lat="-41.17402" lon="174.95556">
        <ele>21.3</ele>
      </trkpt>
      <trkpt lat="-41.17398" lon="174.95566">
        <ele>21.5</ele>
      </trkpt>
      <trkpt lat="-41.17398" lon="174.95572">
        <ele>21.6</ele>
      </trkpt>
      <trkpt lat="-41.17404" lon="174.9559">
        <ele>22.0</ele>
      </trkpt>
      <trkpt lat="-41.17399" lon="174.95601">
        <ele>22.3</ele>
      </trkpt>
      <trkpt lat="-41.1739" lon="174.95607">
        <ele>22.3</ele>
      </trkpt>
      <trkpt lat="-41.173789" lon="174.95609">
        <ele>22.3</ele>
      </trkpt>
      <trkpt lat="-41.17375" lon="174.95613">
        <ele>22.4</ele>
      </trkpt>
      <trkpt lat="-41.17358" lon="174.9564">
        <ele>23.1</ele>
      </trkpt>
      <trkpt lat="-41.1733" lon="174.95663">
        <ele>23.6</ele>
      </trkpt>
      <trkpt lat="-41.17288" lon="174.95726">
        <ele>20.8</ele>
      </trkpt>
      <trkpt lat="-41.1728" lon="174.95741">
        <ele>20.4</ele>
      </trkpt>
      <trkpt lat="-41.1728" lon="174.9575">
        <ele>20.4</ele>
      </trkpt>
      <trkpt lat="-41.17226" lon="174.95828">
        <ele>22.0</ele>
      </trkpt>
      <trkpt lat="-41.17171" lon="174.95906">
        <ele>21.9</ele>
      </trkpt>
      <trkpt lat="-41.17129" lon="174.95962">
        <ele>21.8</ele>
      </trkpt>
      <trkpt lat="-41.17087" lon="174.96018">
        <ele>22.9</ele>
      </trkpt>
      <trkpt lat="-41.170319" lon="174.96082">
        <ele>24.1</ele>
      </trkpt>
      <trkpt lat="-41.16982" lon="174.96134">
        <ele>23.0</ele>
      </trkpt>
      <trkpt lat="-41.16931" lon="174.96185">
        <ele>24.0</ele>
      </trkpt>
      <trkpt lat="-41.16881" lon="174.96237">
        <ele>24.1</ele>
      </trkpt>
      <trkpt lat="-41.16861" lon="174.96261">
        <ele>24.2</ele>
      </trkpt>
      <trkpt lat="-41.16814" lon="174.9633">
        <ele>25.3</ele>
      </trkpt>
      <trkpt lat="-41.16766" lon="174.96399">
        <ele>24.1</ele>
      </trkpt>
      <trkpt lat="-41.16758" lon="174.96422">
        <ele>24.2</ele>
      </trkpt>
      <trkpt lat="-41.16755" lon="174.96445">
        <ele>24.8</ele>
      </trkpt>
      <trkpt lat="-41.16756" lon="174.96463">
        <ele>25.2</ele>
      </trkpt>
      <trkpt lat="-41.16763" lon="174.9647">
        <ele>25.5</ele>
      </trkpt>
      <trkpt lat="-41.16749" lon="174.96501">
        <ele>26.0</ele>
      </trkpt>
      <trkpt lat="-41.16716" lon="174.96545">
        <ele>26.2</ele>
      </trkpt>
      <trkpt lat="-41.16699" lon="174.96571">
        <ele>26.0</ele>
      </trkpt>
      <trkpt lat="-41.16682" lon="174.96605">
        <ele>25.6</ele>
      </trkpt>
      <trkpt lat="-41.16674" lon="174.96628">
        <ele>25.3</ele>
      </trkpt>
      <trkpt lat="-41.16659" lon="174.96695">
        <ele>25.6</ele>
      </trkpt>
      <trkpt lat="-41.16645" lon="174.96762">
        <ele>27.0</ele>
      </trkpt>
      <trkpt lat="-41.16631" lon="174.96866">
        <ele>27.5</ele>
      </trkpt>
      <trkpt lat="-41.16617" lon="174.9697">
        <ele>26.7</ele>
      </trkpt>
      <trkpt lat="-41.16603" lon="174.97074">
        <ele>28.4</ele>
      </trkpt>
      <trkpt lat="-41.16597" lon="174.97099">
        <ele>28.8</ele>
      </trkpt>
      <trkpt lat="-41.16589" lon="174.97174">
        <ele>30.3</ele>
      </trkpt>
      <trkpt lat="-41.16581" lon="174.972019">
        <ele>30.3</ele>
      </trkpt>
      <trkpt lat="-41.16573" lon="174.97217">
        <ele>30.1</ele>
      </trkpt>
      <trkpt lat="-41.165529" lon="174.97245">
        <ele>29.8</ele>
      </trkpt>
      <trkpt lat="-41.16526" lon="174.97259">
        <ele>29.7</ele>
      </trkpt>
      <trkpt lat="-41.16513" lon="174.97269">
        <ele>29.8</ele>
      </trkpt>
      <trkpt lat="-41.1648" lon="174.97326">
        <ele>30.5</ele>
      </trkpt>
      <trkpt lat="-41.16447" lon="174.97384">
        <ele>32.9</ele>
      </trkpt>
      <trkpt lat="-41.1642" lon="174.97422">
        <ele>30.9</ele>
      </trkpt>
      <trkpt lat="-41.16357" lon="174.97502">
        <ele>30.3</ele>
      </trkpt>
      <trkpt lat="-41.1631" lon="174.97575">
        <ele>35.3</ele>
      </trkpt>
      <trkpt lat="-41.16276" lon="174.97633">
        <ele>37.2</ele>
      </trkpt>
      <trkpt lat="-41.16223" lon="174.97698">
        <ele>35.9</ele>
      </trkpt>
      <trkpt lat="-41.16202" lon="174.97728">
        <ele>35.1</ele>
      </trkpt>
      <trkpt lat="-41.16186" lon="174.97756">
        <ele>33.9</ele>
      </trkpt>
      <trkpt lat="-41.16157" lon="174.97825">
        <ele>36.2</ele>
      </trkpt>
      <trkpt lat="-41.16146" lon="174.97868">
        <ele>40.6</ele>
      </trkpt>
      <trkpt lat="-41.16135" lon="174.97927">
        <ele>44.8</ele>
      </trkpt>
      <trkpt lat="-41.16115" lon="174.98011">
        <ele>40.7</ele>
      </trkpt>
      <trkpt lat="-41.161" lon="174.980529">
        <ele>38.5</ele>
      </trkpt>
      <trkpt lat="-41.16093" lon="174.9807">
        <ele>38.2</ele>
      </trkpt>
      <trkpt lat="-41.16068" lon="174.98112">
        <ele>35.9</ele>
      </trkpt>
      <trkpt lat="-41.16057" lon="174.98118">
        <ele>34.9</ele>
      </trkpt>
      <trkpt lat="-41.16061" lon="174.9812">
        <ele>35.2</ele>
      </trkpt>
      <trkpt lat="-41.16067" lon="174.98131">
        <ele>35.2</ele>
      </trkpt>
      <trkpt lat="-41.16081" lon="174.98141">
        <ele>35.8</ele>
      </trkpt>
      <trkpt lat="-41.16104" lon="174.98134">
        <ele>36.7</ele>
      </trkpt>
      <trkpt lat="-41.16113" lon="174.98136">
        <ele>36.8</ele>
      </trkpt>
      <trkpt lat="-41.161209" lon="174.9813">
        <ele>37.3</ele>
      </trkpt>
      <trkpt lat="-41.16125" lon="174.98118">
        <ele>38.2</ele>
      </trkpt>
      <trkpt lat="-41.16124" lon="174.98102">
        <ele>39.2</ele>
      </trkpt>
      <trkpt lat="-41.16122" lon="174.98098">
        <ele>39.4</ele>
      </trkpt>
      <trkpt lat="-41.16123" lon="174.98087">
        <ele>40.1</ele>
      </trkpt>
      <trkpt lat="-41.16127" lon="174.98061">
        <ele>41.4</ele>
      </trkpt>
      <trkpt lat="-41.161409" lon="174.97997">
        <ele>46.4</ele>
      </trkpt>
      <trkpt lat="-41.16156" lon="174.97933">
        <ele>49.6</ele>
      </trkpt>
      <trkpt lat="-41.16175" lon="174.97857">
        <ele>44.1</ele>
      </trkpt>
      <trkpt lat="-41.16187" lon="174.97825">
        <ele>42.6</ele>
      </trkpt>
      <trkpt lat="-41.162" lon="174.97796">
        <ele>42.3</ele>
      </trkpt>
      <trkpt lat="-41.16226" lon="174.97747">
        <ele>41.5</ele>
      </trkpt>
      <trkpt lat="-41.16266" lon="174.9769">
        <ele>41.7</ele>
      </trkpt>
      <trkpt lat="-41.16329" lon="174.97624">
        <ele>43.8</ele>
      </trkpt>
      <trkpt lat="-41.16393" lon="174.9755">
        <ele>41.2</ele>
      </trkpt>
      <trkpt lat="-41.16457" lon="174.97477">
        <ele>41.2</ele>
      </trkpt>
      <trkpt lat="-41.165059" lon="174.97423">
        <ele>47.4</ele>
      </trkpt>
      <trkpt lat="-41.16555" lon="174.97369">
        <ele>50.2</ele>
      </trkpt>
      <trkpt lat="-41.16604" lon="174.97315">
        <ele>45.8</ele>
      </trkpt>
      <trkpt lat="-41.16619" lon="174.9729">
        <ele>42.9</ele>
      </trkpt>
      <trkpt lat="-41.16627" lon="174.97273">
        <ele>40.2</ele>
      </trkpt>
      <trkpt lat="-41.16634" lon="174.97248">
        <ele>35.8</ele>
      </trkpt>
      <trkpt lat="-41.16637" lon="174.97246">
        <ele>35.9</ele>
      </trkpt>
      <trkpt lat="-41.16639" lon="174.97233">
        <ele>35.3</ele>
      </trkpt>
      <trkpt lat="-41.166379" lon="174.97226">
        <ele>34.8</ele>
      </trkpt>
      <trkpt lat="-41.16634" lon="174.97219">
        <ele>34.1</ele>
      </trkpt>
      <trkpt lat="-41.16631" lon="174.97205">
        <ele>33.2</ele>
      </trkpt>
      <trkpt lat="-41.166089" lon="174.97212">
        <ele>32.2</ele>
      </trkpt>
      <trkpt lat="-41.16599" lon="174.97276">
        <ele>37.5</ele>
      </trkpt>
      <trkpt lat="-41.16574" lon="174.9731">
        <ele>40.6</ele>
      </trkpt>
      <trkpt lat="-41.16541" lon="174.97337">
        <ele>39.7</ele>
      </trkpt>
      <trkpt lat="-41.165059" lon="174.97374">
        <ele>39.8</ele>
      </trkpt>
      <trkpt lat="-41.1647" lon="174.97416">
        <ele>39.5</ele>
      </trkpt>
      <trkpt lat="-41.16448" lon="174.97448">
        <ele>37.7</ele>
      </trkpt>
      <trkpt lat="-41.16401" lon="174.97501">
        <ele>33.9</ele>
      </trkpt>
      <trkpt lat="-41.16355" lon="174.97553">
        <ele>37.0</ele>
      </trkpt>
      <trkpt lat="-41.16304" lon="174.97607">
        <ele>38.3</ele>
      </trkpt>
      <trkpt lat="-41.16276" lon="174.97633">
        <ele>37.2</ele>
      </trkpt>
      <trkpt lat="-41.16223" lon="174.97698">
        <ele>35.9</ele>
      </trkpt>
      <trkpt lat="-41.16202" lon="174.97728">
        <ele>35.1</ele>
      </trkpt>
      <trkpt lat="-41.16186" lon="174.97756">
        <ele>33.9</ele>
      </trkpt>
      <trkpt lat="-41.16157" lon="174.97825">
        <ele>36.2</ele>
      </trkpt>
      <trkpt lat="-41.16146" lon="174.97868">
        <ele>40.6</ele>
      </trkpt>
      <trkpt lat="-41.16135" lon="174.97927">
        <ele>44.8</ele>
      </trkpt>
      <trkpt lat="-41.16115" lon="174.98011">
        <ele>40.7</ele>
      </trkpt>
      <trkpt lat="-41.161" lon="174.980529">
        <ele>38.5</ele>
      </trkpt>
      <trkpt lat="-41.16093" lon="174.9807">
        <ele>38.2</ele>
      </trkpt>
      <trkpt lat="-41.16068" lon="174.98112">
        <ele>35.9</ele>
      </trkpt>
      <trkpt lat="-41.16057" lon="174.98118">
        <ele>34.9</ele>
      </trkpt>
      <trkpt lat="-41.16033" lon="174.98147">
        <ele>32.9</ele>
      </trkpt>
      <trkpt lat="-41.16017" lon="174.98172">
        <ele>33.1</ele>
      </trkpt>
      <trkpt lat="-41.16005" lon="174.98182">
        <ele>33.3</ele>
      </trkpt>
      <trkpt lat="-41.15965" lon="174.98213">
        <ele>33.9</ele>
      </trkpt>
      <trkpt lat="-41.15925" lon="174.98244">
        <ele>34.9</ele>
      </trkpt>
      <trkpt lat="-41.15862" lon="174.98299">
        <ele>39.4</ele>
      </trkpt>
      <trkpt lat="-41.1584" lon="174.98326">
        <ele>40.8</ele>
      </trkpt>
      <trkpt lat="-41.1579" lon="174.98378">
        <ele>46.6</ele>
      </trkpt>
      <trkpt lat="-41.15751" lon="174.98409">
        <ele>44.4</ele>
      </trkpt>
      <trkpt lat="-41.15713" lon="174.98445">
        <ele>47.1</ele>
      </trkpt>
      <trkpt lat="-41.15676" lon="174.98481">
        <ele>46.5</ele>
      </trkpt>
      <trkpt lat="-41.15619" lon="174.98527">
        <ele>48.5</ele>
      </trkpt>
      <trkpt lat="-41.15563" lon="174.98573">
        <ele>46.3</ele>
      </trkpt>
      <trkpt lat="-41.15519" lon="174.98609">
        <ele>44.7</ele>
      </trkpt>
      <trkpt lat="-41.15476" lon="174.98645">
        <ele>43.2</ele>
      </trkpt>
      <trkpt lat="-41.1546" lon="174.98673">
        <ele>44.2</ele>
      </trkpt>
      <trkpt lat="-41.15414" lon="174.98713">
        <ele>38.4</ele>
      </trkpt>
      <trkpt lat="-41.15396" lon="174.98725">
        <ele>38.0</ele>
      </trkpt>
      <trkpt lat="-41.15379" lon="174.98741">
        <ele>37.7</ele>
      </trkpt>
      <trkpt lat="-41.15372" lon="174.9875">
        <ele>37.6</ele>
      </trkpt>
      <trkpt lat="-41.15354" lon="174.98765">
        <ele>38.2</ele>
      </trkpt>
      <trkpt lat="-41.15344" lon="174.98775">
        <ele>38.5</ele>
      </trkpt>
      <trkpt lat="-41.153329" lon="174.98798">
        <ele>40.6</ele>
      </trkpt>
      <trkpt lat="-41.1531" lon="174.98818">
        <ele>42.0</ele>
      </trkpt>
      <trkpt lat="-41.15297" lon="174.98834">
        <ele>42.8</ele>
      </trkpt>
      <trkpt lat="-41.15283" lon="174.988319">
        <ele>40.8</ele>
      </trkpt>
      <trkpt lat="-41.15257" lon="174.98824">
        <ele>37.2</ele>
      </trkpt>
      <trkpt lat="-41.15246" lon="174.988229">
        <ele>36.1</ele>
      </trkpt>
      <trkpt lat="-41.15226" lon="174.98829">
        <ele>35.1</ele>
      </trkpt>
      <trkpt lat="-41.15198" lon="174.98842">
        <ele>34.4</ele>
      </trkpt>
      <trkpt lat="-41.15159" lon="174.98866">
        <ele>34.6</ele>
      </trkpt>
      <trkpt lat="-41.15141" lon="174.98883">
        <ele>35.3</ele>
      </trkpt>
      <trkpt lat="-41.15099" lon="174.989299">
        <ele>34.8</ele>
      </trkpt>
      <trkpt lat="-41.15058" lon="174.98976">
        <ele>35.4</ele>
      </trkpt>
      <trkpt lat="-41.15018" lon="174.99035">
        <ele>34.7</ele>
      </trkpt>
      <trkpt lat="-41.14978" lon="174.99095">
        <ele>34.7</ele>
      </trkpt>
      <trkpt lat="-41.14953" lon="174.991539">
        <ele>36.0</ele>
      </trkpt>
      <trkpt lat="-41.149389" lon="174.99189">
        <ele>36.3</ele>
      </trkpt>
      <trkpt lat="-41.14938" lon="174.992">
        <ele>36.5</ele>
      </trkpt>
      <trkpt lat="-41.14927" lon="174.99223">
        <ele>36.3</ele>
      </trkpt>
      <trkpt lat="-41.149209" lon="174.99232">
        <ele>36.1</ele>
      </trkpt>
      <trkpt lat="-41.14908" lon="174.99272">
        <ele>35.8</ele>
      </trkpt>
      <trkpt lat="-41.14898" lon="174.9932">
        <ele>35.7</ele>
      </trkpt>
      <trkpt lat="-41.149" lon="174.99359">
        <ele>37.4</ele>
      </trkpt>
      <trkpt lat="-41.14896" lon="174.99372">
        <ele>38.2</ele>
      </trkpt>
      <trkpt lat="-41.14887" lon="174.99388">
        <ele>39.2</ele>
      </trkpt>
      <trkpt lat="-41.14884" lon="174.99399">
        <ele>39.9</ele>
      </trkpt>
      <trkpt lat="-41.148829" lon="174.99426">
        <ele>40.4</ele>
      </trkpt>
      <trkpt lat="-41.14878" lon="174.99439">
        <ele>40.7</ele>
      </trkpt>
      <trkpt lat="-41.14857" lon="174.99443">
        <ele>41.4</ele>
      </trkpt>
      <trkpt lat="-41.14847" lon="174.99438">
        <ele>41.5</ele>
      </trkpt>
      <trkpt lat="-41.14839" lon="174.99438">
        <ele>41.7</ele>
      </trkpt>
      <trkpt lat="-41.148269" lon="174.99451">
        <ele>42.0</ele>
      </trkpt>
      <trkpt lat="-41.14791" lon="174.99518">
        <ele>42.8</ele>
      </trkpt>
      <trkpt lat="-41.14755" lon="174.99585">
        <ele>42.8</ele>
      </trkpt>
      <trkpt lat="-41.14719" lon="174.99652">
        <ele>38.9</ele>
      </trkpt>
      <trkpt lat="-41.14702" lon="174.99675">
        <ele>38.7</ele>
      </trkpt>
      <trkpt lat="-41.14684" lon="174.99696">
        <ele>39.4</ele>
      </trkpt>
      <trkpt lat="-41.14669" lon="174.997089">
        <ele>40.0</ele>
      </trkpt>
      <trkpt lat="-41.146569" lon="174.99724">
        <ele>39.8</ele>
      </trkpt>
      <trkpt lat="-41.14647" lon="174.99744">
        <ele>39.9</ele>
      </trkpt>
      <trkpt lat="-41.14626" lon="174.99761">
        <ele>39.2</ele>
      </trkpt>
      <trkpt lat="-41.14612" lon="174.99761">
        <ele>38.6</ele>
      </trkpt>
      <trkpt lat="-41.14608" lon="174.997629">
        <ele>38.5</ele>
      </trkpt>
      <trkpt lat="-41.14605" lon="174.99768">
        <ele>38.5</ele>
      </trkpt>
      <trkpt lat="-41.14589" lon="174.99778">
        <ele>38.2</ele>
      </trkpt>
      <trkpt lat="-41.14571" lon="174.99802">
        <ele>38.6</ele>
      </trkpt>
      <trkpt lat="-41.14557" lon="174.99813">
        <ele>38.7</ele>
      </trkpt>
      <trkpt lat="-41.145449" lon="174.998349">
        <ele>39.1</ele>
      </trkpt>
      <trkpt lat="-41.14531" lon="174.99841">
        <ele>39.1</ele>
      </trkpt>
      <trkpt lat="-41.14488" lon="174.99919">
        <ele>43.0</ele>
      </trkpt>
      <trkpt lat="-41.14454" lon="174.99962">
        <ele>42.0</ele>
      </trkpt>
      <trkpt lat="-41.14437" lon="174.999959">
        <ele>42.0</ele>
      </trkpt>
      <trkpt lat="-41.14423" lon="175.00012">
        <ele>41.7</ele>
      </trkpt>
      <trkpt lat="-41.1441" lon="175.000319">
        <ele>41.5</ele>
      </trkpt>
      <trkpt lat="-41.14384" lon="175.00059">
        <ele>40.9</ele>
      </trkpt>
      <trkpt lat="-41.14363" lon="175.00091">
        <ele>40.1</ele>
      </trkpt>
      <trkpt lat="-41.14353" lon="175.00116">
        <ele>39.4</ele>
      </trkpt>
      <trkpt lat="-41.1435" lon="175.00127">
        <ele>39.0</ele>
      </trkpt>
      <trkpt lat="-41.14295" lon="175.00212">
        <ele>36.5</ele>
      </trkpt>
      <trkpt lat="-41.14235" lon="175.00296">
        <ele>34.9</ele>
      </trkpt>
      <trkpt lat="-41.14175" lon="175.0038">
        <ele>39.1</ele>
      </trkpt>
      <trkpt lat="-41.14129" lon="175.00473">
        <ele>39.3</ele>
      </trkpt>
      <trkpt lat="-41.14083" lon="175.00565">
        <ele>39.8</ele>
      </trkpt>
      <trkpt lat="-41.14037" lon="175.00658">
        <ele>38.8</ele>
      </trkpt>
      <trkpt lat="-41.140009" lon="175.00726">
        <ele>40.0</ele>
      </trkpt>
      <trkpt lat="-41.13965" lon="175.00794">
        <ele>38.5</ele>
      </trkpt>
      <trkpt lat="-41.13929" lon="175.0085">
        <ele>37.9</ele>
      </trkpt>
      <trkpt lat="-41.13886" lon="175.0091">
        <ele>37.1</ele>
      </trkpt>
      <trkpt lat="-41.13852" lon="175.00979">
        <ele>38.5</ele>
      </trkpt>
      <trkpt lat="-41.13837" lon="175.01003">
        <ele>39.1</ele>
      </trkpt>
      <trkpt lat="-41.13816" lon="175.01041">
        <ele>40.4</ele>
      </trkpt>
      <trkpt lat="-41.13771" lon="175.0111">
        <ele>40.0</ele>
      </trkpt>
      <trkpt lat="-41.137479" lon="175.011419">
        <ele>40.5</ele>
      </trkpt>
      <trkpt lat="-41.13743" lon="175.01154">
        <ele>40.9</ele>
      </trkpt>
      <trkpt lat="-41.13724" lon="175.01213">
        <ele>43.5</ele>
      </trkpt>
      <trkpt lat="-41.13714" lon="175.01238">
        <ele>44.0</ele>
      </trkpt>
      <trkpt lat="-41.1368" lon="175.01313">
        <ele>43.9</ele>
      </trkpt>
      <trkpt lat="-41.136539" lon="175.01376">
        <ele>44.0</ele>
      </trkpt>
      <trkpt lat="-41.13628" lon="175.01438">
        <ele>42.9</ele>
      </trkpt>
      <trkpt lat="-41.13591" lon="175.015449">
        <ele>41.4</ele>
      </trkpt>
      <trkpt lat="-41.13554" lon="175.01652">
        <ele>42.8</ele>
      </trkpt>
      <trkpt lat="-41.13537" lon="175.01695">
        <ele>42.7</ele>
      </trkpt>
      <trkpt lat="-41.13508" lon="175.01756">
        <ele>41.8</ele>
      </trkpt>
      <trkpt lat="-41.13476" lon="175.01814">
        <ele>41.6</ele>
      </trkpt>
      <trkpt lat="-41.13445" lon="175.01871">
        <ele>40.7</ele>
      </trkpt>
      <trkpt lat="-41.13412" lon="175.01919">
        <ele>40.9</ele>
      </trkpt>
      <trkpt lat="-41.133629" lon="175.0198">
        <ele>42.6</ele>
      </trkpt>
      <trkpt lat="-41.13314" lon="175.02042">
        <ele>44.5</ele>
      </trkpt>
      <trkpt lat="-41.13265" lon="175.02103">
        <ele>43.1</ele>
      </trkpt>
      <trkpt lat="-41.13198" lon="175.021809">
        <ele>43.7</ele>
      </trkpt>
      <trkpt lat="-41.13144" lon="175.022519">
        <ele>44.0</ele>
      </trkpt>
      <trkpt lat="-41.13112" lon="175.02299">
        <ele>44.1</ele>
      </trkpt>
      <trkpt lat="-41.13073" lon="175.02349">
        <ele>45.2</ele>
      </trkpt>
      <trkpt lat="-41.13045" lon="175.02388">
        <ele>45.9</ele>
      </trkpt>
      <trkpt lat="-41.13027" lon="175.02408">
        <ele>46.4</ele>
      </trkpt>
      <trkpt lat="-41.12976" lon="175.02478">
        <ele>46.1</ele>
      </trkpt>
      <trkpt lat="-41.12941" lon="175.02529">
        <ele>43.5</ele>
      </trkpt>
      <trkpt lat="-41.12918" lon="175.02577">
        <ele>42.0</ele>
      </trkpt>
      <trkpt lat="-41.12913" lon="175.02592">
        <ele>42.6</ele>
      </trkpt>
      <trkpt lat="-41.12908" lon="175.02616">
        <ele>44.1</ele>
      </trkpt>
      <trkpt lat="-41.12906" lon="175.02635">
        <ele>45.4</ele>
      </trkpt>
      <trkpt lat="-41.12907" lon="175.02654">
        <ele>46.7</ele>
      </trkpt>
      <trkpt lat="-41.12912" lon="175.02675">
        <ele>48.0</ele>
      </trkpt>
      <trkpt lat="-41.12918" lon="175.02693">
        <ele>48.7</ele>
      </trkpt>
      <trkpt lat="-41.12917" lon="175.02711">
        <ele>49.1</ele>
      </trkpt>
      <trkpt lat="-41.12909" lon="175.02726">
        <ele>49.0</ele>
      </trkpt>
      <trkpt lat="-41.12865" lon="175.02815">
        <ele>48.4</ele>
      </trkpt>
      <trkpt lat="-41.12855" lon="175.02842">
        <ele>48.4</ele>
      </trkpt>
      <trkpt lat="-41.12838" lon="175.028789">
        <ele>47.1</ele>
      </trkpt>
      <trkpt lat="-41.12795" lon="175.02914">
        <ele>45.1</ele>
      </trkpt>
      <trkpt lat="-41.12787" lon="175.02926">
        <ele>45.0</ele>
      </trkpt>
      <trkpt lat="-41.12775" lon="175.02957">
        <ele>45.1</ele>
      </trkpt>
      <trkpt lat="-41.12748" lon="175.03007">
        <ele>45.1</ele>
      </trkpt>
      <trkpt lat="-41.12732" lon="175.03041">
        <ele>45.4</ele>
      </trkpt>
      <trkpt lat="-41.12719" lon="175.03074">
        <ele>45.7</ele>
      </trkpt>
      <trkpt lat="-41.12713" lon="175.03109">
        <ele>46.4</ele>
      </trkpt>
      <trkpt lat="-41.12706" lon="175.03131">
        <ele>46.9</ele>
      </trkpt>
      <trkpt lat="-41.12699" lon="175.03143">
        <ele>47.4</ele>
      </trkpt>
      <trkpt lat="-41.12644" lon="175.03207">
        <ele>48.2</ele>
      </trkpt>
      <trkpt lat="-41.1263" lon="175.03227">
        <ele>47.9</ele>
      </trkpt>
      <trkpt lat="-41.12616" lon="175.03262">
        <ele>47.5</ele>
      </trkpt>
      <trkpt lat="-41.12585" lon="175.03325">
        <ele>45.2</ele>
      </trkpt>
      <trkpt lat="-41.12565" lon="175.03377">
        <ele>46.7</ele>
      </trkpt>
      <trkpt lat="-41.12547" lon="175.03394">
        <ele>47.0</ele>
      </trkpt>
      <trkpt lat="-41.12526" lon="175.03405">
        <ele>47.1</ele>
      </trkpt>
      <trkpt lat="-41.12519" lon="175.03421">
        <ele>47.6</ele>
      </trkpt>
      <trkpt lat="-41.12516" lon="175.03437">
        <ele>48.0</ele>
      </trkpt>
      <trkpt lat="-41.12513" lon="175.03459">
        <ele>48.6</ele>
      </trkpt>
      <trkpt lat="-41.12513" lon="175.03482">
        <ele>49.3</ele>
      </trkpt>
      <trkpt lat="-41.12507" lon="175.03501">
        <ele>49.9</ele>
      </trkpt>
      <trkpt lat="-41.12491" lon="175.03526">
        <ele>50.6</ele>
      </trkpt>
      <trkpt lat="-41.12457" lon="175.03564">
        <ele>51.5</ele>
      </trkpt>
      <trkpt lat="-41.12412" lon="175.0362">
        <ele>52.8</ele>
      </trkpt>
      <trkpt lat="-41.12389" lon="175.036399">
        <ele>53.1</ele>
      </trkpt>
      <trkpt lat="-41.12371" lon="175.0366">
        <ele>53.8</ele>
      </trkpt>
      <trkpt lat="-41.12341" lon="175.03689">
        <ele>53.5</ele>
      </trkpt>
      <trkpt lat="-41.12324" lon="175.03718">
        <ele>52.8</ele>
      </trkpt>
      <trkpt lat="-41.12287" lon="175.03767">
        <ele>52.7</ele>
      </trkpt>
      <trkpt lat="-41.12266" lon="175.03788">
        <ele>53.2</ele>
      </trkpt>
      <trkpt lat="-41.12233" lon="175.038279">
        <ele>53.8</ele>
      </trkpt>
      <trkpt lat="-41.121989" lon="175.03868">
        <ele>53.0</ele>
      </trkpt>
      <trkpt lat="-41.12159" lon="175.03919">
        <ele>51.8</ele>
      </trkpt>
      <trkpt lat="-41.12119" lon="175.03971">
        <ele>55.3</ele>
      </trkpt>
      <trkpt lat="-41.12065" lon="175.04033">
        <ele>56.6</ele>
      </trkpt>
      <trkpt lat="-41.12044" lon="175.040609">
        <ele>56.3</ele>
      </trkpt>
      <trkpt lat="-41.12016" lon="175.04105">
        <ele>54.5</ele>
      </trkpt>
      <trkpt lat="-41.120019" lon="175.04151">
        <ele>54.8</ele>
      </trkpt>
      <trkpt lat="-41.11979" lon="175.04191">
        <ele>54.8</ele>
      </trkpt>
      <trkpt lat="-41.11972" lon="175.04199">
        <ele>54.6</ele>
      </trkpt>
      <trkpt lat="-41.119639" lon="175.04202">
        <ele>54.5</ele>
      </trkpt>
      <trkpt lat="-41.11949" lon="175.04227">
        <ele>53.7</ele>
      </trkpt>
      <trkpt lat="-41.11927" lon="175.0427">
        <ele>52.1</ele>
      </trkpt>
      <trkpt lat="-41.11884" lon="175.04335">
        <ele>51.4</ele>
      </trkpt>
      <trkpt lat="-41.11842" lon="175.0442">
        <ele>51.0</ele>
      </trkpt>
      <trkpt lat="-41.11799" lon="175.04505">
        <ele>51.2</ele>
      </trkpt>
      <trkpt lat="-41.11757" lon="175.0459">
        <ele>53.2</ele>
      </trkpt>
      <trkpt lat="-41.11732" lon="175.046429">
        <ele>54.5</ele>
      </trkpt>
      <trkpt lat="-41.11707" lon="175.04695">
        <ele>54.1</ele>
      </trkpt>
      <trkpt lat="-41.11677" lon="175.04752">
        <ele>53.4</ele>
      </trkpt>
      <trkpt lat="-41.11648" lon="175.04809">
        <ele>52.8</ele>
      </trkpt>
      <trkpt lat="-41.11625" lon="175.04844">
        <ele>52.8</ele>
      </trkpt>
      <trkpt lat="-41.11611" lon="175.04879">
        <ele>53.8</ele>
      </trkpt>
      <trkpt lat="-41.11606" lon="175.04904">
        <ele>54.6</ele>
      </trkpt>
      <trkpt lat="-41.11589" lon="175.0496">
        <ele>56.6</ele>
      </trkpt>
      <trkpt lat="-41.115609" lon="175.05018">
        <ele>56.8</ele>
      </trkpt>
      <trkpt lat="-41.11544" lon="175.05063">
        <ele>56.1</ele>
      </trkpt>
      <trkpt lat="-41.11534" lon="175.05123">
        <ele>56.4</ele>
      </trkpt>
      <trkpt lat="-41.11538" lon="175.05149">
        <ele>56.8</ele>
      </trkpt>
      <trkpt lat="-41.11534" lon="175.05123">
        <ele>56.4</ele>
      </trkpt>
      <trkpt lat="-41.11544" lon="175.05063">
        <ele>56.1</ele>
      </trkpt>
      <trkpt lat="-41.115609" lon="175.05018">
        <ele>56.8</ele>
      </trkpt>
      <trkpt lat="-41.11589" lon="175.0496">
        <ele>56.6</ele>
      </trkpt>
      <trkpt lat="-41.11606" lon="175.04904">
        <ele>54.6</ele>
      </trkpt>
      <trkpt lat="-41.11611" lon="175.04879">
        <ele>53.8</ele>
      </trkpt>
      <trkpt lat="-41.11625" lon="175.04844">
        <ele>52.8</ele>
      </trkpt>
      <trkpt lat="-41.11648" lon="175.04809">
        <ele>52.8</ele>
      </trkpt>
      <trkpt lat="-41.11677" lon="175.04752">
        <ele>53.4</ele>
      </trkpt>
      <trkpt lat="-41.11707" lon="175.04695">
        <ele>54.1</ele>
      </trkpt>
      <trkpt lat="-41.11732" lon="175.046429">
        <ele>54.5</ele>
      </trkpt>
      <trkpt lat="-41.11757" lon="175.0459">
        <ele>53.2</ele>
      </trkpt>
      <trkpt lat="-41.11799" lon="175.04505">
        <ele>51.2</ele>
      </trkpt>
      <trkpt lat="-41.11842" lon="175.0442">
        <ele>51.0</ele>
      </trkpt>
      <trkpt lat="-41.11884" lon="175.04335">
        <ele>51.4</ele>
      </trkpt>
      <trkpt lat="-41.11927" lon="175.0427">
        <ele>52.1</ele>
      </trkpt>
      <trkpt lat="-41.11949" lon="175.04227">
        <ele>53.7</ele>
      </trkpt>
      <trkpt lat="-41.119639" lon="175.04202">
        <ele>54.5</ele>
      </trkpt>
      <trkpt lat="-41.11972" lon="175.04199">
        <ele>54.6</ele>
      </trkpt>
      <trkpt lat="-41.11979" lon="175.04191">
        <ele>54.8</ele>
      </trkpt>
      <trkpt lat="-41.120019" lon="175.04151">
        <ele>54.8</ele>
      </trkpt>
      <trkpt lat="-41.12016" lon="175.04105">
        <ele>54.5</ele>
      </trkpt>
      <trkpt lat="-41.12044" lon="175.040609">
        <ele>56.3</ele>
      </trkpt>
      <trkpt lat="-41.12065" lon="175.04033">
        <ele>56.6</ele>
      </trkpt>
      <trkpt lat="-41.12119" lon="175.03971">
        <ele>55.3</ele>
      </trkpt>
      <trkpt lat="-41.12159" lon="175.03919">
        <ele>51.8</ele>
      </trkpt>
      <trkpt lat="-41.121989" lon="175.03868">
        <ele>53.0</ele>
      </trkpt>
      <trkpt lat="-41.12233" lon="175.038279">
        <ele>53.8</ele>
      </trkpt>
      <trkpt lat="-41.12266" lon="175.03788">
        <ele>53.2</ele>
      </trkpt>
      <trkpt lat="-41.12283" lon="175.0378">
        <ele>52.8</ele>
      </trkpt>
      <trkpt lat="-41.12296" lon="175.03785">
        <ele>52.6</ele>
      </trkpt>
      <trkpt lat="-41.12318" lon="175.03807">
        <ele>52.3</ele>
      </trkpt>
      <trkpt lat="-41.123399" lon="175.03839">
        <ele>51.8</ele>
      </trkpt>
      <trkpt lat="-41.123399" lon="175.03856">
        <ele>51.8</ele>
      </trkpt>
      <trkpt lat="-41.12338" lon="175.03859">
        <ele>51.8</ele>
      </trkpt>
      <trkpt lat="-41.12344" lon="175.03859">
        <ele>51.7</ele>
      </trkpt>
      <trkpt lat="-41.12348" lon="175.03885">
        <ele>51.6</ele>
      </trkpt>
      <trkpt lat="-41.123489" lon="175.03893">
        <ele>51.6</ele>
      </trkpt>
      <trkpt lat="-41.12332" lon="175.03897">
        <ele>52.0</ele>
      </trkpt>
      <trkpt lat="-41.12283" lon="175.03975">
        <ele>53.4</ele>
      </trkpt>
      <trkpt lat="-41.12233" lon="175.04053">
        <ele>52.6</ele>
      </trkpt>
      <trkpt lat="-41.12184" lon="175.04132">
        <ele>52.1</ele>
      </trkpt>
      <trkpt lat="-41.121339" lon="175.0421">
        <ele>52.1</ele>
      </trkpt>
      <trkpt lat="-41.12088" lon="175.04272">
        <ele>51.8</ele>
      </trkpt>
      <trkpt lat="-41.12042" lon="175.04334">
        <ele>51.5</ele>
      </trkpt>
      <trkpt lat="-41.11999" lon="175.0439">
        <ele>52.0</ele>
      </trkpt>
      <trkpt lat="-41.11956" lon="175.044459">
        <ele>51.8</ele>
      </trkpt>
      <trkpt lat="-41.11913" lon="175.04502">
        <ele>52.9</ele>
      </trkpt>
      <trkpt lat="-41.11892" lon="175.04534">
        <ele>52.4</ele>
      </trkpt>
      <trkpt lat="-41.11877" lon="175.0456">
        <ele>52.1</ele>
      </trkpt>
      <trkpt lat="-41.11851" lon="175.04612">
        <ele>52.8</ele>
      </trkpt>
      <trkpt lat="-41.11825" lon="175.04674">
        <ele>54.9</ele>
      </trkpt>
      <trkpt lat="-41.11792" lon="175.04745">
        <ele>54.5</ele>
      </trkpt>
      <trkpt lat="-41.1176" lon="175.04817">
        <ele>54.3</ele>
      </trkpt>
      <trkpt lat="-41.11736" lon="175.04883">
        <ele>55.0</ele>
      </trkpt>
      <trkpt lat="-41.11712" lon="175.04949">
        <ele>56.5</ele>
      </trkpt>
      <trkpt lat="-41.11688" lon="175.050369">
        <ele>57.7</ele>
      </trkpt>
      <trkpt lat="-41.11672" lon="175.05108">
        <ele>56.6</ele>
      </trkpt>
      <trkpt lat="-41.11656" lon="175.05178">
        <ele>56.3</ele>
      </trkpt>
      <trkpt lat="-41.11641" lon="175.0529">
        <ele>57.6</ele>
      </trkpt>
      <trkpt lat="-41.11631" lon="175.05374">
        <ele>57.0</ele>
      </trkpt>
      <trkpt lat="-41.11623" lon="175.0546">
        <ele>55.8</ele>
      </trkpt>
      <trkpt lat="-41.11619" lon="175.05578">
        <ele>56.4</ele>
      </trkpt>
      <trkpt lat="-41.11621" lon="175.05676">
        <ele>56.0</ele>
      </trkpt>
      <trkpt lat="-41.11624" lon="175.05773">
        <ele>56.7</ele>
      </trkpt>
      <trkpt lat="-41.116259" lon="175.05871">
        <ele>55.8</ele>
      </trkpt>
      <trkpt lat="-41.11628" lon="175.05969">
        <ele>56.5</ele>
      </trkpt>
      <trkpt lat="-41.11632" lon="175.06012">
        <ele>57.5</ele>
      </trkpt>
      <trkpt lat="-41.11634" lon="175.06034">
        <ele>58.0</ele>
      </trkpt>
      <trkpt lat="-41.11644" lon="175.06084">
        <ele>59.5</ele>
      </trkpt>
      <trkpt lat="-41.116639" lon="175.06154">
        <ele>60.0</ele>
      </trkpt>
      <trkpt lat="-41.11683" lon="175.06224">
        <ele>59.6</ele>
      </trkpt>
      <trkpt lat="-41.11689" lon="175.062639">
        <ele>59.2</ele>
      </trkpt>
      <trkpt lat="-41.11688" lon="175.06298">
        <ele>58.5</ele>
      </trkpt>
      <trkpt lat="-41.11683" lon="175.06348">
        <ele>58.0</ele>
      </trkpt>
      <trkpt lat="-41.11674" lon="175.0642">
        <ele>60.1</ele>
      </trkpt>
      <trkpt lat="-41.116639" lon="175.06493">
        <ele>62.5</ele>
      </trkpt>
      <trkpt lat="-41.11665" lon="175.06498">
        <ele>62.8</ele>
      </trkpt>
      <trkpt lat="-41.11668" lon="175.06498">
        <ele>62.9</ele>
      </trkpt>
      <trkpt lat="-41.11681" lon="175.06492">
        <ele>62.6</ele>
      </trkpt>
      <trkpt lat="-41.11695" lon="175.0651">
        <ele>62.7</ele>
      </trkpt>
      <trkpt lat="-41.11696" lon="175.06517">
        <ele>62.6</ele>
      </trkpt>
      <trkpt lat="-41.11687" lon="175.06541">
        <ele>62.8</ele>
      </trkpt>
      <trkpt lat="-41.11676" lon="175.06624">
        <ele>62.5</ele>
      </trkpt>
      <trkpt lat="-41.11665" lon="175.06706">
        <ele>61.0</ele>
      </trkpt>
      <trkpt lat="-41.116549" lon="175.06789">
        <ele>60.3</ele>
      </trkpt>
      <trkpt lat="-41.116549" lon="175.06798">
        <ele>60.4</ele>
      </trkpt>
      <trkpt lat="-41.11657" lon="175.068099">
        <ele>60.5</ele>
      </trkpt>
      <trkpt lat="-41.116639" lon="175.06825">
        <ele>60.8</ele>
      </trkpt>
      <trkpt lat="-41.116549" lon="175.0687">
        <ele>61.7</ele>
      </trkpt>
      <trkpt lat="-41.11657" lon="175.06879">
        <ele>61.9</ele>
      </trkpt>
      <trkpt lat="-41.1166" lon="175.06882">
        <ele>62.1</ele>
      </trkpt>
      <trkpt lat="-41.1168" lon="175.06888">
        <ele>62.2</ele>
      </trkpt>
      <trkpt lat="-41.11688" lon="175.06886">
        <ele>62.1</ele>
      </trkpt>
      <trkpt lat="-41.117759" lon="175.06902">
        <ele>61.9</ele>
      </trkpt>
      <trkpt lat="-41.11768" lon="175.06993">
        <ele>62.9</ele>
      </trkpt>
      <trkpt lat="-41.11759" lon="175.07083">
        <ele>63.9</ele>
      </trkpt>
      <trkpt lat="-41.11716" lon="175.07076">
        <ele>63.9</ele>
      </trkpt>
      <trkpt lat="-41.11708" lon="175.07076">
        <ele>63.9</ele>
      </trkpt>
      <trkpt lat="-41.117019" lon="175.0708">
        <ele>64.0</ele>
      </trkpt>
      <trkpt lat="-41.11698" lon="175.07088">
        <ele>64.0</ele>
      </trkpt>
      <trkpt lat="-41.11695" lon="175.07103">
        <ele>64.0</ele>
      </trkpt>
      <trkpt lat="-41.11687" lon="175.07191">
        <ele>64.3</ele>
      </trkpt>
      <trkpt lat="-41.11678" lon="175.0728">
        <ele>65.4</ele>
      </trkpt>
      <trkpt lat="-41.11688" lon="175.07376">
        <ele>66.1</ele>
      </trkpt>
      <trkpt lat="-41.11697" lon="175.07472">
        <ele>66.1</ele>
      </trkpt>
      <trkpt lat="-41.11707" lon="175.07568">
        <ele>65.2</ele>
      </trkpt>
      <trkpt lat="-41.117" lon="175.07639">
        <ele>65.5</ele>
      </trkpt>
      <trkpt lat="-41.11686" lon="175.07637">
        <ele>65.1</ele>
      </trkpt>
      <trkpt lat="-41.11621" lon="175.07624">
        <ele>63.7</ele>
      </trkpt>
      <trkpt lat="-41.11615" lon="175.076249">
        <ele>63.6</ele>
      </trkpt>
      <trkpt lat="-41.11611" lon="175.07633">
        <ele>63.5</ele>
      </trkpt>
      <trkpt lat="-41.11602" lon="175.07706">
        <ele>63.2</ele>
      </trkpt>
      <trkpt lat="-41.11595" lon="175.07742">
        <ele>62.6</ele>
      </trkpt>
      <trkpt lat="-41.11591" lon="175.07787">
        <ele>63.2</ele>
      </trkpt>
      <trkpt lat="-41.1158" lon="175.07864">
        <ele>64.4</ele>
      </trkpt>
      <trkpt lat="-41.11569" lon="175.07941">
        <ele>65.0</ele>
      </trkpt>
      <trkpt lat="-41.11559" lon="175.080189">
        <ele>65.2</ele>
      </trkpt>
      <trkpt lat="-41.1155" lon="175.08097">
        <ele>65.4</ele>
      </trkpt>
      <trkpt lat="-41.11551" lon="175.081">
        <ele>65.4</ele>
      </trkpt>
      <trkpt lat="-41.11563" lon="175.08114">
        <ele>65.4</ele>
      </trkpt>
      <trkpt lat="-41.11563" lon="175.0812">
        <ele>65.5</ele>
      </trkpt>
      <trkpt lat="-41.11558" lon="175.08124">
        <ele>65.5</ele>
      </trkpt>
      <trkpt lat="-41.11542" lon="175.08121">
        <ele>65.5</ele>
      </trkpt>
      <trkpt lat="-41.11541" lon="175.08127">
        <ele>65.5</ele>
      </trkpt>
      <trkpt lat="-41.11533" lon="175.08121">
        <ele>65.5</ele>
      </trkpt>
      <trkpt lat="-41.11542" lon="175.08039">
        <ele>65.0</ele>
      </trkpt>
      <trkpt lat="-41.11551" lon="175.07957">
        <ele>64.7</ele>
      </trkpt>
      <trkpt lat="-41.115519" lon="175.079109">
        <ele>64.6</ele>
      </trkpt>
      <trkpt lat="-41.11544" lon="175.07952">
        <ele>64.6</ele>
      </trkpt>
      <trkpt lat="-41.1153" lon="175.08054">
        <ele>65.1</ele>
      </trkpt>
      <trkpt lat="-41.11522" lon="175.08122">
        <ele>65.5</ele>
      </trkpt>
      <trkpt lat="-41.11498" lon="175.08125">
        <ele>65.4</ele>
      </trkpt>
      <trkpt lat="-41.11493" lon="175.08125">
        <ele>65.4</ele>
      </trkpt>
      <trkpt lat="-41.11498" lon="175.08125">
        <ele>65.4</ele>
      </trkpt>
      <trkpt lat="-41.1152" lon="175.08136">
        <ele>65.4</ele>
      </trkpt>
      <trkpt lat="-41.11518" lon="175.081439">
        <ele>65.4</ele>
      </trkpt>
      <trkpt lat="-41.1151" lon="175.08142">
        <ele>65.3</ele>
      </trkpt>
      <trkpt lat="-41.11506" lon="175.08138">
        <ele>65.4</ele>
      </trkpt>
      <trkpt lat="-41.11507" lon="175.08154">
        <ele>65.2</ele>
      </trkpt>
      <trkpt lat="-41.11502" lon="175.08172">
        <ele>65.0</ele>
      </trkpt>
      <trkpt lat="-41.1149" lon="175.08209">
        <ele>65.1</ele>
      </trkpt>
      <trkpt lat="-41.11483" lon="175.08217">
        <ele>65.1</ele>
      </trkpt>
      <trkpt lat="-41.11477" lon="175.08284">
        <ele>66.2</ele>
      </trkpt>
      <trkpt lat="-41.11466" lon="175.08363">
        <ele>67.2</ele>
      </trkpt>
      <trkpt lat="-41.11457" lon="175.08423">
        <ele>67.0</ele>
      </trkpt>
      <trkpt lat="-41.11447" lon="175.08483">
        <ele>66.7</ele>
      </trkpt>
      <trkpt lat="-41.11435" lon="175.08551">
        <ele>66.0</ele>
      </trkpt>
      <trkpt lat="-41.1143" lon="175.085919">
        <ele>65.6</ele>
      </trkpt>
      <trkpt lat="-41.11406" lon="175.08682">
        <ele>66.5</ele>
      </trkpt>
      <trkpt lat="-41.11399" lon="175.08716">
        <ele>66.3</ele>
      </trkpt>
      <trkpt lat="-41.11392" lon="175.08784">
        <ele>67.1</ele>
      </trkpt>
      <trkpt lat="-41.113819" lon="175.08852">
        <ele>67.9</ele>
      </trkpt>
      <trkpt lat="-41.113639" lon="175.08955">
        <ele>67.1</ele>
      </trkpt>
      <trkpt lat="-41.11356" lon="175.09038">
        <ele>66.9</ele>
      </trkpt>
      <trkpt lat="-41.11348" lon="175.091199">
        <ele>67.4</ele>
      </trkpt>
      <trkpt lat="-41.11342" lon="175.09189">
        <ele>68.7</ele>
      </trkpt>
      <trkpt lat="-41.1133" lon="175.09273">
        <ele>70.4</ele>
      </trkpt>
      <trkpt lat="-41.1132" lon="175.09313">
        <ele>70.5</ele>
      </trkpt>
      <trkpt lat="-41.11282" lon="175.09406">
        <ele>71.3</ele>
      </trkpt>
      <trkpt lat="-41.11259" lon="175.09447">
        <ele>73.4</ele>
      </trkpt>
      <trkpt lat="-41.11255" lon="175.09457">
        <ele>74.6</ele>
      </trkpt>
      <trkpt lat="-41.11248" lon="175.09467">
        <ele>75.7</ele>
      </trkpt>
      <trkpt lat="-41.11249" lon="175.09468">
        <ele>76.0</ele>
      </trkpt>
      <trkpt lat="-41.11262" lon="175.09457">
        <ele>75.0</ele>
      </trkpt>
      <trkpt lat="-41.11263" lon="175.09458">
        <ele>75.2</ele>
      </trkpt>
      <trkpt lat="-41.11255" lon="175.0948">
        <ele>78.0</ele>
      </trkpt>
      <trkpt lat="-41.11235" lon="175.09525">
        <ele>80.8</ele>
      </trkpt>
      <trkpt lat="-41.1124" lon="175.09528">
        <ele>81.5</ele>
      </trkpt>
      <trkpt lat="-41.112319" lon="175.09545">
        <ele>81.7</ele>
      </trkpt>
      <trkpt lat="-41.1124" lon="175.09553">
        <ele>83.1</ele>
      </trkpt>
      <trkpt lat="-41.11253" lon="175.09558">
        <ele>84.4</ele>
      </trkpt>
      <trkpt lat="-41.112699" lon="175.09554">
        <ele>83.8</ele>
      </trkpt>
      <trkpt lat="-41.11281" lon="175.09538">
        <ele>82.8</ele>
      </trkpt>
      <trkpt lat="-41.11291" lon="175.09485">
        <ele>79.5</ele>
      </trkpt>
      <trkpt lat="-41.11293" lon="175.094779">
        <ele>78.9</ele>
      </trkpt>
      <trkpt lat="-41.1131" lon="175.09451">
        <ele>77.6</ele>
      </trkpt>
      <trkpt lat="-41.11303" lon="175.09455">
        <ele>77.4</ele>
      </trkpt>
      <trkpt lat="-41.11295" lon="175.09463">
        <ele>77.6</ele>
      </trkpt>
      <trkpt lat="-41.11286" lon="175.09479">
        <ele>78.8</ele>
      </trkpt>
      <trkpt lat="-41.11277" lon="175.09515">
        <ele>81.7</ele>
      </trkpt>
      <trkpt lat="-41.11272" lon="175.09538">
        <ele>82.9</ele>
      </trkpt>
      <trkpt lat="-41.11281" lon="175.09538">
        <ele>82.8</ele>
      </trkpt>
      <trkpt lat="-41.11358" lon="175.0958">
        <ele>82.9</ele>
      </trkpt>
      <trkpt lat="-41.11435" lon="175.09621">
        <ele>85.2</ele>
      </trkpt>
      <trkpt lat="-41.114759" lon="175.09633">
        <ele>89.4</ele>
      </trkpt>
      <trkpt lat="-41.11498" lon="175.09638">
        <ele>91.8</ele>
      </trkpt>
      <trkpt lat="-41.1153" lon="175.09635">
        <ele>98.7</ele>
      </trkpt>
      <trkpt lat="-41.11554" lon="175.09641">
        <ele>104.3</ele>
      </trkpt>
      <trkpt lat="-41.11563" lon="175.09651">
        <ele>106.5</ele>
      </trkpt>
      <trkpt lat="-41.11568" lon="175.09661">
        <ele>107.6</ele>
      </trkpt>
      <trkpt lat="-41.11568" lon="175.09686">
        <ele>110.0</ele>
      </trkpt>
      <trkpt lat="-41.11554" lon="175.09706">
        <ele>109.0</ele>
      </trkpt>
      <trkpt lat="-41.11551" lon="175.09717">
        <ele>109.5</ele>
      </trkpt>
      <trkpt lat="-41.11551" lon="175.0973">
        <ele>110.9</ele>
      </trkpt>
      <trkpt lat="-41.11554" lon="175.09743">
        <ele>113.1</ele>
      </trkpt>
      <trkpt lat="-41.1156" lon="175.09757">
        <ele>116.6</ele>
      </trkpt>
      <trkpt lat="-41.11566" lon="175.09764">
        <ele>119.3</ele>
      </trkpt>
      <trkpt lat="-41.11571" lon="175.0978">
        <ele>123.1</ele>
      </trkpt>
      <trkpt lat="-41.11573" lon="175.097919">
        <ele>125.4</ele>
      </trkpt>
      <trkpt lat="-41.11569" lon="175.09804">
        <ele>126.0</ele>
      </trkpt>
      <trkpt lat="-41.11544" lon="175.09841">
        <ele>122.6</ele>
      </trkpt>
      <trkpt lat="-41.11538" lon="175.09853">
        <ele>121.2</ele>
      </trkpt>
      <trkpt lat="-41.11535" lon="175.0987">
        <ele>121.1</ele>
      </trkpt>
      <trkpt lat="-41.11536" lon="175.09884">
        <ele>122.0</ele>
      </trkpt>
      <trkpt lat="-41.11541" lon="175.09901">
        <ele>124.2</ele>
      </trkpt>
      <trkpt lat="-41.11549" lon="175.09912">
        <ele>126.8</ele>
      </trkpt>
      <trkpt lat="-41.11581" lon="175.099259">
        <ele>135.7</ele>
      </trkpt>
      <trkpt lat="-41.11587" lon="175.09932">
        <ele>137.4</ele>
      </trkpt>
      <trkpt lat="-41.11595" lon="175.09946">
        <ele>139.7</ele>
      </trkpt>
      <trkpt lat="-41.11595" lon="175.09956">
        <ele>140.1</ele>
      </trkpt>
      <trkpt lat="-41.1158" lon="175.09986">
        <ele>137.4</ele>
      </trkpt>
      <trkpt lat="-41.11577" lon="175.09999">
        <ele>136.9</ele>
      </trkpt>
      <trkpt lat="-41.11574" lon="175.10034">
        <ele>139.5</ele>
      </trkpt>
      <trkpt lat="-41.115699" lon="175.1005">
        <ele>139.7</ele>
      </trkpt>
      <trkpt lat="-41.11558" lon="175.100779">
        <ele>138.1</ele>
      </trkpt>
      <trkpt lat="-41.11558" lon="175.1009">
        <ele>139.2</ele>
      </trkpt>
      <trkpt lat="-41.11562" lon="175.10133">
        <ele>144.6</ele>
      </trkpt>
      <trkpt lat="-41.11562" lon="175.10152">
        <ele>146.3</ele>
      </trkpt>
      <trkpt lat="-41.11542" lon="175.10241">
        <ele>147.9</ele>
      </trkpt>
      <trkpt lat="-41.11534" lon="175.10265">
        <ele>147.4</ele>
      </trkpt>
      <trkpt lat="-41.115319" lon="175.10288">
        <ele>147.7</ele>
      </trkpt>
      <trkpt lat="-41.115319" lon="175.10312">
        <ele>148.3</ele>
      </trkpt>
      <trkpt lat="-41.11536" lon="175.10325">
        <ele>148.7</ele>
      </trkpt>
      <trkpt lat="-41.11541" lon="175.10332">
        <ele>149.0</ele>
      </trkpt>
      <trkpt lat="-41.11584" lon="175.10348">
        <ele>148.0</ele>
      </trkpt>
      <trkpt lat="-41.11596" lon="175.10346">
        <ele>146.6</ele>
      </trkpt>
      <trkpt lat="-41.11603" lon="175.10341">
        <ele>146.4</ele>
      </trkpt>
      <trkpt lat="-41.11614" lon="175.10326">
        <ele>146.6</ele>
      </trkpt>
      <trkpt lat="-41.11635" lon="175.10307">
        <ele>146.1</ele>
      </trkpt>
      <trkpt lat="-41.11654" lon="175.10278">
        <ele>147.5</ele>
      </trkpt>
      <trkpt lat="-41.11661" lon="175.10273">
        <ele>147.5</ele>
      </trkpt>
      <trkpt lat="-41.11672" lon="175.10271">
        <ele>146.0</ele>
      </trkpt>
      <trkpt lat="-41.11689" lon="175.10271">
        <ele>142.2</ele>
      </trkpt>
      <trkpt lat="-41.11708" lon="175.1026">
        <ele>139.1</ele>
      </trkpt>
      <trkpt lat="-41.11717" lon="175.10252">
        <ele>137.7</ele>
      </trkpt>
      <trkpt lat="-41.11735" lon="175.1023">
        <ele>136.1</ele>
      </trkpt>
      <trkpt lat="-41.11761" lon="175.10187">
        <ele>136.9</ele>
      </trkpt>
      <trkpt lat="-41.11769" lon="175.10178">
        <ele>137.0</ele>
      </trkpt>
      <trkpt lat="-41.118229" lon="175.10133">
        <ele>135.1</ele>
      </trkpt>
      <trkpt lat="-41.11846" lon="175.10125">
        <ele>133.3</ele>
      </trkpt>
      <trkpt lat="-41.11854" lon="175.10124">
        <ele>132.6</ele>
      </trkpt>
      <trkpt lat="-41.11864" lon="175.10126">
        <ele>131.5</ele>
      </trkpt>
      <trkpt lat="-41.11874" lon="175.101319">
        <ele>130.0</ele>
      </trkpt>
      <trkpt lat="-41.11882" lon="175.10142">
        <ele>128.5</ele>
      </trkpt>
      <trkpt lat="-41.11887" lon="175.10155">
        <ele>127.2</ele>
      </trkpt>
      <trkpt lat="-41.11889" lon="175.10172">
        <ele>126.2</ele>
      </trkpt>
      <trkpt lat="-41.11888" lon="175.10188">
        <ele>125.9</ele>
      </trkpt>
      <trkpt lat="-41.1188" lon="175.10211">
        <ele>125.6</ele>
      </trkpt>
      <trkpt lat="-41.11863" lon="175.1025">
        <ele>125.2</ele>
      </trkpt>
      <trkpt lat="-41.11841" lon="175.1028">
        <ele>125.0</ele>
      </trkpt>
      <trkpt lat="-41.11827" lon="175.10305">
        <ele>124.8</ele>
      </trkpt>
      <trkpt lat="-41.11807" lon="175.10351">
        <ele>125.3</ele>
      </trkpt>
      <trkpt lat="-41.11787" lon="175.10441">
        <ele>126.5</ele>
      </trkpt>
      <trkpt lat="-41.11786" lon="175.10452">
        <ele>126.6</ele>
      </trkpt>
      <trkpt lat="-41.11789" lon="175.10462">
        <ele>126.9</ele>
      </trkpt>
      <trkpt lat="-41.11818" lon="175.10528">
        <ele>128.7</ele>
      </trkpt>
      <trkpt lat="-41.11847" lon="175.10595">
        <ele>129.5</ele>
      </trkpt>
      <trkpt lat="-41.11854" lon="175.10604">
        <ele>129.7</ele>
      </trkpt>
      <trkpt lat="-41.11907" lon="175.10647">
        <ele>131.5</ele>
      </trkpt>
      <trkpt lat="-41.11959" lon="175.1069">
        <ele>133.7</ele>
      </trkpt>
      <trkpt lat="-41.120109" lon="175.10733">
        <ele>135.8</ele>
      </trkpt>
      <trkpt lat="-41.12063" lon="175.107769">
        <ele>136.6</ele>
      </trkpt>
      <trkpt lat="-41.12071" lon="175.10785">
        <ele>136.8</ele>
      </trkpt>
      <trkpt lat="-41.12076" lon="175.10797">
        <ele>137.1</ele>
      </trkpt>
      <trkpt lat="-41.12078" lon="175.10824">
        <ele>137.8</ele>
      </trkpt>
      <trkpt lat="-41.12068" lon="175.1083">
        <ele>137.9</ele>
      </trkpt>
      <trkpt lat="-41.12047" lon="175.10874">
        <ele>137.4</ele>
      </trkpt>
      <trkpt lat="-41.12003" lon="175.10969">
        <ele>136.7</ele>
      </trkpt>
      <trkpt lat="-41.1196" lon="175.11064">
        <ele>133.5</ele>
      </trkpt>
      <trkpt lat="-41.119169" lon="175.11159">
        <ele>131.9</ele>
      </trkpt>
      <trkpt lat="-41.11873" lon="175.11254">
        <ele>134.0</ele>
      </trkpt>
      <trkpt lat="-41.1183" lon="175.11349">
        <ele>133.1</ele>
      </trkpt>
      <trkpt lat="-41.11786" lon="175.11445">
        <ele>133.9</ele>
      </trkpt>
      <trkpt lat="-41.11743" lon="175.1154">
        <ele>133.7</ele>
      </trkpt>
      <trkpt lat="-41.117" lon="175.11635">
        <ele>133.5</ele>
      </trkpt>
      <trkpt lat="-41.11656" lon="175.1173">
        <ele>134.8</ele>
      </trkpt>
      <trkpt lat="-41.11613" lon="175.11825">
        <ele>134.0</ele>
      </trkpt>
      <trkpt lat="-41.115699" lon="175.1192">
        <ele>131.8</ele>
      </trkpt>
      <trkpt lat="-41.11526" lon="175.12015">
        <ele>131.4</ele>
      </trkpt>
      <trkpt lat="-41.11483" lon="175.1211">
        <ele>131.3</ele>
      </trkpt>
      <trkpt lat="-41.11457" lon="175.1218">
        <ele>129.6</ele>
      </trkpt>
      <trkpt lat="-41.11431" lon="175.1225">
        <ele>126.5</ele>
      </trkpt>
      <trkpt lat="-41.11404" lon="175.12325">
        <ele>127.9</ele>
      </trkpt>
      <trkpt lat="-41.11378" lon="175.12401">
        <ele>127.7</ele>
      </trkpt>
      <trkpt lat="-41.11375" lon="175.12408">
        <ele>127.6</ele>
      </trkpt>
      <trkpt lat="-41.113639" lon="175.12423">
        <ele>127.1</ele>
      </trkpt>
      <trkpt lat="-41.11323" lon="175.12464">
        <ele>127.1</ele>
      </trkpt>
      <trkpt lat="-41.11276" lon="175.12566">
        <ele>131.0</ele>
      </trkpt>
      <trkpt lat="-41.1123" lon="175.12667">
        <ele>131.8</ele>
      </trkpt>
      <trkpt lat="-41.11183" lon="175.12768">
        <ele>130.0</ele>
      </trkpt>
      <trkpt lat="-41.11136" lon="175.12869">
        <ele>130.3</ele>
      </trkpt>
      <trkpt lat="-41.11092" lon="175.12965">
        <ele>129.8</ele>
      </trkpt>
      <trkpt lat="-41.11049" lon="175.130599">
        <ele>129.7</ele>
      </trkpt>
      <trkpt lat="-41.11005" lon="175.13156">
        <ele>130.1</ele>
      </trkpt>
      <trkpt lat="-41.10961" lon="175.13251">
        <ele>128.5</ele>
      </trkpt>
      <trkpt lat="-41.10918" lon="175.13347">
        <ele>127.2</ele>
      </trkpt>
      <trkpt lat="-41.10874" lon="175.13443">
        <ele>128.5</ele>
      </trkpt>
      <trkpt lat="-41.10831" lon="175.13538">
        <ele>129.4</ele>
      </trkpt>
      <trkpt lat="-41.10827" lon="175.13544">
        <ele>129.5</ele>
      </trkpt>
      <trkpt lat="-41.10815" lon="175.13551">
        <ele>129.4</ele>
      </trkpt>
      <trkpt lat="-41.1081" lon="175.13551">
        <ele>129.3</ele>
      </trkpt>
      <trkpt lat="-41.1077" lon="175.13539">
        <ele>128.7</ele>
      </trkpt>
      <trkpt lat="-41.10754" lon="175.13532">
        <ele>128.4</ele>
      </trkpt>
      <trkpt lat="-41.10739" lon="175.13521">
        <ele>127.7</ele>
      </trkpt>
      <trkpt lat="-41.107349" lon="175.13534">
        <ele>127.7</ele>
      </trkpt>
      <trkpt lat="-41.10727" lon="175.13574">
        <ele>128.0</ele>
      </trkpt>
      <trkpt lat="-41.107259" lon="175.13595">
        <ele>128.4</ele>
      </trkpt>
      <trkpt lat="-41.10729" lon="175.13643">
        <ele>129.7</ele>
      </trkpt>
      <trkpt lat="-41.10714" lon="175.13645">
        <ele>129.2</ele>
      </trkpt>
      <trkpt lat="-41.10711" lon="175.13644">
        <ele>129.1</ele>
      </trkpt>
      <trkpt lat="-41.10714" lon="175.13645">
        <ele>129.2</ele>
      </trkpt>
      <trkpt lat="-41.10729" lon="175.13643">
        <ele>129.7</ele>
      </trkpt>
      <trkpt lat="-41.107259" lon="175.13595">
        <ele>128.4</ele>
      </trkpt>
      <trkpt lat="-41.10727" lon="175.13574">
        <ele>128.0</ele>
      </trkpt>
      <trkpt lat="-41.107349" lon="175.13534">
        <ele>127.7</ele>
      </trkpt>
      <trkpt lat="-41.10739" lon="175.13521">
        <ele>127.7</ele>
      </trkpt>
      <trkpt lat="-41.10754" lon="175.13532">
        <ele>128.4</ele>
      </trkpt>
      <trkpt lat="-41.1077" lon="175.13539">
        <ele>128.7</ele>
      </trkpt>
      <trkpt lat="-41.1081" lon="175.13551">
        <ele>129.3</ele>
      </trkpt>
      <trkpt lat="-41.10815" lon="175.13551">
        <ele>129.4</ele>
      </trkpt>
      <trkpt lat="-41.10815" lon="175.13567">
        <ele>129.6</ele>
      </trkpt>
      <trkpt lat="-41.10778" lon="175.136599">
        <ele>131.2</ele>
      </trkpt>
      <trkpt lat="-41.107729" lon="175.13718">
        <ele>133.4</ele>
      </trkpt>
      <trkpt lat="-41.10774" lon="175.13733">
        <ele>134.1</ele>
      </trkpt>
      <trkpt lat="-41.10781" lon="175.13756">
        <ele>135.8</ele>
      </trkpt>
      <trkpt lat="-41.1079" lon="175.13775">
        <ele>137.0</ele>
      </trkpt>
      <trkpt lat="-41.107999" lon="175.1379">
        <ele>138.1</ele>
      </trkpt>
      <trkpt lat="-41.10844" lon="175.13831">
        <ele>141.9</ele>
      </trkpt>
      <trkpt lat="-41.1085" lon="175.13849">
        <ele>142.5</ele>
      </trkpt>
      <trkpt lat="-41.10848" lon="175.1389">
        <ele>142.8</ele>
      </trkpt>
      <trkpt lat="-41.10833" lon="175.13983">
        <ele>150.8</ele>
      </trkpt>
      <trkpt lat="-41.108289" lon="175.14033">
        <ele>158.7</ele>
      </trkpt>
      <trkpt lat="-41.10823" lon="175.14059">
        <ele>163.1</ele>
      </trkpt>
      <trkpt lat="-41.10818" lon="175.140899">
        <ele>168.0</ele>
      </trkpt>
      <trkpt lat="-41.10818" lon="175.14129">
        <ele>172.8</ele>
      </trkpt>
      <trkpt lat="-41.10815" lon="175.14145">
        <ele>174.8</ele>
      </trkpt>
      <trkpt lat="-41.10809" lon="175.141609">
        <ele>176.9</ele>
      </trkpt>
      <trkpt lat="-41.107909" lon="175.14187">
        <ele>180.3</ele>
      </trkpt>
      <trkpt lat="-41.10783" lon="175.14204">
        <ele>182.1</ele>
      </trkpt>
      <trkpt lat="-41.10779" lon="175.14221">
        <ele>183.8</ele>
      </trkpt>
      <trkpt lat="-41.10778" lon="175.14263">
        <ele>187.3</ele>
      </trkpt>
      <trkpt lat="-41.10796" lon="175.14356">
        <ele>190.9</ele>
      </trkpt>
      <trkpt lat="-41.10797" lon="175.14386">
        <ele>188.1</ele>
      </trkpt>
      <trkpt lat="-41.10788" lon="175.14419">
        <ele>184.3</ele>
      </trkpt>
      <trkpt lat="-41.1077" lon="175.144479">
        <ele>185.3</ele>
      </trkpt>
      <trkpt lat="-41.10747" lon="175.14469">
        <ele>185.7</ele>
      </trkpt>
      <trkpt lat="-41.107259" lon="175.14481">
        <ele>185.4</ele>
      </trkpt>
      <trkpt lat="-41.10682" lon="175.14494">
        <ele>182.9</ele>
      </trkpt>
      <trkpt lat="-41.1066" lon="175.14514">
        <ele>183.5</ele>
      </trkpt>
      <trkpt lat="-41.10643" lon="175.14541">
        <ele>186.3</ele>
      </trkpt>
      <trkpt lat="-41.10634" lon="175.14566">
        <ele>189.1</ele>
      </trkpt>
      <trkpt lat="-41.10631" lon="175.14587">
        <ele>190.9</ele>
      </trkpt>
      <trkpt lat="-41.10633" lon="175.14616">
        <ele>187.6</ele>
      </trkpt>
      <trkpt lat="-41.10638" lon="175.14647">
        <ele>184.2</ele>
      </trkpt>
      <trkpt lat="-41.10656" lon="175.14734">
        <ele>188.3</ele>
      </trkpt>
      <trkpt lat="-41.10674" lon="175.14821">
        <ele>191.0</ele>
      </trkpt>
      <trkpt lat="-41.10698" lon="175.14917">
        <ele>194.1</ele>
      </trkpt>
      <trkpt lat="-41.10722" lon="175.15014">
        <ele>197.2</ele>
      </trkpt>
      <trkpt lat="-41.10746" lon="175.15111">
        <ele>200.3</ele>
      </trkpt>
      <trkpt lat="-41.10762" lon="175.15144">
        <ele>201.6</ele>
      </trkpt>
      <trkpt lat="-41.107819" lon="175.15174">
        <ele>200.1</ele>
      </trkpt>
      <trkpt lat="-41.10795" lon="175.15186">
        <ele>200.5</ele>
      </trkpt>
      <trkpt lat="-41.10846" lon="175.15216">
        <ele>201.3</ele>
      </trkpt>
      <trkpt lat="-41.10896" lon="175.15247">
        <ele>203.4</ele>
      </trkpt>
      <trkpt lat="-41.10913" lon="175.15264">
        <ele>203.9</ele>
      </trkpt>
      <trkpt lat="-41.10931" lon="175.15288">
        <ele>203.3</ele>
      </trkpt>
      <trkpt lat="-41.10938" lon="175.15301">
        <ele>202.8</ele>
      </trkpt>
      <trkpt lat="-41.10944" lon="175.15317">
        <ele>202.0</ele>
      </trkpt>
      <trkpt lat="-41.1095" lon="175.15338">
        <ele>201.3</ele>
      </trkpt>
      <trkpt lat="-41.10953" lon="175.15357">
        <ele>202.0</ele>
      </trkpt>
      <trkpt lat="-41.10951" lon="175.15391">
        <ele>203.0</ele>
      </trkpt>
      <trkpt lat="-41.10947" lon="175.15411">
        <ele>203.5</ele>
      </trkpt>
      <trkpt lat="-41.10937" lon="175.154419">
        <ele>207.0</ele>
      </trkpt>
      <trkpt lat="-41.10918" lon="175.15468">
        <ele>209.3</ele>
      </trkpt>
      <trkpt lat="-41.10906" lon="175.15477">
        <ele>210.1</ele>
      </trkpt>
      <trkpt lat="-41.10893" lon="175.15484">
        <ele>210.7</ele>
      </trkpt>
      <trkpt lat="-41.108289" lon="175.15496">
        <ele>211.1</ele>
      </trkpt>
      <trkpt lat="-41.1079" lon="175.15513">
        <ele>210.8</ele>
      </trkpt>
      <trkpt lat="-41.1074" lon="175.155489">
        <ele>212.0</ele>
      </trkpt>
      <trkpt lat="-41.10723" lon="175.15556">
        <ele>212.0</ele>
      </trkpt>
      <trkpt lat="-41.10711" lon="175.15556">
        <ele>211.2</ele>
      </trkpt>
      <trkpt lat="-41.10702" lon="175.1556">
        <ele>211.2</ele>
      </trkpt>
      <trkpt lat="-41.10699" lon="175.15564">
        <ele>211.6</ele>
      </trkpt>
      <trkpt lat="-41.10696" lon="175.15562">
        <ele>211.1</ele>
      </trkpt>
      <trkpt lat="-41.10669" lon="175.15574">
        <ele>210.9</ele>
      </trkpt>
      <trkpt lat="-41.10614" lon="175.15622">
        <ele>215.5</ele>
      </trkpt>
      <trkpt lat="-41.1059" lon="175.15635">
        <ele>216.2</ele>
      </trkpt>
      <trkpt lat="-41.10559" lon="175.15636">
        <ele>217.1</ele>
      </trkpt>
      <trkpt lat="-41.1054" lon="175.15637">
        <ele>217.9</ele>
      </trkpt>
      <trkpt lat="-41.10517" lon="175.1565">
        <ele>219.9</ele>
      </trkpt>
      <trkpt lat="-41.10464" lon="175.15705">
        <ele>223.6</ele>
      </trkpt>
      <trkpt lat="-41.10411" lon="175.1576">
        <ele>225.3</ele>
      </trkpt>
      <trkpt lat="-41.10378" lon="175.15799">
        <ele>224.7</ele>
      </trkpt>
      <trkpt lat="-41.103499" lon="175.15842">
        <ele>223.6</ele>
      </trkpt>
      <trkpt lat="-41.10337" lon="175.15858">
        <ele>223.7</ele>
      </trkpt>
      <trkpt lat="-41.10307" lon="175.15879">
        <ele>225.4</ele>
      </trkpt>
      <trkpt lat="-41.10264" lon="175.15895">
        <ele>226.9</ele>
      </trkpt>
      <trkpt lat="-41.10248" lon="175.15907">
        <ele>228.0</ele>
      </trkpt>
      <trkpt lat="-41.10226" lon="175.15942">
        <ele>229.2</ele>
      </trkpt>
      <trkpt lat="-41.10188" lon="175.16021">
        <ele>231.7</ele>
      </trkpt>
      <trkpt lat="-41.10152" lon="175.16056">
        <ele>231.1</ele>
      </trkpt>
      <trkpt lat="-41.1012" lon="175.16073">
        <ele>230.8</ele>
      </trkpt>
      <trkpt lat="-41.10058" lon="175.16092">
        <ele>232.3</ele>
      </trkpt>
      <trkpt lat="-41.09984" lon="175.16107">
        <ele>236.0</ele>
      </trkpt>
      <trkpt lat="-41.09941" lon="175.16126">
        <ele>236.3</ele>
      </trkpt>
      <trkpt lat="-41.09897" lon="175.16146">
        <ele>237.3</ele>
      </trkpt>
      <trkpt lat="-41.0989" lon="175.16148">
        <ele>237.5</ele>
      </trkpt>
      <trkpt lat="-41.09855" lon="175.16161">
        <ele>238.4</ele>
      </trkpt>
      <trkpt lat="-41.0981" lon="175.16159">
        <ele>239.9</ele>
      </trkpt>
      <trkpt lat="-41.09775" lon="175.161489">
        <ele>240.8</ele>
      </trkpt>
      <trkpt lat="-41.09763" lon="175.16139">
        <ele>240.6</ele>
      </trkpt>
      <trkpt lat="-41.09739" lon="175.16092">
        <ele>238.6</ele>
      </trkpt>
      <trkpt lat="-41.09701" lon="175.16045">
        <ele>241.5</ele>
      </trkpt>
      <trkpt lat="-41.09651" lon="175.16023">
        <ele>245.2</ele>
      </trkpt>
      <trkpt lat="-41.09615" lon="175.1604">
        <ele>244.7</ele>
      </trkpt>
      <trkpt lat="-41.09593" lon="175.16069">
        <ele>244.8</ele>
      </trkpt>
      <trkpt lat="-41.09567" lon="175.16162">
        <ele>244.9</ele>
      </trkpt>
      <trkpt lat="-41.09557" lon="175.1618">
        <ele>245.8</ele>
      </trkpt>
      <trkpt lat="-41.09523" lon="175.16209">
        <ele>247.2</ele>
      </trkpt>
      <trkpt lat="-41.09501" lon="175.16217">
        <ele>247.1</ele>
      </trkpt>
      <trkpt lat="-41.09444" lon="175.16215">
        <ele>252.1</ele>
      </trkpt>
      <trkpt lat="-41.09402" lon="175.16204">
        <ele>253.1</ele>
      </trkpt>
      <trkpt lat="-41.09368" lon="175.16204">
        <ele>252.1</ele>
      </trkpt>
      <trkpt lat="-41.093179" lon="175.16228">
        <ele>253.3</ele>
      </trkpt>
      <trkpt lat="-41.09232" lon="175.16255">
        <ele>257.0</ele>
      </trkpt>
      <trkpt lat="-41.09189" lon="175.16267">
        <ele>260.7</ele>
      </trkpt>
      <trkpt lat="-41.09151" lon="175.16262">
        <ele>262.8</ele>
      </trkpt>
      <trkpt lat="-41.09132" lon="175.16269">
        <ele>264.6</ele>
      </trkpt>
      <trkpt lat="-41.09099" lon="175.16297">
        <ele>267.4</ele>
      </trkpt>
      <trkpt lat="-41.09058" lon="175.16353">
        <ele>269.8</ele>
      </trkpt>
      <trkpt lat="-41.09048" lon="175.16345">
        <ele>270.7</ele>
      </trkpt>
      <trkpt lat="-41.0904" lon="175.16334">
        <ele>271.6</ele>
      </trkpt>
      <trkpt lat="-41.0902" lon="175.16302">
        <ele>273.7</ele>
      </trkpt>
      <trkpt lat="-41.09002" lon="175.16265">
        <ele>275.7</ele>
      </trkpt>
      <trkpt lat="-41.08988" lon="175.16253">
        <ele>275.1</ele>
      </trkpt>
      <trkpt lat="-41.08967" lon="175.16243">
        <ele>273.5</ele>
      </trkpt>
      <trkpt lat="-41.08944" lon="175.16237">
        <ele>272.2</ele>
      </trkpt>
      <trkpt lat="-41.08905" lon="175.16209">
        <ele>272.5</ele>
      </trkpt>
      <trkpt lat="-41.08884" lon="175.16199">
        <ele>273.2</ele>
      </trkpt>
      <trkpt lat="-41.08856" lon="175.16193">
        <ele>274.0</ele>
      </trkpt>
      <trkpt lat="-41.08841" lon="175.16186">
        <ele>274.8</ele>
      </trkpt>
      <trkpt lat="-41.08807" lon="175.16161">
        <ele>278.7</ele>
      </trkpt>
      <trkpt lat="-41.08761" lon="175.1613">
        <ele>281.5</ele>
      </trkpt>
      <trkpt lat="-41.08715" lon="175.161">
        <ele>281.7</ele>
      </trkpt>
      <trkpt lat="-41.08712" lon="175.16093">
        <ele>281.8</ele>
      </trkpt>
      <trkpt lat="-41.08705" lon="175.16095">
        <ele>281.7</ele>
      </trkpt>
      <trkpt lat="-41.08659" lon="175.16089">
        <ele>282.1</ele>
      </trkpt>
      <trkpt lat="-41.08636" lon="175.16075">
        <ele>284.2</ele>
      </trkpt>
      <trkpt lat="-41.08611" lon="175.16102">
        <ele>283.1</ele>
      </trkpt>
      <trkpt lat="-41.08598" lon="175.16125">
        <ele>280.4</ele>
      </trkpt>
      <trkpt lat="-41.08579" lon="175.16162">
        <ele>275.3</ele>
      </trkpt>
      <trkpt lat="-41.0854" lon="175.16215">
        <ele>274.2</ele>
      </trkpt>
      <trkpt lat="-41.08522" lon="175.16254">
        <ele>272.1</ele>
      </trkpt>
      <trkpt lat="-41.08514" lon="175.16275">
        <ele>270.5</ele>
      </trkpt>
      <trkpt lat="-41.08505" lon="175.16314">
        <ele>266.3</ele>
      </trkpt>
      <trkpt lat="-41.085009" lon="175.16413">
        <ele>255.3</ele>
      </trkpt>
      <trkpt lat="-41.08498" lon="175.16433">
        <ele>253.6</ele>
      </trkpt>
      <trkpt lat="-41.08494" lon="175.16442">
        <ele>253.3</ele>
      </trkpt>
      <trkpt lat="-41.08485" lon="175.16462">
        <ele>252.5</ele>
      </trkpt>
      <trkpt lat="-41.08446" lon="175.16511">
        <ele>252.0</ele>
      </trkpt>
      <trkpt lat="-41.08406" lon="175.1656">
        <ele>250.9</ele>
      </trkpt>
      <trkpt lat="-41.08396" lon="175.16574">
        <ele>249.9</ele>
      </trkpt>
      <trkpt lat="-41.08384" lon="175.16596">
        <ele>247.8</ele>
      </trkpt>
      <trkpt lat="-41.08381" lon="175.16612">
        <ele>245.9</ele>
      </trkpt>
      <trkpt lat="-41.08379" lon="175.166419">
        <ele>242.2</ele>
      </trkpt>
      <trkpt lat="-41.08381" lon="175.16659">
        <ele>240.0</ele>
      </trkpt>
      <trkpt lat="-41.08402" lon="175.16748">
        <ele>241.1</ele>
      </trkpt>
      <trkpt lat="-41.08403" lon="175.16761">
        <ele>242.7</ele>
      </trkpt>
      <trkpt lat="-41.08402" lon="175.16774">
        <ele>244.4</ele>
      </trkpt>
      <trkpt lat="-41.08397" lon="175.16787">
        <ele>245.8</ele>
      </trkpt>
      <trkpt lat="-41.08388" lon="175.16796">
        <ele>246.3</ele>
      </trkpt>
      <trkpt lat="-41.083799" lon="175.16801">
        <ele>246.3</ele>
      </trkpt>
      <trkpt lat="-41.0837" lon="175.16804">
        <ele>245.9</ele>
      </trkpt>
      <trkpt lat="-41.08361" lon="175.168029">
        <ele>245.0</ele>
      </trkpt>
      <trkpt lat="-41.08353" lon="175.168">
        <ele>244.0</ele>
      </trkpt>
      <trkpt lat="-41.08343" lon="175.16833">
        <ele>246.9</ele>
      </trkpt>
      <trkpt lat="-41.08332" lon="175.16858">
        <ele>248.8</ele>
      </trkpt>
      <trkpt lat="-41.0832" lon="175.16892">
        <ele>251.3</ele>
      </trkpt>
      <trkpt lat="-41.08312" lon="175.16931">
        <ele>253.7</ele>
      </trkpt>
      <trkpt lat="-41.0831" lon="175.17002">
        <ele>257.2</ele>
      </trkpt>
      <trkpt lat="-41.08313" lon="175.1704">
        <ele>257.8</ele>
      </trkpt>
      <trkpt lat="-41.08322" lon="175.17115">
        <ele>259.1</ele>
      </trkpt>
      <trkpt lat="-41.08332" lon="175.1719">
        <ele>259.8</ele>
      </trkpt>
      <trkpt lat="-41.08338" lon="175.17219">
        <ele>260.2</ele>
      </trkpt>
      <trkpt lat="-41.08347" lon="175.17236">
        <ele>260.4</ele>
      </trkpt>
      <trkpt lat="-41.08375" lon="175.17276">
        <ele>260.1</ele>
      </trkpt>
      <trkpt lat="-41.08397" lon="175.173">
        <ele>258.8</ele>
      </trkpt>
      <trkpt lat="-41.08424" lon="175.17323">
        <ele>257.8</ele>
      </trkpt>
      <trkpt lat="-41.08467" lon="175.17351">
        <ele>259.3</ele>
      </trkpt>
      <trkpt lat="-41.08505" lon="175.1737">
        <ele>259.6</ele>
      </trkpt>
      <trkpt lat="-41.08524" lon="175.17383">
        <ele>258.6</ele>
      </trkpt>
      <trkpt lat="-41.08535" lon="175.173939">
        <ele>257.4</ele>
      </trkpt>
      <trkpt lat="-41.08549" lon="175.174119">
        <ele>255.2</ele>
      </trkpt>
      <trkpt lat="-41.08559" lon="175.17431">
        <ele>254.5</ele>
      </trkpt>
      <trkpt lat="-41.08566" lon="175.17453">
        <ele>253.8</ele>
      </trkpt>
      <trkpt lat="-41.08569" lon="175.17473">
        <ele>252.7</ele>
      </trkpt>
      <trkpt lat="-41.08569" lon="175.17497">
        <ele>251.2</ele>
      </trkpt>
      <trkpt lat="-41.08566" lon="175.17518">
        <ele>253.1</ele>
      </trkpt>
      <trkpt lat="-41.08558" lon="175.17543">
        <ele>255.6</ele>
      </trkpt>
      <trkpt lat="-41.085389" lon="175.17574">
        <ele>257.1</ele>
      </trkpt>
      <trkpt lat="-41.08481" lon="175.17643">
        <ele>261.1</ele>
      </trkpt>
      <trkpt lat="-41.0847" lon="175.17666">
        <ele>261.5</ele>
      </trkpt>
      <trkpt lat="-41.08463" lon="175.17702">
        <ele>261.0</ele>
      </trkpt>
      <trkpt lat="-41.08464" lon="175.17736">
        <ele>262.7</ele>
      </trkpt>
      <trkpt lat="-41.0848" lon="175.17828">
        <ele>254.9</ele>
      </trkpt>
      <trkpt lat="-41.084739" lon="175.17859">
        <ele>254.0</ele>
      </trkpt>
      <trkpt lat="-41.08461" lon="175.178949">
        <ele>253.3</ele>
      </trkpt>
      <trkpt lat="-41.08458" lon="175.17935">
        <ele>257.2</ele>
      </trkpt>
      <trkpt lat="-41.08449" lon="175.17986">
        <ele>264.5</ele>
      </trkpt>
      <trkpt lat="-41.08449" lon="175.18">
        <ele>267.0</ele>
      </trkpt>
      <trkpt lat="-41.08455" lon="175.18011">
        <ele>268.2</ele>
      </trkpt>
      <trkpt lat="-41.08465" lon="175.18018">
        <ele>270.4</ele>
      </trkpt>
      <trkpt lat="-41.085009" lon="175.18022">
        <ele>278.6</ele>
      </trkpt>
      <trkpt lat="-41.08513" lon="175.18026">
        <ele>279.2</ele>
      </trkpt>
      <trkpt lat="-41.08526" lon="175.18035">
        <ele>280.1</ele>
      </trkpt>
      <trkpt lat="-41.08536" lon="175.18047">
        <ele>281.2</ele>
      </trkpt>
      <trkpt lat="-41.08556" lon="175.18102">
        <ele>285.3</ele>
      </trkpt>
      <trkpt lat="-41.0858" lon="175.18148">
        <ele>292.4</ele>
      </trkpt>
      <trkpt lat="-41.086" lon="175.18192">
        <ele>297.1</ele>
      </trkpt>
      <trkpt lat="-41.08625" lon="175.18234">
        <ele>302.3</ele>
      </trkpt>
      <trkpt lat="-41.08631" lon="175.18248">
        <ele>304.3</ele>
      </trkpt>
      <trkpt lat="-41.08637" lon="175.18255">
        <ele>304.5</ele>
      </trkpt>
      <trkpt lat="-41.08647" lon="175.18259">
        <ele>305.4</ele>
      </trkpt>
      <trkpt lat="-41.08637" lon="175.18255">
        <ele>304.5</ele>
      </trkpt>
      <trkpt lat="-41.08631" lon="175.18248">
        <ele>304.3</ele>
      </trkpt>
      <trkpt lat="-41.08625" lon="175.18234">
        <ele>302.3</ele>
      </trkpt>
      <trkpt lat="-41.086" lon="175.18192">
        <ele>297.1</ele>
      </trkpt>
      <trkpt lat="-41.0858" lon="175.18148">
        <ele>292.4</ele>
      </trkpt>
      <trkpt lat="-41.08556" lon="175.18102">
        <ele>285.3</ele>
      </trkpt>
      <trkpt lat="-41.08536" lon="175.18047">
        <ele>281.2</ele>
      </trkpt>
      <trkpt lat="-41.08526" lon="175.18035">
        <ele>280.1</ele>
      </trkpt>
      <trkpt lat="-41.08513" lon="175.18026">
        <ele>279.2</ele>
      </trkpt>
      <trkpt lat="-41.085009" lon="175.18022">
        <ele>278.6</ele>
      </trkpt>
      <trkpt lat="-41.08465" lon="175.18018">
        <ele>270.4</ele>
      </trkpt>
      <trkpt lat="-41.08455" lon="175.18011">
        <ele>268.2</ele>
      </trkpt>
      <trkpt lat="-41.08449" lon="175.18">
        <ele>267.0</ele>
      </trkpt>
      <trkpt lat="-41.08449" lon="175.17986">
        <ele>264.5</ele>
      </trkpt>
      <trkpt lat="-41.08458" lon="175.17935">
        <ele>257.2</ele>
      </trkpt>
      <trkpt lat="-41.08461" lon="175.178949">
        <ele>253.3</ele>
      </trkpt>
      <trkpt lat="-41.08455" lon="175.17915">
        <ele>253.3</ele>
      </trkpt>
      <trkpt lat="-41.08435" lon="175.17944">
        <ele>254.3</ele>
      </trkpt>
      <trkpt lat="-41.08422" lon="175.17983">
        <ele>258.3</ele>
      </trkpt>
      <trkpt lat="-41.08418" lon="175.18021">
        <ele>259.5</ele>
      </trkpt>
      <trkpt lat="-41.0842" lon="175.18052">
        <ele>259.0</ele>
      </trkpt>
      <trkpt lat="-41.0843" lon="175.1809">
        <ele>259.8</ele>
      </trkpt>
      <trkpt lat="-41.08442" lon="175.18121">
        <ele>259.4</ele>
      </trkpt>
      <trkpt lat="-41.08453" lon="175.18157">
        <ele>258.5</ele>
      </trkpt>
      <trkpt lat="-41.08468" lon="175.18252">
        <ele>257.6</ele>
      </trkpt>
      <trkpt lat="-41.0847" lon="175.18301">
        <ele>258.7</ele>
      </trkpt>
      <trkpt lat="-41.08472" lon="175.18332">
        <ele>259.6</ele>
      </trkpt>
      <trkpt lat="-41.08485" lon="175.18369">
        <ele>257.6</ele>
      </trkpt>
      <trkpt lat="-41.08507" lon="175.1842">
        <ele>254.3</ele>
      </trkpt>
      <trkpt lat="-41.08512" lon="175.18441">
        <ele>255.5</ele>
      </trkpt>
      <trkpt lat="-41.08511" lon="175.18473">
        <ele>255.8</ele>
      </trkpt>
      <trkpt lat="-41.08511" lon="175.18488">
        <ele>256.1</ele>
      </trkpt>
      <trkpt lat="-41.08513" lon="175.18497">
        <ele>256.6</ele>
      </trkpt>
      <trkpt lat="-41.08509" lon="175.18502">
        <ele>256.0</ele>
      </trkpt>
      <trkpt lat="-41.08497" lon="175.18556">
        <ele>259.2</ele>
      </trkpt>
      <trkpt lat="-41.08495" lon="175.185759">
        <ele>260.6</ele>
      </trkpt>
      <trkpt lat="-41.08496" lon="175.18601">
        <ele>260.9</ele>
      </trkpt>
      <trkpt lat="-41.08502" lon="175.18625">
        <ele>261.2</ele>
      </trkpt>
      <trkpt lat="-41.08513" lon="175.18651">
        <ele>260.9</ele>
      </trkpt>
      <trkpt lat="-41.08527" lon="175.1867">
        <ele>260.0</ele>
      </trkpt>
      <trkpt lat="-41.08546" lon="175.18687">
        <ele>258.0</ele>
      </trkpt>
      <trkpt lat="-41.08558" lon="175.18693">
        <ele>257.5</ele>
      </trkpt>
      <trkpt lat="-41.08578" lon="175.187">
        <ele>257.0</ele>
      </trkpt>
      <trkpt lat="-41.08601" lon="175.18698">
        <ele>256.1</ele>
      </trkpt>
      <trkpt lat="-41.08665" lon="175.18681">
        <ele>253.6</ele>
      </trkpt>
      <trkpt lat="-41.08729" lon="175.18664">
        <ele>258.1</ele>
      </trkpt>
      <trkpt lat="-41.08782" lon="175.18652">
        <ele>259.2</ele>
      </trkpt>
      <trkpt lat="-41.08836" lon="175.18639">
        <ele>258.4</ele>
      </trkpt>
      <trkpt lat="-41.08847" lon="175.18638">
        <ele>257.7</ele>
      </trkpt>
      <trkpt lat="-41.08858" lon="175.18639">
        <ele>256.7</ele>
      </trkpt>
      <trkpt lat="-41.08869" lon="175.18642">
        <ele>255.5</ele>
      </trkpt>
      <trkpt lat="-41.08892" lon="175.18653">
        <ele>253.1</ele>
      </trkpt>
      <trkpt lat="-41.08912" lon="175.18671">
        <ele>252.1</ele>
      </trkpt>
      <trkpt lat="-41.08921" lon="175.186829">
        <ele>253.2</ele>
      </trkpt>
      <trkpt lat="-41.0893" lon="175.187">
        <ele>255.3</ele>
      </trkpt>
      <trkpt lat="-41.08941" lon="175.1873">
        <ele>258.3</ele>
      </trkpt>
      <trkpt lat="-41.08958" lon="175.18805">
        <ele>257.5</ele>
      </trkpt>
      <trkpt lat="-41.089799" lon="175.18876">
        <ele>254.5</ele>
      </trkpt>
      <trkpt lat="-41.08993" lon="175.18908">
        <ele>254.4</ele>
      </trkpt>
      <trkpt lat="-41.09013" lon="175.18939">
        <ele>252.0</ele>
      </trkpt>
      <trkpt lat="-41.09024" lon="175.189609">
        <ele>248.3</ele>
      </trkpt>
      <trkpt lat="-41.09049" lon="175.18972">
        <ele>247.3</ele>
      </trkpt>
      <trkpt lat="-41.09072" lon="175.18972">
        <ele>248.7</ele>
      </trkpt>
      <trkpt lat="-41.091209" lon="175.189609">
        <ele>249.7</ele>
      </trkpt>
      <trkpt lat="-41.09174" lon="175.18942">
        <ele>253.0</ele>
      </trkpt>
      <trkpt lat="-41.09185" lon="175.18941">
        <ele>253.1</ele>
      </trkpt>
      <trkpt lat="-41.09237" lon="175.18941">
        <ele>251.4</ele>
      </trkpt>
      <trkpt lat="-41.09264" lon="175.18933">
        <ele>252.4</ele>
      </trkpt>
      <trkpt lat="-41.093269" lon="175.18902">
        <ele>255.0</ele>
      </trkpt>
      <trkpt lat="-41.09358" lon="175.18896">
        <ele>255.2</ele>
      </trkpt>
      <trkpt lat="-41.09386" lon="175.189">
        <ele>253.3</ele>
      </trkpt>
      <trkpt lat="-41.09417" lon="175.189069">
        <ele>250.6</ele>
      </trkpt>
      <trkpt lat="-41.09462" lon="175.18905">
        <ele>254.5</ele>
      </trkpt>
      <trkpt lat="-41.09521" lon="175.18901">
        <ele>259.8</ele>
      </trkpt>
      <trkpt lat="-41.09545" lon="175.18902">
        <ele>260.5</ele>
      </trkpt>
      <trkpt lat="-41.095619" lon="175.18909">
        <ele>259.1</ele>
      </trkpt>
      <trkpt lat="-41.09583" lon="175.1892">
        <ele>257.1</ele>
      </trkpt>
      <trkpt lat="-41.09626" lon="175.1895">
        <ele>252.8</ele>
      </trkpt>
      <trkpt lat="-41.096469" lon="175.18956">
        <ele>252.7</ele>
      </trkpt>
      <trkpt lat="-41.09668" lon="175.18958">
        <ele>253.4</ele>
      </trkpt>
      <trkpt lat="-41.09689" lon="175.18951">
        <ele>251.4</ele>
      </trkpt>
      <trkpt lat="-41.09709" lon="175.18936">
        <ele>251.1</ele>
      </trkpt>
      <trkpt lat="-41.09753" lon="175.18892">
        <ele>252.7</ele>
      </trkpt>
      <trkpt lat="-41.09776" lon="175.18865">
        <ele>253.5</ele>
      </trkpt>
      <trkpt lat="-41.09785" lon="175.18849">
        <ele>253.9</ele>
      </trkpt>
      <trkpt lat="-41.09793" lon="175.18828">
        <ele>255.1</ele>
      </trkpt>
      <trkpt lat="-41.09808" lon="175.1877">
        <ele>261.7</ele>
      </trkpt>
      <trkpt lat="-41.09816" lon="175.18745">
        <ele>263.6</ele>
      </trkpt>
      <trkpt lat="-41.09826" lon="175.18724">
        <ele>263.0</ele>
      </trkpt>
      <trkpt lat="-41.09839" lon="175.18702">
        <ele>263.0</ele>
      </trkpt>
      <trkpt lat="-41.09858" lon="175.186829">
        <ele>263.1</ele>
      </trkpt>
      <trkpt lat="-41.09877" lon="175.1867">
        <ele>262.5</ele>
      </trkpt>
      <trkpt lat="-41.09894" lon="175.186649">
        <ele>261.1</ele>
      </trkpt>
      <trkpt lat="-41.09911" lon="175.18663">
        <ele>259.4</ele>
      </trkpt>
      <trkpt lat="-41.09945" lon="175.186649">
        <ele>259.1</ele>
      </trkpt>
      <trkpt lat="-41.10019" lon="175.18676">
        <ele>258.7</ele>
      </trkpt>
      <trkpt lat="-41.10048" lon="175.18677">
        <ele>259.2</ele>
      </trkpt>
      <trkpt lat="-41.10066" lon="175.18673">
        <ele>261.2</ele>
      </trkpt>
      <trkpt lat="-41.10093" lon="175.18663">
        <ele>263.6</ele>
      </trkpt>
      <trkpt lat="-41.10167" lon="175.18643">
        <ele>255.1</ele>
      </trkpt>
      <trkpt lat="-41.102559" lon="175.18634">
        <ele>257.1</ele>
      </trkpt>
      <trkpt lat="-41.10304" lon="175.18645">
        <ele>256.4</ele>
      </trkpt>
      <trkpt lat="-41.10334" lon="175.18655">
        <ele>254.8</ele>
      </trkpt>
      <trkpt lat="-41.10362" lon="175.18663">
        <ele>252.5</ele>
      </trkpt>
      <trkpt lat="-41.10393" lon="175.18668">
        <ele>251.5</ele>
      </trkpt>
      <trkpt lat="-41.10409" lon="175.186649">
        <ele>252.4</ele>
      </trkpt>
      <trkpt lat="-41.10465" lon="175.18627">
        <ele>255.1</ele>
      </trkpt>
      <trkpt lat="-41.10489" lon="175.18605">
        <ele>256.4</ele>
      </trkpt>
      <trkpt lat="-41.10516" lon="175.185759">
        <ele>258.0</ele>
      </trkpt>
      <trkpt lat="-41.10549" lon="175.18525">
        <ele>261.6</ele>
      </trkpt>
      <trkpt lat="-41.10583" lon="175.18474">
        <ele>260.3</ele>
      </trkpt>
      <trkpt lat="-41.106" lon="175.18444">
        <ele>264.7</ele>
      </trkpt>
      <trkpt lat="-41.10621" lon="175.18417">
        <ele>265.3</ele>
      </trkpt>
      <trkpt lat="-41.10644" lon="175.18402">
        <ele>262.5</ele>
      </trkpt>
      <trkpt lat="-41.10711" lon="175.18368">
        <ele>260.2</ele>
      </trkpt>
      <trkpt lat="-41.10778" lon="175.183339">
        <ele>258.1</ele>
      </trkpt>
      <trkpt lat="-41.10823" lon="175.18306">
        <ele>257.7</ele>
      </trkpt>
      <trkpt lat="-41.10868" lon="175.18278">
        <ele>258.2</ele>
      </trkpt>
      <trkpt lat="-41.109229" lon="175.18247">
        <ele>256.9</ele>
      </trkpt>
      <trkpt lat="-41.10949" lon="175.18237">
        <ele>259.4</ele>
      </trkpt>
      <trkpt lat="-41.10972" lon="175.18234">
        <ele>259.2</ele>
      </trkpt>
      <trkpt lat="-41.10995" lon="175.18236">
        <ele>257.3</ele>
      </trkpt>
      <trkpt lat="-41.11037" lon="175.18243">
        <ele>254.1</ele>
      </trkpt>
      <trkpt lat="-41.11054" lon="175.18243">
        <ele>253.7</ele>
      </trkpt>
      <trkpt lat="-41.11076" lon="175.18238">
        <ele>254.5</ele>
      </trkpt>
      <trkpt lat="-41.11092" lon="175.18229">
        <ele>255.5</ele>
      </trkpt>
      <trkpt lat="-41.11109" lon="175.18214">
        <ele>256.2</ele>
      </trkpt>
      <trkpt lat="-41.11119" lon="175.181999">
        <ele>257.0</ele>
      </trkpt>
      <trkpt lat="-41.111289" lon="175.181819">
        <ele>257.8</ele>
      </trkpt>
      <trkpt lat="-41.11144" lon="175.181369">
        <ele>262.0</ele>
      </trkpt>
      <trkpt lat="-41.11166" lon="175.18061">
        <ele>267.1</ele>
      </trkpt>
      <trkpt lat="-41.11184" lon="175.18026">
        <ele>267.8</ele>
      </trkpt>
      <trkpt lat="-41.112319" lon="175.1796">
        <ele>261.2</ele>
      </trkpt>
      <trkpt lat="-41.11281" lon="175.17893">
        <ele>263.0</ele>
      </trkpt>
      <trkpt lat="-41.11292" lon="175.17881">
        <ele>263.6</ele>
      </trkpt>
      <trkpt lat="-41.11304" lon="175.17872">
        <ele>262.8</ele>
      </trkpt>
      <trkpt lat="-41.11323" lon="175.17862">
        <ele>260.1</ele>
      </trkpt>
      <trkpt lat="-41.11383" lon="175.17834">
        <ele>257.2</ele>
      </trkpt>
      <trkpt lat="-41.11444" lon="175.17805">
        <ele>258.1</ele>
      </trkpt>
      <trkpt lat="-41.11504" lon="175.17776">
        <ele>261.0</ele>
      </trkpt>
      <trkpt lat="-41.11572" lon="175.17755">
        <ele>257.7</ele>
      </trkpt>
      <trkpt lat="-41.1158" lon="175.17759">
        <ele>258.6</ele>
      </trkpt>
      <trkpt lat="-41.11586" lon="175.17769">
        <ele>259.6</ele>
      </trkpt>
      <trkpt lat="-41.11597" lon="175.17773">
        <ele>260.8</ele>
      </trkpt>
      <trkpt lat="-41.11618" lon="175.17778">
        <ele>263.1</ele>
      </trkpt>
      <trkpt lat="-41.116259" lon="175.17783">
        <ele>264.4</ele>
      </trkpt>
      <trkpt lat="-41.116459" lon="175.17807">
        <ele>265.4</ele>
      </trkpt>
      <trkpt lat="-41.11667" lon="175.17843">
        <ele>264.1</ele>
      </trkpt>
      <trkpt lat="-41.11685" lon="175.17869">
        <ele>268.7</ele>
      </trkpt>
      <trkpt lat="-41.11697" lon="175.17884">
        <ele>271.1</ele>
      </trkpt>
      <trkpt lat="-41.117109" lon="175.17896">
        <ele>274.0</ele>
      </trkpt>
      <trkpt lat="-41.11725" lon="175.17915">
        <ele>274.6</ele>
      </trkpt>
      <trkpt lat="-41.1174" lon="175.17945">
        <ele>274.4</ele>
      </trkpt>
      <trkpt lat="-41.11747" lon="175.17968">
        <ele>271.7</ele>
      </trkpt>
      <trkpt lat="-41.11754" lon="175.18">
        <ele>268.2</ele>
      </trkpt>
      <trkpt lat="-41.11755" lon="175.18025">
        <ele>267.8</ele>
      </trkpt>
      <trkpt lat="-41.11762" lon="175.18064">
        <ele>268.7</ele>
      </trkpt>
      <trkpt lat="-41.11771" lon="175.18087">
        <ele>269.3</ele>
      </trkpt>
      <trkpt lat="-41.11777" lon="175.18098">
        <ele>269.6</ele>
      </trkpt>
      <trkpt lat="-41.11785" lon="175.18108">
        <ele>269.9</ele>
      </trkpt>
      <trkpt lat="-41.11802" lon="175.181279">
        <ele>270.7</ele>
      </trkpt>
      <trkpt lat="-41.11819" lon="175.18138">
        <ele>270.7</ele>
      </trkpt>
      <trkpt lat="-41.11832" lon="175.18142">
        <ele>271.0</ele>
      </trkpt>
      <trkpt lat="-41.11862" lon="175.18142">
        <ele>272.7</ele>
      </trkpt>
      <trkpt lat="-41.11904" lon="175.18152">
        <ele>270.9</ele>
      </trkpt>
      <trkpt lat="-41.11915" lon="175.18156">
        <ele>269.6</ele>
      </trkpt>
      <trkpt lat="-41.1192" lon="175.18159">
        <ele>269.2</ele>
      </trkpt>
      <trkpt lat="-41.1195" lon="175.18181">
        <ele>273.5</ele>
      </trkpt>
      <trkpt lat="-41.12007" lon="175.18242">
        <ele>272.7</ele>
      </trkpt>
      <trkpt lat="-41.12026" lon="175.182709">
        <ele>280.5</ele>
      </trkpt>
      <trkpt lat="-41.12056" lon="175.18347">
        <ele>277.5</ele>
      </trkpt>
      <trkpt lat="-41.120869" lon="175.18442">
        <ele>268.6</ele>
      </trkpt>
      <trkpt lat="-41.12109" lon="175.185039">
        <ele>269.0</ele>
      </trkpt>
      <trkpt lat="-41.12115" lon="175.18528">
        <ele>270.3</ele>
      </trkpt>
      <trkpt lat="-41.12129" lon="175.18564">
        <ele>272.1</ele>
      </trkpt>
      <trkpt lat="-41.12142" lon="175.18589">
        <ele>272.8</ele>
      </trkpt>
      <trkpt lat="-41.12176" lon="175.18626">
        <ele>271.2</ele>
      </trkpt>
      <trkpt lat="-41.12195" lon="175.18642">
        <ele>272.6</ele>
      </trkpt>
      <trkpt lat="-41.12254" lon="175.18677">
        <ele>276.9</ele>
      </trkpt>
      <trkpt lat="-41.12312" lon="175.18713">
        <ele>288.6</ele>
      </trkpt>
      <trkpt lat="-41.12334" lon="175.1873">
        <ele>285.6</ele>
      </trkpt>
      <trkpt lat="-41.123489" lon="175.18744">
        <ele>288.8</ele>
      </trkpt>
      <trkpt lat="-41.12374" lon="175.18776">
        <ele>297.2</ele>
      </trkpt>
      <trkpt lat="-41.12398" lon="175.18824">
        <ele>293.1</ele>
      </trkpt>
      <trkpt lat="-41.12416" lon="175.18867">
        <ele>285.8</ele>
      </trkpt>
      <trkpt lat="-41.12421" lon="175.18904">
        <ele>281.8</ele>
      </trkpt>
      <trkpt lat="-41.12421" lon="175.18937">
        <ele>281.4</ele>
      </trkpt>
      <trkpt lat="-41.12419" lon="175.18956">
        <ele>281.1</ele>
      </trkpt>
      <trkpt lat="-41.1241" lon="175.189879">
        <ele>280.7</ele>
      </trkpt>
      <trkpt lat="-41.12403" lon="175.19011">
        <ele>280.5</ele>
      </trkpt>
      <trkpt lat="-41.12393" lon="175.19028">
        <ele>283.2</ele>
      </trkpt>
      <trkpt lat="-41.1238" lon="175.19044">
        <ele>285.9</ele>
      </trkpt>
      <trkpt lat="-41.12356" lon="175.19069">
        <ele>288.5</ele>
      </trkpt>
      <trkpt lat="-41.123" lon="175.19157">
        <ele>294.0</ele>
      </trkpt>
      <trkpt lat="-41.12285" lon="175.19193">
        <ele>294.8</ele>
      </trkpt>
      <trkpt lat="-41.12275" lon="175.19227">
        <ele>295.7</ele>
      </trkpt>
      <trkpt lat="-41.12259" lon="175.19318">
        <ele>290.5</ele>
      </trkpt>
      <trkpt lat="-41.12257" lon="175.19356">
        <ele>290.7</ele>
      </trkpt>
      <trkpt lat="-41.1226" lon="175.19396">
        <ele>293.8</ele>
      </trkpt>
      <trkpt lat="-41.1228" lon="175.19506">
        <ele>300.0</ele>
      </trkpt>
      <trkpt lat="-41.12283" lon="175.19531">
        <ele>298.6</ele>
      </trkpt>
      <trkpt lat="-41.12277" lon="175.19591">
        <ele>295.3</ele>
      </trkpt>
      <trkpt lat="-41.1227" lon="175.1963">
        <ele>292.1</ele>
      </trkpt>
      <trkpt lat="-41.12267" lon="175.19665">
        <ele>289.1</ele>
      </trkpt>
      <trkpt lat="-41.12271" lon="175.19714">
        <ele>287.1</ele>
      </trkpt>
      <trkpt lat="-41.1228" lon="175.19739">
        <ele>286.1</ele>
      </trkpt>
      <trkpt lat="-41.122929" lon="175.19765">
        <ele>284.9</ele>
      </trkpt>
      <trkpt lat="-41.12316" lon="175.19786">
        <ele>285.8</ele>
      </trkpt>
      <trkpt lat="-41.1233" lon="175.19793">
        <ele>286.4</ele>
      </trkpt>
      <trkpt lat="-41.12346" lon="175.19798">
        <ele>286.8</ele>
      </trkpt>
      <trkpt lat="-41.12363" lon="175.198">
        <ele>287.2</ele>
      </trkpt>
      <trkpt lat="-41.12367" lon="175.198">
        <ele>287.3</ele>
      </trkpt>
      <trkpt lat="-41.124519" lon="175.19775">
        <ele>289.6</ele>
      </trkpt>
      <trkpt lat="-41.12538" lon="175.19751">
        <ele>292.2</ele>
      </trkpt>
      <trkpt lat="-41.12624" lon="175.19726">
        <ele>296.3</ele>
      </trkpt>
      <trkpt lat="-41.1271" lon="175.19702">
        <ele>300.9</ele>
      </trkpt>
      <trkpt lat="-41.12796" lon="175.196769">
        <ele>303.8</ele>
      </trkpt>
      <trkpt lat="-41.12869" lon="175.19662">
        <ele>304.4</ele>
      </trkpt>
      <trkpt lat="-41.12942" lon="175.19646">
        <ele>307.4</ele>
      </trkpt>
      <trkpt lat="-41.12999" lon="175.1962">
        <ele>307.8</ele>
      </trkpt>
      <trkpt lat="-41.13062" lon="175.19589">
        <ele>305.0</ele>
      </trkpt>
      <trkpt lat="-41.13125" lon="175.19557">
        <ele>304.2</ele>
      </trkpt>
      <trkpt lat="-41.13149" lon="175.19529">
        <ele>304.7</ele>
      </trkpt>
      <trkpt lat="-41.13165" lon="175.19502">
        <ele>306.7</ele>
      </trkpt>
      <trkpt lat="-41.13185" lon="175.19448">
        <ele>309.8</ele>
      </trkpt>
      <trkpt lat="-41.13206" lon="175.19382">
        <ele>316.0</ele>
      </trkpt>
      <trkpt lat="-41.13217" lon="175.193">
        <ele>317.7</ele>
      </trkpt>
      <trkpt lat="-41.13224" lon="175.19201">
        <ele>314.0</ele>
      </trkpt>
      <trkpt lat="-41.13235" lon="175.19169">
        <ele>312.7</ele>
      </trkpt>
      <trkpt lat="-41.13248" lon="175.191399">
        <ele>312.1</ele>
      </trkpt>
      <trkpt lat="-41.13271" lon="175.191039">
        <ele>320.9</ele>
      </trkpt>
      <trkpt lat="-41.13281" lon="175.1908">
        <ele>323.5</ele>
      </trkpt>
      <trkpt lat="-41.132869" lon="175.190499">
        <ele>324.9</ele>
      </trkpt>
      <trkpt lat="-41.13291" lon="175.18957">
        <ele>318.2</ele>
      </trkpt>
      <trkpt lat="-41.13296" lon="175.18908">
        <ele>315.6</ele>
      </trkpt>
      <trkpt lat="-41.13303" lon="175.18885">
        <ele>316.4</ele>
      </trkpt>
      <trkpt lat="-41.13314" lon="175.18867">
        <ele>317.9</ele>
      </trkpt>
      <trkpt lat="-41.13333" lon="175.18845">
        <ele>318.7</ele>
      </trkpt>
      <trkpt lat="-41.13356" lon="175.18832">
        <ele>319.7</ele>
      </trkpt>
      <trkpt lat="-41.13376" lon="175.18823">
        <ele>320.4</ele>
      </trkpt>
      <trkpt lat="-41.13415" lon="175.18811">
        <ele>321.7</ele>
      </trkpt>
      <trkpt lat="-41.13429" lon="175.18803">
        <ele>324.4</ele>
      </trkpt>
      <trkpt lat="-41.13445" lon="175.18789">
        <ele>326.4</ele>
      </trkpt>
      <trkpt lat="-41.13463" lon="175.18759">
        <ele>323.7</ele>
      </trkpt>
      <trkpt lat="-41.13483" lon="175.187189">
        <ele>321.6</ele>
      </trkpt>
      <trkpt lat="-41.13498" lon="175.187009">
        <ele>320.3</ele>
      </trkpt>
      <trkpt lat="-41.1351" lon="175.18693">
        <ele>319.6</ele>
      </trkpt>
      <trkpt lat="-41.13536" lon="175.186829">
        <ele>320.5</ele>
      </trkpt>
      <trkpt lat="-41.13552" lon="175.18681">
        <ele>322.6</ele>
      </trkpt>
      <trkpt lat="-41.13567" lon="175.18681">
        <ele>325.3</ele>
      </trkpt>
      <trkpt lat="-41.13604" lon="175.18697">
        <ele>329.7</ele>
      </trkpt>
      <trkpt lat="-41.1365" lon="175.1873">
        <ele>333.2</ele>
      </trkpt>
      <trkpt lat="-41.13678" lon="175.18747">
        <ele>333.3</ele>
      </trkpt>
      <trkpt lat="-41.137009" lon="175.18778">
        <ele>332.1</ele>
      </trkpt>
      <trkpt lat="-41.13708" lon="175.18792">
        <ele>331.9</ele>
      </trkpt>
      <trkpt lat="-41.13716" lon="175.18821">
        <ele>333.4</ele>
      </trkpt>
      <trkpt lat="-41.1372" lon="175.18844">
        <ele>334.6</ele>
      </trkpt>
      <trkpt lat="-41.13723" lon="175.18971">
        <ele>347.7</ele>
      </trkpt>
      <trkpt lat="-41.13739" lon="175.19035">
        <ele>351.8</ele>
      </trkpt>
      <trkpt lat="-41.13738" lon="175.19043">
        <ele>354.7</ele>
      </trkpt>
      <trkpt lat="-41.13734" lon="175.19051">
        <ele>358.8</ele>
      </trkpt>
      <trkpt lat="-41.13733" lon="175.190589">
        <ele>361.4</ele>
      </trkpt>
      <trkpt lat="-41.13736" lon="175.19066">
        <ele>362.1</ele>
      </trkpt>
      <trkpt lat="-41.13747" lon="175.19069">
        <ele>358.6</ele>
      </trkpt>
      <trkpt lat="-41.13763" lon="175.19066">
        <ele>353.6</ele>
      </trkpt>
      <trkpt lat="-41.13771" lon="175.19066">
        <ele>351.9</ele>
      </trkpt>
      <trkpt lat="-41.13801" lon="175.19079">
        <ele>349.6</ele>
      </trkpt>
      <trkpt lat="-41.13859" lon="175.19079">
        <ele>341.7</ele>
      </trkpt>
      <trkpt lat="-41.1391" lon="175.19074">
        <ele>338.1</ele>
      </trkpt>
      <trkpt lat="-41.13946" lon="175.19081">
        <ele>334.8</ele>
      </trkpt>
      <trkpt lat="-41.13958" lon="175.19088">
        <ele>335.1</ele>
      </trkpt>
      <trkpt lat="-41.13971" lon="175.19098">
        <ele>336.6</ele>
      </trkpt>
      <trkpt lat="-41.13988" lon="175.19118">
        <ele>340.6</ele>
      </trkpt>
      <trkpt lat="-41.14022" lon="175.19168">
        <ele>348.4</ele>
      </trkpt>
      <trkpt lat="-41.14055" lon="175.19217">
        <ele>354.1</ele>
      </trkpt>
      <trkpt lat="-41.14078" lon="175.19239">
        <ele>351.9</ele>
      </trkpt>
      <trkpt lat="-41.14106" lon="175.19254">
        <ele>350.3</ele>
      </trkpt>
      <trkpt lat="-41.14121" lon="175.19259">
        <ele>349.4</ele>
      </trkpt>
      <trkpt lat="-41.14173" lon="175.19268">
        <ele>344.3</ele>
      </trkpt>
      <trkpt lat="-41.14187" lon="175.19275">
        <ele>346.5</ele>
      </trkpt>
      <trkpt lat="-41.14205" lon="175.19295">
        <ele>350.4</ele>
      </trkpt>
      <trkpt lat="-41.142159" lon="175.19312">
        <ele>351.9</ele>
      </trkpt>
      <trkpt lat="-41.14226" lon="175.19333">
        <ele>352.5</ele>
      </trkpt>
      <trkpt lat="-41.14233" lon="175.19371">
        <ele>352.7</ele>
      </trkpt>
      <trkpt lat="-41.14232" lon="175.19398">
        <ele>354.7</ele>
      </trkpt>
      <trkpt lat="-41.14228" lon="175.19423">
        <ele>356.5</ele>
      </trkpt>
      <trkpt lat="-41.14219" lon="175.19447">
        <ele>356.5</ele>
      </trkpt>
      <trkpt lat="-41.14203" lon="175.19478">
        <ele>356.2</ele>
      </trkpt>
      <trkpt lat="-41.1415" lon="175.19564">
        <ele>350.8</ele>
      </trkpt>
      <trkpt lat="-41.14141" lon="175.19589">
        <ele>348.1</ele>
      </trkpt>
      <trkpt lat="-41.14134" lon="175.19617">
        <ele>350.2</ele>
      </trkpt>
      <trkpt lat="-41.14131" lon="175.19647">
        <ele>351.8</ele>
      </trkpt>
      <trkpt lat="-41.14133" lon="175.19671">
        <ele>353.0</ele>
      </trkpt>
      <trkpt lat="-41.14136" lon="175.1969">
        <ele>354.7</ele>
      </trkpt>
      <trkpt lat="-41.1415" lon="175.19734">
        <ele>357.5</ele>
      </trkpt>
      <trkpt lat="-41.14173" lon="175.1977">
        <ele>360.9</ele>
      </trkpt>
      <trkpt lat="-41.14192" lon="175.19787">
        <ele>364.1</ele>
      </trkpt>
      <trkpt lat="-41.14227" lon="175.19805">
        <ele>366.4</ele>
      </trkpt>
      <trkpt lat="-41.14246" lon="175.19807">
        <ele>366.2</ele>
      </trkpt>
      <trkpt lat="-41.14261" lon="175.19806">
        <ele>366.8</ele>
      </trkpt>
      <trkpt lat="-41.14279" lon="175.19801">
        <ele>367.3</ele>
      </trkpt>
      <trkpt lat="-41.14289" lon="175.19798">
        <ele>367.6</ele>
      </trkpt>
      <trkpt lat="-41.14364" lon="175.19755">
        <ele>365.5</ele>
      </trkpt>
      <trkpt lat="-41.14393" lon="175.19734">
        <ele>363.7</ele>
      </trkpt>
      <trkpt lat="-41.14476" lon="175.196949">
        <ele>363.7</ele>
      </trkpt>
      <trkpt lat="-41.14513" lon="175.19684">
        <ele>365.2</ele>
      </trkpt>
      <trkpt lat="-41.14533" lon="175.19672">
        <ele>365.1</ele>
      </trkpt>
      <trkpt lat="-41.14578" lon="175.19657">
        <ele>368.9</ele>
      </trkpt>
      <trkpt lat="-41.14615" lon="175.19651">
        <ele>368.5</ele>
      </trkpt>
      <trkpt lat="-41.14699" lon="175.1964">
        <ele>367.7</ele>
      </trkpt>
      <trkpt lat="-41.14784" lon="175.19629">
        <ele>366.8</ele>
      </trkpt>
      <trkpt lat="-41.14868" lon="175.19618">
        <ele>366.0</ele>
      </trkpt>
      <trkpt lat="-41.14953" lon="175.19606">
        <ele>365.2</ele>
      </trkpt>
      <trkpt lat="-41.15037" lon="175.19595">
        <ele>364.4</ele>
      </trkpt>
      <trkpt lat="-41.15122" lon="175.19584">
        <ele>363.5</ele>
      </trkpt>
      <trkpt lat="-41.15202" lon="175.19566">
        <ele>362.8</ele>
      </trkpt>
      <trkpt lat="-41.15215" lon="175.19554">
        <ele>360.0</ele>
      </trkpt>
      <trkpt lat="-41.15224" lon="175.19549">
        <ele>357.8</ele>
      </trkpt>
      <trkpt lat="-41.15307" lon="175.19549">
        <ele>341.0</ele>
      </trkpt>
      <trkpt lat="-41.15325" lon="175.19547">
        <ele>337.3</ele>
      </trkpt>
      <trkpt lat="-41.15336" lon="175.19546">
        <ele>335.2</ele>
      </trkpt>
      <trkpt lat="-41.1536" lon="175.19536">
        <ele>330.6</ele>
      </trkpt>
      <trkpt lat="-41.15388" lon="175.195339">
        <ele>327.4</ele>
      </trkpt>
      <trkpt lat="-41.15416" lon="175.195429">
        <ele>326.9</ele>
      </trkpt>
      <trkpt lat="-41.15431" lon="175.19551">
        <ele>323.6</ele>
      </trkpt>
      <trkpt lat="-41.15438" lon="175.19557">
        <ele>322.3</ele>
      </trkpt>
      <trkpt lat="-41.1545" lon="175.19573">
        <ele>320.9</ele>
      </trkpt>
      <trkpt lat="-41.1547" lon="175.1961">
        <ele>322.6</ele>
      </trkpt>
      <trkpt lat="-41.15477" lon="175.19618">
        <ele>322.2</ele>
      </trkpt>
      <trkpt lat="-41.15485" lon="175.19626">
        <ele>321.6</ele>
      </trkpt>
      <trkpt lat="-41.15529" lon="175.19662">
        <ele>318.4</ele>
      </trkpt>
      <trkpt lat="-41.15545" lon="175.19682">
        <ele>317.1</ele>
      </trkpt>
      <trkpt lat="-41.15581" lon="175.19748">
        <ele>311.0</ele>
      </trkpt>
      <trkpt lat="-41.15613" lon="175.19812">
        <ele>307.1</ele>
      </trkpt>
      <trkpt lat="-41.1564" lon="175.19871">
        <ele>304.3</ele>
      </trkpt>
      <trkpt lat="-41.15646" lon="175.198919">
        <ele>305.5</ele>
      </trkpt>
      <trkpt lat="-41.15647" lon="175.19925">
        <ele>302.6</ele>
      </trkpt>
      <trkpt lat="-41.15649" lon="175.1999">
        <ele>297.1</ele>
      </trkpt>
      <trkpt lat="-41.1565" lon="175.20055">
        <ele>291.6</ele>
      </trkpt>
      <trkpt lat="-41.15658" lon="175.20082">
        <ele>291.5</ele>
      </trkpt>
      <trkpt lat="-41.15664" lon="175.20086">
        <ele>291.4</ele>
      </trkpt>
      <trkpt lat="-41.15735" lon="175.201339">
        <ele>291.0</ele>
      </trkpt>
      <trkpt lat="-41.15745" lon="175.20139">
        <ele>290.9</ele>
      </trkpt>
      <trkpt lat="-41.15754" lon="175.20139">
        <ele>290.9</ele>
      </trkpt>
      <trkpt lat="-41.157739" lon="175.20132">
        <ele>294.7</ele>
      </trkpt>
      <trkpt lat="-41.15792" lon="175.20114">
        <ele>291.5</ele>
      </trkpt>
      <trkpt lat="-41.15831" lon="175.200619">
        <ele>280.2</ele>
      </trkpt>
      <trkpt lat="-41.15869" lon="175.19974">
        <ele>267.4</ele>
      </trkpt>
      <trkpt lat="-41.15879" lon="175.19957">
        <ele>265.5</ele>
      </trkpt>
      <trkpt lat="-41.15903" lon="175.19934">
        <ele>265.0</ele>
      </trkpt>
      <trkpt lat="-41.15921" lon="175.19924">
        <ele>266.4</ele>
      </trkpt>
      <trkpt lat="-41.15937" lon="175.19911">
        <ele>266.0</ele>
      </trkpt>
      <trkpt lat="-41.15978" lon="175.19868">
        <ele>259.5</ele>
      </trkpt>
      <trkpt lat="-41.15998" lon="175.19852">
        <ele>257.3</ele>
      </trkpt>
      <trkpt lat="-41.16008" lon="175.19846">
        <ele>255.4</ele>
      </trkpt>
      <trkpt lat="-41.16019" lon="175.19842">
        <ele>254.4</ele>
      </trkpt>
      <trkpt lat="-41.160469" lon="175.19842">
        <ele>257.0</ele>
      </trkpt>
      <trkpt lat="-41.160739" lon="175.19852">
        <ele>257.9</ele>
      </trkpt>
      <trkpt lat="-41.160939" lon="175.19867">
        <ele>258.8</ele>
      </trkpt>
      <trkpt lat="-41.1612" lon="175.19902">
        <ele>260.1</ele>
      </trkpt>
      <trkpt lat="-41.16134" lon="175.19909">
        <ele>260.6</ele>
      </trkpt>
      <trkpt lat="-41.16172" lon="175.19904">
        <ele>262.0</ele>
      </trkpt>
      <trkpt lat="-41.16184" lon="175.19905">
        <ele>263.6</ele>
      </trkpt>
      <trkpt lat="-41.16199" lon="175.19909">
        <ele>266.3</ele>
      </trkpt>
      <trkpt lat="-41.16203" lon="175.19909">
        <ele>266.8</ele>
      </trkpt>
      <trkpt lat="-41.16211" lon="175.19891">
        <ele>263.0</ele>
      </trkpt>
      <trkpt lat="-41.1623" lon="175.19868">
        <ele>258.0</ele>
      </trkpt>
      <trkpt lat="-41.16236" lon="175.19858">
        <ele>255.3</ele>
      </trkpt>
      <trkpt lat="-41.16248" lon="175.198289">
        <ele>247.1</ele>
      </trkpt>
      <trkpt lat="-41.16254" lon="175.19805">
        <ele>244.1</ele>
      </trkpt>
      <trkpt lat="-41.16258" lon="175.19745">
        <ele>232.7</ele>
      </trkpt>
      <trkpt lat="-41.16261" lon="175.19727">
        <ele>227.9</ele>
      </trkpt>
      <trkpt lat="-41.16266" lon="175.197129">
        <ele>224.7</ele>
      </trkpt>
      <trkpt lat="-41.16287" lon="175.1968">
        <ele>218.3</ele>
      </trkpt>
      <trkpt lat="-41.16298" lon="175.1967">
        <ele>216.8</ele>
      </trkpt>
      <trkpt lat="-41.16311" lon="175.19661">
        <ele>215.7</ele>
      </trkpt>
      <trkpt lat="-41.16331" lon="175.19654">
        <ele>216.1</ele>
      </trkpt>
      <trkpt lat="-41.16366" lon="175.19648">
        <ele>215.1</ele>
      </trkpt>
      <trkpt lat="-41.16444" lon="175.1963">
        <ele>208.8</ele>
      </trkpt>
      <trkpt lat="-41.16523" lon="175.19612">
        <ele>201.8</ele>
      </trkpt>
      <trkpt lat="-41.16534" lon="175.19612">
        <ele>201.1</ele>
      </trkpt>
      <trkpt lat="-41.16547" lon="175.19616">
        <ele>201.5</ele>
      </trkpt>
      <trkpt lat="-41.16568" lon="175.19625">
        <ele>202.4</ele>
      </trkpt>
      <trkpt lat="-41.16579" lon="175.19634">
        <ele>203.6</ele>
      </trkpt>
      <trkpt lat="-41.16589" lon="175.19646">
        <ele>205.3</ele>
      </trkpt>
      <trkpt lat="-41.16605" lon="175.1967">
        <ele>207.0</ele>
      </trkpt>
      <trkpt lat="-41.16651" lon="175.19746">
        <ele>199.1</ele>
      </trkpt>
      <trkpt lat="-41.16696" lon="175.19822">
        <ele>199.5</ele>
      </trkpt>
      <trkpt lat="-41.1671" lon="175.198379">
        <ele>197.4</ele>
      </trkpt>
      <trkpt lat="-41.16729" lon="175.19852">
        <ele>193.8</ele>
      </trkpt>
      <trkpt lat="-41.16752" lon="175.19858">
        <ele>187.8</ele>
      </trkpt>
      <trkpt lat="-41.16811" lon="175.19859">
        <ele>179.8</ele>
      </trkpt>
      <trkpt lat="-41.16827" lon="175.19863">
        <ele>178.9</ele>
      </trkpt>
      <trkpt lat="-41.16842" lon="175.19871">
        <ele>177.3</ele>
      </trkpt>
      <trkpt lat="-41.16852" lon="175.1988">
        <ele>176.1</ele>
      </trkpt>
      <trkpt lat="-41.16865" lon="175.19894">
        <ele>174.6</ele>
      </trkpt>
      <trkpt lat="-41.16877" lon="175.19914">
        <ele>174.4</ele>
      </trkpt>
      <trkpt lat="-41.16894" lon="175.19947">
        <ele>176.6</ele>
      </trkpt>
      <trkpt lat="-41.16906" lon="175.19966">
        <ele>177.0</ele>
      </trkpt>
      <trkpt lat="-41.16943" lon="175.20015">
        <ele>171.8</ele>
      </trkpt>
      <trkpt lat="-41.16949" lon="175.20025">
        <ele>169.9</ele>
      </trkpt>
      <trkpt lat="-41.16953" lon="175.20036">
        <ele>169.1</ele>
      </trkpt>
      <trkpt lat="-41.16959" lon="175.20064">
        <ele>168.7</ele>
      </trkpt>
      <trkpt lat="-41.16963" lon="175.20141">
        <ele>169.1</ele>
      </trkpt>
      <trkpt lat="-41.16965" lon="175.20165">
        <ele>168.0</ele>
      </trkpt>
      <trkpt lat="-41.16974" lon="175.20194">
        <ele>161.5</ele>
      </trkpt>
      <trkpt lat="-41.16977" lon="175.20212">
        <ele>159.5</ele>
      </trkpt>
      <trkpt lat="-41.16979" lon="175.20239">
        <ele>158.3</ele>
      </trkpt>
      <trkpt lat="-41.16975" lon="175.20273">
        <ele>159.0</ele>
      </trkpt>
      <trkpt lat="-41.1696" lon="175.20339">
        <ele>163.4</ele>
      </trkpt>
      <trkpt lat="-41.16956" lon="175.20366">
        <ele>164.2</ele>
      </trkpt>
      <trkpt lat="-41.16957" lon="175.20398">
        <ele>161.2</ele>
      </trkpt>
      <trkpt lat="-41.16962" lon="175.20435">
        <ele>154.1</ele>
      </trkpt>
      <trkpt lat="-41.16962" lon="175.20448">
        <ele>152.3</ele>
      </trkpt>
      <trkpt lat="-41.16953" lon="175.2056">
        <ele>141.9</ele>
      </trkpt>
      <trkpt lat="-41.16946" lon="175.20604">
        <ele>138.3</ele>
      </trkpt>
      <trkpt lat="-41.16925" lon="175.206529">
        <ele>135.8</ele>
      </trkpt>
      <trkpt lat="-41.16908" lon="175.206889">
        <ele>134.1</ele>
      </trkpt>
      <trkpt lat="-41.16884" lon="175.20747">
        <ele>130.7</ele>
      </trkpt>
      <trkpt lat="-41.16859" lon="175.208049">
        <ele>131.0</ele>
      </trkpt>
      <trkpt lat="-41.16852" lon="175.20858">
        <ele>124.8</ele>
      </trkpt>
      <trkpt lat="-41.16848" lon="175.2095">
        <ele>115.2</ele>
      </trkpt>
      <trkpt lat="-41.168439" lon="175.20978">
        <ele>113.9</ele>
      </trkpt>
      <trkpt lat="-41.16836" lon="175.21019">
        <ele>110.7</ele>
      </trkpt>
      <trkpt lat="-41.16813" lon="175.21055">
        <ele>108.7</ele>
      </trkpt>
      <trkpt lat="-41.16799" lon="175.21073">
        <ele>107.8</ele>
      </trkpt>
      <trkpt lat="-41.16764" lon="175.21109">
        <ele>107.6</ele>
      </trkpt>
      <trkpt lat="-41.16751" lon="175.21134">
        <ele>106.2</ele>
      </trkpt>
      <trkpt lat="-41.16742" lon="175.21163">
        <ele>106.0</ele>
      </trkpt>
      <trkpt lat="-41.16739" lon="175.21186">
        <ele>106.7</ele>
      </trkpt>
      <trkpt lat="-41.16743" lon="175.212169">
        <ele>104.8</ele>
      </trkpt>
      <trkpt lat="-41.16754" lon="175.21256">
        <ele>101.2</ele>
      </trkpt>
      <trkpt lat="-41.16764" lon="175.21286">
        <ele>98.7</ele>
      </trkpt>
      <trkpt lat="-41.16766" lon="175.21318">
        <ele>97.3</ele>
      </trkpt>
      <trkpt lat="-41.16761" lon="175.21351">
        <ele>94.8</ele>
      </trkpt>
      <trkpt lat="-41.16756" lon="175.2137">
        <ele>92.3</ele>
      </trkpt>
      <trkpt lat="-41.16736" lon="175.21417">
        <ele>91.9</ele>
      </trkpt>
      <trkpt lat="-41.16733" lon="175.21431">
        <ele>92.5</ele>
      </trkpt>
      <trkpt lat="-41.16727" lon="175.21473">
        <ele>92.6</ele>
      </trkpt>
      <trkpt lat="-41.16724" lon="175.2151">
        <ele>91.7</ele>
      </trkpt>
      <trkpt lat="-41.16713" lon="175.2158">
        <ele>93.2</ele>
      </trkpt>
      <trkpt lat="-41.16717" lon="175.21587">
        <ele>91.7</ele>
      </trkpt>
      <trkpt lat="-41.16721" lon="175.21587">
        <ele>90.5</ele>
      </trkpt>
      <trkpt lat="-41.16748" lon="175.21586">
        <ele>82.5</ele>
      </trkpt>
      <trkpt lat="-41.16762" lon="175.21598">
        <ele>83.3</ele>
      </trkpt>
      <trkpt lat="-41.16798" lon="175.215929">
        <ele>88.1</ele>
      </trkpt>
      <trkpt lat="-41.16811" lon="175.21592">
        <ele>89.9</ele>
      </trkpt>
      <trkpt lat="-41.16813" lon="175.21587">
        <ele>90.5</ele>
      </trkpt>
      <trkpt lat="-41.16814" lon="175.21587">
        <ele>90.6</ele>
      </trkpt>
      <trkpt lat="-41.16817" lon="175.215929">
        <ele>91.4</ele>
      </trkpt>
      <trkpt lat="-41.16819" lon="175.21594">
        <ele>91.6</ele>
      </trkpt>
      <trkpt lat="-41.16824" lon="175.21592">
        <ele>92.4</ele>
      </trkpt>
      <trkpt lat="-41.16832" lon="175.216">
        <ele>93.2</ele>
      </trkpt>
      <trkpt lat="-41.168349" lon="175.21616">
        <ele>93.6</ele>
      </trkpt>
      <trkpt lat="-41.168349" lon="175.21631">
        <ele>93.1</ele>
      </trkpt>
      <trkpt lat="-41.1683" lon="175.21666">
        <ele>90.6</ele>
      </trkpt>
      <trkpt lat="-41.16824" lon="175.21691">
        <ele>90.4</ele>
      </trkpt>
      <trkpt lat="-41.16822" lon="175.21717">
        <ele>90.7</ele>
      </trkpt>
      <trkpt lat="-41.16822" lon="175.21727">
        <ele>91.0</ele>
      </trkpt>
      <trkpt lat="-41.16808" lon="175.21767">
        <ele>89.0</ele>
      </trkpt>
      <trkpt lat="-41.16801" lon="175.21772">
        <ele>87.5</ele>
      </trkpt>
      <trkpt lat="-41.16796" lon="175.21778">
        <ele>86.4</ele>
      </trkpt>
      <trkpt lat="-41.16791" lon="175.21789">
        <ele>85.3</ele>
      </trkpt>
      <trkpt lat="-41.1679" lon="175.21811">
        <ele>85.3</ele>
      </trkpt>
      <trkpt lat="-41.1679" lon="175.21846">
        <ele>86.0</ele>
      </trkpt>
      <trkpt lat="-41.16786" lon="175.21872">
        <ele>85.6</ele>
      </trkpt>
      <trkpt lat="-41.16785" lon="175.21909">
        <ele>86.5</ele>
      </trkpt>
      <trkpt lat="-41.167789" lon="175.21925">
        <ele>84.8</ele>
      </trkpt>
      <trkpt lat="-41.16776" lon="175.21951">
        <ele>84.0</ele>
      </trkpt>
      <trkpt lat="-41.16781" lon="175.2197">
        <ele>85.8</ele>
      </trkpt>
      <trkpt lat="-41.16763" lon="175.22018">
        <ele>80.7</ele>
      </trkpt>
      <trkpt lat="-41.16745" lon="175.2213">
        <ele>80.4</ele>
      </trkpt>
      <trkpt lat="-41.16746" lon="175.22168">
        <ele>82.3</ele>
      </trkpt>
      <trkpt lat="-41.1674" lon="175.222199">
        <ele>82.3</ele>
      </trkpt>
      <trkpt lat="-41.167409" lon="175.22272">
        <ele>83.1</ele>
      </trkpt>
      <trkpt lat="-41.1674" lon="175.222829">
        <ele>82.9</ele>
      </trkpt>
      <trkpt lat="-41.16735" lon="175.22294">
        <ele>81.7</ele>
      </trkpt>
      <trkpt lat="-41.16733" lon="175.2231">
        <ele>81.2</ele>
      </trkpt>
      <trkpt lat="-41.16736" lon="175.22338">
        <ele>81.9</ele>
      </trkpt>
      <trkpt lat="-41.16736" lon="175.22362">
        <ele>82.5</ele>
      </trkpt>
      <trkpt lat="-41.16729" lon="175.22395">
        <ele>81.3</ele>
      </trkpt>
      <trkpt lat="-41.1672" lon="175.22422">
        <ele>79.3</ele>
      </trkpt>
      <trkpt lat="-41.16706" lon="175.2246">
        <ele>76.8</ele>
      </trkpt>
      <trkpt lat="-41.16706" lon="175.22483">
        <ele>77.8</ele>
      </trkpt>
      <trkpt lat="-41.16704" lon="175.22526">
        <ele>80.0</ele>
      </trkpt>
      <trkpt lat="-41.16695" lon="175.22579">
        <ele>79.4</ele>
      </trkpt>
      <trkpt lat="-41.16695" lon="175.22595">
        <ele>80.1</ele>
      </trkpt>
      <trkpt lat="-41.16698" lon="175.226139">
        <ele>82.8</ele>
      </trkpt>
      <trkpt lat="-41.16698" lon="175.2262">
        <ele>83.0</ele>
      </trkpt>
      <trkpt lat="-41.16692" lon="175.22638">
        <ele>79.9</ele>
      </trkpt>
      <trkpt lat="-41.16692" lon="175.22646">
        <ele>80.2</ele>
      </trkpt>
      <trkpt lat="-41.16686" lon="175.22675">
        <ele>77.0</ele>
      </trkpt>
      <trkpt lat="-41.16686" lon="175.22683">
        <ele>77.1</ele>
      </trkpt>
      <trkpt lat="-41.16683" lon="175.22685">
        <ele>75.0</ele>
      </trkpt>
      <trkpt lat="-41.16682" lon="175.22718">
        <ele>74.4</ele>
      </trkpt>
      <trkpt lat="-41.16688" lon="175.22736">
        <ele>78.8</ele>
      </trkpt>
      <trkpt lat="-41.16683" lon="175.22764">
        <ele>75.3</ele>
      </trkpt>
      <trkpt lat="-41.16686" lon="175.22801">
        <ele>77.8</ele>
      </trkpt>
      <trkpt lat="-41.16672" lon="175.2285">
        <ele>68.5</ele>
      </trkpt>
      <trkpt lat="-41.16669" lon="175.22887">
        <ele>68.1</ele>
      </trkpt>
      <trkpt lat="-41.16666" lon="175.22916">
        <ele>67.8</ele>
      </trkpt>
      <trkpt lat="-41.16662" lon="175.22935">
        <ele>69.0</ele>
      </trkpt>
      <trkpt lat="-41.16657" lon="175.22941">
        <ele>68.5</ele>
      </trkpt>
      <trkpt lat="-41.16654" lon="175.2295">
        <ele>68.7</ele>
      </trkpt>
      <trkpt lat="-41.16651" lon="175.23021">
        <ele>72.6</ele>
      </trkpt>
      <trkpt lat="-41.16649" lon="175.23029">
        <ele>72.1</ele>
      </trkpt>
      <trkpt lat="-41.16646" lon="175.23079">
        <ele>71.8</ele>
      </trkpt>
      <trkpt lat="-41.166469" lon="175.23113">
        <ele>72.2</ele>
      </trkpt>
      <trkpt lat="-41.16641" lon="175.23144">
        <ele>70.1</ele>
      </trkpt>
      <trkpt lat="-41.16635" lon="175.23158">
        <ele>68.0</ele>
      </trkpt>
      <trkpt lat="-41.16627" lon="175.23167">
        <ele>65.2</ele>
      </trkpt>
      <trkpt lat="-41.16622" lon="175.232229">
        <ele>68.8</ele>
      </trkpt>
      <trkpt lat="-41.16615" lon="175.23233">
        <ele>66.3</ele>
      </trkpt>
      <trkpt lat="-41.16601" lon="175.23265">
        <ele>61.5</ele>
      </trkpt>
      <trkpt lat="-41.16585" lon="175.23319">
        <ele>55.4</ele>
      </trkpt>
      <trkpt lat="-41.16587" lon="175.23404">
        <ele>54.7</ele>
      </trkpt>
      <trkpt lat="-41.16593" lon="175.23432">
        <ele>56.1</ele>
      </trkpt>
      <trkpt lat="-41.16598" lon="175.23484">
        <ele>52.0</ele>
      </trkpt>
      <trkpt lat="-41.165999" lon="175.23493">
        <ele>51.6</ele>
      </trkpt>
      <trkpt lat="-41.16643" lon="175.23538">
        <ele>57.7</ele>
      </trkpt>
      <trkpt lat="-41.166849" lon="175.23582">
        <ele>54.1</ele>
      </trkpt>
      <trkpt lat="-41.16707" lon="175.23604">
        <ele>53.5</ele>
      </trkpt>
      <trkpt lat="-41.16728" lon="175.2362">
        <ele>52.7</ele>
      </trkpt>
      <trkpt lat="-41.16749" lon="175.23633">
        <ele>51.6</ele>
      </trkpt>
      <trkpt lat="-41.16786" lon="175.23639">
        <ele>50.6</ele>
      </trkpt>
      <trkpt lat="-41.16793" lon="175.23648">
        <ele>48.5</ele>
      </trkpt>
      <trkpt lat="-41.16801" lon="175.23669">
        <ele>43.9</ele>
      </trkpt>
      <trkpt lat="-41.1681" lon="175.23682">
        <ele>43.0</ele>
      </trkpt>
      <trkpt lat="-41.16828" lon="175.23687">
        <ele>42.6</ele>
      </trkpt>
      <trkpt lat="-41.1688" lon="175.23682">
        <ele>44.4</ele>
      </trkpt>
      <trkpt lat="-41.16895" lon="175.2369">
        <ele>44.1</ele>
      </trkpt>
      <trkpt lat="-41.16903" lon="175.23701">
        <ele>43.3</ele>
      </trkpt>
      <trkpt lat="-41.16912" lon="175.23775">
        <ele>39.2</ele>
      </trkpt>
      <trkpt lat="-41.169289" lon="175.2389">
        <ele>40.3</ele>
      </trkpt>
      <trkpt lat="-41.16945" lon="175.24006">
        <ele>37.5</ele>
      </trkpt>
      <trkpt lat="-41.16961" lon="175.24121">
        <ele>36.1</ele>
      </trkpt>
      <trkpt lat="-41.16978" lon="175.24236">
        <ele>34.0</ele>
      </trkpt>
      <trkpt lat="-41.169849" lon="175.24258">
        <ele>32.9</ele>
      </trkpt>
      <trkpt lat="-41.17011" lon="175.24299">
        <ele>30.3</ele>
      </trkpt>
      <trkpt lat="-41.17035" lon="175.24354">
        <ele>27.9</ele>
      </trkpt>
      <trkpt lat="-41.17077" lon="175.24435">
        <ele>26.1</ele>
      </trkpt>
      <trkpt lat="-41.17119" lon="175.24516">
        <ele>25.9</ele>
      </trkpt>
      <trkpt lat="-41.17161" lon="175.24598">
        <ele>25.4</ele>
      </trkpt>
      <trkpt lat="-41.17204" lon="175.24679">
        <ele>22.9</ele>
      </trkpt>
      <trkpt lat="-41.17207" lon="175.24675">
        <ele>22.9</ele>
      </trkpt>
      <trkpt lat="-41.17261" lon="175.24608">
        <ele>23.4</ele>
      </trkpt>
      <trkpt lat="-41.17315" lon="175.24541">
        <ele>21.5</ele>
      </trkpt>
      <trkpt lat="-41.17369" lon="175.24473">
        <ele>21.8</ele>
      </trkpt>
      <trkpt lat="-41.17432" lon="175.24398">
        <ele>21.9</ele>
      </trkpt>
      <trkpt lat="-41.17496" lon="175.24322">
        <ele>22.3</ele>
      </trkpt>
      <trkpt lat="-41.17559" lon="175.24247">
        <ele>23.9</ele>
      </trkpt>
      <trkpt lat="-41.176229" lon="175.24171">
        <ele>21.1</ele>
      </trkpt>
      <trkpt lat="-41.17686" lon="175.24096">
        <ele>19.3</ele>
      </trkpt>
      <trkpt lat="-41.17749" lon="175.240199">
        <ele>17.8</ele>
      </trkpt>
      <trkpt lat="-41.17813" lon="175.23945">
        <ele>18.2</ele>
      </trkpt>
      <trkpt lat="-41.178759" lon="175.23869">
        <ele>17.5</ele>
      </trkpt>
      <trkpt lat="-41.1794" lon="175.23794">
        <ele>15.8</ele>
      </trkpt>
      <trkpt lat="-41.18003" lon="175.23718">
        <ele>13.6</ele>
      </trkpt>
      <trkpt lat="-41.18056" lon="175.23649">
        <ele>14.4</ele>
      </trkpt>
      <trkpt lat="-41.18109" lon="175.235809">
        <ele>14.3</ele>
      </trkpt>
      <trkpt lat="-41.18162" lon="175.23512">
        <ele>11.4</ele>
      </trkpt>
      <trkpt lat="-41.18215" lon="175.23444">
        <ele>9.8</ele>
      </trkpt>
      <trkpt lat="-41.18275" lon="175.23362">
        <ele>9.9</ele>
      </trkpt>
      <trkpt lat="-41.18335" lon="175.2328">
        <ele>13.8</ele>
      </trkpt>
      <trkpt lat="-41.18395" lon="175.23199">
        <ele>16.2</ele>
      </trkpt>
      <trkpt lat="-41.18443" lon="175.23126">
        <ele>13.6</ele>
      </trkpt>
      <trkpt lat="-41.18491" lon="175.230529">
        <ele>11.7</ele>
      </trkpt>
      <trkpt lat="-41.18538" lon="175.23004">
        <ele>10.2</ele>
      </trkpt>
      <trkpt lat="-41.18585" lon="175.229539">
        <ele>8.0</ele>
      </trkpt>
      <trkpt lat="-41.18616" lon="175.22929">
        <ele>7.5</ele>
      </trkpt>
      <trkpt lat="-41.18666" lon="175.22889">
        <ele>7.3</ele>
      </trkpt>
      <trkpt lat="-41.18716" lon="175.2285">
        <ele>6.6</ele>
      </trkpt>
      <trkpt lat="-41.18724" lon="175.22834">
        <ele>6.6</ele>
      </trkpt>
      <trkpt lat="-41.18737" lon="175.22783">
        <ele>6.5</ele>
      </trkpt>
      <trkpt lat="-41.18738" lon="175.22714">
        <ele>8.7</ele>
      </trkpt>
      <trkpt lat="-41.187489" lon="175.226409">
        <ele>12.6</ele>
      </trkpt>
      <trkpt lat="-41.18763" lon="175.22602">
        <ele>13.6</ele>
      </trkpt>
      <trkpt lat="-41.18802" lon="175.2253">
        <ele>14.8</ele>
      </trkpt>
      <trkpt lat="-41.1884" lon="175.22458">
        <ele>17.8</ele>
      </trkpt>
      <trkpt lat="-41.18882" lon="175.22401">
        <ele>18.9</ele>
      </trkpt>
      <trkpt lat="-41.18921" lon="175.22365">
        <ele>16.8</ele>
      </trkpt>
      <trkpt lat="-41.1896" lon="175.22329">
        <ele>14.5</ele>
      </trkpt>
      <trkpt lat="-41.1902" lon="175.22278">
        <ele>12.8</ele>
      </trkpt>
      <trkpt lat="-41.19081" lon="175.22227">
        <ele>8.3</ele>
      </trkpt>
      <trkpt lat="-41.19158" lon="175.22168">
        <ele>6.7</ele>
      </trkpt>
      <trkpt lat="-41.19235" lon="175.2211">
        <ele>7.2</ele>
      </trkpt>
      <trkpt lat="-41.19261" lon="175.22082">
        <ele>7.5</ele>
      </trkpt>
      <trkpt lat="-41.19272" lon="175.22056">
        <ele>7.8</ele>
      </trkpt>
      <trkpt lat="-41.19288" lon="175.220049">
        <ele>8.1</ele>
      </trkpt>
      <trkpt lat="-41.19323" lon="175.2191">
        <ele>9.9</ele>
      </trkpt>
      <trkpt lat="-41.19344" lon="175.21874">
        <ele>11.3</ele>
      </trkpt>
      <trkpt lat="-41.193689" lon="175.2185">
        <ele>11.3</ele>
      </trkpt>
      <trkpt lat="-41.19422" lon="175.21836">
        <ele>7.7</ele>
      </trkpt>
      <trkpt lat="-41.19475" lon="175.21821">
        <ele>6.2</ele>
      </trkpt>
      <trkpt lat="-41.19487" lon="175.218169">
        <ele>5.8</ele>
      </trkpt>
      <trkpt lat="-41.195279" lon="175.217989">
        <ele>4.7</ele>
      </trkpt>
      <trkpt lat="-41.19607" lon="175.21751">
        <ele>4.0</ele>
      </trkpt>
      <trkpt lat="-41.19686" lon="175.21704">
        <ele>5.3</ele>
      </trkpt>
      <trkpt lat="-41.197249" lon="175.21682">
        <ele>5.2</ele>
      </trkpt>
      <trkpt lat="-41.19761" lon="175.216469">
        <ele>6.3</ele>
      </trkpt>
      <trkpt lat="-41.19829" lon="175.21575">
        <ele>11.2</ele>
      </trkpt>
      <trkpt lat="-41.19896" lon="175.21503">
        <ele>6.9</ele>
      </trkpt>
      <trkpt lat="-41.19964" lon="175.21431">
        <ele>4.5</ele>
      </trkpt>
      <trkpt lat="-41.2003" lon="175.2136">
        <ele>4.6</ele>
      </trkpt>
      <trkpt lat="-41.20096" lon="175.212889">
        <ele>5.2</ele>
      </trkpt>
      <trkpt lat="-41.20161" lon="175.21218">
        <ele>4.5</ele>
      </trkpt>
      <trkpt lat="-41.20227" lon="175.21148">
        <ele>4.2</ele>
      </trkpt>
      <trkpt lat="-41.20248" lon="175.21114">
        <ele>4.9</ele>
      </trkpt>
      <trkpt lat="-41.20257" lon="175.21077">
        <ele>5.8</ele>
      </trkpt>
      <trkpt lat="-41.20259" lon="175.21052">
        <ele>6.0</ele>
      </trkpt>
      <trkpt lat="-41.20254" lon="175.20996">
        <ele>6.9</ele>
      </trkpt>
      <trkpt lat="-41.202509" lon="175.20929">
        <ele>7.0</ele>
      </trkpt>
      <trkpt lat="-41.20252" lon="175.20907">
        <ele>7.0</ele>
      </trkpt>
      <trkpt lat="-41.20253" lon="175.20891">
        <ele>7.0</ele>
      </trkpt>
      <trkpt lat="-41.20257" lon="175.20808">
        <ele>7.2</ele>
      </trkpt>
      <trkpt lat="-41.20261" lon="175.20763">
        <ele>7.9</ele>
      </trkpt>
      <trkpt lat="-41.20264" lon="175.20687">
        <ele>11.6</ele>
      </trkpt>
      <trkpt lat="-41.202689" lon="175.20658">
        <ele>12.7</ele>
      </trkpt>
      <trkpt lat="-41.20279" lon="175.20633">
        <ele>12.9</ele>
      </trkpt>
      <trkpt lat="-41.20301" lon="175.2056">
        <ele>13.8</ele>
      </trkpt>
      <trkpt lat="-41.20319" lon="175.205189">
        <ele>13.3</ele>
      </trkpt>
      <trkpt lat="-41.20325" lon="175.205">
        <ele>13.5</ele>
      </trkpt>
      <trkpt lat="-41.20343" lon="175.204199">
        <ele>16.3</ele>
      </trkpt>
      <trkpt lat="-41.2036" lon="175.20385">
        <ele>17.5</ele>
      </trkpt>
      <trkpt lat="-41.2038" lon="175.20352">
        <ele>18.0</ele>
      </trkpt>
      <trkpt lat="-41.20437" lon="175.20266">
        <ele>17.6</ele>
      </trkpt>
      <trkpt lat="-41.20494" lon="175.20181">
        <ele>14.6</ele>
      </trkpt>
      <trkpt lat="-41.205509" lon="175.20095">
        <ele>15.2</ele>
      </trkpt>
      <trkpt lat="-41.20572" lon="175.20061">
        <ele>16.5</ele>
      </trkpt>
      <trkpt lat="-41.20609" lon="175.20024">
        <ele>19.5</ele>
      </trkpt>
      <trkpt lat="-41.20634" lon="175.20011">
        <ele>18.8</ele>
      </trkpt>
      <trkpt lat="-41.20666" lon="175.20001">
        <ele>16.0</ele>
      </trkpt>
      <trkpt lat="-41.20733" lon="175.19996">
        <ele>13.9</ele>
      </trkpt>
      <trkpt lat="-41.20815" lon="175.1998">
        <ele>13.7</ele>
      </trkpt>
      <trkpt lat="-41.20848" lon="175.19977">
        <ele>11.5</ele>
      </trkpt>
      <trkpt lat="-41.20879" lon="175.19953">
        <ele>11.2</ele>
      </trkpt>
      <trkpt lat="-41.20908" lon="175.19922">
        <ele>10.1</ele>
      </trkpt>
      <trkpt lat="-41.20962" lon="175.19844">
        <ele>16.8</ele>
      </trkpt>
      <trkpt lat="-41.21017" lon="175.197669">
        <ele>17.3</ele>
      </trkpt>
      <trkpt lat="-41.21064" lon="175.19684">
        <ele>15.9</ele>
      </trkpt>
      <trkpt lat="-41.21069" lon="175.19669">
        <ele>16.1</ele>
      </trkpt>
      <trkpt lat="-41.21075" lon="175.1966">
        <ele>16.0</ele>
      </trkpt>
      <trkpt lat="-41.21083" lon="175.19654">
        <ele>16.0</ele>
      </trkpt>
      <trkpt lat="-41.21092" lon="175.19646">
        <ele>15.9</ele>
      </trkpt>
      <trkpt lat="-41.21121" lon="175.19622">
        <ele>15.8</ele>
      </trkpt>
      <trkpt lat="-41.21161" lon="175.1958">
        <ele>17.1</ele>
      </trkpt>
      <trkpt lat="-41.21222" lon="175.19494">
        <ele>18.9</ele>
      </trkpt>
      <trkpt lat="-41.212829" lon="175.19408">
        <ele>19.6</ele>
      </trkpt>
      <trkpt lat="-41.21344" lon="175.19321">
        <ele>16.5</ele>
      </trkpt>
      <trkpt lat="-41.21391" lon="175.19237">
        <ele>14.3</ele>
      </trkpt>
      <trkpt lat="-41.214149" lon="175.19178">
        <ele>15.4</ele>
      </trkpt>
      <trkpt lat="-41.21439" lon="175.1912">
        <ele>16.6</ele>
      </trkpt>
      <trkpt lat="-41.21459" lon="175.19082">
        <ele>15.5</ele>
      </trkpt>
      <trkpt lat="-41.21482" lon="175.19052">
        <ele>13.2</ele>
      </trkpt>
      <trkpt lat="-41.21501" lon="175.19018">
        <ele>12.0</ele>
      </trkpt>
      <trkpt lat="-41.21521" lon="175.189159">
        <ele>12.0</ele>
      </trkpt>
      <trkpt lat="-41.215359" lon="175.18879">
        <ele>13.2</ele>
      </trkpt>
      <trkpt lat="-41.21555" lon="175.18846">
        <ele>12.7</ele>
      </trkpt>
      <trkpt lat="-41.21577" lon="175.18811">
        <ele>11.8</ele>
      </trkpt>
      <trkpt lat="-41.21622" lon="175.1875">
        <ele>12.3</ele>
      </trkpt>
      <trkpt lat="-41.21667" lon="175.18689">
        <ele>13.1</ele>
      </trkpt>
      <trkpt lat="-41.21712" lon="175.18629">
        <ele>14.5</ele>
      </trkpt>
      <trkpt lat="-41.217529" lon="175.18593">
        <ele>12.8</ele>
      </trkpt>
      <trkpt lat="-41.21784" lon="175.18548">
        <ele>13.6</ele>
      </trkpt>
      <trkpt lat="-41.2184" lon="175.18473">
        <ele>12.8</ele>
      </trkpt>
      <trkpt lat="-41.21891" lon="175.18419">
        <ele>13.9</ele>
      </trkpt>
      <trkpt lat="-41.21943" lon="175.18365">
        <ele>14.6</ele>
      </trkpt>
      <trkpt lat="-41.219679" lon="175.18331">
        <ele>15.3</ele>
      </trkpt>
      <trkpt lat="-41.21981" lon="175.18303">
        <ele>14.4</ele>
      </trkpt>
      <trkpt lat="-41.22005" lon="175.18215">
        <ele>16.0</ele>
      </trkpt>
      <trkpt lat="-41.220239" lon="175.1817">
        <ele>17.3</ele>
      </trkpt>
      <trkpt lat="-41.22064" lon="175.18087">
        <ele>17.6</ele>
      </trkpt>
      <trkpt lat="-41.22104" lon="175.18004">
        <ele>15.8</ele>
      </trkpt>
      <trkpt lat="-41.22129" lon="175.17965">
        <ele>15.7</ele>
      </trkpt>
      <trkpt lat="-41.22181" lon="175.1791">
        <ele>12.6</ele>
      </trkpt>
      <trkpt lat="-41.22233" lon="175.17856">
        <ele>10.2</ele>
      </trkpt>
      <trkpt lat="-41.22278" lon="175.178">
        <ele>9.8</ele>
      </trkpt>
      <trkpt lat="-41.223239" lon="175.17744">
        <ele>8.8</ele>
      </trkpt>
      <trkpt lat="-41.2237" lon="175.17688">
        <ele>7.3</ele>
      </trkpt>
      <trkpt lat="-41.22429" lon="175.1763">
        <ele>9.0</ele>
      </trkpt>
      <trkpt lat="-41.22475" lon="175.17572">
        <ele>11.4</ele>
      </trkpt>
      <trkpt lat="-41.22522" lon="175.17504">
        <ele>14.4</ele>
      </trkpt>
      <trkpt lat="-41.225679" lon="175.17437">
        <ele>12.1</ele>
      </trkpt>
      <trkpt lat="-41.226149" lon="175.17369">
        <ele>12.0</ele>
      </trkpt>
      <trkpt lat="-41.2263" lon="175.17341">
        <ele>12.3</ele>
      </trkpt>
      <trkpt lat="-41.22659" lon="175.17259">
        <ele>16.4</ele>
      </trkpt>
      <trkpt lat="-41.22688" lon="175.17177">
        <ele>18.4</ele>
      </trkpt>
      <trkpt lat="-41.22717" lon="175.17094">
        <ele>16.2</ele>
      </trkpt>
      <trkpt lat="-41.227379" lon="175.1705">
        <ele>16.9</ele>
      </trkpt>
      <trkpt lat="-41.22768" lon="175.169909">
        <ele>19.4</ele>
      </trkpt>
      <trkpt lat="-41.22798" lon="175.16933">
        <ele>21.3</ele>
      </trkpt>
      <trkpt lat="-41.22838" lon="175.16875">
        <ele>21.5</ele>
      </trkpt>
      <trkpt lat="-41.228789" lon="175.16817">
        <ele>19.6</ele>
      </trkpt>
      <trkpt lat="-41.22917" lon="175.16778">
        <ele>13.6</ele>
      </trkpt>
      <trkpt lat="-41.22954" lon="175.16739">
        <ele>12.7</ele>
      </trkpt>
      <trkpt lat="-41.23018" lon="175.1669">
        <ele>11.7</ele>
      </trkpt>
      <trkpt lat="-41.23054" lon="175.16684">
        <ele>14.7</ele>
      </trkpt>
      <trkpt lat="-41.23112" lon="175.16693">
        <ele>15.3</ele>
      </trkpt>
      <trkpt lat="-41.23149" lon="175.16707">
        <ele>13.3</ele>
      </trkpt>
      <trkpt lat="-41.231879" lon="175.16738">
        <ele>9.6</ele>
      </trkpt>
      <trkpt lat="-41.23219" lon="175.16768">
        <ele>10.0</ele>
      </trkpt>
      <trkpt lat="-41.23245" lon="175.16789">
        <ele>10.8</ele>
      </trkpt>
      <trkpt lat="-41.23265" lon="175.16799">
        <ele>9.6</ele>
      </trkpt>
      <trkpt lat="-41.232999" lon="175.167939">
        <ele>8.4</ele>
      </trkpt>
      <trkpt lat="-41.23353" lon="175.16741">
        <ele>10.4</ele>
      </trkpt>
      <trkpt lat="-41.23407" lon="175.16688">
        <ele>14.2</ele>
      </trkpt>
      <trkpt lat="-41.23469" lon="175.16641">
        <ele>17.5</ele>
      </trkpt>
      <trkpt lat="-41.235439" lon="175.16616">
        <ele>15.7</ele>
      </trkpt>
      <trkpt lat="-41.23619" lon="175.16591">
        <ele>12.3</ele>
      </trkpt>
      <trkpt lat="-41.23699" lon="175.165519">
        <ele>14.2</ele>
      </trkpt>
      <trkpt lat="-41.237789" lon="175.16514">
        <ele>15.5</ele>
      </trkpt>
      <trkpt lat="-41.23859" lon="175.16476">
        <ele>16.3</ele>
      </trkpt>
      <trkpt lat="-41.23939" lon="175.16437">
        <ele>15.6</ele>
      </trkpt>
      <trkpt lat="-41.2398" lon="175.16412">
        <ele>13.7</ele>
      </trkpt>
      <trkpt lat="-41.24021" lon="175.16388">
        <ele>13.3</ele>
      </trkpt>
      <trkpt lat="-41.24084" lon="175.16377">
        <ele>12.8</ele>
      </trkpt>
      <trkpt lat="-41.2414" lon="175.16358">
        <ele>11.3</ele>
      </trkpt>
      <trkpt lat="-41.24196" lon="175.16338">
        <ele>11.3</ele>
      </trkpt>
      <trkpt lat="-41.24245" lon="175.16314">
        <ele>14.3</ele>
      </trkpt>
      <trkpt lat="-41.24294" lon="175.16289">
        <ele>16.8</ele>
      </trkpt>
      <trkpt lat="-41.24372" lon="175.16273">
        <ele>15.0</ele>
      </trkpt>
      <trkpt lat="-41.2445" lon="175.16257">
        <ele>11.5</ele>
      </trkpt>
      <trkpt lat="-41.24535" lon="175.16224">
        <ele>15.3</ele>
      </trkpt>
      <trkpt lat="-41.2462" lon="175.16191">
        <ele>17.8</ele>
      </trkpt>
      <trkpt lat="-41.24704" lon="175.161579">
        <ele>14.2</ele>
      </trkpt>
      <trkpt lat="-41.24789" lon="175.16125">
        <ele>11.8</ele>
      </trkpt>
      <trkpt lat="-41.24818" lon="175.16101">
        <ele>11.9</ele>
      </trkpt>
      <trkpt lat="-41.24885" lon="175.16032">
        <ele>11.9</ele>
      </trkpt>
      <trkpt lat="-41.24951" lon="175.15964">
        <ele>12.8</ele>
      </trkpt>
      <trkpt lat="-41.25018" lon="175.15895">
        <ele>13.0</ele>
      </trkpt>
      <trkpt lat="-41.250839" lon="175.158269">
        <ele>15.2</ele>
      </trkpt>
      <trkpt lat="-41.25151" lon="175.15758">
        <ele>16.9</ele>
      </trkpt>
      <trkpt lat="-41.25217" lon="175.1569">
        <ele>18.0</ele>
      </trkpt>
      <trkpt lat="-41.25284" lon="175.156209">
        <ele>19.6</ele>
      </trkpt>
      <trkpt lat="-41.2535" lon="175.15553">
        <ele>20.5</ele>
      </trkpt>
      <trkpt lat="-41.25417" lon="175.15484">
        <ele>20.6</ele>
      </trkpt>
      <trkpt lat="-41.25483" lon="175.15416">
        <ele>24.6</ele>
      </trkpt>
      <trkpt lat="-41.2555" lon="175.15347">
        <ele>25.7</ele>
      </trkpt>
      <trkpt lat="-41.25616" lon="175.15279">
        <ele>26.8</ele>
      </trkpt>
      <trkpt lat="-41.25649" lon="175.152629">
        <ele>27.8</ele>
      </trkpt>
      <trkpt lat="-41.25707" lon="175.15257">
        <ele>26.8</ele>
      </trkpt>
      <trkpt lat="-41.25765" lon="175.15252">
        <ele>25.1</ele>
      </trkpt>
      <trkpt lat="-41.25822" lon="175.15242">
        <ele>25.2</ele>
      </trkpt>
      <trkpt lat="-41.25879" lon="175.15232">
        <ele>25.7</ele>
      </trkpt>
      <trkpt lat="-41.25908" lon="175.152269">
        <ele>25.9</ele>
      </trkpt>
      <trkpt lat="-41.259569" lon="175.15219">
        <ele>26.4</ele>
      </trkpt>
      <trkpt lat="-41.26007" lon="175.1521">
        <ele>26.8</ele>
      </trkpt>
      <trkpt lat="-41.26074" lon="175.15165">
        <ele>25.4</ele>
      </trkpt>
      <trkpt lat="-41.26141" lon="175.15119">
        <ele>27.8</ele>
      </trkpt>
      <trkpt lat="-41.26208" lon="175.15074">
        <ele>28.1</ele>
      </trkpt>
      <trkpt lat="-41.26276" lon="175.15029">
        <ele>27.5</ele>
      </trkpt>
      <trkpt lat="-41.26343" lon="175.14984">
        <ele>25.7</ele>
      </trkpt>
      <trkpt lat="-41.2641" lon="175.14939">
        <ele>25.0</ele>
      </trkpt>
      <trkpt lat="-41.26486" lon="175.14886">
        <ele>24.7</ele>
      </trkpt>
      <trkpt lat="-41.26562" lon="175.14834">
        <ele>24.5</ele>
      </trkpt>
      <trkpt lat="-41.26637" lon="175.14781">
        <ele>24.9</ele>
      </trkpt>
      <trkpt lat="-41.26713" lon="175.14729">
        <ele>24.2</ele>
      </trkpt>
      <trkpt lat="-41.26789" lon="175.14676">
        <ele>25.2</ele>
      </trkpt>
      <trkpt lat="-41.26865" lon="175.14624">
        <ele>25.2</ele>
      </trkpt>
      <trkpt lat="-41.2694" lon="175.14571">
        <ele>24.5</ele>
      </trkpt>
      <trkpt lat="-41.27016" lon="175.14519">
        <ele>24.9</ele>
      </trkpt>
      <trkpt lat="-41.270919" lon="175.14467">
        <ele>27.4</ele>
      </trkpt>
      <trkpt lat="-41.27168" lon="175.14414">
        <ele>29.1</ele>
      </trkpt>
      <trkpt lat="-41.27244" lon="175.14362">
        <ele>32.7</ele>
      </trkpt>
      <trkpt lat="-41.27259" lon="175.14353">
        <ele>33.3</ele>
      </trkpt>
      <trkpt lat="-41.27288" lon="175.14352">
        <ele>33.5</ele>
      </trkpt>
      <trkpt lat="-41.27366" lon="175.14364">
        <ele>32.6</ele>
      </trkpt>
      <trkpt lat="-41.27445" lon="175.14377">
        <ele>30.3</ele>
      </trkpt>
      <trkpt lat="-41.27523" lon="175.14389">
        <ele>29.1</ele>
      </trkpt>
      <trkpt lat="-41.27602" lon="175.14402">
        <ele>26.7</ele>
      </trkpt>
      <trkpt lat="-41.2768" lon="175.14414">
        <ele>24.1</ele>
      </trkpt>
      <trkpt lat="-41.27758" lon="175.14427">
        <ele>23.7</ele>
      </trkpt>
      <trkpt lat="-41.27838" lon="175.14437">
        <ele>23.7</ele>
      </trkpt>
      <trkpt lat="-41.27917" lon="175.144479">
        <ele>21.1</ele>
      </trkpt>
      <trkpt lat="-41.27996" lon="175.14458">
        <ele>19.6</ele>
      </trkpt>
      <trkpt lat="-41.28076" lon="175.14468">
        <ele>18.8</ele>
      </trkpt>
      <trkpt lat="-41.28155" lon="175.14479">
        <ele>17.9</ele>
      </trkpt>
      <trkpt lat="-41.28234" lon="175.14489">
        <ele>19.9</ele>
      </trkpt>
      <trkpt lat="-41.28296" lon="175.14502">
        <ele>19.9</ele>
      </trkpt>
      <trkpt lat="-41.28376" lon="175.14521">
        <ele>21.0</ele>
      </trkpt>
      <trkpt lat="-41.28455" lon="175.1454">
        <ele>22.3</ele>
      </trkpt>
      <trkpt lat="-41.28534" lon="175.1456">
        <ele>21.1</ele>
      </trkpt>
      <trkpt lat="-41.28614" lon="175.14579">
        <ele>20.8</ele>
      </trkpt>
      <trkpt lat="-41.28693" lon="175.14598">
        <ele>22.8</ele>
      </trkpt>
      <trkpt lat="-41.28772" lon="175.146179">
        <ele>24.7</ele>
      </trkpt>
      <trkpt lat="-41.28846" lon="175.14638">
        <ele>25.2</ele>
      </trkpt>
      <trkpt lat="-41.28929" lon="175.14632">
        <ele>26.9</ele>
      </trkpt>
      <trkpt lat="-41.29011" lon="175.146269">
        <ele>29.9</ele>
      </trkpt>
      <trkpt lat="-41.29093" lon="175.14621">
        <ele>30.3</ele>
      </trkpt>
      <trkpt lat="-41.291759" lon="175.14615">
        <ele>31.4</ele>
      </trkpt>
      <trkpt lat="-41.29258" lon="175.146089">
        <ele>31.1</ele>
      </trkpt>
      <trkpt lat="-41.29343" lon="175.14605">
        <ele>32.0</ele>
      </trkpt>
      <trkpt lat="-41.29428" lon="175.14601">
        <ele>32.1</ele>
      </trkpt>
      <trkpt lat="-41.29513" lon="175.14596">
        <ele>30.4</ele>
      </trkpt>
      <trkpt lat="-41.29598" lon="175.14592">
        <ele>28.4</ele>
      </trkpt>
      <trkpt lat="-41.296819" lon="175.14588">
        <ele>26.4</ele>
      </trkpt>
      <trkpt lat="-41.297669" lon="175.14583">
        <ele>28.4</ele>
      </trkpt>
      <trkpt lat="-41.29835" lon="175.14568">
        <ele>26.3</ele>
      </trkpt>
      <trkpt lat="-41.29902" lon="175.14552">
        <ele>24.1</ele>
      </trkpt>
      <trkpt lat="-41.2997" lon="175.14537">
        <ele>21.3</ele>
      </trkpt>
      <trkpt lat="-41.300289" lon="175.14523">
        <ele>20.5</ele>
      </trkpt>
      <trkpt lat="-41.30088" lon="175.14509">
        <ele>22.0</ele>
      </trkpt>
      <trkpt lat="-41.30148" lon="175.14482">
        <ele>20.8</ele>
      </trkpt>
      <trkpt lat="-41.30219" lon="175.144299">
        <ele>17.9</ele>
      </trkpt>
      <trkpt lat="-41.3029" lon="175.14377">
        <ele>21.7</ele>
      </trkpt>
      <trkpt lat="-41.303109" lon="175.14369">
        <ele>23.1</ele>
      </trkpt>
      <trkpt lat="-41.30338" lon="175.14365">
        <ele>24.1</ele>
      </trkpt>
      <trkpt lat="-41.30421" lon="175.14368">
        <ele>24.4</ele>
      </trkpt>
      <trkpt lat="-41.30504" lon="175.14371">
        <ele>26.0</ele>
      </trkpt>
      <trkpt lat="-41.30586" lon="175.14374">
        <ele>29.0</ele>
      </trkpt>
      <trkpt lat="-41.30656" lon="175.14375">
        <ele>25.9</ele>
      </trkpt>
      <trkpt lat="-41.30727" lon="175.14377">
        <ele>23.6</ele>
      </trkpt>
      <trkpt lat="-41.30797" lon="175.14378">
        <ele>23.2</ele>
      </trkpt>
      <trkpt lat="-41.30867" lon="175.14379">
        <ele>22.6</ele>
      </trkpt>
      <trkpt lat="-41.30922" lon="175.14373">
        <ele>21.5</ele>
      </trkpt>
      <trkpt lat="-41.30989" lon="175.14372">
        <ele>21.1</ele>
      </trkpt>
      <trkpt lat="-41.3104" lon="175.14365">
        <ele>22.8</ele>
      </trkpt>
      <trkpt lat="-41.31078" lon="175.14351">
        <ele>24.2</ele>
      </trkpt>
      <trkpt lat="-41.31119" lon="175.14318">
        <ele>24.8</ele>
      </trkpt>
      <trkpt lat="-41.31161" lon="175.14286">
        <ele>24.6</ele>
      </trkpt>
      <trkpt lat="-41.31219" lon="175.14237">
        <ele>27.2</ele>
      </trkpt>
      <trkpt lat="-41.31277" lon="175.141879">
        <ele>29.5</ele>
      </trkpt>
      <trkpt lat="-41.31335" lon="175.14139">
        <ele>32.1</ele>
      </trkpt>
      <trkpt lat="-41.31393" lon="175.14091">
        <ele>32.7</ele>
      </trkpt>
      <trkpt lat="-41.31417" lon="175.14077">
        <ele>32.7</ele>
      </trkpt>
      <trkpt lat="-41.31449" lon="175.14062">
        <ele>32.8</ele>
      </trkpt>
      <trkpt lat="-41.31466" lon="175.14061">
        <ele>33.2</ele>
      </trkpt>
      <trkpt lat="-41.31501" lon="175.14069">
        <ele>34.8</ele>
      </trkpt>
      <trkpt lat="-41.31575" lon="175.141">
        <ele>38.4</ele>
      </trkpt>
      <trkpt lat="-41.31606" lon="175.14109">
        <ele>39.3</ele>
      </trkpt>
      <trkpt lat="-41.31691" lon="175.14102">
        <ele>35.2</ele>
      </trkpt>
      <trkpt lat="-41.31715" lon="175.14111">
        <ele>36.2</ele>
      </trkpt>
      <trkpt lat="-41.31776" lon="175.14139">
        <ele>36.3</ele>
      </trkpt>
      <trkpt lat="-41.31818" lon="175.14165">
        <ele>34.5</ele>
      </trkpt>
      <trkpt lat="-41.31835" lon="175.14182">
        <ele>35.4</ele>
      </trkpt>
      <trkpt lat="-41.3185" lon="175.14201">
        <ele>37.0</ele>
      </trkpt>
      <trkpt lat="-41.318779" lon="175.14214">
        <ele>36.0</ele>
      </trkpt>
      <trkpt lat="-41.31908" lon="175.14222">
        <ele>33.6</ele>
      </trkpt>
      <trkpt lat="-41.31932" lon="175.14237">
        <ele>33.1</ele>
      </trkpt>
      <trkpt lat="-41.31953" lon="175.14263">
        <ele>34.4</ele>
      </trkpt>
      <trkpt lat="-41.31971" lon="175.14274">
        <ele>33.9</ele>
      </trkpt>
      <trkpt lat="-41.32045" lon="175.14302">
        <ele>33.3</ele>
      </trkpt>
      <trkpt lat="-41.32085" lon="175.14304">
        <ele>33.4</ele>
      </trkpt>
      <trkpt lat="-41.321689" lon="175.14293">
        <ele>31.8</ele>
      </trkpt>
      <trkpt lat="-41.32224" lon="175.14295">
        <ele>31.8</ele>
      </trkpt>
      <trkpt lat="-41.32253" lon="175.14293">
        <ele>31.4</ele>
      </trkpt>
      <trkpt lat="-41.32277" lon="175.142869">
        <ele>31.7</ele>
      </trkpt>
      <trkpt lat="-41.32325" lon="175.14263">
        <ele>30.0</ele>
      </trkpt>
      <trkpt lat="-41.32387" lon="175.14199">
        <ele>31.4</ele>
      </trkpt>
      <trkpt lat="-41.3245" lon="175.14136">
        <ele>30.9</ele>
      </trkpt>
      <trkpt lat="-41.32485" lon="175.14089">
        <ele>27.9</ele>
      </trkpt>
      <trkpt lat="-41.32511" lon="175.14059">
        <ele>26.0</ele>
      </trkpt>
      <trkpt lat="-41.32529" lon="175.140449">
        <ele>25.1</ele>
      </trkpt>
      <trkpt lat="-41.32562" lon="175.14033">
        <ele>24.8</ele>
      </trkpt>
      <trkpt lat="-41.32612" lon="175.14033">
        <ele>25.6</ele>
      </trkpt>
      <trkpt lat="-41.32662" lon="175.14033">
        <ele>25.7</ele>
      </trkpt>
      <trkpt lat="-41.32684" lon="175.14025">
        <ele>27.5</ele>
      </trkpt>
      <trkpt lat="-41.32698" lon="175.1401">
        <ele>27.7</ele>
      </trkpt>
      <trkpt lat="-41.3272" lon="175.13943">
        <ele>21.7</ele>
      </trkpt>
      <trkpt lat="-41.32735" lon="175.13933">
        <ele>21.2</ele>
      </trkpt>
      <trkpt lat="-41.32762" lon="175.13924">
        <ele>20.1</ele>
      </trkpt>
      <trkpt lat="-41.328" lon="175.13922">
        <ele>18.9</ele>
      </trkpt>
      <trkpt lat="-41.32847" lon="175.13933">
        <ele>21.6</ele>
      </trkpt>
      <trkpt lat="-41.32864" lon="175.1393">
        <ele>22.5</ele>
      </trkpt>
      <trkpt lat="-41.32883" lon="175.13922">
        <ele>22.8</ele>
      </trkpt>
      <trkpt lat="-41.32922" lon="175.13892">
        <ele>21.2</ele>
      </trkpt>
      <trkpt lat="-41.32938" lon="175.13885">
        <ele>19.4</ele>
      </trkpt>
      <trkpt lat="-41.32959" lon="175.13882">
        <ele>17.9</ele>
      </trkpt>
      <trkpt lat="-41.32976" lon="175.13885">
        <ele>17.4</ele>
      </trkpt>
      <trkpt lat="-41.330509" lon="175.13935">
        <ele>19.6</ele>
      </trkpt>
      <trkpt lat="-41.33099" lon="175.13959">
        <ele>20.5</ele>
      </trkpt>
      <trkpt lat="-41.33148" lon="175.13976">
        <ele>17.3</ele>
      </trkpt>
      <trkpt lat="-41.33186" lon="175.13997">
        <ele>14.7</ele>
      </trkpt>
      <trkpt lat="-41.332" lon="175.14012">
        <ele>14.8</ele>
      </trkpt>
      <trkpt lat="-41.33219" lon="175.14048">
        <ele>15.6</ele>
      </trkpt>
      <trkpt lat="-41.33262" lon="175.14124">
        <ele>13.0</ele>
      </trkpt>
      <trkpt lat="-41.33271" lon="175.14158">
        <ele>13.4</ele>
      </trkpt>
      <trkpt lat="-41.33287" lon="175.14184">
        <ele>12.7</ele>
      </trkpt>
      <trkpt lat="-41.33315" lon="175.1422">
        <ele>11.4</ele>
      </trkpt>
      <trkpt lat="-41.33354" lon="175.14257">
        <ele>10.1</ele>
      </trkpt>
      <trkpt lat="-41.334" lon="175.14312">
        <ele>9.1</ele>
      </trkpt>
      <trkpt lat="-41.334449" lon="175.14355">
        <ele>8.3</ele>
      </trkpt>
      <trkpt lat="-41.33455" lon="175.14362">
        <ele>8.2</ele>
      </trkpt>
      <trkpt lat="-41.33473" lon="175.14371">
        <ele>8.0</ele>
      </trkpt>
      <trkpt lat="-41.33489" lon="175.143669">
        <ele>8.0</ele>
      </trkpt>
      <trkpt lat="-41.33565" lon="175.14316">
        <ele>7.7</ele>
      </trkpt>
      <trkpt lat="-41.33641" lon="175.14264">
        <ele>7.1</ele>
      </trkpt>
      <trkpt lat="-41.33717" lon="175.14213">
        <ele>5.9</ele>
      </trkpt>
      <trkpt lat="-41.33793" lon="175.14162">
        <ele>8.5</ele>
      </trkpt>
      <trkpt lat="-41.33859" lon="175.14117">
        <ele>9.0</ele>
      </trkpt>
      <trkpt lat="-41.339239" lon="175.140719">
        <ele>9.1</ele>
      </trkpt>
      <trkpt lat="-41.339889" lon="175.140269">
        <ele>10.1</ele>
      </trkpt>
      <trkpt lat="-41.34052" lon="175.1396">
        <ele>13.8</ele>
      </trkpt>
      <trkpt lat="-41.34116" lon="175.138929">
        <ele>13.5</ele>
      </trkpt>
      <trkpt lat="-41.34134" lon="175.138659">
        <ele>14.6</ele>
      </trkpt>
      <trkpt lat="-41.34174" lon="175.13795">
        <ele>16.9</ele>
      </trkpt>
      <trkpt lat="-41.34214" lon="175.13724">
        <ele>20.7</ele>
      </trkpt>
      <trkpt lat="-41.34255" lon="175.13652">
        <ele>20.3</ele>
      </trkpt>
      <trkpt lat="-41.34263" lon="175.13628">
        <ele>22.0</ele>
      </trkpt>
      <trkpt lat="-41.342799" lon="175.13551">
        <ele>23.4</ele>
      </trkpt>
      <trkpt lat="-41.34298" lon="175.13474">
        <ele>21.9</ele>
      </trkpt>
      <trkpt lat="-41.34314" lon="175.13413">
        <ele>23.1</ele>
      </trkpt>
      <trkpt lat="-41.34319" lon="175.133819">
        <ele>24.8</ele>
      </trkpt>
      <trkpt lat="-41.34329" lon="175.13271">
        <ele>26.2</ele>
      </trkpt>
      <trkpt lat="-41.34326" lon="175.13198">
        <ele>23.6</ele>
      </trkpt>
      <trkpt lat="-41.34324" lon="175.13125">
        <ele>21.1</ele>
      </trkpt>
      <trkpt lat="-41.3433" lon="175.13074">
        <ele>20.7</ele>
      </trkpt>
      <trkpt lat="-41.34357" lon="175.12982">
        <ele>25.1</ele>
      </trkpt>
      <trkpt lat="-41.34384" lon="175.128899">
        <ele>26.2</ele>
      </trkpt>
      <trkpt lat="-41.34399" lon="175.12852">
        <ele>25.4</ele>
      </trkpt>
      <trkpt lat="-41.34411" lon="175.128359">
        <ele>24.5</ele>
      </trkpt>
      <trkpt lat="-41.34425" lon="175.12825">
        <ele>23.3</ele>
      </trkpt>
      <trkpt lat="-41.34492" lon="175.12776">
        <ele>17.7</ele>
      </trkpt>
      <trkpt lat="-41.34558" lon="175.12727">
        <ele>16.0</ele>
      </trkpt>
      <trkpt lat="-41.34625" lon="175.12678">
        <ele>14.4</ele>
      </trkpt>
      <trkpt lat="-41.34692" lon="175.12629">
        <ele>13.5</ele>
      </trkpt>
      <trkpt lat="-41.347589" lon="175.12579">
        <ele>14.3</ele>
      </trkpt>
      <trkpt lat="-41.34811" lon="175.12543">
        <ele>16.9</ele>
      </trkpt>
      <trkpt lat="-41.348619" lon="175.12506">
        <ele>16.6</ele>
      </trkpt>
      <trkpt lat="-41.34925" lon="175.12475">
        <ele>13.5</ele>
      </trkpt>
      <trkpt lat="-41.34988" lon="175.12445">
        <ele>13.8</ele>
      </trkpt>
      <trkpt lat="-41.350499" lon="175.12414">
        <ele>11.8</ele>
      </trkpt>
      <trkpt lat="-41.350969" lon="175.12384">
        <ele>12.0</ele>
      </trkpt>
      <trkpt lat="-41.35113" lon="175.12371">
        <ele>12.0</ele>
      </trkpt>
      <trkpt lat="-41.35131" lon="175.1235">
        <ele>11.7</ele>
      </trkpt>
      <trkpt lat="-41.35141" lon="175.12332">
        <ele>11.6</ele>
      </trkpt>
      <trkpt lat="-41.35172" lon="175.12228">
        <ele>17.1</ele>
      </trkpt>
      <trkpt lat="-41.35204" lon="175.12124">
        <ele>19.7</ele>
      </trkpt>
      <trkpt lat="-41.35216" lon="175.12098">
        <ele>19.3</ele>
      </trkpt>
      <trkpt lat="-41.35229" lon="175.120749">
        <ele>17.5</ele>
      </trkpt>
      <trkpt lat="-41.35245" lon="175.120569">
        <ele>14.3</ele>
      </trkpt>
      <trkpt lat="-41.35263" lon="175.12042">
        <ele>13.0</ele>
      </trkpt>
      <trkpt lat="-41.35279" lon="175.12034">
        <ele>12.7</ele>
      </trkpt>
      <trkpt lat="-41.35299" lon="175.12028">
        <ele>12.3</ele>
      </trkpt>
      <trkpt lat="-41.35321" lon="175.12025">
        <ele>11.8</ele>
      </trkpt>
      <trkpt lat="-41.3534" lon="175.12025">
        <ele>12.0</ele>
      </trkpt>
      <trkpt lat="-41.35365" lon="175.12027">
        <ele>13.6</ele>
      </trkpt>
      <trkpt lat="-41.35409" lon="175.12046">
        <ele>13.4</ele>
      </trkpt>
      <trkpt lat="-41.3543" lon="175.12051">
        <ele>12.7</ele>
      </trkpt>
      <trkpt lat="-41.3548" lon="175.120479">
        <ele>12.6</ele>
      </trkpt>
      <trkpt lat="-41.355089" lon="175.12043">
        <ele>12.4</ele>
      </trkpt>
      <trkpt lat="-41.35527" lon="175.12032">
        <ele>12.1</ele>
      </trkpt>
      <trkpt lat="-41.35545" lon="175.120119">
        <ele>12.1</ele>
      </trkpt>
      <trkpt lat="-41.35587" lon="175.11949">
        <ele>12.8</ele>
      </trkpt>
      <trkpt lat="-41.3563" lon="175.11885">
        <ele>15.4</ele>
      </trkpt>
      <trkpt lat="-41.35654" lon="175.11853">
        <ele>14.8</ele>
      </trkpt>
      <trkpt lat="-41.35669" lon="175.118419">
        <ele>13.1</ele>
      </trkpt>
      <trkpt lat="-41.3569" lon="175.11835">
        <ele>12.5</ele>
      </trkpt>
      <trkpt lat="-41.35709" lon="175.1183">
        <ele>12.1</ele>
      </trkpt>
      <trkpt lat="-41.35786" lon="175.11819">
        <ele>11.6</ele>
      </trkpt>
      <trkpt lat="-41.35802" lon="175.11816">
        <ele>11.8</ele>
      </trkpt>
      <trkpt lat="-41.35826" lon="175.11802">
        <ele>13.6</ele>
      </trkpt>
      <trkpt lat="-41.35872" lon="175.11764">
        <ele>14.6</ele>
      </trkpt>
      <trkpt lat="-41.35899" lon="175.11749">
        <ele>12.0</ele>
      </trkpt>
      <trkpt lat="-41.3592" lon="175.11745">
        <ele>10.1</ele>
      </trkpt>
      <trkpt lat="-41.35945" lon="175.117439">
        <ele>10.3</ele>
      </trkpt>
      <trkpt lat="-41.36002" lon="175.1175">
        <ele>9.0</ele>
      </trkpt>
      <trkpt lat="-41.36059" lon="175.11756">
        <ele>7.3</ele>
      </trkpt>
      <trkpt lat="-41.3609" lon="175.11755">
        <ele>6.7</ele>
      </trkpt>
      <trkpt lat="-41.36107" lon="175.11751">
        <ele>6.7</ele>
      </trkpt>
      <trkpt lat="-41.36121" lon="175.11745">
        <ele>7.2</ele>
      </trkpt>
      <trkpt lat="-41.36139" lon="175.11734">
        <ele>7.9</ele>
      </trkpt>
      <trkpt lat="-41.36152" lon="175.117169">
        <ele>8.6</ele>
      </trkpt>
      <trkpt lat="-41.36163" lon="175.11697">
        <ele>8.9</ele>
      </trkpt>
      <trkpt lat="-41.36181" lon="175.11657">
        <ele>9.5</ele>
      </trkpt>
      <trkpt lat="-41.36219" lon="175.11594">
        <ele>8.7</ele>
      </trkpt>
      <trkpt lat="-41.36257" lon="175.11532">
        <ele>8.8</ele>
      </trkpt>
      <trkpt lat="-41.36295" lon="175.11469">
        <ele>12.0</ele>
      </trkpt>
      <trkpt lat="-41.3631" lon="175.11441">
        <ele>13.9</ele>
      </trkpt>
      <trkpt lat="-41.36319" lon="175.11418">
        <ele>15.4</ele>
      </trkpt>
      <trkpt lat="-41.363259" lon="175.11387">
        <ele>16.4</ele>
      </trkpt>
      <trkpt lat="-41.36334" lon="175.11338">
        <ele>17.7</ele>
      </trkpt>
      <trkpt lat="-41.36349" lon="175.11284">
        <ele>15.6</ele>
      </trkpt>
      <trkpt lat="-41.36357" lon="175.11243">
        <ele>14.5</ele>
      </trkpt>
      <trkpt lat="-41.36363" lon="175.11224">
        <ele>14.0</ele>
      </trkpt>
      <trkpt lat="-41.363729" lon="175.11205">
        <ele>13.2</ele>
      </trkpt>
      <trkpt lat="-41.36415" lon="175.11163">
        <ele>10.1</ele>
      </trkpt>
      <trkpt lat="-41.36435" lon="175.1115">
        <ele>9.6</ele>
      </trkpt>
      <trkpt lat="-41.3645" lon="175.11145">
        <ele>9.3</ele>
      </trkpt>
      <trkpt lat="-41.36469" lon="175.11148">
        <ele>8.9</ele>
      </trkpt>
      <trkpt lat="-41.36491" lon="175.11156">
        <ele>8.3</ele>
      </trkpt>
      <trkpt lat="-41.36555" lon="175.11193">
        <ele>8.6</ele>
      </trkpt>
      <trkpt lat="-41.36619" lon="175.11229">
        <ele>11.3</ele>
      </trkpt>
      <trkpt lat="-41.36638" lon="175.11243">
        <ele>11.2</ele>
      </trkpt>
      <trkpt lat="-41.36692" lon="175.11291">
        <ele>11.3</ele>
      </trkpt>
      <trkpt lat="-41.367289" lon="175.11335">
        <ele>8.7</ele>
      </trkpt>
      <trkpt lat="-41.367669" lon="175.1138">
        <ele>10.6</ele>
      </trkpt>
      <trkpt lat="-41.368139" lon="175.11429">
        <ele>10.7</ele>
      </trkpt>
      <trkpt lat="-41.36836" lon="175.11445">
        <ele>11.0</ele>
      </trkpt>
      <trkpt lat="-41.36915" lon="175.11494">
        <ele>9.6</ele>
      </trkpt>
      <trkpt lat="-41.36995" lon="175.11543">
        <ele>13.3</ele>
      </trkpt>
      <trkpt lat="-41.37023" lon="175.11562">
        <ele>9.6</ele>
      </trkpt>
      <trkpt lat="-41.37035" lon="175.11567">
        <ele>8.3</ele>
      </trkpt>
      <trkpt lat="-41.370489" lon="175.11567">
        <ele>7.8</ele>
      </trkpt>
      <trkpt lat="-41.37062" lon="175.11561">
        <ele>8.1</ele>
      </trkpt>
      <trkpt lat="-41.37071" lon="175.11551">
        <ele>9.2</ele>
      </trkpt>
      <trkpt lat="-41.37084" lon="175.11524">
        <ele>12.5</ele>
      </trkpt>
      <trkpt lat="-41.37099" lon="175.11465">
        <ele>17.2</ele>
      </trkpt>
      <trkpt lat="-41.37102" lon="175.11404">
        <ele>20.9</ele>
      </trkpt>
      <trkpt lat="-41.37111" lon="175.11322">
        <ele>15.8</ele>
      </trkpt>
      <trkpt lat="-41.37131" lon="175.1122">
        <ele>12.3</ele>
      </trkpt>
      <trkpt lat="-41.37151" lon="175.11119">
        <ele>8.9</ele>
      </trkpt>
      <trkpt lat="-41.37171" lon="175.11047">
        <ele>9.8</ele>
      </trkpt>
      <trkpt lat="-41.37187" lon="175.11">
        <ele>10.8</ele>
      </trkpt>
      <trkpt lat="-41.37225" lon="175.10903">
        <ele>10.9</ele>
      </trkpt>
      <trkpt lat="-41.3723" lon="175.108839">
        <ele>9.7</ele>
      </trkpt>
      <trkpt lat="-41.37232" lon="175.10865">
        <ele>9.1</ele>
      </trkpt>
      <trkpt lat="-41.37229" lon="175.1084">
        <ele>9.4</ele>
      </trkpt>
      <trkpt lat="-41.3722" lon="175.10815">
        <ele>9.8</ele>
      </trkpt>
      <trkpt lat="-41.37198" lon="175.10783">
        <ele>11.0</ele>
      </trkpt>
      <trkpt lat="-41.37175" lon="175.10725">
        <ele>10.9</ele>
      </trkpt>
      <trkpt lat="-41.37156" lon="175.10619">
        <ele>10.4</ele>
      </trkpt>
      <trkpt lat="-41.37147" lon="175.10593">
        <ele>10.0</ele>
      </trkpt>
      <trkpt lat="-41.37119" lon="175.10542">
        <ele>9.7</ele>
      </trkpt>
      <trkpt lat="-41.37113" lon="175.10519">
        <ele>8.4</ele>
      </trkpt>
      <trkpt lat="-41.37108" lon="175.10473">
        <ele>6.8</ele>
      </trkpt>
      <trkpt lat="-41.37099" lon="175.10368">
        <ele>7.4</ele>
      </trkpt>
      <trkpt lat="-41.371" lon="175.10349">
        <ele>7.7</ele>
      </trkpt>
      <trkpt lat="-41.37106" lon="175.10332">
        <ele>7.6</ele>
      </trkpt>
      <trkpt lat="-41.37115" lon="175.103199">
        <ele>7.1</ele>
      </trkpt>
      <trkpt lat="-41.37126" lon="175.10312">
        <ele>6.6</ele>
      </trkpt>
      <trkpt lat="-41.37138" lon="175.10308">
        <ele>6.0</ele>
      </trkpt>
      <trkpt lat="-41.372" lon="175.103109">
        <ele>5.2</ele>
      </trkpt>
      <trkpt lat="-41.37263" lon="175.10314">
        <ele>7.5</ele>
      </trkpt>
      <trkpt lat="-41.37274" lon="175.10318">
        <ele>8.6</ele>
      </trkpt>
      <trkpt lat="-41.37285" lon="175.10324">
        <ele>9.5</ele>
      </trkpt>
      <trkpt lat="-41.37294" lon="175.10331">
        <ele>9.9</ele>
      </trkpt>
      <trkpt lat="-41.37315" lon="175.10352">
        <ele>10.4</ele>
      </trkpt>
      <trkpt lat="-41.37325" lon="175.10358">
        <ele>10.7</ele>
      </trkpt>
      <trkpt lat="-41.37338" lon="175.10362">
        <ele>10.8</ele>
      </trkpt>
      <trkpt lat="-41.37394" lon="175.10368">
        <ele>9.0</ele>
      </trkpt>
      <trkpt lat="-41.3745" lon="175.10375">
        <ele>11.6</ele>
      </trkpt>
      <trkpt lat="-41.37459" lon="175.103739">
        <ele>12.7</ele>
      </trkpt>
      <trkpt lat="-41.37469" lon="175.10366">
        <ele>14.6</ele>
      </trkpt>
      <trkpt lat="-41.37476" lon="175.10353">
        <ele>16.7</ele>
      </trkpt>
      <trkpt lat="-41.3748" lon="175.1034">
        <ele>18.6</ele>
      </trkpt>
      <trkpt lat="-41.37482" lon="175.10326">
        <ele>20.4</ele>
      </trkpt>
      <trkpt lat="-41.37476" lon="175.102659">
        <ele>25.7</ele>
      </trkpt>
      <trkpt lat="-41.37477" lon="175.10247">
        <ele>27.6</ele>
      </trkpt>
      <trkpt lat="-41.3748" lon="175.10228">
        <ele>28.5</ele>
      </trkpt>
      <trkpt lat="-41.37487" lon="175.10201">
        <ele>30.2</ele>
      </trkpt>
      <trkpt lat="-41.37511" lon="175.10133">
        <ele>34.2</ele>
      </trkpt>
      <trkpt lat="-41.37512" lon="175.10115">
        <ele>34.6</ele>
      </trkpt>
      <trkpt lat="-41.375079" lon="175.100959">
        <ele>34.9</ele>
      </trkpt>
      <trkpt lat="-41.37502" lon="175.100779">
        <ele>35.3</ele>
      </trkpt>
      <trkpt lat="-41.37482" lon="175.10044">
        <ele>35.5</ele>
      </trkpt>
      <trkpt lat="-41.37471" lon="175.10018">
        <ele>36.4</ele>
      </trkpt>
      <trkpt lat="-41.37465" lon="175.09973">
        <ele>39.0</ele>
      </trkpt>
      <trkpt lat="-41.37463" lon="175.09904">
        <ele>42.9</ele>
      </trkpt>
      <trkpt lat="-41.37454" lon="175.0985">
        <ele>44.5</ele>
      </trkpt>
      <trkpt lat="-41.37427" lon="175.09741">
        <ele>50.2</ele>
      </trkpt>
      <trkpt lat="-41.37401" lon="175.09632">
        <ele>58.3</ele>
      </trkpt>
      <trkpt lat="-41.37374" lon="175.09522">
        <ele>64.3</ele>
      </trkpt>
      <trkpt lat="-41.37347" lon="175.09413">
        <ele>70.6</ele>
      </trkpt>
      <trkpt lat="-41.37337" lon="175.09367">
        <ele>72.6</ele>
      </trkpt>
      <trkpt lat="-41.37324" lon="175.09263">
        <ele>75.7</ele>
      </trkpt>
      <trkpt lat="-41.3731" lon="175.09159">
        <ele>76.6</ele>
      </trkpt>
      <trkpt lat="-41.37296" lon="175.09055">
        <ele>80.4</ele>
      </trkpt>
      <trkpt lat="-41.372839" lon="175.09021">
        <ele>82.5</ele>
      </trkpt>
      <trkpt lat="-41.37273" lon="175.09">
        <ele>83.9</ele>
      </trkpt>
      <trkpt lat="-41.37263" lon="175.08987">
        <ele>85.0</ele>
      </trkpt>
      <trkpt lat="-41.37248" lon="175.08971">
        <ele>86.5</ele>
      </trkpt>
      <trkpt lat="-41.37175" lon="175.08915">
        <ele>93.5</ele>
      </trkpt>
      <trkpt lat="-41.37131" lon="175.08859">
        <ele>95.0</ele>
      </trkpt>
      <trkpt lat="-41.37109" lon="175.08843">
        <ele>95.0</ele>
      </trkpt>
      <trkpt lat="-41.37035" lon="175.08799">
        <ele>92.9</ele>
      </trkpt>
      <trkpt lat="-41.37024" lon="175.087889">
        <ele>92.6</ele>
      </trkpt>
      <trkpt lat="-41.37012" lon="175.08755">
        <ele>91.5</ele>
      </trkpt>
      <trkpt lat="-41.3701" lon="175.08742">
        <ele>91.4</ele>
      </trkpt>
      <trkpt lat="-41.37012" lon="175.08733">
        <ele>91.3</ele>
      </trkpt>
      <trkpt lat="-41.37018" lon="175.087259">
        <ele>90.9</ele>
      </trkpt>
      <trkpt lat="-41.37026" lon="175.08721">
        <ele>90.4</ele>
      </trkpt>
      <trkpt lat="-41.37037" lon="175.0872">
        <ele>89.8</ele>
      </trkpt>
      <trkpt lat="-41.37051" lon="175.08723">
        <ele>88.9</ele>
      </trkpt>
      <trkpt lat="-41.37065" lon="175.08723">
        <ele>88.1</ele>
      </trkpt>
      <trkpt lat="-41.37107" lon="175.087">
        <ele>85.4</ele>
      </trkpt>
      <trkpt lat="-41.371429" lon="175.08696">
        <ele>82.8</ele>
      </trkpt>
      <trkpt lat="-41.37156" lon="175.08691">
        <ele>81.6</ele>
      </trkpt>
      <trkpt lat="-41.3717" lon="175.08683">
        <ele>80.0</ele>
      </trkpt>
      <trkpt lat="-41.37184" lon="175.08671">
        <ele>78.1</ele>
      </trkpt>
      <trkpt lat="-41.37223" lon="175.08623">
        <ele>73.9</ele>
      </trkpt>
      <trkpt lat="-41.37236" lon="175.08609">
        <ele>71.6</ele>
      </trkpt>
      <trkpt lat="-41.37248" lon="175.086009">
        <ele>69.4</ele>
      </trkpt>
      <trkpt lat="-41.37297" lon="175.08545">
        <ele>67.0</ele>
      </trkpt>
      <trkpt lat="-41.37312" lon="175.08532">
        <ele>65.0</ele>
      </trkpt>
      <trkpt lat="-41.37341" lon="175.08512">
        <ele>60.6</ele>
      </trkpt>
      <trkpt lat="-41.37353" lon="175.08506">
        <ele>59.4</ele>
      </trkpt>
      <trkpt lat="-41.37388" lon="175.08503">
        <ele>58.2</ele>
      </trkpt>
      <trkpt lat="-41.37393" lon="175.08501">
        <ele>57.7</ele>
      </trkpt>
      <trkpt lat="-41.37409" lon="175.08487">
        <ele>56.7</ele>
      </trkpt>
      <trkpt lat="-41.37415" lon="175.08476">
        <ele>56.2</ele>
      </trkpt>
      <trkpt lat="-41.37429" lon="175.0841">
        <ele>53.4</ele>
      </trkpt>
      <trkpt lat="-41.374429" lon="175.08345">
        <ele>51.9</ele>
      </trkpt>
      <trkpt lat="-41.37472" lon="175.08239">
        <ele>51.4</ele>
      </trkpt>
      <trkpt lat="-41.375" lon="175.08133">
        <ele>48.6</ele>
      </trkpt>
      <trkpt lat="-41.37529" lon="175.080279">
        <ele>43.1</ele>
      </trkpt>
      <trkpt lat="-41.37526" lon="175.08017">
        <ele>42.2</ele>
      </trkpt>
      <trkpt lat="-41.37521" lon="175.08011">
        <ele>41.6</ele>
      </trkpt>
      <trkpt lat="-41.37512" lon="175.08008">
        <ele>41.1</ele>
      </trkpt>
      <trkpt lat="-41.37477" lon="175.08008">
        <ele>40.3</ele>
      </trkpt>
      <trkpt lat="-41.37457" lon="175.08005">
        <ele>39.5</ele>
      </trkpt>
      <trkpt lat="-41.37441" lon="175.07996">
        <ele>37.7</ele>
      </trkpt>
      <trkpt lat="-41.37426" lon="175.07987">
        <ele>35.5</ele>
      </trkpt>
      <trkpt lat="-41.37419" lon="175.07979">
        <ele>33.8</ele>
      </trkpt>
      <trkpt lat="-41.37418" lon="175.07968">
        <ele>31.5</ele>
      </trkpt>
      <trkpt lat="-41.37422" lon="175.07958">
        <ele>29.5</ele>
      </trkpt>
      <trkpt lat="-41.3743" lon="175.07954">
        <ele>28.7</ele>
      </trkpt>
      <trkpt lat="-41.37473" lon="175.0797">
        <ele>32.5</ele>
      </trkpt>
      <trkpt lat="-41.37486" lon="175.07969">
        <ele>32.4</ele>
      </trkpt>
      <trkpt lat="-41.37496" lon="175.07966">
        <ele>31.8</ele>
      </trkpt>
      <trkpt lat="-41.37509" lon="175.07959">
        <ele>30.5</ele>
      </trkpt>
      <trkpt lat="-41.37523" lon="175.079469">
        <ele>28.1</ele>
      </trkpt>
      <trkpt lat="-41.37531" lon="175.07933">
        <ele>25.0</ele>
      </trkpt>
      <trkpt lat="-41.3754" lon="175.079109">
        <ele>24.1</ele>
      </trkpt>
      <trkpt lat="-41.3755" lon="175.07862">
        <ele>22.2</ele>
      </trkpt>
      <trkpt lat="-41.375549" lon="175.07838">
        <ele>21.4</ele>
      </trkpt>
      <trkpt lat="-41.37564" lon="175.07812">
        <ele>25.7</ele>
      </trkpt>
      <trkpt lat="-41.37572" lon="175.07803">
        <ele>27.0</ele>
      </trkpt>
      <trkpt lat="-41.37582" lon="175.07799">
        <ele>27.0</ele>
      </trkpt>
      <trkpt lat="-41.375929" lon="175.078">
        <ele>25.7</ele>
      </trkpt>
      <trkpt lat="-41.37619" lon="175.07808">
        <ele>21.6</ele>
      </trkpt>
      <trkpt lat="-41.37636" lon="175.07807">
        <ele>20.2</ele>
      </trkpt>
      <trkpt lat="-41.37677" lon="175.07798">
        <ele>18.5</ele>
      </trkpt>
      <trkpt lat="-41.37735" lon="175.07797">
        <ele>15.9</ele>
      </trkpt>
      <trkpt lat="-41.37793" lon="175.077859">
        <ele>13.1</ele>
      </trkpt>
      <trkpt lat="-41.37808" lon="175.0778">
        <ele>12.3</ele>
      </trkpt>
      <trkpt lat="-41.37817" lon="175.077679">
        <ele>12.1</ele>
      </trkpt>
      <trkpt lat="-41.37826" lon="175.077499">
        <ele>12.0</ele>
      </trkpt>
      <trkpt lat="-41.37833" lon="175.07725">
        <ele>12.0</ele>
      </trkpt>
      <trkpt lat="-41.378369" lon="175.07695">
        <ele>12.5</ele>
      </trkpt>
      <trkpt lat="-41.37836" lon="175.07651">
        <ele>12.8</ele>
      </trkpt>
      <trkpt lat="-41.37831" lon="175.07592">
        <ele>10.9</ele>
      </trkpt>
      <trkpt lat="-41.378189" lon="175.07512">
        <ele>11.2</ele>
      </trkpt>
      <trkpt lat="-41.37814" lon="175.07497">
        <ele>11.9</ele>
      </trkpt>
      <trkpt lat="-41.37793" lon="175.074459">
        <ele>14.6</ele>
      </trkpt>
      <trkpt lat="-41.37777" lon="175.0738">
        <ele>15.7</ele>
      </trkpt>
      <trkpt lat="-41.37761" lon="175.07313">
        <ele>16.0</ele>
      </trkpt>
      <trkpt lat="-41.37759" lon="175.07294">
        <ele>15.7</ele>
      </trkpt>
      <trkpt lat="-41.37759" lon="175.07275">
        <ele>15.1</ele>
      </trkpt>
      <trkpt lat="-41.37763" lon="175.07234">
        <ele>12.7</ele>
      </trkpt>
      <trkpt lat="-41.37763" lon="175.07202">
        <ele>11.1</ele>
      </trkpt>
      <trkpt lat="-41.37761" lon="175.07188">
        <ele>10.7</ele>
      </trkpt>
      <trkpt lat="-41.3774" lon="175.07127">
        <ele>11.6</ele>
      </trkpt>
      <trkpt lat="-41.37721" lon="175.0705">
        <ele>13.2</ele>
      </trkpt>
      <trkpt lat="-41.37702" lon="175.06943">
        <ele>15.2</ele>
      </trkpt>
      <trkpt lat="-41.37683" lon="175.068369">
        <ele>15.2</ele>
      </trkpt>
      <trkpt lat="-41.37679" lon="175.06797">
        <ele>13.7</ele>
      </trkpt>
      <trkpt lat="-41.37683" lon="175.06762">
        <ele>11.8</ele>
      </trkpt>
      <trkpt lat="-41.37675" lon="175.06721">
        <ele>10.7</ele>
      </trkpt>
      <trkpt lat="-41.37677" lon="175.06684">
        <ele>9.3</ele>
      </trkpt>
      <trkpt lat="-41.37676" lon="175.066669">
        <ele>8.9</ele>
      </trkpt>
      <trkpt lat="-41.37662" lon="175.066039">
        <ele>9.4</ele>
      </trkpt>
      <trkpt lat="-41.37632" lon="175.06506">
        <ele>12.2</ele>
      </trkpt>
      <trkpt lat="-41.37611" lon="175.06427">
        <ele>10.3</ele>
      </trkpt>
      <trkpt lat="-41.37605" lon="175.064159">
        <ele>10.1</ele>
      </trkpt>
      <trkpt lat="-41.37572" lon="175.063889">
        <ele>13.9</ele>
      </trkpt>
      <trkpt lat="-41.37563" lon="175.06377">
        <ele>15.2</ele>
      </trkpt>
      <trkpt lat="-41.37556" lon="175.06365">
        <ele>15.6</ele>
      </trkpt>
      <trkpt lat="-41.37522" lon="175.062909">
        <ele>13.9</ele>
      </trkpt>
      <trkpt lat="-41.37518" lon="175.06277">
        <ele>13.4</ele>
      </trkpt>
      <trkpt lat="-41.37516" lon="175.06262">
        <ele>12.5</ele>
      </trkpt>
      <trkpt lat="-41.37518" lon="175.06249">
        <ele>11.6</ele>
      </trkpt>
      <trkpt lat="-41.37535" lon="175.0619">
        <ele>14.5</ele>
      </trkpt>
      <trkpt lat="-41.375369" lon="175.06153">
        <ele>15.8</ele>
      </trkpt>
      <trkpt lat="-41.37535" lon="175.06128">
        <ele>16.0</ele>
      </trkpt>
      <trkpt lat="-41.37531" lon="175.06102">
        <ele>16.6</ele>
      </trkpt>
      <trkpt lat="-41.37522" lon="175.060759">
        <ele>17.5</ele>
      </trkpt>
      <trkpt lat="-41.37502" lon="175.06029">
        <ele>16.6</ele>
      </trkpt>
      <trkpt lat="-41.37498" lon="175.06015">
        <ele>16.2</ele>
      </trkpt>
      <trkpt lat="-41.37479" lon="175.05937">
        <ele>19.0</ele>
      </trkpt>
      <trkpt lat="-41.3746" lon="175.05858">
        <ele>18.1</ele>
      </trkpt>
      <trkpt lat="-41.3744" lon="175.057799">
        <ele>17.0</ele>
      </trkpt>
      <trkpt lat="-41.37427" lon="175.05713">
        <ele>16.2</ele>
      </trkpt>
      <trkpt lat="-41.37422" lon="175.0565">
        <ele>14.6</ele>
      </trkpt>
      <trkpt lat="-41.37418" lon="175.05634">
        <ele>14.3</ele>
      </trkpt>
      <trkpt lat="-41.37408" lon="175.05599">
        <ele>15.7</ele>
      </trkpt>
      <trkpt lat="-41.37392" lon="175.05531">
        <ele>16.4</ele>
      </trkpt>
      <trkpt lat="-41.37388" lon="175.05519">
        <ele>16.6</ele>
      </trkpt>
      <trkpt lat="-41.37373" lon="175.05487">
        <ele>18.7</ele>
      </trkpt>
      <trkpt lat="-41.37368" lon="175.0547">
        <ele>19.4</ele>
      </trkpt>
      <trkpt lat="-41.37364" lon="175.05447">
        <ele>19.5</ele>
      </trkpt>
      <trkpt lat="-41.37364" lon="175.0541">
        <ele>18.3</ele>
      </trkpt>
      <trkpt lat="-41.37366" lon="175.05398">
        <ele>17.6</ele>
      </trkpt>
      <trkpt lat="-41.37371" lon="175.0539">
        <ele>16.5</ele>
      </trkpt>
      <trkpt lat="-41.3738" lon="175.05365">
        <ele>14.5</ele>
      </trkpt>
      <trkpt lat="-41.37382" lon="175.05345">
        <ele>13.8</ele>
      </trkpt>
      <trkpt lat="-41.37384" lon="175.05274">
        <ele>12.8</ele>
      </trkpt>
      <trkpt lat="-41.3738" lon="175.052429">
        <ele>12.8</ele>
      </trkpt>
      <trkpt lat="-41.37362" lon="175.05194">
        <ele>13.1</ele>
      </trkpt>
      <trkpt lat="-41.37341" lon="175.05099">
        <ele>10.8</ele>
      </trkpt>
      <trkpt lat="-41.37308" lon="175.050279">
        <ele>11.3</ele>
      </trkpt>
      <trkpt lat="-41.37301" lon="175.05008">
        <ele>11.4</ele>
      </trkpt>
      <trkpt lat="-41.37277" lon="175.04926">
        <ele>11.3</ele>
      </trkpt>
      <trkpt lat="-41.37254" lon="175.04844">
        <ele>11.1</ele>
      </trkpt>
      <trkpt lat="-41.37242" lon="175.0478">
        <ele>11.8</ele>
      </trkpt>
      <trkpt lat="-41.37241" lon="175.04758">
        <ele>11.6</ele>
      </trkpt>
      <trkpt lat="-41.37242" lon="175.04734">
        <ele>11.2</ele>
      </trkpt>
      <trkpt lat="-41.37245" lon="175.04722">
        <ele>10.5</ele>
      </trkpt>
      <trkpt lat="-41.37259" lon="175.04702">
        <ele>8.9</ele>
      </trkpt>
      <trkpt lat="-41.37263" lon="175.0469">
        <ele>8.5</ele>
      </trkpt>
      <trkpt lat="-41.37265" lon="175.04674">
        <ele>8.1</ele>
      </trkpt>
      <trkpt lat="-41.37252" lon="175.046159">
        <ele>7.7</ele>
      </trkpt>
      <trkpt lat="-41.37251" lon="175.04604">
        <ele>7.4</ele>
      </trkpt>
      <trkpt lat="-41.3725" lon="175.04497">
        <ele>6.1</ele>
      </trkpt>
      <trkpt lat="-41.37243" lon="175.04447">
        <ele>7.9</ele>
      </trkpt>
      <trkpt lat="-41.37242" lon="175.04427">
        <ele>8.4</ele>
      </trkpt>
      <trkpt lat="-41.37248" lon="175.04356">
        <ele>7.5</ele>
      </trkpt>
      <trkpt lat="-41.37249" lon="175.04337">
        <ele>7.1</ele>
      </trkpt>
      <trkpt lat="-41.37247" lon="175.04307">
        <ele>7.9</ele>
      </trkpt>
      <trkpt lat="-41.37248" lon="175.04271">
        <ele>8.7</ele>
      </trkpt>
      <trkpt lat="-41.37251" lon="175.04239">
        <ele>9.1</ele>
      </trkpt>
      <trkpt lat="-41.37257" lon="175.04206">
        <ele>9.2</ele>
      </trkpt>
      <trkpt lat="-41.37267" lon="175.0417">
        <ele>9.1</ele>
      </trkpt>
      <trkpt lat="-41.37276" lon="175.04143">
        <ele>9.1</ele>
      </trkpt>
      <trkpt lat="-41.37295" lon="175.04059">
        <ele>10.3</ele>
      </trkpt>
      <trkpt lat="-41.37314" lon="175.04017">
        <ele>10.0</ele>
      </trkpt>
      <trkpt lat="-41.37328" lon="175.0399">
        <ele>9.5</ele>
      </trkpt>
      <trkpt lat="-41.37341" lon="175.03974">
        <ele>9.9</ele>
      </trkpt>
      <trkpt lat="-41.37398" lon="175.03931">
        <ele>10.2</ele>
      </trkpt>
      <trkpt lat="-41.37438" lon="175.03876">
        <ele>10.1</ele>
      </trkpt>
      <trkpt lat="-41.37476" lon="175.03822">
        <ele>9.6</ele>
      </trkpt>
      <trkpt lat="-41.37496" lon="175.03776">
        <ele>8.4</ele>
      </trkpt>
      <trkpt lat="-41.37498" lon="175.03756">
        <ele>8.2</ele>
      </trkpt>
      <trkpt lat="-41.37498" lon="175.03724">
        <ele>9.8</ele>
      </trkpt>
      <trkpt lat="-41.375" lon="175.037119">
        <ele>10.3</ele>
      </trkpt>
      <trkpt lat="-41.37509" lon="175.03696">
        <ele>10.6</ele>
      </trkpt>
      <trkpt lat="-41.37521" lon="175.03683">
        <ele>10.6</ele>
      </trkpt>
      <trkpt lat="-41.37558" lon="175.03656">
        <ele>10.4</ele>
      </trkpt>
      <trkpt lat="-41.37577" lon="175.03632">
        <ele>10.9</ele>
      </trkpt>
      <trkpt lat="-41.37586" lon="175.0361">
        <ele>11.5</ele>
      </trkpt>
      <trkpt lat="-41.37592" lon="175.03584">
        <ele>12.8</ele>
      </trkpt>
      <trkpt lat="-41.37597" lon="175.0355">
        <ele>21.8</ele>
      </trkpt>
      <trkpt lat="-41.37605" lon="175.035329">
        <ele>24.5</ele>
      </trkpt>
      <trkpt lat="-41.37633" lon="175.03512">
        <ele>20.9</ele>
      </trkpt>
      <trkpt lat="-41.37647" lon="175.03481">
        <ele>26.2</ele>
      </trkpt>
      <trkpt lat="-41.37667" lon="175.03471">
        <ele>22.1</ele>
      </trkpt>
      <trkpt lat="-41.37679" lon="175.03448">
        <ele>28.2</ele>
      </trkpt>
      <trkpt lat="-41.37731" lon="175.0341">
        <ele>25.5</ele>
      </trkpt>
      <trkpt lat="-41.37782" lon="175.03386">
        <ele>23.3</ele>
      </trkpt>
      <trkpt lat="-41.37812" lon="175.03366">
        <ele>21.9</ele>
      </trkpt>
      <trkpt lat="-41.3784" lon="175.03352">
        <ele>17.3</ele>
      </trkpt>
      <trkpt lat="-41.3787" lon="175.03317">
        <ele>20.5</ele>
      </trkpt>
      <trkpt lat="-41.37915" lon="175.03284">
        <ele>18.0</ele>
      </trkpt>
      <trkpt lat="-41.37976" lon="175.03233">
        <ele>16.5</ele>
      </trkpt>
      <trkpt lat="-41.38004" lon="175.03207">
        <ele>13.7</ele>
      </trkpt>
      <trkpt lat="-41.38021" lon="175.03176">
        <ele>15.5</ele>
      </trkpt>
      <trkpt lat="-41.380429" lon="175.03125">
        <ele>19.9</ele>
      </trkpt>
      <trkpt lat="-41.3806" lon="175.03093">
        <ele>20.0</ele>
      </trkpt>
      <trkpt lat="-41.38089" lon="175.03022">
        <ele>21.6</ele>
      </trkpt>
      <trkpt lat="-41.38097" lon="175.02956">
        <ele>33.7</ele>
      </trkpt>
      <trkpt lat="-41.38112" lon="175.02927">
        <ele>35.1</ele>
      </trkpt>
      <trkpt lat="-41.38143" lon="175.02892">
        <ele>34.6</ele>
      </trkpt>
      <trkpt lat="-41.38162" lon="175.02856">
        <ele>39.8</ele>
      </trkpt>
      <trkpt lat="-41.38196" lon="175.02813">
        <ele>39.0</ele>
      </trkpt>
      <trkpt lat="-41.38237" lon="175.02758">
        <ele>31.8</ele>
      </trkpt>
      <trkpt lat="-41.38262" lon="175.02716">
        <ele>29.9</ele>
      </trkpt>
      <trkpt lat="-41.38274" lon="175.02681">
        <ele>31.5</ele>
      </trkpt>
      <trkpt lat="-41.38291" lon="175.02654">
        <ele>25.8</ele>
      </trkpt>
      <trkpt lat="-41.383069" lon="175.02579">
        <ele>26.5</ele>
      </trkpt>
      <trkpt lat="-41.38337" lon="175.02501">
        <ele>19.0</ele>
      </trkpt>
      <trkpt lat="-41.38342" lon="175.02424">
        <ele>23.6</ele>
      </trkpt>
      <trkpt lat="-41.38346" lon="175.02346">
        <ele>25.8</ele>
      </trkpt>
      <trkpt lat="-41.38338" lon="175.02316">
        <ele>31.8</ele>
      </trkpt>
      <trkpt lat="-41.38339" lon="175.02305">
        <ele>33.0</ele>
      </trkpt>
      <trkpt lat="-41.38376" lon="175.02275">
        <ele>19.6</ele>
      </trkpt>
      <trkpt lat="-41.38383" lon="175.02262">
        <ele>17.0</ele>
      </trkpt>
      <trkpt lat="-41.38386" lon="175.02231">
        <ele>20.5</ele>
      </trkpt>
      <trkpt lat="-41.38392" lon="175.02208">
        <ele>22.9</ele>
      </trkpt>
      <trkpt lat="-41.38405" lon="175.02182">
        <ele>23.2</ele>
      </trkpt>
      <trkpt lat="-41.38413" lon="175.021269">
        <ele>31.8</ele>
      </trkpt>
      <trkpt lat="-41.38424" lon="175.02106">
        <ele>31.9</ele>
      </trkpt>
      <trkpt lat="-41.38451" lon="175.02085">
        <ele>26.4</ele>
      </trkpt>
      <trkpt lat="-41.38471" lon="175.02063">
        <ele>27.9</ele>
      </trkpt>
      <trkpt lat="-41.38493" lon="175.02029">
        <ele>32.3</ele>
      </trkpt>
      <trkpt lat="-41.38503" lon="175.02008">
        <ele>35.9</ele>
      </trkpt>
      <trkpt lat="-41.38562" lon="175.01955">
        <ele>28.9</ele>
      </trkpt>
      <trkpt lat="-41.38577" lon="175.01947">
        <ele>23.6</ele>
      </trkpt>
      <trkpt lat="-41.38589" lon="175.01925">
        <ele>24.1</ele>
      </trkpt>
      <trkpt lat="-41.386069" lon="175.01865">
        <ele>30.1</ele>
      </trkpt>
      <trkpt lat="-41.38639" lon="175.018">
        <ele>27.6</ele>
      </trkpt>
      <trkpt lat="-41.38667" lon="175.01757">
        <ele>20.8</ele>
      </trkpt>
      <trkpt lat="-41.38688" lon="175.017329">
        <ele>25.1</ele>
      </trkpt>
      <trkpt lat="-41.38717" lon="175.01714">
        <ele>23.7</ele>
      </trkpt>
      <trkpt lat="-41.38741" lon="175.01702">
        <ele>18.6</ele>
      </trkpt>
      <trkpt lat="-41.38752" lon="175.0168">
        <ele>19.0</ele>
      </trkpt>
      <trkpt lat="-41.3876" lon="175.01646">
        <ele>24.0</ele>
      </trkpt>
      <trkpt lat="-41.3878" lon="175.01613">
        <ele>24.2</ele>
      </trkpt>
      <trkpt lat="-41.38805" lon="175.01592">
        <ele>18.3</ele>
      </trkpt>
      <trkpt lat="-41.3885" lon="175.01566">
        <ele>13.2</ele>
      </trkpt>
      <trkpt lat="-41.38883" lon="175.01538">
        <ele>15.4</ele>
      </trkpt>
      <trkpt lat="-41.38902" lon="175.01512">
        <ele>15.6</ele>
      </trkpt>
      <trkpt lat="-41.38915" lon="175.01463">
        <ele>15.8</ele>
      </trkpt>
      <trkpt lat="-41.38914" lon="175.01439">
        <ele>18.1</ele>
      </trkpt>
      <trkpt lat="-41.38919" lon="175.0137">
        <ele>13.1</ele>
      </trkpt>
      <trkpt lat="-41.38915" lon="175.01329">
        <ele>9.4</ele>
      </trkpt>
      <trkpt lat="-41.38897" lon="175.01281">
        <ele>12.5</ele>
      </trkpt>
      <trkpt lat="-41.38895" lon="175.01266">
        <ele>12.3</ele>
      </trkpt>
      <trkpt lat="-41.38887" lon="175.01197">
        <ele>13.0</ele>
      </trkpt>
      <trkpt lat="-41.38897" lon="175.01117">
        <ele>11.3</ele>
      </trkpt>
      <trkpt lat="-41.38909" lon="175.01042">
        <ele>8.3</ele>
      </trkpt>
      <trkpt lat="-41.389069" lon="175.00994">
        <ele>8.2</ele>
      </trkpt>
      <trkpt lat="-41.38917" lon="175.00896">
        <ele>8.5</ele>
      </trkpt>
      <trkpt lat="-41.38927" lon="175.00799">
        <ele>9.3</ele>
      </trkpt>
      <trkpt lat="-41.38904" lon="175.00701">
        <ele>9.4</ele>
      </trkpt>
      <trkpt lat="-41.38882" lon="175.00603">
        <ele>10.6</ele>
      </trkpt>
      <trkpt lat="-41.38859" lon="175.00504">
        <ele>16.2</ele>
      </trkpt>
      <trkpt lat="-41.38877" lon="175.00445">
        <ele>15.7</ele>
      </trkpt>
      <trkpt lat="-41.38894" lon="175.00377">
        <ele>14.3</ele>
      </trkpt>
      <trkpt lat="-41.38924" lon="175.00312">
        <ele>10.8</ele>
      </trkpt>
      <trkpt lat="-41.38938" lon="175.00249">
        <ele>13.2</ele>
      </trkpt>
      <trkpt lat="-41.38951" lon="175.00187">
        <ele>13.0</ele>
      </trkpt>
      <trkpt lat="-41.38962" lon="175.00127">
        <ele>11.6</ele>
      </trkpt>
      <trkpt lat="-41.38973" lon="175.00067">
        <ele>9.7</ele>
      </trkpt>
      <trkpt lat="-41.38981" lon="174.99979">
        <ele>5.0</ele>
      </trkpt>
      <trkpt lat="-41.38989" lon="174.99891">
        <ele>12.4</ele>
      </trkpt>
      <trkpt lat="-41.38988" lon="174.99845">
        <ele>16.4</ele>
      </trkpt>
      <trkpt lat="-41.39002" lon="174.99788">
        <ele>18.1</ele>
      </trkpt>
      <trkpt lat="-41.390569" lon="174.99703">
        <ele>17.0</ele>
      </trkpt>
      <trkpt lat="-41.39067" lon="174.99648">
        <ele>18.0</ele>
      </trkpt>
      <trkpt lat="-41.3909" lon="174.99614">
        <ele>12.2</ele>
      </trkpt>
      <trkpt lat="-41.39097" lon="174.99558">
        <ele>12.7</ele>
      </trkpt>
      <trkpt lat="-41.39116" lon="174.99502">
        <ele>11.8</ele>
      </trkpt>
      <trkpt lat="-41.39129" lon="174.994139">
        <ele>14.9</ele>
      </trkpt>
      <trkpt lat="-41.39156" lon="174.99349">
        <ele>12.9</ele>
      </trkpt>
      <trkpt lat="-41.3915" lon="174.99293">
        <ele>20.1</ele>
      </trkpt>
      <trkpt lat="-41.39172" lon="174.99264">
        <ele>15.2</ele>
      </trkpt>
      <trkpt lat="-41.39209" lon="174.99185">
        <ele>11.9</ele>
      </trkpt>
      <trkpt lat="-41.39221" lon="174.99168">
        <ele>10.2</ele>
      </trkpt>
      <trkpt lat="-41.39222" lon="174.99159">
        <ele>10.7</ele>
      </trkpt>
      <trkpt lat="-41.3924" lon="174.99107">
        <ele>11.5</ele>
      </trkpt>
      <trkpt lat="-41.39242" lon="174.99074">
        <ele>13.2</ele>
      </trkpt>
      <trkpt lat="-41.392359" lon="174.990559">
        <ele>15.1</ele>
      </trkpt>
      <trkpt lat="-41.39233" lon="174.99034">
        <ele>16.5</ele>
      </trkpt>
      <trkpt lat="-41.39231" lon="174.99006">
        <ele>17.8</ele>
      </trkpt>
      <trkpt lat="-41.39242" lon="174.98969">
        <ele>19.5</ele>
      </trkpt>
      <trkpt lat="-41.39257" lon="174.9894">
        <ele>19.8</ele>
      </trkpt>
      <trkpt lat="-41.39272" lon="174.98914">
        <ele>20.2</ele>
      </trkpt>
      <trkpt lat="-41.39311" lon="174.98864">
        <ele>22.7</ele>
      </trkpt>
      <trkpt lat="-41.39337" lon="174.98837">
        <ele>20.7</ele>
      </trkpt>
      <trkpt lat="-41.39359" lon="174.988229">
        <ele>22.6</ele>
      </trkpt>
      <trkpt lat="-41.39397" lon="174.98803">
        <ele>22.0</ele>
      </trkpt>
      <trkpt lat="-41.39425" lon="174.98801">
        <ele>15.6</ele>
      </trkpt>
      <trkpt lat="-41.39469" lon="174.98768">
        <ele>13.6</ele>
      </trkpt>
      <trkpt lat="-41.39512" lon="174.98736">
        <ele>9.8</ele>
      </trkpt>
      <trkpt lat="-41.3956" lon="174.98691">
        <ele>10.2</ele>
      </trkpt>
      <trkpt lat="-41.39604" lon="174.98667">
        <ele>4.8</ele>
      </trkpt>
      <trkpt lat="-41.39634" lon="174.98622">
        <ele>5.1</ele>
      </trkpt>
      <trkpt lat="-41.3966" lon="174.98571">
        <ele>7.4</ele>
      </trkpt>
      <trkpt lat="-41.396859" lon="174.98519">
        <ele>16.6</ele>
      </trkpt>
      <trkpt lat="-41.39715" lon="174.98532">
        <ele>15.0</ele>
      </trkpt>
      <trkpt lat="-41.39768" lon="174.98547">
        <ele>12.6</ele>
      </trkpt>
      <trkpt lat="-41.398359" lon="174.98553">
        <ele>12.4</ele>
      </trkpt>
      <trkpt lat="-41.39903" lon="174.98558">
        <ele>11.3</ele>
      </trkpt>
      <trkpt lat="-41.39972" lon="174.98515">
        <ele>15.0</ele>
      </trkpt>
      <trkpt lat="-41.40032" lon="174.984379">
        <ele>22.2</ele>
      </trkpt>
      <trkpt lat="-41.40075" lon="174.98398">
        <ele>17.1</ele>
      </trkpt>
      <trkpt lat="-41.40117" lon="174.98358">
        <ele>16.5</ele>
      </trkpt>
      <trkpt lat="-41.40162" lon="174.98309">
        <ele>15.5</ele>
      </trkpt>
      <trkpt lat="-41.40185" lon="174.98296">
        <ele>14.3</ele>
      </trkpt>
      <trkpt lat="-41.40198" lon="174.98266">
        <ele>16.8</ele>
      </trkpt>
      <trkpt lat="-41.40228" lon="174.9823">
        <ele>16.5</ele>
      </trkpt>
      <trkpt lat="-41.40262" lon="174.98144">
        <ele>18.6</ele>
      </trkpt>
      <trkpt lat="-41.40288" lon="174.98034">
        <ele>20.7</ele>
      </trkpt>
      <trkpt lat="-41.40291" lon="174.97957">
        <ele>21.7</ele>
      </trkpt>
      <trkpt lat="-41.40291" lon="174.97882">
        <ele>26.9</ele>
      </trkpt>
      <trkpt lat="-41.40298" lon="174.9785">
        <ele>28.9</ele>
      </trkpt>
      <trkpt lat="-41.40322" lon="174.978109">
        <ele>24.8</ele>
      </trkpt>
      <trkpt lat="-41.40351" lon="174.97753">
        <ele>24.2</ele>
      </trkpt>
      <trkpt lat="-41.40391" lon="174.977">
        <ele>29.4</ele>
      </trkpt>
      <trkpt lat="-41.40438" lon="174.97629">
        <ele>28.0</ele>
      </trkpt>
      <trkpt lat="-41.40447" lon="174.97554">
        <ele>32.5</ele>
      </trkpt>
      <trkpt lat="-41.40489" lon="174.97464">
        <ele>14.8</ele>
      </trkpt>
      <trkpt lat="-41.40486" lon="174.973989">
        <ele>18.7</ele>
      </trkpt>
      <trkpt lat="-41.40499" lon="174.97363">
        <ele>16.0</ele>
      </trkpt>
      <trkpt lat="-41.40541" lon="174.97324">
        <ele>10.4</ele>
      </trkpt>
      <trkpt lat="-41.40554" lon="174.97277">
        <ele>13.8</ele>
      </trkpt>
      <trkpt lat="-41.40554" lon="174.97198">
        <ele>20.8</ele>
      </trkpt>
      <trkpt lat="-41.40574" lon="174.9714">
        <ele>18.4</ele>
      </trkpt>
      <trkpt lat="-41.40626" lon="174.97103">
        <ele>12.4</ele>
      </trkpt>
      <trkpt lat="-41.40647" lon="174.97069">
        <ele>13.6</ele>
      </trkpt>
      <trkpt lat="-41.40692" lon="174.97009">
        <ele>14.1</ele>
      </trkpt>
      <trkpt lat="-41.40737" lon="174.96968">
        <ele>12.4</ele>
      </trkpt>
      <trkpt lat="-41.4075" lon="174.96949">
        <ele>12.7</ele>
      </trkpt>
      <trkpt lat="-41.40748" lon="174.96927">
        <ele>16.0</ele>
      </trkpt>
      <trkpt lat="-41.4076" lon="174.96897">
        <ele>16.1</ele>
      </trkpt>
      <trkpt lat="-41.4078" lon="174.96891">
        <ele>12.4</ele>
      </trkpt>
      <trkpt lat="-41.40793" lon="174.96861">
        <ele>11.6</ele>
      </trkpt>
      <trkpt lat="-41.408029" lon="174.96801">
        <ele>12.1</ele>
      </trkpt>
      <trkpt lat="-41.40835" lon="174.96691">
        <ele>8.2</ele>
      </trkpt>
      <trkpt lat="-41.40864" lon="174.966199">
        <ele>5.7</ele>
      </trkpt>
      <trkpt lat="-41.40879" lon="174.96545">
        <ele>5.4</ele>
      </trkpt>
      <trkpt lat="-41.40909" lon="174.96436">
        <ele>7.5</ele>
      </trkpt>
      <trkpt lat="-41.40916" lon="174.96399">
        <ele>9.3</ele>
      </trkpt>
      <trkpt lat="-41.40938" lon="174.96369">
        <ele>9.4</ele>
      </trkpt>
      <trkpt lat="-41.40954" lon="174.9632">
        <ele>10.2</ele>
      </trkpt>
      <trkpt lat="-41.40964" lon="174.96296">
        <ele>10.3</ele>
      </trkpt>
      <trkpt lat="-41.40986" lon="174.9629">
        <ele>7.8</ele>
      </trkpt>
      <trkpt lat="-41.41012" lon="174.96219">
        <ele>9.0</ele>
      </trkpt>
      <trkpt lat="-41.41033" lon="174.9617">
        <ele>9.7</ele>
      </trkpt>
      <trkpt lat="-41.4106" lon="174.96114">
        <ele>12.2</ele>
      </trkpt>
      <trkpt lat="-41.4108" lon="174.96095">
        <ele>12.9</ele>
      </trkpt>
      <trkpt lat="-41.41099" lon="174.96099">
        <ele>11.0</ele>
      </trkpt>
      <trkpt lat="-41.41125" lon="174.96088">
        <ele>9.7</ele>
      </trkpt>
      <trkpt lat="-41.41126" lon="174.9606">
        <ele>12.1</ele>
      </trkpt>
      <trkpt lat="-41.41139" lon="174.96026">
        <ele>13.7</ele>
      </trkpt>
      <trkpt lat="-41.41138" lon="174.96009">
        <ele>15.3</ele>
      </trkpt>
      <trkpt lat="-41.41146" lon="174.95972">
        <ele>18.7</ele>
      </trkpt>
      <trkpt lat="-41.41139" lon="174.95942">
        <ele>23.6</ele>
      </trkpt>
      <trkpt lat="-41.41147" lon="174.95921">
        <ele>25.3</ele>
      </trkpt>
      <trkpt lat="-41.41139" lon="174.95893">
        <ele>29.1</ele>
      </trkpt>
      <trkpt lat="-41.41139" lon="174.95863">
        <ele>31.7</ele>
      </trkpt>
      <trkpt lat="-41.41151" lon="174.95848">
        <ele>30.8</ele>
      </trkpt>
      <trkpt lat="-41.41157" lon="174.958319">
        <ele>31.0</ele>
      </trkpt>
      <trkpt lat="-41.4118" lon="174.95816">
        <ele>28.2</ele>
      </trkpt>
      <trkpt lat="-41.412149" lon="174.958049">
        <ele>23.1</ele>
      </trkpt>
      <trkpt lat="-41.41233" lon="174.95771">
        <ele>22.5</ele>
      </trkpt>
      <trkpt lat="-41.4125" lon="174.95719">
        <ele>22.1</ele>
      </trkpt>
      <trkpt lat="-41.41286" lon="174.95651">
        <ele>18.4</ele>
      </trkpt>
      <trkpt lat="-41.41304" lon="174.95588">
        <ele>17.4</ele>
      </trkpt>
      <trkpt lat="-41.41323" lon="174.95526">
        <ele>15.7</ele>
      </trkpt>
      <trkpt lat="-41.41361" lon="174.95427">
        <ele>15.8</ele>
      </trkpt>
      <trkpt lat="-41.41393" lon="174.95317">
        <ele>21.6</ele>
      </trkpt>
      <trkpt lat="-41.41424" lon="174.95206">
        <ele>26.1</ele>
      </trkpt>
      <trkpt lat="-41.4146" lon="174.95099">
        <ele>25.2</ele>
      </trkpt>
      <trkpt lat="-41.41458" lon="174.95043">
        <ele>26.5</ele>
      </trkpt>
      <trkpt lat="-41.41434" lon="174.94936">
        <ele>34.0</ele>
      </trkpt>
      <trkpt lat="-41.4146" lon="174.94895">
        <ele>34.3</ele>
      </trkpt>
      <trkpt lat="-41.41496" lon="174.94858">
        <ele>32.4</ele>
      </trkpt>
      <trkpt lat="-41.41534" lon="174.9482">
        <ele>32.3</ele>
      </trkpt>
      <trkpt lat="-41.41587" lon="174.94773">
        <ele>31.3</ele>
      </trkpt>
      <trkpt lat="-41.41632" lon="174.94687">
        <ele>35.0</ele>
      </trkpt>
      <trkpt lat="-41.41671" lon="174.94645">
        <ele>31.6</ele>
      </trkpt>
      <trkpt lat="-41.41711" lon="174.94603">
        <ele>30.9</ele>
      </trkpt>
      <trkpt lat="-41.41755" lon="174.945699">
        <ele>29.9</ele>
      </trkpt>
      <trkpt lat="-41.41799" lon="174.94537">
        <ele>29.3</ele>
      </trkpt>
      <trkpt lat="-41.41836" lon="174.94485">
        <ele>28.9</ele>
      </trkpt>
      <trkpt lat="-41.418729" lon="174.94434">
        <ele>31.3</ele>
      </trkpt>
      <trkpt lat="-41.41902" lon="174.94387">
        <ele>31.9</ele>
      </trkpt>
      <trkpt lat="-41.41899" lon="174.94359">
        <ele>35.1</ele>
      </trkpt>
      <trkpt lat="-41.41925" lon="174.94335">
        <ele>32.5</ele>
      </trkpt>
      <trkpt lat="-41.41952" lon="174.94279">
        <ele>29.7</ele>
      </trkpt>
      <trkpt lat="-41.4197" lon="174.94194">
        <ele>29.3</ele>
      </trkpt>
      <trkpt lat="-41.41968" lon="174.94144">
        <ele>31.7</ele>
      </trkpt>
      <trkpt lat="-41.4201" lon="174.94065">
        <ele>27.3</ele>
      </trkpt>
      <trkpt lat="-41.42046" lon="174.94005">
        <ele>29.0</ele>
      </trkpt>
      <trkpt lat="-41.42082" lon="174.93945">
        <ele>27.6</ele>
      </trkpt>
      <trkpt lat="-41.42116" lon="174.93857">
        <ele>29.2</ele>
      </trkpt>
      <trkpt lat="-41.42153" lon="174.93779">
        <ele>29.8</ele>
      </trkpt>
      <trkpt lat="-41.42197" lon="174.93698">
        <ele>30.7</ele>
      </trkpt>
      <trkpt lat="-41.42227" lon="174.93631">
        <ele>30.9</ele>
      </trkpt>
      <trkpt lat="-41.42274" lon="174.93536">
        <ele>33.4</ele>
      </trkpt>
      <trkpt lat="-41.4232" lon="174.9344">
        <ele>37.0</ele>
      </trkpt>
      <trkpt lat="-41.42351" lon="174.93392">
        <ele>37.4</ele>
      </trkpt>
      <trkpt lat="-41.42381" lon="174.93344">
        <ele>38.2</ele>
      </trkpt>
      <trkpt lat="-41.424169" lon="174.93292">
        <ele>37.9</ele>
      </trkpt>
      <trkpt lat="-41.42452" lon="174.93241">
        <ele>40.2</ele>
      </trkpt>
      <trkpt lat="-41.4248" lon="174.93181">
        <ele>42.4</ele>
      </trkpt>
      <trkpt lat="-41.42512" lon="174.93153">
        <ele>38.4</ele>
      </trkpt>
      <trkpt lat="-41.42568" lon="174.93116">
        <ele>35.7</ele>
      </trkpt>
      <trkpt lat="-41.42633" lon="174.93056">
        <ele>31.2</ele>
      </trkpt>
      <trkpt lat="-41.42687" lon="174.92975">
        <ele>28.4</ele>
      </trkpt>
      <trkpt lat="-41.42715" lon="174.92925">
        <ele>30.1</ele>
      </trkpt>
      <trkpt lat="-41.42745" lon="174.92844">
        <ele>32.6</ele>
      </trkpt>
      <trkpt lat="-41.42774" lon="174.92786">
        <ele>36.3</ele>
      </trkpt>
      <trkpt lat="-41.428109" lon="174.92745">
        <ele>34.4</ele>
      </trkpt>
      <trkpt lat="-41.42855" lon="174.927069">
        <ele>34.1</ele>
      </trkpt>
      <trkpt lat="-41.42898" lon="174.92668">
        <ele>33.4</ele>
      </trkpt>
      <trkpt lat="-41.42958" lon="174.92601">
        <ele>33.4</ele>
      </trkpt>
      <trkpt lat="-41.4302" lon="174.92558">
        <ele>28.1</ele>
      </trkpt>
      <trkpt lat="-41.43063" lon="174.92493">
        <ele>27.5</ele>
      </trkpt>
      <trkpt lat="-41.43106" lon="174.92428">
        <ele>28.3</ele>
      </trkpt>
      <trkpt lat="-41.43141" lon="174.92356">
        <ele>30.8</ele>
      </trkpt>
      <trkpt lat="-41.43177" lon="174.92285">
        <ele>31.2</ele>
      </trkpt>
      <trkpt lat="-41.43213" lon="174.92213">
        <ele>32.3</ele>
      </trkpt>
      <trkpt lat="-41.43257" lon="174.92136">
        <ele>28.2</ele>
      </trkpt>
      <trkpt lat="-41.43268" lon="174.92048">
        <ele>32.6</ele>
      </trkpt>
      <trkpt lat="-41.432989" lon="174.91953">
        <ele>32.7</ele>
      </trkpt>
      <trkpt lat="-41.43328" lon="174.91855">
        <ele>23.5</ele>
      </trkpt>
      <trkpt lat="-41.43307" lon="174.91754">
        <ele>27.2</ele>
      </trkpt>
      <trkpt lat="-41.432989" lon="174.91662">
        <ele>25.0</ele>
      </trkpt>
      <trkpt lat="-41.43258" lon="174.91601">
        <ele>26.8</ele>
      </trkpt>
      <trkpt lat="-41.43229" lon="174.91554">
        <ele>28.5</ele>
      </trkpt>
      <trkpt lat="-41.43194" lon="174.91511">
        <ele>29.2</ele>
      </trkpt>
      <trkpt lat="-41.43176" lon="174.91453">
        <ele>24.9</ele>
      </trkpt>
      <trkpt lat="-41.4318" lon="174.91411">
        <ele>20.6</ele>
      </trkpt>
      <trkpt lat="-41.43198" lon="174.91399">
        <ele>18.6</ele>
      </trkpt>
      <trkpt lat="-41.43229" lon="174.91388">
        <ele>15.6</ele>
      </trkpt>
      <trkpt lat="-41.43268" lon="174.91383">
        <ele>13.1</ele>
      </trkpt>
      <trkpt lat="-41.43305" lon="174.91332">
        <ele>10.0</ele>
      </trkpt>
      <trkpt lat="-41.43306" lon="174.91304">
        <ele>8.9</ele>
      </trkpt>
      <trkpt lat="-41.43298" lon="174.91279">
        <ele>8.3</ele>
      </trkpt>
      <trkpt lat="-41.43306" lon="174.91304">
        <ele>8.9</ele>
      </trkpt>
      <trkpt lat="-41.43305" lon="174.91332">
        <ele>10.0</ele>
      </trkpt>
      <trkpt lat="-41.43268" lon="174.91383">
        <ele>13.1</ele>
      </trkpt>
      <trkpt lat="-41.43229" lon="174.91388">
        <ele>15.6</ele>
      </trkpt>
      <trkpt lat="-41.43198" lon="174.91399">
        <ele>18.6</ele>
      </trkpt>
      <trkpt lat="-41.4318" lon="174.91411">
        <ele>20.6</ele>
      </trkpt>
      <trkpt lat="-41.43176" lon="174.91453">
        <ele>24.9</ele>
      </trkpt>
      <trkpt lat="-41.43144" lon="174.913999">
        <ele>22.7</ele>
      </trkpt>
      <trkpt lat="-41.43069" lon="174.91356">
        <ele>22.1</ele>
      </trkpt>
      <trkpt lat="-41.42994" lon="174.91312">
        <ele>23.0</ele>
      </trkpt>
      <trkpt lat="-41.42982" lon="174.9129">
        <ele>23.8</ele>
      </trkpt>
      <trkpt lat="-41.42973" lon="174.91232">
        <ele>21.3</ele>
      </trkpt>
      <trkpt lat="-41.42944" lon="174.91186">
        <ele>21.0</ele>
      </trkpt>
      <trkpt lat="-41.42908" lon="174.91157">
        <ele>21.6</ele>
      </trkpt>
      <trkpt lat="-41.428289" lon="174.91117">
        <ele>20.5</ele>
      </trkpt>
      <trkpt lat="-41.42749" lon="174.91078">
        <ele>17.6</ele>
      </trkpt>
      <trkpt lat="-41.42703" lon="174.91065">
        <ele>17.9</ele>
      </trkpt>
      <trkpt lat="-41.42658" lon="174.91052">
        <ele>18.1</ele>
      </trkpt>
      <trkpt lat="-41.4261" lon="174.91023">
        <ele>16.9</ele>
      </trkpt>
      <trkpt lat="-41.42556" lon="174.91017">
        <ele>17.1</ele>
      </trkpt>
      <trkpt lat="-41.42502" lon="174.91011">
        <ele>16.2</ele>
      </trkpt>
      <trkpt lat="-41.42458" lon="174.90996">
        <ele>15.3</ele>
      </trkpt>
      <trkpt lat="-41.42415" lon="174.90981">
        <ele>14.9</ele>
      </trkpt>
      <trkpt lat="-41.42358" lon="174.90945">
        <ele>13.6</ele>
      </trkpt>
      <trkpt lat="-41.42301" lon="174.9091">
        <ele>13.7</ele>
      </trkpt>
      <trkpt lat="-41.42244" lon="174.90874">
        <ele>15.1</ele>
      </trkpt>
      <trkpt lat="-41.42201" lon="174.90807">
        <ele>13.7</ele>
      </trkpt>
      <trkpt lat="-41.4216" lon="174.90786">
        <ele>13.9</ele>
      </trkpt>
      <trkpt lat="-41.42081" lon="174.90797">
        <ele>14.2</ele>
      </trkpt>
      <trkpt lat="-41.42043" lon="174.90762">
        <ele>13.4</ele>
      </trkpt>
      <trkpt lat="-41.41997" lon="174.90674">
        <ele>9.5</ele>
      </trkpt>
      <trkpt lat="-41.41951" lon="174.905849">
        <ele>8.2</ele>
      </trkpt>
      <trkpt lat="-41.41905" lon="174.90497">
        <ele>7.3</ele>
      </trkpt>
      <trkpt lat="-41.41859" lon="174.90408">
        <ele>7.1</ele>
      </trkpt>
      <trkpt lat="-41.41818" lon="174.90387">
        <ele>7.8</ele>
      </trkpt>
      <trkpt lat="-41.41794" lon="174.90362">
        <ele>7.2</ele>
      </trkpt>
      <trkpt lat="-41.41818" lon="174.90322">
        <ele>7.5</ele>
      </trkpt>
      <trkpt lat="-41.41822" lon="174.90302">
        <ele>7.4</ele>
      </trkpt>
      <trkpt lat="-41.41818" lon="174.90242">
        <ele>7.6</ele>
      </trkpt>
      <trkpt lat="-41.41809" lon="174.9023">
        <ele>7.6</ele>
      </trkpt>
      <trkpt lat="-41.41767" lon="174.9018">
        <ele>7.9</ele>
      </trkpt>
      <trkpt lat="-41.41755" lon="174.90165">
        <ele>7.9</ele>
      </trkpt>
      <trkpt lat="-41.41696" lon="174.90121">
        <ele>8.3</ele>
      </trkpt>
      <trkpt lat="-41.41653" lon="174.90063">
        <ele>10.6</ele>
      </trkpt>
      <trkpt lat="-41.4161" lon="174.90005">
        <ele>12.5</ele>
      </trkpt>
      <trkpt lat="-41.41595" lon="174.89975">
        <ele>12.4</ele>
      </trkpt>
      <trkpt lat="-41.41574" lon="174.89906">
        <ele>11.8</ele>
      </trkpt>
      <trkpt lat="-41.41552" lon="174.8982">
        <ele>11.7</ele>
      </trkpt>
      <trkpt lat="-41.41541" lon="174.89747">
        <ele>10.5</ele>
      </trkpt>
      <trkpt lat="-41.41526" lon="174.89675">
        <ele>10.3</ele>
      </trkpt>
      <trkpt lat="-41.41492" lon="174.8958">
        <ele>12.9</ele>
      </trkpt>
      <trkpt lat="-41.41463" lon="174.89481">
        <ele>14.7</ele>
      </trkpt>
      <trkpt lat="-41.41435" lon="174.89382">
        <ele>15.2</ele>
      </trkpt>
      <trkpt lat="-41.41407" lon="174.89284">
        <ele>12.9</ele>
      </trkpt>
      <trkpt lat="-41.41379" lon="174.89185">
        <ele>13.3</ele>
      </trkpt>
      <trkpt lat="-41.41351" lon="174.89086">
        <ele>14.0</ele>
      </trkpt>
      <trkpt lat="-41.41378" lon="174.89065">
        <ele>11.8</ele>
      </trkpt>
      <trkpt lat="-41.41381" lon="174.89048">
        <ele>11.1</ele>
      </trkpt>
      <trkpt lat="-41.41364" lon="174.890179">
        <ele>11.1</ele>
      </trkpt>
      <trkpt lat="-41.41337" lon="174.88967">
        <ele>10.3</ele>
      </trkpt>
      <trkpt lat="-41.41311" lon="174.88976">
        <ele>14.1</ele>
      </trkpt>
      <trkpt lat="-41.41296" lon="174.88957">
        <ele>14.6</ele>
      </trkpt>
      <trkpt lat="-41.41259" lon="174.88915">
        <ele>14.2</ele>
      </trkpt>
      <trkpt lat="-41.41221" lon="174.88872">
        <ele>18.8</ele>
      </trkpt>
      <trkpt lat="-41.41221" lon="174.88872">
        <ele>18.8</ele>
      </trkpt>
      <trkpt lat="-41.411679" lon="174.888119">
        <ele>18.3</ele>
      </trkpt>
      <trkpt lat="-41.41147" lon="174.88793">
        <ele>18.6</ele>
      </trkpt>
      <trkpt lat="-41.411029" lon="174.88771">
        <ele>18.1</ele>
      </trkpt>
      <trkpt lat="-41.41038" lon="174.88748">
        <ele>17.1</ele>
      </trkpt>
      <trkpt lat="-41.40995" lon="174.88734">
        <ele>19.3</ele>
      </trkpt>
      <trkpt lat="-41.40946" lon="174.88726">
        <ele>23.0</ele>
      </trkpt>
      <trkpt lat="-41.40921" lon="174.88717">
        <ele>23.3</ele>
      </trkpt>
      <trkpt lat="-41.40894" lon="174.88698">
        <ele>24.4</ele>
      </trkpt>
      <trkpt lat="-41.408679" lon="174.88671">
        <ele>20.3</ele>
      </trkpt>
      <trkpt lat="-41.40804" lon="174.886">
        <ele>19.5</ele>
      </trkpt>
      <trkpt lat="-41.4074" lon="174.88529">
        <ele>21.9</ele>
      </trkpt>
      <trkpt lat="-41.40715" lon="174.8848">
        <ele>21.6</ele>
      </trkpt>
      <trkpt lat="-41.40699" lon="174.88432">
        <ele>19.1</ele>
      </trkpt>
      <trkpt lat="-41.40686" lon="174.88398">
        <ele>17.0</ele>
      </trkpt>
      <trkpt lat="-41.40643" lon="174.88341">
        <ele>15.7</ele>
      </trkpt>
      <trkpt lat="-41.40628" lon="174.88328">
        <ele>16.2</ele>
      </trkpt>
      <trkpt lat="-41.40619" lon="174.88318">
        <ele>16.4</ele>
      </trkpt>
      <trkpt lat="-41.40585" lon="174.88298">
        <ele>18.0</ele>
      </trkpt>
      <trkpt lat="-41.40566" lon="174.88289">
        <ele>18.0</ele>
      </trkpt>
      <trkpt lat="-41.40556" lon="174.88289">
        <ele>18.5</ele>
      </trkpt>
      <trkpt lat="-41.40546" lon="174.88296">
        <ele>19.2</ele>
      </trkpt>
      <trkpt lat="-41.40489" lon="174.88346">
        <ele>18.3</ele>
      </trkpt>
      <trkpt lat="-41.4046" lon="174.88375">
        <ele>16.4</ele>
      </trkpt>
      <trkpt lat="-41.40429" lon="174.88421">
        <ele>15.7</ele>
      </trkpt>
      <trkpt lat="-41.40397" lon="174.88467">
        <ele>18.6</ele>
      </trkpt>
      <trkpt lat="-41.40381" lon="174.88478">
        <ele>18.8</ele>
      </trkpt>
      <trkpt lat="-41.40352" lon="174.88487">
        <ele>17.8</ele>
      </trkpt>
      <trkpt lat="-41.403329" lon="174.88489">
        <ele>16.7</ele>
      </trkpt>
      <trkpt lat="-41.40311" lon="174.88485">
        <ele>17.9</ele>
      </trkpt>
      <trkpt lat="-41.40279" lon="174.88475">
        <ele>18.8</ele>
      </trkpt>
      <trkpt lat="-41.40258" lon="174.88459">
        <ele>17.6</ele>
      </trkpt>
      <trkpt lat="-41.40247" lon="174.88444">
        <ele>16.0</ele>
      </trkpt>
      <trkpt lat="-41.40222" lon="174.88424">
        <ele>15.7</ele>
      </trkpt>
      <trkpt lat="-41.40199" lon="174.88402">
        <ele>15.8</ele>
      </trkpt>
      <trkpt lat="-41.40179" lon="174.88389">
        <ele>16.3</ele>
      </trkpt>
      <trkpt lat="-41.40122" lon="174.88365">
        <ele>18.8</ele>
      </trkpt>
      <trkpt lat="-41.40051" lon="174.8833">
        <ele>16.7</ele>
      </trkpt>
      <trkpt lat="-41.400149" lon="174.88314">
        <ele>18.0</ele>
      </trkpt>
      <trkpt lat="-41.39992" lon="174.88297">
        <ele>18.0</ele>
      </trkpt>
      <trkpt lat="-41.39971" lon="174.88285">
        <ele>18.9</ele>
      </trkpt>
      <trkpt lat="-41.399389" lon="174.88272">
        <ele>19.9</ele>
      </trkpt>
      <trkpt lat="-41.3991" lon="174.88253">
        <ele>17.5</ele>
      </trkpt>
      <trkpt lat="-41.39887" lon="174.88235">
        <ele>17.3</ele>
      </trkpt>
      <trkpt lat="-41.39868" lon="174.88217">
        <ele>17.0</ele>
      </trkpt>
      <trkpt lat="-41.39843" lon="174.88201">
        <ele>16.9</ele>
      </trkpt>
      <trkpt lat="-41.398" lon="174.88187">
        <ele>16.7</ele>
      </trkpt>
      <trkpt lat="-41.39734" lon="174.88195">
        <ele>20.0</ele>
      </trkpt>
      <trkpt lat="-41.39652" lon="174.88209">
        <ele>22.7</ele>
      </trkpt>
      <trkpt lat="-41.39569" lon="174.88223">
        <ele>17.1</ele>
      </trkpt>
      <trkpt lat="-41.3956" lon="174.88223">
        <ele>16.9</ele>
      </trkpt>
      <trkpt lat="-41.395449" lon="174.88227">
        <ele>16.8</ele>
      </trkpt>
      <trkpt lat="-41.39513" lon="174.88245">
        <ele>16.5</ele>
      </trkpt>
      <trkpt lat="-41.39459" lon="174.88279">
        <ele>15.4</ele>
      </trkpt>
      <trkpt lat="-41.3945" lon="174.88291">
        <ele>15.4</ele>
      </trkpt>
      <trkpt lat="-41.39439" lon="174.88317">
        <ele>15.5</ele>
      </trkpt>
      <trkpt lat="-41.39439" lon="174.88317">
        <ele>15.5</ele>
      </trkpt>
      <trkpt lat="-41.39418" lon="174.88378">
        <ele>16.4</ele>
      </trkpt>
      <trkpt lat="-41.39397" lon="174.88439">
        <ele>19.8</ele>
      </trkpt>
      <trkpt lat="-41.39379" lon="174.88466">
        <ele>21.0</ele>
      </trkpt>
      <trkpt lat="-41.39345" lon="174.88514">
        <ele>19.6</ele>
      </trkpt>
      <trkpt lat="-41.393099" lon="174.88562">
        <ele>21.4</ele>
      </trkpt>
      <trkpt lat="-41.39296" lon="174.88576">
        <ele>20.9</ele>
      </trkpt>
      <trkpt lat="-41.39226" lon="174.88634">
        <ele>19.6</ele>
      </trkpt>
      <trkpt lat="-41.39157" lon="174.88692">
        <ele>16.8</ele>
      </trkpt>
      <trkpt lat="-41.39124" lon="174.88725">
        <ele>18.6</ele>
      </trkpt>
      <trkpt lat="-41.39116" lon="174.88738">
        <ele>19.2</ele>
      </trkpt>
      <trkpt lat="-41.39093" lon="174.88771">
        <ele>22.3</ele>
      </trkpt>
      <trkpt lat="-41.39076" lon="174.88782">
        <ele>22.5</ele>
      </trkpt>
      <trkpt lat="-41.3906" lon="174.88789">
        <ele>22.1</ele>
      </trkpt>
      <trkpt lat="-41.39028" lon="174.887939">
        <ele>18.9</ele>
      </trkpt>
      <trkpt lat="-41.3896" lon="174.88789">
        <ele>14.8</ele>
      </trkpt>
      <trkpt lat="-41.38892" lon="174.887849">
        <ele>14.2</ele>
      </trkpt>
      <trkpt lat="-41.38876" lon="174.88786">
        <ele>14.1</ele>
      </trkpt>
      <trkpt lat="-41.38862" lon="174.88792">
        <ele>14.4</ele>
      </trkpt>
      <trkpt lat="-41.387949" lon="174.888389">
        <ele>15.2</ele>
      </trkpt>
      <trkpt lat="-41.38773" lon="174.88859">
        <ele>15.4</ele>
      </trkpt>
      <trkpt lat="-41.38742" lon="174.88919">
        <ele>17.9</ele>
      </trkpt>
      <trkpt lat="-41.387279" lon="174.88932">
        <ele>19.4</ele>
      </trkpt>
      <trkpt lat="-41.38686" lon="174.88962">
        <ele>20.3</ele>
      </trkpt>
      <trkpt lat="-41.3867" lon="174.88976">
        <ele>20.3</ele>
      </trkpt>
      <trkpt lat="-41.38649" lon="174.89004">
        <ele>20.8</ele>
      </trkpt>
      <trkpt lat="-41.38615" lon="174.89066">
        <ele>23.2</ele>
      </trkpt>
      <trkpt lat="-41.38572" lon="174.891609">
        <ele>26.7</ele>
      </trkpt>
      <trkpt lat="-41.38558" lon="174.89187">
        <ele>27.4</ele>
      </trkpt>
      <trkpt lat="-41.3854" lon="174.89207">
        <ele>25.7</ele>
      </trkpt>
      <trkpt lat="-41.38503" lon="174.89243">
        <ele>19.3</ele>
      </trkpt>
      <trkpt lat="-41.38482" lon="174.89282">
        <ele>24.3</ele>
      </trkpt>
      <trkpt lat="-41.38473" lon="174.89307">
        <ele>27.9</ele>
      </trkpt>
      <trkpt lat="-41.38463" lon="174.89323">
        <ele>29.1</ele>
      </trkpt>
      <trkpt lat="-41.38435" lon="174.89342">
        <ele>27.8</ele>
      </trkpt>
      <trkpt lat="-41.383809" lon="174.89366">
        <ele>24.1</ele>
      </trkpt>
      <trkpt lat="-41.38358" lon="174.8938">
        <ele>22.6</ele>
      </trkpt>
      <trkpt lat="-41.38345" lon="174.8939">
        <ele>21.7</ele>
      </trkpt>
      <trkpt lat="-41.383249" lon="174.89414">
        <ele>21.7</ele>
      </trkpt>
      <trkpt lat="-41.383069" lon="174.89431">
        <ele>24.2</ele>
      </trkpt>
      <trkpt lat="-41.38245" lon="174.89472">
        <ele>27.0</ele>
      </trkpt>
      <trkpt lat="-41.38227" lon="174.89489">
        <ele>28.6</ele>
      </trkpt>
      <trkpt lat="-41.38208" lon="174.895">
        <ele>27.9</ele>
      </trkpt>
      <trkpt lat="-41.38167" lon="174.89513">
        <ele>23.7</ele>
      </trkpt>
      <trkpt lat="-41.38144" lon="174.89519">
        <ele>23.1</ele>
      </trkpt>
      <trkpt lat="-41.38076" lon="174.89553">
        <ele>24.2</ele>
      </trkpt>
      <trkpt lat="-41.38076" lon="174.89553">
        <ele>24.2</ele>
      </trkpt>
      <trkpt lat="-41.38021" lon="174.89578">
        <ele>23.5</ele>
      </trkpt>
      <trkpt lat="-41.37964" lon="174.8963">
        <ele>22.1</ele>
      </trkpt>
      <trkpt lat="-41.37908" lon="174.89682">
        <ele>24.4</ele>
      </trkpt>
      <trkpt lat="-41.378749" lon="174.89686">
        <ele>24.5</ele>
      </trkpt>
      <trkpt lat="-41.37856" lon="174.89683">
        <ele>24.0</ele>
      </trkpt>
      <trkpt lat="-41.37827" lon="174.89687">
        <ele>24.0</ele>
      </trkpt>
      <trkpt lat="-41.37758" lon="174.89721">
        <ele>27.5</ele>
      </trkpt>
      <trkpt lat="-41.3769" lon="174.89755">
        <ele>25.6</ele>
      </trkpt>
      <trkpt lat="-41.37634" lon="174.89778">
        <ele>24.8</ele>
      </trkpt>
      <trkpt lat="-41.37606" lon="174.89784">
        <ele>23.2</ele>
      </trkpt>
      <trkpt lat="-41.37577" lon="174.89775">
        <ele>20.5</ele>
      </trkpt>
      <trkpt lat="-41.37529" lon="174.89755">
        <ele>18.6</ele>
      </trkpt>
      <trkpt lat="-41.37482" lon="174.89736">
        <ele>17.3</ele>
      </trkpt>
      <trkpt lat="-41.37458" lon="174.89738">
        <ele>17.1</ele>
      </trkpt>
      <trkpt lat="-41.37445" lon="174.89745">
        <ele>17.2</ele>
      </trkpt>
      <trkpt lat="-41.37412" lon="174.89776">
        <ele>20.3</ele>
      </trkpt>
      <trkpt lat="-41.37391" lon="174.89791">
        <ele>21.8</ele>
      </trkpt>
      <trkpt lat="-41.37382" lon="174.89794">
        <ele>22.0</ele>
      </trkpt>
      <trkpt lat="-41.373" lon="174.89798">
        <ele>21.3</ele>
      </trkpt>
      <trkpt lat="-41.37218" lon="174.89802">
        <ele>23.5</ele>
      </trkpt>
      <trkpt lat="-41.37201" lon="174.898">
        <ele>24.2</ele>
      </trkpt>
      <trkpt lat="-41.37145" lon="174.897789">
        <ele>24.0</ele>
      </trkpt>
      <trkpt lat="-41.37086" lon="174.89768">
        <ele>23.8</ele>
      </trkpt>
      <trkpt lat="-41.37048" lon="174.89771">
        <ele>23.8</ele>
      </trkpt>
      <trkpt lat="-41.370019" lon="174.8978">
        <ele>24.0</ele>
      </trkpt>
      <trkpt lat="-41.36918" lon="174.89798">
        <ele>21.3</ele>
      </trkpt>
      <trkpt lat="-41.36833" lon="174.89817">
        <ele>22.6</ele>
      </trkpt>
      <trkpt lat="-41.36816" lon="174.89828">
        <ele>22.0</ele>
      </trkpt>
      <trkpt lat="-41.36752" lon="174.89908">
        <ele>20.7</ele>
      </trkpt>
      <trkpt lat="-41.36689" lon="174.89988">
        <ele>27.1</ele>
      </trkpt>
      <trkpt lat="-41.36654" lon="174.90009">
        <ele>28.4</ele>
      </trkpt>
      <trkpt lat="-41.36597" lon="174.90038">
        <ele>29.0</ele>
      </trkpt>
      <trkpt lat="-41.3655" lon="174.90065">
        <ele>28.9</ele>
      </trkpt>
      <trkpt lat="-41.36503" lon="174.90093">
        <ele>26.4</ele>
      </trkpt>
      <trkpt lat="-41.36461" lon="174.90127">
        <ele>27.8</ele>
      </trkpt>
      <trkpt lat="-41.36453" lon="174.901369">
        <ele>28.2</ele>
      </trkpt>
      <trkpt lat="-41.36428" lon="174.90189">
        <ele>32.6</ele>
      </trkpt>
      <trkpt lat="-41.36388" lon="174.90234">
        <ele>36.7</ele>
      </trkpt>
      <trkpt lat="-41.36359" lon="174.90247">
        <ele>35.6</ele>
      </trkpt>
      <trkpt lat="-41.36315" lon="174.90256">
        <ele>33.8</ele>
      </trkpt>
      <trkpt lat="-41.36271" lon="174.90265">
        <ele>32.9</ele>
      </trkpt>
      <trkpt lat="-41.3626" lon="174.90265">
        <ele>31.9</ele>
      </trkpt>
      <trkpt lat="-41.36246" lon="174.9026">
        <ele>29.4</ele>
      </trkpt>
      <trkpt lat="-41.36236" lon="174.90253">
        <ele>27.1</ele>
      </trkpt>
      <trkpt lat="-41.36205" lon="174.90251">
        <ele>25.1</ele>
      </trkpt>
      <trkpt lat="-41.36182" lon="174.90262">
        <ele>26.8</ele>
      </trkpt>
      <trkpt lat="-41.3617" lon="174.90271">
        <ele>28.5</ele>
      </trkpt>
      <trkpt lat="-41.36133" lon="174.90308">
        <ele>33.5</ele>
      </trkpt>
      <trkpt lat="-41.36115" lon="174.90317">
        <ele>32.9</ele>
      </trkpt>
      <trkpt lat="-41.36063" lon="174.903519">
        <ele>34.9</ele>
      </trkpt>
      <trkpt lat="-41.36011" lon="174.90387">
        <ele>34.9</ele>
      </trkpt>
      <trkpt lat="-41.35999" lon="174.90393">
        <ele>33.5</ele>
      </trkpt>
      <trkpt lat="-41.35978" lon="174.904">
        <ele>33.5</ele>
      </trkpt>
      <trkpt lat="-41.35945" lon="174.90402">
        <ele>31.2</ele>
      </trkpt>
      <trkpt lat="-41.35906" lon="174.90393">
        <ele>27.5</ele>
      </trkpt>
      <trkpt lat="-41.3589" lon="174.90398">
        <ele>28.0</ele>
      </trkpt>
      <trkpt lat="-41.3588" lon="174.90403">
        <ele>28.4</ele>
      </trkpt>
      <trkpt lat="-41.35861" lon="174.90421">
        <ele>30.7</ele>
      </trkpt>
      <trkpt lat="-41.35841" lon="174.90443">
        <ele>35.3</ele>
      </trkpt>
      <trkpt lat="-41.35806" lon="174.90475">
        <ele>40.6</ele>
      </trkpt>
      <trkpt lat="-41.35737" lon="174.90536">
        <ele>51.0</ele>
      </trkpt>
      <trkpt lat="-41.35702" lon="174.90561">
        <ele>50.1</ele>
      </trkpt>
      <trkpt lat="-41.35678" lon="174.905759">
        <ele>47.0</ele>
      </trkpt>
      <trkpt lat="-41.35633" lon="174.90592">
        <ele>42.8</ele>
      </trkpt>
      <trkpt lat="-41.35588" lon="174.90608">
        <ele>40.4</ele>
      </trkpt>
      <trkpt lat="-41.35573" lon="174.90616">
        <ele>39.5</ele>
      </trkpt>
      <trkpt lat="-41.35563" lon="174.90628">
        <ele>39.3</ele>
      </trkpt>
      <trkpt lat="-41.355559" lon="174.90651">
        <ele>40.2</ele>
      </trkpt>
      <trkpt lat="-41.35548" lon="174.90668">
        <ele>40.5</ele>
      </trkpt>
      <trkpt lat="-41.35517" lon="174.90703">
        <ele>39.0</ele>
      </trkpt>
      <trkpt lat="-41.354439" lon="174.907369">
        <ele>35.5</ele>
      </trkpt>
      <trkpt lat="-41.35386" lon="174.90771">
        <ele>36.2</ele>
      </trkpt>
      <trkpt lat="-41.35372" lon="174.90783">
        <ele>36.6</ele>
      </trkpt>
      <trkpt lat="-41.35309" lon="174.908629">
        <ele>34.9</ele>
      </trkpt>
      <trkpt lat="-41.353029" lon="174.90872">
        <ele>34.7</ele>
      </trkpt>
      <trkpt lat="-41.35263" lon="174.90927">
        <ele>33.7</ele>
      </trkpt>
      <trkpt lat="-41.3525" lon="174.90939">
        <ele>34.3</ele>
      </trkpt>
      <trkpt lat="-41.352089" lon="174.90963">
        <ele>34.3</ele>
      </trkpt>
      <trkpt lat="-41.35167" lon="174.909879">
        <ele>34.3</ele>
      </trkpt>
      <trkpt lat="-41.35103" lon="174.9103">
        <ele>34.2</ele>
      </trkpt>
      <trkpt lat="-41.3509" lon="174.91041">
        <ele>34.1</ele>
      </trkpt>
      <trkpt lat="-41.35069" lon="174.91079">
        <ele>33.7</ele>
      </trkpt>
      <trkpt lat="-41.35062" lon="174.91096">
        <ele>33.9</ele>
      </trkpt>
      <trkpt lat="-41.35054" lon="174.91123">
        <ele>34.4</ele>
      </trkpt>
      <trkpt lat="-41.35037" lon="174.91218">
        <ele>37.7</ele>
      </trkpt>
      <trkpt lat="-41.35031" lon="174.91237">
        <ele>37.4</ele>
      </trkpt>
      <trkpt lat="-41.35014" lon="174.91275">
        <ele>35.1</ele>
      </trkpt>
      <trkpt lat="-41.34985" lon="174.913279">
        <ele>34.0</ele>
      </trkpt>
      <trkpt lat="-41.349649" lon="174.913639">
        <ele>33.8</ele>
      </trkpt>
      <trkpt lat="-41.34939" lon="174.913999">
        <ele>32.2</ele>
      </trkpt>
      <trkpt lat="-41.34911" lon="174.91451">
        <ele>32.5</ele>
      </trkpt>
      <trkpt lat="-41.34899" lon="174.91482">
        <ele>33.7</ele>
      </trkpt>
      <trkpt lat="-41.3488" lon="174.9158">
        <ele>38.3</ele>
      </trkpt>
      <trkpt lat="-41.34872" lon="174.91602">
        <ele>39.0</ele>
      </trkpt>
      <trkpt lat="-41.34843" lon="174.91649">
        <ele>38.2</ele>
      </trkpt>
      <trkpt lat="-41.34813" lon="174.91697">
        <ele>38.5</ele>
      </trkpt>
      <trkpt lat="-41.34757" lon="174.91778">
        <ele>36.4</ele>
      </trkpt>
      <trkpt lat="-41.34696" lon="174.91827">
        <ele>33.7</ele>
      </trkpt>
      <trkpt lat="-41.34681" lon="174.91841">
        <ele>33.4</ele>
      </trkpt>
      <trkpt lat="-41.34668" lon="174.91864">
        <ele>35.4</ele>
      </trkpt>
      <trkpt lat="-41.34642" lon="174.91902">
        <ele>38.2</ele>
      </trkpt>
      <trkpt lat="-41.34605" lon="174.91913">
        <ele>34.1</ele>
      </trkpt>
      <trkpt lat="-41.34579" lon="174.91915">
        <ele>30.7</ele>
      </trkpt>
      <trkpt lat="-41.34564" lon="174.919099">
        <ele>29.8</ele>
      </trkpt>
      <trkpt lat="-41.34554" lon="174.91902">
        <ele>29.2</ele>
      </trkpt>
      <trkpt lat="-41.34488" lon="174.91834">
        <ele>28.0</ele>
      </trkpt>
      <trkpt lat="-41.34475" lon="174.91823">
        <ele>28.0</ele>
      </trkpt>
      <trkpt lat="-41.34408" lon="174.917579">
        <ele>28.2</ele>
      </trkpt>
      <trkpt lat="-41.34398" lon="174.91751">
        <ele>28.5</ele>
      </trkpt>
      <trkpt lat="-41.3432" lon="174.91711">
        <ele>29.1</ele>
      </trkpt>
      <trkpt lat="-41.34242" lon="174.91671">
        <ele>29.4</ele>
      </trkpt>
      <trkpt lat="-41.34164" lon="174.91632">
        <ele>30.9</ele>
      </trkpt>
      <trkpt lat="-41.34086" lon="174.91603">
        <ele>34.3</ele>
      </trkpt>
      <trkpt lat="-41.34032" lon="174.91569">
        <ele>34.6</ele>
      </trkpt>
      <trkpt lat="-41.33967" lon="174.91566">
        <ele>36.1</ele>
      </trkpt>
      <trkpt lat="-41.33925" lon="174.91555">
        <ele>35.9</ele>
      </trkpt>
      <trkpt lat="-41.33901" lon="174.91535">
        <ele>36.0</ele>
      </trkpt>
      <trkpt lat="-41.33881" lon="174.9151">
        <ele>36.1</ele>
      </trkpt>
      <trkpt lat="-41.33847" lon="174.91458">
        <ele>36.3</ele>
      </trkpt>
      <trkpt lat="-41.33829" lon="174.914179">
        <ele>35.7</ele>
      </trkpt>
      <trkpt lat="-41.33805" lon="174.91384">
        <ele>36.2</ele>
      </trkpt>
      <trkpt lat="-41.33787" lon="174.913729">
        <ele>37.0</ele>
      </trkpt>
      <trkpt lat="-41.33742" lon="174.91351">
        <ele>38.0</ele>
      </trkpt>
      <trkpt lat="-41.33696" lon="174.91329">
        <ele>39.2</ele>
      </trkpt>
      <trkpt lat="-41.33665" lon="174.91306">
        <ele>39.2</ele>
      </trkpt>
      <trkpt lat="-41.33636" lon="174.91292">
        <ele>39.8</ele>
      </trkpt>
      <trkpt lat="-41.33613" lon="174.91287">
        <ele>40.6</ele>
      </trkpt>
      <trkpt lat="-41.33594" lon="174.91288">
        <ele>42.1</ele>
      </trkpt>
      <trkpt lat="-41.33579" lon="174.91292">
        <ele>43.5</ele>
      </trkpt>
      <trkpt lat="-41.33546" lon="174.91306">
        <ele>45.8</ele>
      </trkpt>
      <trkpt lat="-41.33525" lon="174.91312">
        <ele>46.8</ele>
      </trkpt>
      <trkpt lat="-41.335" lon="174.91309">
        <ele>46.0</ele>
      </trkpt>
      <trkpt lat="-41.33464" lon="174.91299">
        <ele>46.2</ele>
      </trkpt>
      <trkpt lat="-41.33394" lon="174.91294">
        <ele>48.4</ele>
      </trkpt>
      <trkpt lat="-41.33363" lon="174.91295">
        <ele>49.6</ele>
      </trkpt>
      <trkpt lat="-41.33335" lon="174.91299">
        <ele>51.7</ele>
      </trkpt>
      <trkpt lat="-41.33298" lon="174.91297">
        <ele>51.1</ele>
      </trkpt>
      <trkpt lat="-41.33251" lon="174.91298">
        <ele>51.3</ele>
      </trkpt>
      <trkpt lat="-41.33227" lon="174.91292">
        <ele>50.3</ele>
      </trkpt>
      <trkpt lat="-41.33174" lon="174.91262">
        <ele>45.2</ele>
      </trkpt>
      <trkpt lat="-41.33119" lon="174.9124">
        <ele>45.9</ele>
      </trkpt>
      <trkpt lat="-41.330889" lon="174.91224">
        <ele>46.2</ele>
      </trkpt>
      <trkpt lat="-41.33077" lon="174.912209">
        <ele>45.9</ele>
      </trkpt>
      <trkpt lat="-41.33065" lon="174.9122">
        <ele>45.4</ele>
      </trkpt>
      <trkpt lat="-41.33053" lon="174.91223">
        <ele>45.3</ele>
      </trkpt>
      <trkpt lat="-41.329949" lon="174.91252">
        <ele>46.3</ele>
      </trkpt>
      <trkpt lat="-41.32942" lon="174.91299">
        <ele>52.2</ele>
      </trkpt>
      <trkpt lat="-41.32918" lon="174.913099">
        <ele>49.6</ele>
      </trkpt>
      <trkpt lat="-41.32871" lon="174.9132">
        <ele>45.6</ele>
      </trkpt>
      <trkpt lat="-41.32852" lon="174.91334">
        <ele>44.6</ele>
      </trkpt>
      <trkpt lat="-41.32837" lon="174.91354">
        <ele>45.1</ele>
      </trkpt>
      <trkpt lat="-41.32831" lon="174.91367">
        <ele>45.9</ele>
      </trkpt>
      <trkpt lat="-41.32814" lon="174.91425">
        <ele>49.9</ele>
      </trkpt>
      <trkpt lat="-41.32806" lon="174.914449">
        <ele>50.3</ele>
      </trkpt>
      <trkpt lat="-41.32787" lon="174.91479">
        <ele>49.6</ele>
      </trkpt>
      <trkpt lat="-41.3279" lon="174.915">
        <ele>51.7</ele>
      </trkpt>
      <trkpt lat="-41.32766" lon="174.915339">
        <ele>54.1</ele>
      </trkpt>
      <trkpt lat="-41.32756" lon="174.9155">
        <ele>55.4</ele>
      </trkpt>
      <trkpt lat="-41.32761" lon="174.91578">
        <ele>62.1</ele>
      </trkpt>
      <trkpt lat="-41.32757" lon="174.91601">
        <ele>66.1</ele>
      </trkpt>
      <trkpt lat="-41.32757" lon="174.91601">
        <ele>66.1</ele>
      </trkpt>
      <trkpt lat="-41.32761" lon="174.91578">
        <ele>62.1</ele>
      </trkpt>
      <trkpt lat="-41.32756" lon="174.9155">
        <ele>55.4</ele>
      </trkpt>
      <trkpt lat="-41.32766" lon="174.915339">
        <ele>54.1</ele>
      </trkpt>
      <trkpt lat="-41.3279" lon="174.915">
        <ele>51.7</ele>
      </trkpt>
      <trkpt lat="-41.32787" lon="174.91479">
        <ele>49.6</ele>
      </trkpt>
      <trkpt lat="-41.32721" lon="174.91555">
        <ele>51.0</ele>
      </trkpt>
      <trkpt lat="-41.32673" lon="174.91621">
        <ele>50.6</ele>
      </trkpt>
      <trkpt lat="-41.32624" lon="174.91688">
        <ele>50.3</ele>
      </trkpt>
      <trkpt lat="-41.32578" lon="174.91753">
        <ele>48.9</ele>
      </trkpt>
      <trkpt lat="-41.32532" lon="174.91819">
        <ele>50.8</ele>
      </trkpt>
      <trkpt lat="-41.32502" lon="174.91864">
        <ele>49.0</ele>
      </trkpt>
      <trkpt lat="-41.324599" lon="174.91967">
        <ele>53.4</ele>
      </trkpt>
      <trkpt lat="-41.32434" lon="174.92039">
        <ele>54.6</ele>
      </trkpt>
      <trkpt lat="-41.32407" lon="174.9211">
        <ele>54.2</ele>
      </trkpt>
      <trkpt lat="-41.324039" lon="174.9213">
        <ele>54.8</ele>
      </trkpt>
      <trkpt lat="-41.32403" lon="174.921699">
        <ele>56.4</ele>
      </trkpt>
      <trkpt lat="-41.32398" lon="174.92226">
        <ele>56.3</ele>
      </trkpt>
      <trkpt lat="-41.32382" lon="174.92271">
        <ele>55.3</ele>
      </trkpt>
      <trkpt lat="-41.32379" lon="174.92294">
        <ele>56.4</ele>
      </trkpt>
      <trkpt lat="-41.32381" lon="174.9232">
        <ele>58.7</ele>
      </trkpt>
      <trkpt lat="-41.32376" lon="174.923579">
        <ele>62.0</ele>
      </trkpt>
      <trkpt lat="-41.32368" lon="174.923849">
        <ele>63.2</ele>
      </trkpt>
      <trkpt lat="-41.32349" lon="174.92422">
        <ele>60.2</ele>
      </trkpt>
      <trkpt lat="-41.3234" lon="174.92436">
        <ele>58.3</ele>
      </trkpt>
      <trkpt lat="-41.32331" lon="174.92445">
        <ele>56.8</ele>
      </trkpt>
      <trkpt lat="-41.32307" lon="174.92494">
        <ele>60.1</ele>
      </trkpt>
      <trkpt lat="-41.3228" lon="174.92526">
        <ele>60.9</ele>
      </trkpt>
      <trkpt lat="-41.32227" lon="174.92577">
        <ele>59.0</ele>
      </trkpt>
      <trkpt lat="-41.32214" lon="174.92588">
        <ele>58.1</ele>
      </trkpt>
      <trkpt lat="-41.32184" lon="174.92603">
        <ele>55.0</ele>
      </trkpt>
      <trkpt lat="-41.32121" lon="174.92619">
        <ele>53.0</ele>
      </trkpt>
      <trkpt lat="-41.32108" lon="174.92627">
        <ele>53.2</ele>
      </trkpt>
      <trkpt lat="-41.32089" lon="174.92643">
        <ele>53.7</ele>
      </trkpt>
      <trkpt lat="-41.32036" lon="174.92697">
        <ele>56.8</ele>
      </trkpt>
      <trkpt lat="-41.31983" lon="174.92751">
        <ele>60.5</ele>
      </trkpt>
      <trkpt lat="-41.31954" lon="174.92777">
        <ele>61.2</ele>
      </trkpt>
      <trkpt lat="-41.31895" lon="174.92819">
        <ele>61.6</ele>
      </trkpt>
      <trkpt lat="-41.31837" lon="174.92862">
        <ele>61.9</ele>
      </trkpt>
      <trkpt lat="-41.31808" lon="174.92879">
        <ele>62.2</ele>
      </trkpt>
      <trkpt lat="-41.31744" lon="174.92925">
        <ele>61.5</ele>
      </trkpt>
      <trkpt lat="-41.31704" lon="174.92946">
        <ele>61.6</ele>
      </trkpt>
      <trkpt lat="-41.3164" lon="174.929669">
        <ele>58.8</ele>
      </trkpt>
      <trkpt lat="-41.31616" lon="174.92979">
        <ele>58.7</ele>
      </trkpt>
      <trkpt lat="-41.31589" lon="174.92996">
        <ele>58.2</ele>
      </trkpt>
      <trkpt lat="-41.31546" lon="174.93031">
        <ele>62.5</ele>
      </trkpt>
      <trkpt lat="-41.314929" lon="174.93069">
        <ele>62.5</ele>
      </trkpt>
      <trkpt lat="-41.31441" lon="174.93107">
        <ele>62.7</ele>
      </trkpt>
      <trkpt lat="-41.31408" lon="174.93139">
        <ele>64.3</ele>
      </trkpt>
      <trkpt lat="-41.31361" lon="174.93204">
        <ele>65.7</ele>
      </trkpt>
      <trkpt lat="-41.31314" lon="174.93269">
        <ele>67.4</ele>
      </trkpt>
      <trkpt lat="-41.31304" lon="174.93279">
        <ele>68.0</ele>
      </trkpt>
      <trkpt lat="-41.3129" lon="174.93285">
        <ele>67.2</ele>
      </trkpt>
      <trkpt lat="-41.31274" lon="174.93286">
        <ele>65.0</ele>
      </trkpt>
      <trkpt lat="-41.31187" lon="174.93288">
        <ele>58.3</ele>
      </trkpt>
      <trkpt lat="-41.31129" lon="174.93302">
        <ele>58.4</ele>
      </trkpt>
      <trkpt lat="-41.31069" lon="174.93331">
        <ele>59.4</ele>
      </trkpt>
      <trkpt lat="-41.31016" lon="174.93378">
        <ele>59.6</ele>
      </trkpt>
      <trkpt lat="-41.30964" lon="174.93425">
        <ele>62.3</ele>
      </trkpt>
      <trkpt lat="-41.309109" lon="174.93472">
        <ele>65.7</ele>
      </trkpt>
      <trkpt lat="-41.30862" lon="174.93521">
        <ele>66.1</ele>
      </trkpt>
      <trkpt lat="-41.30814" lon="174.9357">
        <ele>66.5</ele>
      </trkpt>
      <trkpt lat="-41.30748" lon="174.93651">
        <ele>67.5</ele>
      </trkpt>
      <trkpt lat="-41.30712" lon="174.93698">
        <ele>69.5</ele>
      </trkpt>
      <trkpt lat="-41.30642" lon="174.93761">
        <ele>68.0</ele>
      </trkpt>
      <trkpt lat="-41.30587" lon="174.938">
        <ele>64.2</ele>
      </trkpt>
      <trkpt lat="-41.30524" lon="174.93839">
        <ele>66.9</ele>
      </trkpt>
      <trkpt lat="-41.30462" lon="174.93877">
        <ele>72.7</ele>
      </trkpt>
      <trkpt lat="-41.30403" lon="174.9391">
        <ele>73.8</ele>
      </trkpt>
      <trkpt lat="-41.30332" lon="174.93964">
        <ele>76.0</ele>
      </trkpt>
      <trkpt lat="-41.30261" lon="174.94019">
        <ele>78.3</ele>
      </trkpt>
      <trkpt lat="-41.30203" lon="174.94047">
        <ele>78.7</ele>
      </trkpt>
      <trkpt lat="-41.30146" lon="174.94075">
        <ele>77.1</ele>
      </trkpt>
      <trkpt lat="-41.30093" lon="174.94109">
        <ele>77.3</ele>
      </trkpt>
      <trkpt lat="-41.30034" lon="174.9418">
        <ele>78.7</ele>
      </trkpt>
      <trkpt lat="-41.29975" lon="174.9425">
        <ele>77.7</ele>
      </trkpt>
      <trkpt lat="-41.29915" lon="174.94321">
        <ele>77.4</ele>
      </trkpt>
      <trkpt lat="-41.29901" lon="174.94352">
        <ele>81.1</ele>
      </trkpt>
      <trkpt lat="-41.29863" lon="174.94425">
        <ele>83.3</ele>
      </trkpt>
      <trkpt lat="-41.29824" lon="174.944979">
        <ele>81.9</ele>
      </trkpt>
      <trkpt lat="-41.297849" lon="174.94572">
        <ele>79.5</ele>
      </trkpt>
      <trkpt lat="-41.2975" lon="174.94627">
        <ele>82.4</ele>
      </trkpt>
      <trkpt lat="-41.29728" lon="174.94644">
        <ele>83.8</ele>
      </trkpt>
      <trkpt lat="-41.29649" lon="174.94691">
        <ele>86.0</ele>
      </trkpt>
      <trkpt lat="-41.295699" lon="174.94737">
        <ele>85.5</ele>
      </trkpt>
      <trkpt lat="-41.29491" lon="174.94784">
        <ele>90.3</ele>
      </trkpt>
      <trkpt lat="-41.29434" lon="174.94813">
        <ele>89.0</ele>
      </trkpt>
      <trkpt lat="-41.29377" lon="174.94842">
        <ele>87.0</ele>
      </trkpt>
      <trkpt lat="-41.29302" lon="174.94869">
        <ele>85.3</ele>
      </trkpt>
      <trkpt lat="-41.29265" lon="174.94888">
        <ele>83.3</ele>
      </trkpt>
      <trkpt lat="-41.29214" lon="174.94927">
        <ele>80.7</ele>
      </trkpt>
      <trkpt lat="-41.29164" lon="174.94966">
        <ele>80.6</ele>
      </trkpt>
      <trkpt lat="-41.2914" lon="174.94975">
        <ele>81.6</ele>
      </trkpt>
      <trkpt lat="-41.29101" lon="174.94985">
        <ele>83.1</ele>
      </trkpt>
      <trkpt lat="-41.2907" lon="174.94997">
        <ele>83.9</ele>
      </trkpt>
      <trkpt lat="-41.29028" lon="174.95023">
        <ele>88.7</ele>
      </trkpt>
      <trkpt lat="-41.28972" lon="174.950439">
        <ele>91.6</ele>
      </trkpt>
      <trkpt lat="-41.28915" lon="174.95065">
        <ele>93.6</ele>
      </trkpt>
      <trkpt lat="-41.28845" lon="174.95083">
        <ele>94.5</ele>
      </trkpt>
      <trkpt lat="-41.28774" lon="174.95102">
        <ele>95.8</ele>
      </trkpt>
      <trkpt lat="-41.28729" lon="174.95109">
        <ele>94.8</ele>
      </trkpt>
      <trkpt lat="-41.28683" lon="174.951159">
        <ele>93.5</ele>
      </trkpt>
      <trkpt lat="-41.2861" lon="174.95117">
        <ele>95.3</ele>
      </trkpt>
      <trkpt lat="-41.285559" lon="174.95114">
        <ele>95.8</ele>
      </trkpt>
      <trkpt lat="-41.28489" lon="174.95113">
        <ele>95.7</ele>
      </trkpt>
      <trkpt lat="-41.28421" lon="174.95111">
        <ele>94.7</ele>
      </trkpt>
      <trkpt lat="-41.28354" lon="174.9511">
        <ele>93.3</ele>
      </trkpt>
      <trkpt lat="-41.283" lon="174.95112">
        <ele>92.7</ele>
      </trkpt>
      <trkpt lat="-41.28224" lon="174.95122">
        <ele>93.3</ele>
      </trkpt>
      <trkpt lat="-41.28148" lon="174.95133">
        <ele>94.5</ele>
      </trkpt>
      <trkpt lat="-41.28072" lon="174.951429">
        <ele>94.5</ele>
      </trkpt>
      <trkpt lat="-41.28015" lon="174.95159">
        <ele>94.8</ele>
      </trkpt>
      <trkpt lat="-41.2796" lon="174.95178">
        <ele>95.1</ele>
      </trkpt>
      <trkpt lat="-41.27906" lon="174.95197">
        <ele>95.1</ele>
      </trkpt>
      <trkpt lat="-41.27886" lon="174.95208">
        <ele>95.4</ele>
      </trkpt>
      <trkpt lat="-41.27831" lon="174.95251">
        <ele>96.1</ele>
      </trkpt>
      <trkpt lat="-41.27775" lon="174.95297">
        <ele>101.4</ele>
      </trkpt>
      <trkpt lat="-41.27735" lon="174.95325">
        <ele>101.7</ele>
      </trkpt>
      <trkpt lat="-41.27695" lon="174.95353">
        <ele>100.5</ele>
      </trkpt>
      <trkpt lat="-41.276649" lon="174.95379">
        <ele>98.3</ele>
      </trkpt>
      <trkpt lat="-41.27615" lon="174.95407">
        <ele>96.1</ele>
      </trkpt>
      <trkpt lat="-41.27612" lon="174.95403">
        <ele>95.6</ele>
      </trkpt>
      <trkpt lat="-41.27608" lon="174.95402">
        <ele>95.2</ele>
      </trkpt>
      <trkpt lat="-41.27605" lon="174.95405">
        <ele>95.0</ele>
      </trkpt>
      <trkpt lat="-41.27603" lon="174.95408">
        <ele>94.9</ele>
      </trkpt>
      <trkpt lat="-41.27603" lon="174.95413">
        <ele>95.0</ele>
      </trkpt>
      <trkpt lat="-41.27531" lon="174.95449">
        <ele>94.0</ele>
      </trkpt>
      <trkpt lat="-41.27459" lon="174.95484">
        <ele>94.5</ele>
      </trkpt>
      <trkpt lat="-41.274479" lon="174.95485">
        <ele>94.2</ele>
      </trkpt>
      <trkpt lat="-41.274479" lon="174.95485">
        <ele>94.2</ele>
      </trkpt>
      <trkpt lat="-41.274389" lon="174.95485">
        <ele>94.0</ele>
      </trkpt>
      <trkpt lat="-41.27414" lon="174.954739">
        <ele>93.5</ele>
      </trkpt>
      <trkpt lat="-41.27356" lon="174.95448">
        <ele>92.2</ele>
      </trkpt>
      <trkpt lat="-41.272979" lon="174.95423">
        <ele>92.9</ele>
      </trkpt>
      <trkpt lat="-41.2724" lon="174.95397">
        <ele>94.0</ele>
      </trkpt>
      <trkpt lat="-41.27201" lon="174.95383">
        <ele>95.1</ele>
      </trkpt>
      <trkpt lat="-41.27128" lon="174.95369">
        <ele>94.2</ele>
      </trkpt>
      <trkpt lat="-41.27056" lon="174.95355">
        <ele>91.8</ele>
      </trkpt>
      <trkpt lat="-41.26984" lon="174.953399">
        <ele>90.6</ele>
      </trkpt>
      <trkpt lat="-41.26955" lon="174.95328">
        <ele>90.0</ele>
      </trkpt>
      <trkpt lat="-41.26937" lon="174.95315">
        <ele>89.8</ele>
      </trkpt>
      <trkpt lat="-41.26863" lon="174.95251">
        <ele>91.0</ele>
      </trkpt>
      <trkpt lat="-41.26789" lon="174.95188">
        <ele>89.8</ele>
      </trkpt>
      <trkpt lat="-41.26715" lon="174.95124">
        <ele>90.5</ele>
      </trkpt>
      <trkpt lat="-41.266419" lon="174.95059">
        <ele>91.9</ele>
      </trkpt>
      <trkpt lat="-41.2657" lon="174.94993">
        <ele>91.3</ele>
      </trkpt>
      <trkpt lat="-41.26512" lon="174.949459">
        <ele>93.2</ele>
      </trkpt>
      <trkpt lat="-41.264539" lon="174.94898">
        <ele>93.1</ele>
      </trkpt>
      <trkpt lat="-41.26401" lon="174.94853">
        <ele>93.6</ele>
      </trkpt>
      <trkpt lat="-41.26348" lon="174.94807">
        <ele>95.9</ele>
      </trkpt>
      <trkpt lat="-41.262949" lon="174.94762">
        <ele>96.4</ele>
      </trkpt>
      <trkpt lat="-41.26281" lon="174.94728">
        <ele>96.2</ele>
      </trkpt>
      <trkpt lat="-41.26273" lon="174.947039">
        <ele>95.8</ele>
      </trkpt>
      <trkpt lat="-41.26273" lon="174.947">
        <ele>95.8</ele>
      </trkpt>
      <trkpt lat="-41.26273" lon="174.947">
        <ele>95.8</ele>
      </trkpt>
      <trkpt lat="-41.26273" lon="174.94688">
        <ele>96.0</ele>
      </trkpt>
      <trkpt lat="-41.262659" lon="174.94675">
        <ele>95.4</ele>
      </trkpt>
      <trkpt lat="-41.2626" lon="174.9467">
        <ele>94.9</ele>
      </trkpt>
      <trkpt lat="-41.26254" lon="174.946679">
        <ele>94.4</ele>
      </trkpt>
      <trkpt lat="-41.26247" lon="174.946679">
        <ele>94.0</ele>
      </trkpt>
      <trkpt lat="-41.26232" lon="174.94678">
        <ele>94.1</ele>
      </trkpt>
      <trkpt lat="-41.26222" lon="174.947">
        <ele>93.8</ele>
      </trkpt>
      <trkpt lat="-41.26207" lon="174.94717">
        <ele>93.6</ele>
      </trkpt>
      <trkpt lat="-41.26126" lon="174.94724">
        <ele>92.5</ele>
      </trkpt>
      <trkpt lat="-41.26045" lon="174.947309">
        <ele>91.2</ele>
      </trkpt>
      <trkpt lat="-41.25963" lon="174.94738">
        <ele>91.0</ele>
      </trkpt>
      <trkpt lat="-41.25882" lon="174.94745">
        <ele>90.9</ele>
      </trkpt>
      <trkpt lat="-41.25801" lon="174.94752">
        <ele>89.4</ele>
      </trkpt>
      <trkpt lat="-41.2572" lon="174.94759">
        <ele>87.8</ele>
      </trkpt>
      <trkpt lat="-41.2567" lon="174.94761">
        <ele>88.8</ele>
      </trkpt>
      <trkpt lat="-41.256189" lon="174.94763">
        <ele>88.3</ele>
      </trkpt>
      <trkpt lat="-41.25603" lon="174.94757">
        <ele>88.2</ele>
      </trkpt>
      <trkpt lat="-41.25603" lon="174.947489">
        <ele>88.2</ele>
      </trkpt>
      <trkpt lat="-41.25601" lon="174.94744">
        <ele>88.2</ele>
      </trkpt>
      <trkpt lat="-41.25597" lon="174.947399">
        <ele>88.1</ele>
      </trkpt>
      <trkpt lat="-41.25602" lon="174.9466">
        <ele>88.0</ele>
      </trkpt>
      <trkpt lat="-41.25606" lon="174.94563">
        <ele>88.9</ele>
      </trkpt>
      <trkpt lat="-41.2561" lon="174.94465">
        <ele>92.3</ele>
      </trkpt>
      <trkpt lat="-41.2561" lon="174.94422">
        <ele>94.2</ele>
      </trkpt>
      <trkpt lat="-41.25605" lon="174.94384">
        <ele>94.8</ele>
      </trkpt>
      <trkpt lat="-41.256" lon="174.94356">
        <ele>95.1</ele>
      </trkpt>
      <trkpt lat="-41.25589" lon="174.94323">
        <ele>94.9</ele>
      </trkpt>
      <trkpt lat="-41.25576" lon="174.943009">
        <ele>94.2</ele>
      </trkpt>
      <trkpt lat="-41.25519" lon="174.94225">
        <ele>91.0</ele>
      </trkpt>
      <trkpt lat="-41.25462" lon="174.941489">
        <ele>90.5</ele>
      </trkpt>
      <trkpt lat="-41.25404" lon="174.94073">
        <ele>90.6</ele>
      </trkpt>
      <trkpt lat="-41.25378" lon="174.9404">
        <ele>91.6</ele>
      </trkpt>
      <trkpt lat="-41.253279" lon="174.93972">
        <ele>93.3</ele>
      </trkpt>
      <trkpt lat="-41.25277" lon="174.93904">
        <ele>97.3</ele>
      </trkpt>
      <trkpt lat="-41.25227" lon="174.93836">
        <ele>97.3</ele>
      </trkpt>
      <trkpt lat="-41.25203" lon="174.93794">
        <ele>97.9</ele>
      </trkpt>
      <trkpt lat="-41.25188" lon="174.937639">
        <ele>97.0</ele>
      </trkpt>
      <trkpt lat="-41.25175" lon="174.937459">
        <ele>96.5</ele>
      </trkpt>
      <trkpt lat="-41.25154" lon="174.93706">
        <ele>96.2</ele>
      </trkpt>
      <trkpt lat="-41.25142" lon="174.93673">
        <ele>95.0</ele>
      </trkpt>
      <trkpt lat="-41.25134" lon="174.93642">
        <ele>94.5</ele>
      </trkpt>
      <trkpt lat="-41.25115" lon="174.93553">
        <ele>94.4</ele>
      </trkpt>
      <trkpt lat="-41.2511" lon="174.935129">
        <ele>94.6</ele>
      </trkpt>
      <trkpt lat="-41.25111" lon="174.934769">
        <ele>94.9</ele>
      </trkpt>
      <trkpt lat="-41.25114" lon="174.93458">
        <ele>95.1</ele>
      </trkpt>
      <trkpt lat="-41.25122" lon="174.93422">
        <ele>95.5</ele>
      </trkpt>
      <trkpt lat="-41.25128" lon="174.93405">
        <ele>95.4</ele>
      </trkpt>
      <trkpt lat="-41.25138" lon="174.93391">
        <ele>95.2</ele>
      </trkpt>
      <trkpt lat="-41.25158" lon="174.9336">
        <ele>95.0</ele>
      </trkpt>
      <trkpt lat="-41.25212" lon="174.93291">
        <ele>94.1</ele>
      </trkpt>
      <trkpt lat="-41.25267" lon="174.93222">
        <ele>93.7</ele>
      </trkpt>
      <trkpt lat="-41.25322" lon="174.93153">
        <ele>95.0</ele>
      </trkpt>
      <trkpt lat="-41.25377" lon="174.93084">
        <ele>95.0</ele>
      </trkpt>
      <trkpt lat="-41.25426" lon="174.93019">
        <ele>95.9</ele>
      </trkpt>
      <trkpt lat="-41.25435" lon="174.93009">
        <ele>96.1</ele>
      </trkpt>
      <trkpt lat="-41.25445" lon="174.93002">
        <ele>96.3</ele>
      </trkpt>
      <trkpt lat="-41.2545" lon="174.92997">
        <ele>96.4</ele>
      </trkpt>
      <trkpt lat="-41.25459" lon="174.92991">
        <ele>96.5</ele>
      </trkpt>
      <trkpt lat="-41.25462" lon="174.9298">
        <ele>96.4</ele>
      </trkpt>
      <trkpt lat="-41.2546" lon="174.9297">
        <ele>96.3</ele>
      </trkpt>
      <trkpt lat="-41.25457" lon="174.92966">
        <ele>96.3</ele>
      </trkpt>
      <trkpt lat="-41.2545" lon="174.92962">
        <ele>96.1</ele>
      </trkpt>
      <trkpt lat="-41.25442" lon="174.92964">
        <ele>96.0</ele>
      </trkpt>
      <trkpt lat="-41.25436" lon="174.92972">
        <ele>96.0</ele>
      </trkpt>
      <trkpt lat="-41.25424" lon="174.93001">
        <ele>96.1</ele>
      </trkpt>
      <trkpt lat="-41.25418" lon="174.93008">
        <ele>95.9</ele>
      </trkpt>
      <trkpt lat="-41.25416" lon="174.93004">
        <ele>95.9</ele>
      </trkpt>
      <trkpt lat="-41.25424" lon="174.92993">
        <ele>96.0</ele>
      </trkpt>
      <trkpt lat="-41.25428" lon="174.929849">
        <ele>96.0</ele>
      </trkpt>
      <trkpt lat="-41.254309" lon="174.92972">
        <ele>95.9</ele>
      </trkpt>
      <trkpt lat="-41.254309" lon="174.92965">
        <ele>95.8</ele>
      </trkpt>
      <trkpt lat="-41.25429" lon="174.92956">
        <ele>95.7</ele>
      </trkpt>
      <trkpt lat="-41.254219" lon="174.929399">
        <ele>95.4</ele>
      </trkpt>
      <trkpt lat="-41.25361" lon="174.92855">
        <ele>96.7</ele>
      </trkpt>
      <trkpt lat="-41.25336" lon="174.92826">
        <ele>97.4</ele>
      </trkpt>
      <trkpt lat="-41.25316" lon="174.927969">
        <ele>98.3</ele>
      </trkpt>
      <trkpt lat="-41.25266" lon="174.927069">
        <ele>100.9</ele>
      </trkpt>
      <trkpt lat="-41.25217" lon="174.92617">
        <ele>107.4</ele>
      </trkpt>
      <trkpt lat="-41.25167" lon="174.92527">
        <ele>120.5</ele>
      </trkpt>
      <trkpt lat="-41.25118" lon="174.92436">
        <ele>130.7</ele>
      </trkpt>
      <trkpt lat="-41.25101" lon="174.92402">
        <ele>133.1</ele>
      </trkpt>
      <trkpt lat="-41.25086" lon="174.92378">
        <ele>135.8</ele>
      </trkpt>
      <trkpt lat="-41.25072" lon="174.92364">
        <ele>139.9</ele>
      </trkpt>
      <trkpt lat="-41.25038" lon="174.92347">
        <ele>147.6</ele>
      </trkpt>
      <trkpt lat="-41.2501" lon="174.92348">
        <ele>150.4</ele>
      </trkpt>
      <trkpt lat="-41.24992" lon="174.92357">
        <ele>151.1</ele>
      </trkpt>
      <trkpt lat="-41.24929" lon="174.92416">
        <ele>148.8</ele>
      </trkpt>
      <trkpt lat="-41.24913" lon="174.92428">
        <ele>149.0</ele>
      </trkpt>
      <trkpt lat="-41.24892" lon="174.92437">
        <ele>151.3</ele>
      </trkpt>
      <trkpt lat="-41.24876" lon="174.92441">
        <ele>153.7</ele>
      </trkpt>
      <trkpt lat="-41.24847" lon="174.92441">
        <ele>160.0</ele>
      </trkpt>
      <trkpt lat="-41.24818" lon="174.92436">
        <ele>163.7</ele>
      </trkpt>
      <trkpt lat="-41.24735" lon="174.92413">
        <ele>168.5</ele>
      </trkpt>
      <trkpt lat="-41.246519" lon="174.92391">
        <ele>176.2</ele>
      </trkpt>
      <trkpt lat="-41.245669" lon="174.92364">
        <ele>176.7</ele>
      </trkpt>
      <trkpt lat="-41.24483" lon="174.92338">
        <ele>183.0</ele>
      </trkpt>
      <trkpt lat="-41.24429" lon="174.92324">
        <ele>182.6</ele>
      </trkpt>
      <trkpt lat="-41.24375" lon="174.9231">
        <ele>186.8</ele>
      </trkpt>
      <trkpt lat="-41.24358" lon="174.9231">
        <ele>188.2</ele>
      </trkpt>
      <trkpt lat="-41.24347" lon="174.92312">
        <ele>189.1</ele>
      </trkpt>
      <trkpt lat="-41.24336" lon="174.92317">
        <ele>190.2</ele>
      </trkpt>
      <trkpt lat="-41.24332" lon="174.92321">
        <ele>190.8</ele>
      </trkpt>
      <trkpt lat="-41.24335" lon="174.92324">
        <ele>190.5</ele>
      </trkpt>
      <trkpt lat="-41.24345" lon="174.92323">
        <ele>189.4</ele>
      </trkpt>
      <trkpt lat="-41.24358" lon="174.923309">
        <ele>189.0</ele>
      </trkpt>
      <trkpt lat="-41.24363" lon="174.923309">
        <ele>188.8</ele>
      </trkpt>
      <trkpt lat="-41.24364" lon="174.92327">
        <ele>188.7</ele>
      </trkpt>
      <trkpt lat="-41.24366" lon="174.92273">
        <ele>187.6</ele>
      </trkpt>
      <trkpt lat="-41.24369" lon="174.92262">
        <ele>187.4</ele>
      </trkpt>
      <trkpt lat="-41.24369" lon="174.92262">
        <ele>187.4</ele>
      </trkpt>
      <trkpt lat="-41.24372" lon="174.92255">
        <ele>187.2</ele>
      </trkpt>
      <trkpt lat="-41.24374" lon="174.92239">
        <ele>186.9</ele>
      </trkpt>
      <trkpt lat="-41.24379" lon="174.92225">
        <ele>184.5</ele>
      </trkpt>
      <trkpt lat="-41.24373" lon="174.92217">
        <ele>182.8</ele>
      </trkpt>
      <trkpt lat="-41.24371" lon="174.92218">
        <ele>182.8</ele>
      </trkpt>
      <trkpt lat="-41.24367" lon="174.92247">
        <ele>188.2</ele>
      </trkpt>
      <trkpt lat="-41.24365" lon="174.92254">
        <ele>188.7</ele>
      </trkpt>
      <trkpt lat="-41.24357" lon="174.92268">
        <ele>188.5</ele>
      </trkpt>
      <trkpt lat="-41.24344" lon="174.92272">
        <ele>188.6</ele>
      </trkpt>
      <trkpt lat="-41.24304" lon="174.92259">
        <ele>189.6</ele>
      </trkpt>
      <trkpt lat="-41.24293" lon="174.92252">
        <ele>189.2</ele>
      </trkpt>
      <trkpt lat="-41.24279" lon="174.9224">
        <ele>186.0</ele>
      </trkpt>
      <trkpt lat="-41.24256" lon="174.92229">
        <ele>182.0</ele>
      </trkpt>
      <trkpt lat="-41.24246" lon="174.92231">
        <ele>182.1</ele>
      </trkpt>
      <trkpt lat="-41.24237" lon="174.92238">
        <ele>183.6</ele>
      </trkpt>
      <trkpt lat="-41.24161" lon="174.92256">
        <ele>180.5</ele>
      </trkpt>
      <trkpt lat="-41.24145" lon="174.92253">
        <ele>178.2</ele>
      </trkpt>
      <trkpt lat="-41.24116" lon="174.92245">
        <ele>172.8</ele>
      </trkpt>
      <trkpt lat="-41.24078" lon="174.92231">
        <ele>165.4</ele>
      </trkpt>
      <trkpt lat="-41.240789" lon="174.92229">
        <ele>164.5</ele>
      </trkpt>
      <trkpt lat="-41.24045" lon="174.92214">
        <ele>162.3</ele>
      </trkpt>
      <trkpt lat="-41.24011" lon="174.92191">
        <ele>158.7</ele>
      </trkpt>
      <trkpt lat="-41.24003" lon="174.9218">
        <ele>156.5</ele>
      </trkpt>
      <trkpt lat="-41.24003" lon="174.92176">
        <ele>155.3</ele>
      </trkpt>
      <trkpt lat="-41.24006" lon="174.921699">
        <ele>153.1</ele>
      </trkpt>
      <trkpt lat="-41.24017" lon="174.92156">
        <ele>148.1</ele>
      </trkpt>
      <trkpt lat="-41.24021" lon="174.92147">
        <ele>145.6</ele>
      </trkpt>
      <trkpt lat="-41.24008" lon="174.92154">
        <ele>148.9</ele>
      </trkpt>
      <trkpt lat="-41.23987" lon="174.92157">
        <ele>150.0</ele>
      </trkpt>
      <trkpt lat="-41.23977" lon="174.921519">
        <ele>148.2</ele>
      </trkpt>
      <trkpt lat="-41.23969" lon="174.92144">
        <ele>145.4</ele>
      </trkpt>
      <trkpt lat="-41.2396" lon="174.92146">
        <ele>145.4</ele>
      </trkpt>
      <trkpt lat="-41.23954" lon="174.921429">
        <ele>144.1</ele>
      </trkpt>
      <trkpt lat="-41.23942" lon="174.921429">
        <ele>143.3</ele>
      </trkpt>
      <trkpt lat="-41.2394" lon="174.9214">
        <ele>142.1</ele>
      </trkpt>
      <trkpt lat="-41.23937" lon="174.92138">
        <ele>141.3</ele>
      </trkpt>
      <trkpt lat="-41.23932" lon="174.921429">
        <ele>142.6</ele>
      </trkpt>
      <trkpt lat="-41.23922" lon="174.92147">
        <ele>143.3</ele>
      </trkpt>
      <trkpt lat="-41.23919" lon="174.92136">
        <ele>139.2</ele>
      </trkpt>
      <trkpt lat="-41.23915" lon="174.92132">
        <ele>137.7</ele>
      </trkpt>
      <trkpt lat="-41.23908" lon="174.92144">
        <ele>142.7</ele>
      </trkpt>
      <trkpt lat="-41.239019" lon="174.9215">
        <ele>145.3</ele>
      </trkpt>
      <trkpt lat="-41.23893" lon="174.92154">
        <ele>147.6</ele>
      </trkpt>
      <trkpt lat="-41.23872" lon="174.9215">
        <ele>148.1</ele>
      </trkpt>
      <trkpt lat="-41.23869" lon="174.92148">
        <ele>147.7</ele>
      </trkpt>
      <trkpt lat="-41.23857" lon="174.92131">
        <ele>143.1</ele>
      </trkpt>
      <trkpt lat="-41.23856" lon="174.92124">
        <ele>140.9</ele>
      </trkpt>
      <trkpt lat="-41.23852" lon="174.92118">
        <ele>139.3</ele>
      </trkpt>
      <trkpt lat="-41.23847" lon="174.92102">
        <ele>134.5</ele>
      </trkpt>
      <trkpt lat="-41.23841" lon="174.921">
        <ele>134.5</ele>
      </trkpt>
      <trkpt lat="-41.23832" lon="174.9209">
        <ele>132.1</ele>
      </trkpt>
      <trkpt lat="-41.238169" lon="174.92071">
        <ele>123.6</ele>
      </trkpt>
      <trkpt lat="-41.23795" lon="174.9206">
        <ele>118.4</ele>
      </trkpt>
      <trkpt lat="-41.23766" lon="174.9204">
        <ele>110.1</ele>
      </trkpt>
      <trkpt lat="-41.23753" lon="174.92042">
        <ele>111.5</ele>
      </trkpt>
      <trkpt lat="-41.23745" lon="174.9204">
        <ele>110.5</ele>
      </trkpt>
      <trkpt lat="-41.23736" lon="174.92042">
        <ele>110.7</ele>
      </trkpt>
      <trkpt lat="-41.237229" lon="174.92039">
        <ele>108.8</ele>
      </trkpt>
      <trkpt lat="-41.23713" lon="174.92023">
        <ele>103.5</ele>
      </trkpt>
      <trkpt lat="-41.23706" lon="174.92022">
        <ele>103.2</ele>
      </trkpt>
      <trkpt lat="-41.23697" lon="174.92032">
        <ele>105.6</ele>
      </trkpt>
      <trkpt lat="-41.23696" lon="174.92045">
        <ele>108.7</ele>
      </trkpt>
      <trkpt lat="-41.23692" lon="174.92054">
        <ele>110.5</ele>
      </trkpt>
      <trkpt lat="-41.23677" lon="174.92062">
        <ele>110.3</ele>
      </trkpt>
      <trkpt lat="-41.23668" lon="174.92077">
        <ele>111.3</ele>
      </trkpt>
      <trkpt lat="-41.23656" lon="174.92102">
        <ele>108.9</ele>
      </trkpt>
      <trkpt lat="-41.23651" lon="174.92122">
        <ele>108.7</ele>
      </trkpt>
      <trkpt lat="-41.23648" lon="174.92149">
        <ele>110.3</ele>
      </trkpt>
      <trkpt lat="-41.23641" lon="174.92165">
        <ele>109.0</ele>
      </trkpt>
      <trkpt lat="-41.23633" lon="174.92172">
        <ele>106.3</ele>
      </trkpt>
      <trkpt lat="-41.2363" lon="174.92181">
        <ele>106.0</ele>
      </trkpt>
      <trkpt lat="-41.23614" lon="174.92201">
        <ele>102.5</ele>
      </trkpt>
      <trkpt lat="-41.23601" lon="174.92208">
        <ele>99.2</ele>
      </trkpt>
      <trkpt lat="-41.23578" lon="174.92204">
        <ele>92.4</ele>
      </trkpt>
      <trkpt lat="-41.23565" lon="174.92204">
        <ele>91.9</ele>
      </trkpt>
      <trkpt lat="-41.235169" lon="174.921699">
        <ele>78.2</ele>
      </trkpt>
      <trkpt lat="-41.23504" lon="174.92165">
        <ele>75.0</ele>
      </trkpt>
      <trkpt lat="-41.23492" lon="174.92166">
        <ele>73.5</ele>
      </trkpt>
      <trkpt lat="-41.23475" lon="174.92176">
        <ele>74.1</ele>
      </trkpt>
      <trkpt lat="-41.23462" lon="174.92176">
        <ele>71.8</ele>
      </trkpt>
      <trkpt lat="-41.23454" lon="174.92178">
        <ele>71.0</ele>
      </trkpt>
      <trkpt lat="-41.23446" lon="174.92185">
        <ele>71.8</ele>
      </trkpt>
      <trkpt lat="-41.23444" lon="174.92194">
        <ele>74.3</ele>
      </trkpt>
      <trkpt lat="-41.23439" lon="174.92203">
        <ele>76.2</ele>
      </trkpt>
      <trkpt lat="-41.23429" lon="174.92211">
        <ele>76.5</ele>
      </trkpt>
      <trkpt lat="-41.234139" lon="174.92219">
        <ele>75.8</ele>
      </trkpt>
      <trkpt lat="-41.23395" lon="174.922239">
        <ele>74.9</ele>
      </trkpt>
      <trkpt lat="-41.23382" lon="174.92225">
        <ele>73.6</ele>
      </trkpt>
      <trkpt lat="-41.23375" lon="174.92222">
        <ele>71.9</ele>
      </trkpt>
      <trkpt lat="-41.23371" lon="174.92217">
        <ele>70.1</ele>
      </trkpt>
      <trkpt lat="-41.23364" lon="174.92217">
        <ele>69.3</ele>
      </trkpt>
      <trkpt lat="-41.23355" lon="174.92213">
        <ele>67.2</ele>
      </trkpt>
      <trkpt lat="-41.23346" lon="174.92196">
        <ele>61.8</ele>
      </trkpt>
      <trkpt lat="-41.23339" lon="174.92189">
        <ele>59.2</ele>
      </trkpt>
      <trkpt lat="-41.23335" lon="174.92176">
        <ele>55.5</ele>
      </trkpt>
      <trkpt lat="-41.233199" lon="174.92174">
        <ele>54.4</ele>
      </trkpt>
      <trkpt lat="-41.23306" lon="174.92164">
        <ele>51.6</ele>
      </trkpt>
      <trkpt lat="-41.23305" lon="174.9216">
        <ele>50.9</ele>
      </trkpt>
      <trkpt lat="-41.23308" lon="174.92155">
        <ele>50.3</ele>
      </trkpt>
      <trkpt lat="-41.23308" lon="174.92139">
        <ele>47.7</ele>
      </trkpt>
      <trkpt lat="-41.23297" lon="174.921249">
        <ele>45.3</ele>
      </trkpt>
      <trkpt lat="-41.23289" lon="174.92124">
        <ele>45.1</ele>
      </trkpt>
      <trkpt lat="-41.23279" lon="174.92133">
        <ele>46.2</ele>
      </trkpt>
      <trkpt lat="-41.23266" lon="174.92155">
        <ele>49.0</ele>
      </trkpt>
      <trkpt lat="-41.23261" lon="174.92159">
        <ele>49.3</ele>
      </trkpt>
      <trkpt lat="-41.23256" lon="174.9216">
        <ele>49.3</ele>
      </trkpt>
      <trkpt lat="-41.23249" lon="174.92153">
        <ele>48.2</ele>
      </trkpt>
      <trkpt lat="-41.23237" lon="174.92133">
        <ele>45.9</ele>
      </trkpt>
      <trkpt lat="-41.23228" lon="174.92105">
        <ele>42.1</ele>
      </trkpt>
      <trkpt lat="-41.232259" lon="174.92078">
        <ele>38.2</ele>
      </trkpt>
      <trkpt lat="-41.23228" lon="174.92065">
        <ele>36.4</ele>
      </trkpt>
      <trkpt lat="-41.23234" lon="174.92044">
        <ele>33.6</ele>
      </trkpt>
      <trkpt lat="-41.23242" lon="174.92025">
        <ele>31.5</ele>
      </trkpt>
      <trkpt lat="-41.23261" lon="174.92001">
        <ele>29.6</ele>
      </trkpt>
      <trkpt lat="-41.23283" lon="174.91984">
        <ele>27.6</ele>
      </trkpt>
      <trkpt lat="-41.23298" lon="174.91979">
        <ele>27.2</ele>
      </trkpt>
      <trkpt lat="-41.23348" lon="174.9197">
        <ele>26.1</ele>
      </trkpt>
      <trkpt lat="-41.23364" lon="174.91965">
        <ele>24.7</ele>
      </trkpt>
      <trkpt lat="-41.23398" lon="174.91952">
        <ele>21.8</ele>
      </trkpt>
      <trkpt lat="-41.23416" lon="174.9194">
        <ele>19.6</ele>
      </trkpt>
      <trkpt lat="-41.23422" lon="174.91933">
        <ele>19.6</ele>
      </trkpt>
      <trkpt lat="-41.23434" lon="174.9193">
        <ele>21.5</ele>
      </trkpt>
      <trkpt lat="-41.23426" lon="174.91917">
        <ele>18.1</ele>
      </trkpt>
      <trkpt lat="-41.23454" lon="174.91887">
        <ele>21.6</ele>
      </trkpt>
      <trkpt lat="-41.23478" lon="174.91857">
        <ele>22.4</ele>
      </trkpt>
      <trkpt lat="-41.23496" lon="174.91827">
        <ele>21.0</ele>
      </trkpt>
      <trkpt lat="-41.23528" lon="174.91766">
        <ele>20.8</ele>
      </trkpt>
      <trkpt lat="-41.23521" lon="174.9176">
        <ele>18.3</ele>
      </trkpt>
      <trkpt lat="-41.23556" lon="174.91693">
        <ele>13.2</ele>
      </trkpt>
      <trkpt lat="-41.235909" lon="174.91626">
        <ele>8.9</ele>
      </trkpt>
      <trkpt lat="-41.235909" lon="174.9162">
        <ele>8.8</ele>
      </trkpt>
      <trkpt lat="-41.23588" lon="174.91613">
        <ele>8.7</ele>
      </trkpt>
      <trkpt lat="-41.23531" lon="174.91565">
        <ele>8.1</ele>
      </trkpt>
      <trkpt lat="-41.23474" lon="174.91517">
        <ele>8.6</ele>
      </trkpt>
      <trkpt lat="-41.23417" lon="174.91469">
        <ele>6.5</ele>
      </trkpt>
      <trkpt lat="-41.2341" lon="174.91467">
        <ele>6.3</ele>
      </trkpt>
      <trkpt lat="-41.234139" lon="174.91446">
        <ele>5.4</ele>
      </trkpt>
      <trkpt lat="-41.23418" lon="174.91443">
        <ele>5.3</ele>
      </trkpt>
      <trkpt lat="-41.23418" lon="174.91433">
        <ele>4.9</ele>
      </trkpt>
      <trkpt lat="-41.23418" lon="174.91425">
        <ele>4.5</ele>
      </trkpt>
      <trkpt lat="-41.23425" lon="174.91401">
        <ele>4.6</ele>
      </trkpt>
      <trkpt lat="-41.23438" lon="174.91363">
        <ele>5.6</ele>
      </trkpt>
      <trkpt lat="-41.23453" lon="174.91331">
        <ele>6.3</ele>
      </trkpt>
      <trkpt lat="-41.23487" lon="174.91277">
        <ele>6.9</ele>
      </trkpt>
      <trkpt lat="-41.23555" lon="174.91204">
        <ele>6.5</ele>
      </trkpt>
      <trkpt lat="-41.23602" lon="174.91179">
        <ele>5.2</ele>
      </trkpt>
      <trkpt lat="-41.23618" lon="174.91166">
        <ele>5.0</ele>
      </trkpt>
      <trkpt lat="-41.23644" lon="174.91139">
        <ele>4.4</ele>
      </trkpt>
      <trkpt lat="-41.23654" lon="174.91125">
        <ele>4.1</ele>
      </trkpt>
      <trkpt lat="-41.23686" lon="174.91035">
        <ele>3.5</ele>
      </trkpt>
      <trkpt lat="-41.23705" lon="174.90992">
        <ele>4.4</ele>
      </trkpt>
      <trkpt lat="-41.23713" lon="174.90967">
        <ele>4.6</ele>
      </trkpt>
      <trkpt lat="-41.23715" lon="174.90941">
        <ele>4.6</ele>
      </trkpt>
      <trkpt lat="-41.23702" lon="174.90857">
        <ele>4.7</ele>
      </trkpt>
      <trkpt lat="-41.23689" lon="174.907729">
        <ele>4.9</ele>
      </trkpt>
      <trkpt lat="-41.23666" lon="174.90681">
        <ele>4.8</ele>
      </trkpt>
      <trkpt lat="-41.23668" lon="174.90659">
        <ele>5.1</ele>
      </trkpt>
      <trkpt lat="-41.23671" lon="174.90647">
        <ele>5.3</ele>
      </trkpt>
      <trkpt lat="-41.23674" lon="174.9064">
        <ele>5.4</ele>
      </trkpt>
      <trkpt lat="-41.23678" lon="174.90636">
        <ele>5.4</ele>
      </trkpt>
      <trkpt lat="-41.2368" lon="174.90626">
        <ele>5.5</ele>
      </trkpt>
      <trkpt lat="-41.23679" lon="174.90618">
        <ele>5.6</ele>
      </trkpt>
      <trkpt lat="-41.23674" lon="174.906119">
        <ele>5.6</ele>
      </trkpt>
      <trkpt lat="-41.23668" lon="174.90611">
        <ele>5.7</ele>
      </trkpt>
      <trkpt lat="-41.2366" lon="174.90615">
        <ele>5.5</ele>
      </trkpt>
      <trkpt lat="-41.23659" lon="174.90619">
        <ele>5.5</ele>
      </trkpt>
      <trkpt lat="-41.23659" lon="174.90619">
        <ele>5.5</ele>
      </trkpt>
      <trkpt lat="-41.23657" lon="174.90625">
        <ele>5.4</ele>
      </trkpt>
      <trkpt lat="-41.236579" lon="174.90633">
        <ele>5.3</ele>
      </trkpt>
      <trkpt lat="-41.23661" lon="174.90638">
        <ele>5.3</ele>
      </trkpt>
      <trkpt lat="-41.23665" lon="174.90641">
        <ele>5.3</ele>
      </trkpt>
      <trkpt lat="-41.2367" lon="174.90642">
        <ele>5.3</ele>
      </trkpt>
      <trkpt lat="-41.23678" lon="174.90636">
        <ele>5.4</ele>
      </trkpt>
      <trkpt lat="-41.2368" lon="174.90626">
        <ele>5.5</ele>
      </trkpt>
      <trkpt lat="-41.23679" lon="174.90618">
        <ele>5.6</ele>
      </trkpt>
      <trkpt lat="-41.23674" lon="174.906119">
        <ele>5.6</ele>
      </trkpt>
      <trkpt lat="-41.23668" lon="174.90611">
        <ele>5.7</ele>
      </trkpt>
      <trkpt lat="-41.23646" lon="174.90598">
        <ele>5.3</ele>
      </trkpt>
      <trkpt lat="-41.23628" lon="174.90578">
        <ele>4.6</ele>
      </trkpt>
      <trkpt lat="-41.23566" lon="174.90539">
        <ele>3.4</ele>
      </trkpt>
      <trkpt lat="-41.23505" lon="174.905">
        <ele>3.9</ele>
      </trkpt>
      <trkpt lat="-41.23486" lon="174.90487">
        <ele>4.1</ele>
      </trkpt>
      <trkpt lat="-41.23463" lon="174.90473">
        <ele>4.4</ele>
      </trkpt>
      <trkpt lat="-41.23492" lon="174.9047">
        <ele>4.6</ele>
      </trkpt>
      <trkpt lat="-41.23504" lon="174.90412">
        <ele>4.0</ele>
      </trkpt>
      <trkpt lat="-41.23518" lon="174.903789">
        <ele>4.4</ele>
      </trkpt>
      <trkpt lat="-41.23527" lon="174.90366">
        <ele>4.4</ele>
      </trkpt>
      <trkpt lat="-41.23563" lon="174.90329">
        <ele>3.8</ele>
      </trkpt>
      <trkpt lat="-41.2361" lon="174.902719">
        <ele>3.5</ele>
      </trkpt>
      <trkpt lat="-41.23666" lon="174.90211">
        <ele>3.0</ele>
      </trkpt>
      <trkpt lat="-41.23722" lon="174.9015">
        <ele>0.8</ele>
      </trkpt>
      <trkpt lat="-41.23725" lon="174.90144">
        <ele>0.7</ele>
      </trkpt>
      <trkpt lat="-41.23725" lon="174.90124">
        <ele>0.4</ele>
      </trkpt>
      <trkpt lat="-41.23679" lon="174.90123">
        <ele>1.2</ele>
      </trkpt>
      <trkpt lat="-41.236669" lon="174.9012">
        <ele>1.3</ele>
      </trkpt>
      <trkpt lat="-41.23612" lon="174.90113">
        <ele>1.1</ele>
      </trkpt>
      <trkpt lat="-41.23532" lon="174.90105">
        <ele>2.5</ele>
      </trkpt>
      <trkpt lat="-41.23521" lon="174.90102">
        <ele>2.7</ele>
      </trkpt>
      <trkpt lat="-41.23514" lon="174.90103">
        <ele>3.0</ele>
      </trkpt>
      <trkpt lat="-41.23504" lon="174.90097">
        <ele>3.2</ele>
      </trkpt>
      <trkpt lat="-41.23457" lon="174.90095">
        <ele>2.4</ele>
      </trkpt>
      <trkpt lat="-41.23409" lon="174.90096">
        <ele>1.5</ele>
      </trkpt>
      <trkpt lat="-41.23361" lon="174.90098">
        <ele>1.0</ele>
      </trkpt>
      <trkpt lat="-41.23361" lon="174.90098">
        <ele>1.0</ele>
      </trkpt>
      <trkpt lat="-41.23352" lon="174.90098">
        <ele>0.9</ele>
      </trkpt>
      <trkpt lat="-41.23317" lon="174.90103">
        <ele>0.9</ele>
      </trkpt>
      <trkpt lat="-41.2331" lon="174.90108">
        <ele>1.2</ele>
      </trkpt>
      <trkpt lat="-41.23305" lon="174.90122">
        <ele>1.9</ele>
      </trkpt>
      <trkpt lat="-41.23251" lon="174.90136">
        <ele>2.5</ele>
      </trkpt>
      <trkpt lat="-41.23251" lon="174.90136">
        <ele>2.5</ele>
      </trkpt>
    </trkseg>
  </trk>
</gpx>
